pos_x,pos_y,pos_z,vel_x,vel_y,vel_z,blue_p0_pos_x,blue_p0_pos_y,blue_p0_pos_z,blue_p0_vel_x,blue_p0_vel_y,blue_p0_vel_z,blue_p0_boost,blue_p1_pos_x,blue_p1_pos_y,blue_p1_pos_z,blue_p1_vel_x,blue_p1_vel_y,blue_p1_vel_z,blue_p1_boost,blue_p2_pos_x,blue_p2_pos_y,blue_p2_pos_z,blue_p2_vel_x,blue_p2_vel_y,blue_p2_vel_z,blue_p2_boost,orange_p0_pos_x,orange_p0_pos_y,orange_p0_pos_z,orange_p0_vel_x,orange_p0_vel_y,orange_p0_vel_z,orange_p0_boost,orange_p1_pos_x,orange_p1_pos_y,orange_p1_pos_z,orange_p1_vel_x,orange_p1_vel_y,orange_p1_vel_z,orange_p1_boost,orange_p2_pos_x,orange_p2_pos_y,orange_p2_pos_z,orange_p2_vel_x,orange_p2_vel_y,orange_p2_vel_z,orange_p2_boost,Target_Goal_Value
24.835707650561634,3449.9864738611604,600.0,-689.1084870456313,881.3261338090069,105.34266290385517,-70.83097690364224,1300.0,100.0,3525.050632169051,-0.2600942644448878,35.11447153254025,49.763264601221046,1925.2973877943139,-1199.9999999999998,300.0,-1531.5237756376928,-197.5198015873525,-0.10275305576556093,84.80425016912157,0.0,0.0,0.0,0.0,0.0,0.0,0.0,-21.167760183449474,-1300.0,100.00000000000003,-360.32451824007813,0.2600942644448878,-8.526512829121202e-13,47.178374701830094,-1756.3316816693641,1199.9999999999995,100.0,-1569.9599607279765,197.5198015873798,0.0,3.1633980240616983,0.0,0.0,0.0,0.0,0.0,0.0,0.0,0.0
103.47052732849941,3384.2041202910827,652.5199210595601,796.8536157401775,-1681.9926212199766,104.4306805580004,27.782996389024873,1298.0495455600544,117.53479374191829,397.7935853878139,-7.800794111240066,34.97925354601243,51.095833301946115,1770.3280134350377,-1298.7343300337025,299.2298446730017,-1582.7932833742614,-197.36570023776267,-3.078625078397863,92.85366702070495,0.0,0.0,0.0,0.0,0.0,0.0,0.0,-114.63713059357501,-1298.0495455600544,100.0,947.0290484441795,7.800794111246887,0.0,37.661856181203355,-1795.3006088539012,1298.7343300337022,100.0,-2.2130260675987756,197.36570023778654,0.0,8.00524501412422,0.0,0.0,0.0,0.0,0.0,0.0,0.0,0.0
232.51427468633077,3565.469536413428,704.130481381661,1869.0581671267362,2833.048385011464,101.7105241180144,187.4283579236803,1292.2012256582366,134.93454233575503,1039.4956170801763,-15.5894161476931,34.57464097495617,60.719338806419586,1772.6598007110265,-1397.3145986174945,296.92531008428386,-314.3214011043108,-196.90363664311462,-6.133539961757037,94.2032174763103,0.0,0.0,0.0,0.0,0.0,0.0,0.0,-210.29824819132827,-1292.201225658237,100.0,546.990680312374,15.5894161476931,0.0,29.93021799481279,-1803.3404625214953,1397.3145986174936,100.0,-1095.0085017613685,196.9036366431044,0.0,0.0,0.0,0.0,0.0,0.0,0.0,0.0,0.0,0.0
356.48416269976644,3432.641339483515,753.9380654343604,1021.6509204279375,1788.763135318086,97.2292919689761,252.5448062313087,1282.4641657997608,152.06524069083048,-174.7817564617057,-23.353713027372578,33.90374996464075,55.88503220200803,1791.9714000630186,-1495.5869846933342,293.1041447297439,1930.4115871235183,-196.13433179059598,-9.141217060364681,92.30414815551038,0.0,0.0,0.0,0.0,0.0,0.0,0.0,-361.60096864725773,-1282.4641657997608,100.0,-352.9768965513051,23.353713027372578,0.0,32.927606409239026,-1787.7812810711598,1495.5869846933333,100.0,-98.0290619697962,196.13433179058916,0.0,3.419459843428964,0.0,0.0,0.0,0.0,0.0,0.0,0.0,0.0
496.6936950160402,3422.04904051041,801.0802754750216,-616.6243180490744,1406.9336475356022,91.06457479437609,389.8932499728379,1268.8535593379338,168.79495582121098,128.18993269069892,-31.08156962445264,32.971747417919914,64.33808665678971,1730.465135033153,-1593.3981476118263,287.7957775179134,-6.250069756074481,-195.05898607546897,-12.078492588830727,83.14290913290922,0.0,0.0,0.0,0.0,0.0,0.0,0.0,-379.393989394056,-1268.8535593379338,100.0,-575.0272424536192,31.08156962444582,0.0,26.733304576023976,-1816.7755412608078,1593.398147611825,100.0,288.8032911703442,195.05898607545873,0.0,13.705614045142308,0.0,0.0,0.0,0.0,0.0,0.0,0.0,0.0
687.6674013964572,3411.039285053621,844.7408636109751,2279.311266331845,-75.42545766014427,83.32311212547779,404.2301042396501,1251.390643766998,184.99484293462834,-383.2286877502389,-38.760927673140486,31.785811202055925,66.5581612524607,1783.9422077830777,-1690.5954663993773,281.04109112165077,812.8845627648298,-193.67927742797292,-14.922744963203627,95.83463407447586,0.0,0.0,0.0,0.0,0.0,0.0,0.0,-456.1729266117198,-1251.3906437669984,100.0,1575.8399076203457,38.760927673140486,0.0,27.83170580705613,-1705.7911287889408,1690.595466399376,100.0,1278.2463500627,193.67927742797633,0.0,17.924979081358764,0.0,0.0,0.0,0.0,0.0,0.0,0.0,0.0
774.5442046392039,3393.3670891005772,884.1638647945925,584.6087395610556,-215.5309358895306,74.13894419044311,600.8046991339928,1230.102667583922,200.5401377375108,275.75137378102227,-46.379804583057194,30.35507486798963,78.46064434681942,1751.762692035773,-1787.0272779024037,272.8921071180589,243.20082849544065,-191.99735869523465,-17.652069022307444,85.32293907447789,0.0,0.0,0.0,0.0,0.0,0.0,0.0,-544.1141606314524,-1230.102667583922,100.0,-806.9369516198651,46.379804583057194,0.0,31.259813924380953,-1693.3308283048784,1787.0272779024044,100.0,931.3395032668222,191.99735869522442,0.0,18.54451583054557,0.0,0.0,0.0,0.0,0.0,0.0,0.0,0.0
909.6755902100077,3294.6214802969967,918.6666860458021,1771.4843861785846,1193.9022068205077,63.671091063133076,642.4722060934331,1205.0228477708365,215.3111173138364,-118.43863847613079,-53.92631213635241,28.69055730781355,77.60960761997694,1659.9026379935829,-1882.5431134369874,263.4115853415377,-55.05000184921755,-190.01585428190083,-20.2454447315111,77.99377749082996,0.0,0.0,0.0,0.0,0.0,0.0,0.0,-625.918957705747,-1205.0228477708365,100.0,-441.22776220245385,53.92631213635241,0.0,24.181740491511448,-1646.3483304400263,1882.5431134369878,100.0,-509.14512403626645,190.015854281894,0.0,9.434052895834848,0.0,0.0,0.0,0.0,0.0,0.0,0.0,0.0
1044.9529747272604,3220.6541932691216,947.6519252675623,-1018.3267355161718,400.42061408072414,52.10079929624044,783.9890543958387,1176.1903179644669,229.19402217754822,965.5010872638138,-61.38867503770598,26.80507789218538,80.73053807905717,1680.937765383048,-1976.9939335747254,252.67254053557627,-648.5163874632156,-187.73785605526314,-22.68289906963929,77.66700714655796,0.0,0.0,0.0,0.0,0.0,0.0,0.0,-714.3980761566011,-1176.1903179644669,100.0,488.9307179974031,61.38867503770598,0.0,16.15720113846111,-1628.7265860026614,1976.9939335747256,100.0,257.62190168412303,187.7378560552495,0.0,18.82248541051013,0.0,0.0,0.0,0.0,0.0,0.0,0.0,0.0
1194.4696804329067,3264.869656177921,970.6177150163893,320.5882459066538,127.61996845224758,39.62840371208358,895.8460071072365,1143.6500673934347,242.08193239729627,-848.8985758742837,-68.75524928801497,24.713157741265093,93.73795483674206,1685.9593703511546,-2070.2323606984223,240.75768002581646,-1546.783769507466,-185.1669185206947,-24.94565985226643,73.75421890392927,0.0,0.0,0.0,0.0,0.0,0.0,0.0,-852.634187063529,-1143.6500673934347,100.0,-991.4873171250593,68.75524928802179,0.0,19.8882589894975,-1660.6316065023648,2070.232360698422,100.0,-122.77971788801096,185.1669185206879,0.0,26.133784245023683,0.0,0.0,0.0,0.0,0.0,0.0,0.0,0.0
1236.2289605721692,3125.9839446937394,987.1664121298221,245.40743918284306,1484.6590984197383,26.469858687922283,879.8546081060357,1107.4528706787019,253.87559104598444,207.79309609316272,-76.014540353342,22.430907889529976,90.55619121520662,1562.735073211505,-2162.1129089647525,227.7587667451786,775.9430523963192,-182.30705327544683,-27.01630030668497,67.9137651070512,0.0,0.0,0.0,0.0,0.0,0.0,0.0,-965.6267525206855,-1107.4528706787019,100.0,-517.5803855360567,76.014540353342,0.0,13.774542545326007,-1573.706970382726,2162.112908964752,100.0,-1011.633417370773,182.30705327547412,0.0,16.94778788360538,0.0,0.0,0.0,0.0,0.0,0.0,0.0,0.0
1345.771993951363,3024.1804760832842,997.0114827535162,91.26988016937389,669.0302581105152,12.852998995132907,1009.3279634910072,1067.6552086067054,264.4841686332818,397.97425687110547,-83.15522110047596,19.97590520579081,90.99172755178984,1446.3880159364544,-2252.492211315067,213.77591251674542,-390.3207972677012,-179.16272274900166,-28.87887328513429,59.08525452371188,0.0,0.0,0.0,0.0,0.0,0.0,0.0,-1020.9962174106297,-1067.6552086067054,100.0,-129.10681222019662,83.15522110047596,0.0,0.0,-1523.9882997724783,2252.492211315067,100.0,-1095.845733201794,179.16272274902894,0.0,40.2646395679407,0.0,0.0,0.0,0.0,0.0,0.0,0.0,0.0
1452.1026913612131,2999.2585686540424,999.9824635565662,-2497.645896289422,-895.635969311561,-0.9864050657540702,992.7169993600368,1024.3191799987949,273.82596263378116,-335.58862124692723,-90.1661494714449,17.367057023991208,91.06403145873863,1416.2006576404513,-2341.229243180128,198.91680703722358,1511.1756264291955,-175.73883324012058,-30.519034082601024,60.66372587139984,0.0,0.0,0.0,0.0,0.0,0.0,0.0,-1061.4059330626842,-1024.3191799987953,100.0,-331.0307017413902,90.1661494714449,0.0,6.387547326400853,-1439.8487853076815,2341.2292431801275,100.0,609.9314997457907,175.73883324012058,0.0,36.151134975865894,0.0,0.0,0.0,0.0,0.0,0.0,0.0,0.0
1529.6146744307578,2887.1955761088575,996.0279132336631,-620.1405178043228,-1477.0301496031107,-14.808729930406912,1113.9341547109157,977.5124048144971,281.8290267233503,493.6715596808642,-97.0363858691644,14.624455527380178,99.31117316700296,1311.1664335458984,-2428.1855425297035,183.29588849900796,864.8117241909063,-172.04072726119193,-31.924150913332312,48.848324196655355,0.0,0.0,0.0,0.0,0.0,0.0,0.0,-1204.6869283623544,-977.512404814498,100.0,406.0532358065086,97.03638586917123,0.0,15.856115241595733,-1418.4249923565228,2428.1855425297035,100.0,539.6239510696353,172.0407272611783,0.0,42.843940503061916,0.0,0.0,0.0,0.0,0.0,0.0,0.0,0.0
1621.8779557636685,2899.365868274662,985.216303190045,-1878.6951268062671,-260.04765564442323,-28.374647753721547,1205.0051542425292,927.3079186397949,288.43172487758045,1188.1747381885486,-103.75521022716839,11.769223007479752,94.01560808500513,1304.1949394304947,-2513.225425923677,167.03346223834666,819.8181320110939,-168.07417520197532,-33.08340219520559,51.84693611824788,0.0,0.0,0.0,0.0,0.0,0.0,0.0,-1144.271057648256,-927.3079186397954,100.0,-172.43082645740174,103.75521022716157,0.0,12.037287472090206,-1347.3438629576453,2513.225425923677,100.0,648.1987083464844,168.07417520197532,0.0,42.84273705732321,0.0,0.0,0.0,0.0,0.0,0.0,0.0,0.0
1723.8611274828759,2730.997961294755,967.7348319874013,547.1894039792517,979.9781581592924,-41.44927027258575,1309.9462905597236,873.7840587250585,293.58320606491105,372.781843337134,-110.31213873679917,8.823349189641476,92.4441280486962,1302.4193023697235,-2596.2162002275372,150.25477419738533,467.7292884830774,-163.84536632575418,-33.9878598927217,35.3012369144703,0.0,0.0,0.0,0.0,0.0,0.0,0.0,-1287.0355242523642,-873.7840587250585,100.0,-548.249527157094,110.31213873679235,0.0,3.500536463668291,-1263.9729897152804,2596.2162002275363,100.0,1144.1647807363597,163.84536632574736,0.0,49.46222512178513,0.0,0.0,0.0,0.0,0.0,0.0,0.0,0.0
1698.6335894161764,2642.3640294263696,943.8861840781074,-595.1240792126976,54.115435779915515,-53.806215799144184,1322.0613563197599,817.0243417504598,297.24379587855867,269.759743400291,-116.69694020580664,5.809521877999941,84.72877978257104,1209.3181107865887,-2677.028369661911,133.08904633587179,244.22850038996444,-159.36089911177078,-34.630558276738554,37.9721391604342,0.0,0.0,0.0,0.0,0.0,0.0,0.0,-1362.0551896230245,-817.0243417504603,100.0,622.0844436739196,116.69694020580323,0.0,2.3948980517787795,-1202.7588506312536,2677.0283696619117,100.0,-303.4664493647915,159.36089911176396,0.0,63.85421524743093,0.0,0.0,0.0,0.0,0.0,0.0,0.0,0.0
1775.361479363808,2540.2560867165,914.0832889489689,2204.622420223185,-1109.5837750150054,-65.23152892618725,1348.3370644548838,757.1173335095855,299.385302091074,-320.0721429139264,-122.89965202269514,2.7509522241410878,88.00601270103014,1115.3170574003884,-2755.535837863059,115.66848142134975,954.5494264908041,-154.6277709591891,-35.006547571420654,32.83674116973648,0.0,0.0,0.0,0.0,0.0,0.0,0.0,-1337.813391374852,-757.1173335095859,100.0,-251.6852036860962,122.89965202269173,0.0,4.616439120745266,-1125.4256877325045,2755.53583786306,100.0,229.30745936584344,154.6277709591959,0.0,70.47534926780438,0.0,0.0,0.0,0.0,0.0,0.0,0.0,0.0
1925.1522395352524,2426.414332840198,878.8421714177371,-1075.88008269772,89.76641794261695,-75.52738507665538,1422.6455291795578,694.1565107146007,299.9912317782831,-111.99274751888538,-128.91059570201264,-0.328804034814425,90.13587274021953,975.0923441850599,-2831.6161046390444,100.0,-715.5684201708937,-149.65336726869054,0.0,32.38321172579094,0.0,0.0,0.0,0.0,0.0,0.0,0.0,-1513.0956413534395,-694.1565107146007,100.0,869.1881743103602,128.91059570200923,0.0,14.444254195426256,-1070.5853875364442,2831.6161046390444,101.8727551374987,1584.017084959545,149.65336726868372,35.11293207518037,59.810623636428375,0.0,0.0,0.0,0.0,0.0,0.0,0.0,0.0
1800.9695121335023,2389.9411638918236,838.7730168765554,-1630.8108214543847,1682.2455404158063,-84.51551575446331,1523.385435908137,628.2401151385966,299.0569183404224,-815.0641663008855,-134.7203919863398,-3.4060279919819436,91.1282017448819,958.6198785219603,-2905.150457114565,100.0,273.7331585839763,-144.44544991848943,0.0,36.981396746688816,0.0,0.0,0.0,0.0,0.0,0.0,0.0,-1490.945623941314,-628.2401151385966,100.0,416.15987633455006,134.7203919863466,0.0,14.682274386714628,-995.4506654889917,2905.150457114565,119.3995685728939,860.0268519727189,144.4454499184826,34.948892462099224,65.65152169929323,0.0,0.0,0.0,0.0,0.0,0.0,0.0,0.0
1894.382310103007,2257.4270644428075,794.5696061839603,-826.18212739677,-28.082012850341016,-92.04029518987397,1634.6370079344917,559.4710003227058,296.5895574422042,-223.05975825116548,-140.31997548130903,-6.457020243128682,92.10485885509945,920.7494112197799,-2976.0241549662032,100.0,509.47464906867083,-139.0121451529876,0.0,19.771757244408455,0.0,0.0,0.0,0.0,0.0,0.0,0.0,-1578.4833688090453,-559.471000322706,100.0,84.35055585146984,140.31997548131926,0.0,12.254190947245894,-866.6594157804443,2976.0241549662032,136.77697519751047,-854.5337066918381,139.01214515297397,34.5156920919942,73.63118126981792,0.0,0.0,0.0,0.0,0.0,0.0,0.0,0.0
1965.751790469052,2134.8233873093545,746.9973031359107,-418.38359940630426,1009.9451970968971,-97.97143493540659,1630.264102601874,487.95647108718754,292.6081515950225,62.15757978465035,-145.7006088009257,-9.458283408909551,88.78367826686255,762.6558594255334,-3044.1266094590383,100.0,-1446.3877906297591,-133.36193090288816,0.0,20.01843039114254,0.0,0.0,0.0,0.0,0.0,0.0,0.0,-1562.7633469435914,-487.95647108718754,100.0,-1614.7432752259795,145.70060880091887,0.0,18.733713826667298,-833.3248598148862,3044.1266094590383,153.87114198853436,1227.3569923520404,133.36193090291545,33.81666728059287,71.69829492114032,0.0,0.0,0.0,0.0,0.0,0.0,0.0,0.0
1984.4450751252357,2013.7395641571898,696.8798025078303,-1112.067103535852,1076.6323060298885,-102.20623975647982,1617.9338055642281,413.8081160968959,287.14336380809874,-1223.269100934109,-150.8538962010732,-12.386703101172145,57.595808977427765,717.6722542628598,-3109.3515560052806,100.0,-135.88747655752456,-127.50362355661082,0.0,15.040755147796503,0.0,0.0,0.0,0.0,0.0,0.0,0.0,-1670.3833345223716,-413.80811609689636,100.0,-1939.8881225567277,150.85389620108685,0.0,18.283161470117072,-727.1435717953216,3109.3515560052806,170.55041730981893,18.026991711911364,127.50362355662446,32.857201604718824,76.74269398177496,0.0,0.0,0.0,0.0,0.0,0.0,0.0,0.0
2008.4137949642954,1889.8530653236407,645.084868119834,-717.9189327601739,-1880.4995118985744,-104.67138575700346,1757.2465051205813,337.14163374239547,280.2372814356831,489.5588244028761,-155.77179667991004,-15.219725939662112,79.82251834484137,607.9213276908791,-3171.5972199756616,100.0,-801.1406745489876,-121.44636420338429,0.0,10.397079861211251,0.0,0.0,0.0,0.0,0.0,0.0,0.0,-1692.2290343048294,-337.14163374239615,100.0,-959.0419599410245,155.77179667990322,0.0,21.18511666235819,-628.3603842868514,3171.5972199756616,186.68634483397238,59.25479264038188,121.44636420338429,31.64468444037766,80.7900925000651,0.0,0.0,0.0,0.0,0.0,0.0,0.0,0.0
2025.8796434948902,1740.34754477494,592.5093078646506,1767.5113559961858,1134.461169691948,-105.32418995231296,1691.0638847631087,258.0766516084093,271.9430920390537,-0.356175010736024,-160.44663652478675,-17.93553324807334,66.15405886503653,534.2962415351788,-3230.766475504854,100.0,1206.4460071046647,-115.1996043699387,0.0,17.888457519812242,0.0,0.0,0.0,0.0,0.0,0.0,0.0,-1690.9534275615683,-258.0766516084102,100.0,-923.3337478051214,160.44663652478675,0.0,27.17265656599985,-599.8011928808687,3230.766475504854,202.1546528556067,-530.8679832486752,115.19960436993188,30.188454053108984,89.99782460831321,0.0,0.0,0.0,0.0,0.0,0.0,0.0,0.0
1955.9796569061011,1597.541356740709,540.0634458494276,-980.4333464050239,-1285.1312783279548,-104.15334930742972,1732.0479850329514,176.73653981129496,262.32467375967985,-42.901074259388,-164.87112128599733,-20.513209091748195,64.42326610798347,398.58017322264595,-3286.766997043135,100.0,-962.0646862671441,-108.77309127262606,0.0,8.74955173452315,0.0,0.0,0.0,0.0,0.0,0.0,0.0,-1764.927655554933,-176.73653981129564,100.0,-1877.8653981167452,164.87112128599733,0.0,25.925555455812535,-424.2942188311156,3286.766997043134,216.836211376497,1493.3088100688722,108.77309127262606,28.49972567881565,92.49591727935103,0.0,0.0,0.0,0.0,0.0,0.0,0.0,0.0
1935.2188326008975,1403.3798901955536,488.65536050986503,764.5949389118834,-41.58424868329007,-101.17913644445679,1774.7584946827683,93.24821849681257,251.45610335831324,2100.1902385044295,-169.03834715879043,-22.93290136286558,62.17867360232879,336.84983650902956,-3339.511403417804,100.0,-1365.0286079312696,-102.17685260827011,0.0,3.486550172406211,0.0,0.0,0.0,0.0,0.0,0.0,0.0,-1835.2788029269648,-93.2482184968137,100.0,208.4023995921143,169.0383471587836,0.0,37.19674349510889,-418.6603473705181,3339.511403417803,230.61794959160832,558.5606732268081,102.17685260827693,26.59150514902663,82.34133193279919,0.0,0.0,0.0,0.0,0.0,0.0,0.0,0.0
1988.493973563725,1250.3858922912168,439.1751616072236,-517.2631708014524,-378.1023827565957,-96.45304863049034,1753.7423266666299,7.741959798555399,239.4210857088685,-38.2151074086039,-172.94181175577933,-25.175974672501553,54.90921204345513,213.1264542007309,-3388.917394179585,100.0,-994.8245607189813,-95.42118090725126,0.0,0.8990728527072562,0.0,0.0,0.0,0.0,0.0,0.0,0.0,-1769.6885976151907,-7.741959798554717,100.0,-341.94129963385194,172.94181175577933,0.0,35.79950460741122,-238.739120859735,3388.9173941795852,243.39372670992393,280.26541948586225,95.42118090725126,24.478488725799252,92.85271700707509,0.0,0.0,0.0,0.0,0.0,0.0,0.0,0.0
2029.1189121943244,1164.6191463153139,392.47957834550755,1194.929468043614,504.30983148431665,-90.05691612370526,1727.5085829398413,-79.64881543393949,226.31230914087809,-128.60649920824812,-176.5754242531102,-27.225153872074088,52.8350852172154,146.0407683641756,-3434.907878021245,100.0,-1404.881185058001,-88.51661747345133,0.0,0.9571329181799229,0.0,0.0,0.0,0.0,0.0,0.0,0.0,-1876.9732288529658,79.64881543393813,100.0,-304.69522555208073,176.5754242531034,0.0,48.273921612109234,-150.17806888400176,3434.9078780212444,255.06514940340153,87.18081410350564,88.51661747345815,22.176949917682123,91.71709582916385,0.0,0.0,0.0,0.0,0.0,0.0,0.0,0.0
1890.169925610856,967.9707383735256,349.3771254592083,7.2236125536414875,-788.0584390825936,-82.10148531624327,1847.6286067659264,-168.78774582022243,212.23073159538464,-169.94422998306277,-179.93351489426345,-29.06465709881701,47.93013871621983,154.40973513580354,-3477.4110930680617,100.0,-829.7903946783274,-81.4739359360101,0.0,1.6313176494300925,0.0,0.0,0.0,0.0,0.0,0.0,0.0,-1722.2209519186383,168.78774582022288,100.0,1642.397533583819,179.93351489425322,0.0,46.007145187183106,-75.9055623630248,3477.4110930680613,265.542329588431,1314.69344758754,81.4739359360101,19.704614148411395,98.6279840232465,0.0,0.0,0.0,0.0,0.0,0.0,0.0,0.0
1835.5402050733476,906.8817121312715,310.614104114669,1407.1427078880072,-430.85851850399706,-72.7245012062022,1853.9000102150135,-259.5357422222579,197.28480309198014,-806.5661733279694,-183.01084383699276,-30.68031732063929,39.770965073807155,-80.63958077540231,-3516.3607188524334,100.0,-1221.3788065532315,-74.30412543851389,0.0,6.068236804342831,0.0,0.0,0.0,0.0,0.0,0.0,0.0,-1823.316763508759,259.53574222225814,100.0,-996.128854383951,183.01084383701493,0.0,50.237260776100456,-19.90238724286117,3516.3607188524334,274.74457670369816,356.50901826289095,74.30412543851389,17.08052224361154,88.45051510612255,0.0,0.0,0.0,0.0,0.0,0.0,0.0,0.0
1771.8670508391854,696.7264526615115,276.8616800136818,425.5420109450665,697.5731943859063,-62.088322399859806,1780.5320582312902,-351.7512047740473,181.58963049520298,37.207294774907496,-185.80260932938984,-32.05969144427755,32.51348920311472,-109.95643161084818,-3551.6959797979243,100.0,-102.7183253121671,-67.01837349190555,0.0,2.244473431773848,0.0,0.0,0.0,0.0,0.0,0.0,0.0,-1742.1028566368236,351.75120477404766,100.0,1885.0389492287752,185.8026093293813,0.0,62.699802486265064,16.606550695993974,3551.6959797979243,282.6010191528411,-478.16448444825414,67.01837349189873,14.324883786872533,88.60232969531923,0.0,0.0,0.0,0.0,0.0,0.0,0.0,0.0
1713.035040816498,572.7003810340124,248.70426243661666,-1690.853349339726,-649.9676640313407,-50.37710993950611,1796.4719922417578,-445.2902438288986,165.2660910128887,-781.0426483366791,-188.30445520233582,-33.19215614643724,35.249458167682164,-197.98829423461095,-3583.361740051257,100.0,-1373.2762731709227,-59.62804851799092,0.0,4.658736100421077,0.0,0.0,0.0,0.0,0.0,0.0,0.0,-1844.5918978966067,445.2902438288984,100.0,-425.1971839552232,188.30445520235116,0.0,67.80126756787996,186.65196622404085,3583.361740051257,289.0511501258253,616.335256948334,59.62804851799092,11.458921474560952,87.26914306974582,0.0,0.0,0.0,0.0,0.0,0.0,0.0,0.0
1675.4409313224608,436.6706319319374,226.62938543714841,-2069.399385625471,28.91294312300147,-37.79363863104919,1762.438573836183,-540.0069044795852,148.43990125391514,-524.1230405836848,-190.51247766670087,-34.068989689888554,32.569719658080516,-320.14214239613796,-3611.3085895142867,100.0,574.5919366676255,-52.144682110485974,0.0,8.692965940611325,0.0,0.0,0.0,0.0,0.0,0.0,0.0,-1764.9472100401313,540.0069044795843,100.0,281.2604627146004,190.51247766669235,0.0,72.27718721888186,272.25598243047654,3611.3085895142867,294.04529359536383,571.5514249508976,52.144682110485974,8.504707668097637,81.5111701928538,0.0,0.0,0.0,0.0,0.0,0.0,0.0,0.0
1583.939286033836,269.3791930578747,211.0192663915139,422.4536119344293,460.87129189660374,-24.555786082038082,1832.4583188569718,-635.7533943010638,131.24064901504187,-92.1330844266788,-192.4232314047208,-34.68343909439014,19.330138607192545,-397.7032273822604,-3635.4929209417196,100.0,-1817.9671848110925,-44.57995104159863,0.0,9.489864402949351,0.0,0.0,0.0,0.0,0.0,0.0,0.0,-1734.0595863088652,635.7533943010629,100.0,-861.3375281635001,192.4232314047208,0.0,72.60187532449528,335.46411299858266,3635.4929209417196,297.5449868994882,869.5711494704087,44.57995104159863,5.484994402483778,91.48365242042645,0.0,0.0,0.0,0.0,0.0,0.0,0.0,0.0
1395.2882050561382,118.42969264162775,202.14418806253508,-824.5448526659334,-902.2872813431719,-10.892760240877237,1747.6205481754305,-732.3803139603901,113.80079525359042,-759.8101518001818,-194.03373494592074,-35.030772145119755,16.437571830194347,-520.5723822826932,-3655.876997984267,100.0,943.6471226598559,-36.94565904195542,0.0,17.87158470027596,0.0,0.0,0.0,0.0,0.0,0.0,0.0,-1737.015380471457,732.3803139603895,100.0,1047.0532845283503,194.03373494591392,0.0,80.49270614978322,500.3688889632261,3655.876997984267,299.523276963788,1567.5718669567418,36.94565904195542,2.423038160293345,82.60712040859153,0.0,0.0,0.0,0.0,0.0,0.0,0.0,0.0
1435.995462691942,-32.204719466302315,200.15781876523266,-603.4315204692234,-1404.5838920217993,2.9588692441157605,1686.416125405024,-829.7368903339906,100.0,-623.120869702368,-195.34147531925726,0.0,16.361981726362654,-549.8250591060179,-3672.4290140710727,100.0,161.16815260140697,-29.25371838253568,0.0,19.97420092273157,0.0,0.0,0.0,0.0,0.0,0.0,0.0,-1655.0857079860023,829.7368903339914,103.74534606767477,-676.5962243658009,195.34147531924873,35.10831383808544,80.64181123068084,623.3512479784504,3672.4290140710727,299.96492788194973,-1319.5447648135319,29.253718382542502,-0.6575792393650204,77.36372714775715,0.0,0.0,0.0,0.0,0.0,0.0,0.0,0.0
1276.2539644503058,-127.45184125782069,205.09455166343145,-819.3966134836262,374.35548249358203,16.759267130439355,1668.0007697402837,-927.6712117685472,100.0,-302.3995528465241,-196.34441197431158,0.0,9.091920597790088,-686.0388220499997,-3685.1231420395225,100.0,-606.1070230021585,-21.516131287201006,0.0,28.535126882861757,0.0,0.0,0.0,0.0,0.0,0.0,0.0,-1618.8966971941786,927.6712117685458,121.26264240668507,-1106.1728020615578,196.34441197430988,34.915466981805,85.94822379514663,649.8266736955982,3685.1231420395225,298.86653825590025,-1011.6789258148458,21.516131287201006,-3.7331322574803494,81.61390441224074,0.0,0.0,0.0,0.0,0.0,0.0,0.0,0.0
1194.7860033422548,-395.9758229911715,216.86890926633595,1309.672272463307,-488.5993905755146,30.26948522956019,1579.561751716226,-1026.0304651184085,100.0,888.2024431246475,-197.04097996530606,0.0,12.111210893810073,-835.8584265754137,-3693.939574435011,100.0,-1905.21735439802,-13.744971204823742,0.0,26.985513361540445,0.0,0.0,0.0,0.0,0.0,0.0,0.0,-1654.0596686421725,1026.0304651184094,138.6161833725397,833.0654042117885,197.04097996529754,34.45371679662344,86.721963873492,767.432567684846,3693.939574435011,296.23656739185583,998.7677687295121,13.744971204823742,-6.779934358652895,78.34558907600889,0.0,0.0,0.0,0.0,0.0,0.0,0.0,0.0
1098.1199605812449,-484.8842290772945,235.27702343597343,-702.0964713908461,380.5488715663225,43.255599696086335,1612.6179926722914,-1124.6611741896506,100.0,-226.01312780904777,-197.43009239290814,0.0,0.604046991447321,-831.6710641575188,-3698.8645544177693,100.0,-710.6438939757783,-5.952363970352508,0.0,30.293207479883986,0.0,0.0,0.0,0.0,0.0,0.0,0.0,-1596.685733198252,1124.6611741896509,155.67231974506745,73.73785414037343,197.43009239290473,33.726619476183686,86.26233050032292,857.5691181619343,3698.8645544177693,292.09527015052447,164.75073127526628,5.952363970352508,-9.774520434193903,72.35608152758346,0.0,0.0,0.0,0.0,0.0,0.0,0.0,0.0
1010.697461752069,-679.8152475466059,260.000165279786,-1204.7023174988499,2059.13310131944,55.492761322523734,1566.2201953763313,-1223.4094392187335,100.0,716.3267923640103,-197.51114210028163,0.0,10.695571047778596,-879.9732872271729,-3699.8903972285393,100.0,-1517.605167372224,1.8495311159017547,0.0,37.809983083164134,0.0,0.0,0.0,0.0,0.0,0.0,0.0,-1523.1660187663952,1223.409439218734,172.29969278141505,-529.2853894918085,197.51114210028163,32.73977479922564,88.9133556966312,849.4288097193391,3699.8903972285393,286.474540953217,580.5518674384916,-1.8495311159017547,-12.69382751992282,59.33678973596322,0.0,0.0,0.0,0.0,0.0,0.0,0.0,0.0
862.2325072302282,-716.2215888251418,290.6102638097405,-1990.300577870595,324.2148879560074,66.76908871041121,1487.1817501166133,-1322.121177012088,100.0,-685.8884036902839,-197.28400262041646,0.0,3.5058563261746545,-1023.5699683023247,-3697.0155021795886,100.0,386.06888757041304,9.648540261216567,0.0,35.98502797477845,0.0,0.0,0.0,0.0,0.0,0.0,0.0,-1409.1799160486369,1322.1211770120883,188.370245882403,124.5157745599488,197.28400262041646,31.5007830026056,93.7083922490614,1025.9284040653304,3697.0155021795886,279.41766814526284,-673.4307774768484,-9.648540261216567,-15.515372416805064,55.260568036085054,0.0,0.0,0.0,0.0,0.0,0.0,0.0,0.0
650.3632841938127,-856.823004019217,326.57731781465213,81.58815395673685,-923.2095345655785,76.8893369092163,1436.0209330686628,-1420.6423613719107,100.0,-617.3066403336816,-196.74902837350032,0.0,1.4643278233106956,-1010.5616160968527,-3690.2443551523666,100.0,307.56115068258055,17.432494175980082,0.0,37.60617617870116,0.0,0.0,0.0,0.0,0.0,0.0,0.0,-1445.241382304793,1420.642361371911,203.76021082724614,-1955.287496649612,196.74902837351738,30.019186247648122,97.37418423912546,1040.0055996797012,3690.2443551523666,270.9790006085117,1179.6669490402212,-17.432494175980082,-18.217424846516792,57.65386742021075,0.0,0.0,0.0,0.0,0.0,0.0,0.0,0.0
597.3804573993457,-1161.224446105047,367.27857261221516,-2089.1255192412154,-1337.2405383817477,85.67827800199666,1346.196658222695,-1518.8192634330317,100.0,790.6124533392517,-195.90705411380895,0.0,7.410674581310099,-1130.9198975161814,-3679.5875215979004,100.0,78.75961245835356,25.18924706220787,0.0,57.625662255426334,0.0,0.0,0.0,0.0,0.0,0.0,0.0,-1420.3672269772032,1518.8192634330314,218.35106098109873,23.776940988276465,195.907054113826,28.306395130684052,94.41265701519387,1115.3463383373548,3679.587521597901,261.2235291905256,-416.59795137973106,-25.18924706220787,-20.77917480833463,43.09496655517881,0.0,0.0,0.0,0.0,0.0,0.0,0.0,0.0
455.7159121951397,-1274.8003245601167,412.009302789072,-557.3919578123895,-404.86532240841825,92.98373510439177,1346.5370462203005,-1616.4986915358304,100.0,262.6599259397858,-194.75939362730173,0.0,5.544055226827523,-1154.19114662757,-3665.0616300508477,100.0,-387.9595029917539,32.90669556542298,0.0,47.14076334687202,0.0,0.0,0.0,0.0,0.0,0.0,0.0,-1317.3891719008982,1616.4986915358295,232.03042413424635,418.0634063037144,194.7593936272915,26.37560080373646,97.03375861240312,1262.9790121940528,3665.0616300508477,250.226386174104,-986.8243303728912,-32.90669556541616,-23.180892848457546,44.680848135778284,0.0,0.0,0.0,0.0,0.0,0.0,0.0,0.0
316.79148861963904,-1357.038188696616,459.9950142302255,-36.4591526744141,1423.873139350335,98.67921724452117,1221.7789495719685,-1713.5282302609185,100.0,-1497.2503453633522,-193.3078376815888,0.0,13.828645573548263,-1284.7567254476553,-3646.6893461829377,100.0,-3036.855037879782,40.57279766026113,0.0,49.96343785088666,0.0,0.0,0.0,0.0,0.0,0.0,0.0,-1280.3784886206683,1713.5282302609176,244.69294794266563,-310.04984765112454,193.30783768160586,24.241673382169466,96.25305841551987,1248.42271332139,3646.6893461829377,238.07226664200547,-467.97820250252926,-40.57279766026795,-25.404082007461994,39.69301932835324,0.0,0.0,0.0,0.0,0.0,0.0,0.0,0.0
207.376032308216,-1546.5221329097976,510.40485416470256,274.6188837141628,2152.538109463003,102.66610950188863,1144.966411528435,-1809.7564782526072,100.0,598.8842368733617,-191.55465123163935,0.0,7.320952251707013,-1352.8667705901516,-3624.4993374362834,100.0,566.2037697395806,48.17559144042207,0.0,68.89225002028878,0.0,0.0,0.0,0.0,0.0,0.0,0.0,-1172.1893396281696,1809.756478252606,256.24111130471346,-1245.8565192403353,191.55465123162912,21.921047421698745,87.4559873093853,1362.3869717686207,3624.499337436284,224.85477619325653,197.5843600674375,-48.17559144042207,-27.431620275611124,30.598954665249806,0.0,0.0,0.0,0.0,0.0,0.0,0.0,0.0
124.49001518657582,-1681.150917301242,562.3659970380618,-55.917112013642125,584.9717590966327,104.87538048402712,1096.997950352164,-1905.0332844600603,100.0,-889.2066750734489,-189.5025698856955,0.0,7.746070735884008,-1444.811821110796,-3598.5262282917524,100.0,347.9663229116579,55.70321378360859,0.0,68.66969871212936,0.0,0.0,0.0,0.0,0.0,0.0,0.0,-1135.3812258506184,1905.0332844600596,266.5859754250867,424.6677504701165,189.5025698856955,19.431595346775623,88.43473809363535,1420.4873317905885,3598.526228291753,210.67571003464315,-359.2480365165193,-55.70321378360859,-29.247892458920575,36.02504695463614,0.0,0.0,0.0,0.0,0.0,0.0,0.0,0.0
-22.06337223214409,-1746.2515029722017,614.9787571263104,-1503.2300881059193,-2258.4984511040775,105.26877757653153,1014.530194777406,-1999.2099824275274,100.0,-71.17138121564096,-187.1547956367192,0.0,14.078952504507534,-1437.6109235243455,-3568.8105462421836,100.0,497.4192619845428,63.14391886228577,0.0,75.75853057133455,0.0,0.0,0.0,0.0,0.0,0.0,0.0,-1070.522695449462,1999.209982427526,275.64786878169167,253.97141386703595,187.15479563670897,16.7924898051686,81.48688365237399,1520.4669168454725,3568.810546242184,195.64426899950476,227.39679634820277,-63.14391886228577,-30.838910440432272,25.66662299357356,0.0,0.0,0.0,0.0,0.0,0.0,0.0,0.0
-145.30426622835577,-1976.1529378066984,667.3321662225572,-842.2624471653269,-284.830912402025,103.83948927123583,981.0464994853713,-2092.139622268054,100.0,644.0323032183318,-184.51499186604678,0.0,11.03199487147464,-1569.9674044202534,-3535.398658554769,100.0,961.5553511295809,70.48609647143394,0.0,78.0800002756272,0.0,0.0,0.0,0.0,0.0,0.0,0.0,-927.9890346139262,2092.139622268055,283.35700072011537,-1224.0175158449351,184.51499186603996,14.024056008791206,79.16958183916327,1466.1835013307743,3535.3986585547686,179.87621853169844,-436.65415024551066,-70.48609647144076,-32.1924209103895,19.46493866161005,0.0,0.0,0.0,0.0,0.0,0.0,0.0,0.0
-345.84443305840756,-2099.700030527185,718.5197466752046,-219.15351317077807,1067.4099626145903,100.61226310473558,920.2257985923732,-2183.677199958738,100.0,-780.7999663739395,-181.5872776272863,0.0,18.908818680653,-1610.1951459321876,-3498.3426999212575,100.0,-1970.6969851843814,77.71829014474179,0.0,87.95191891280538,0.0,0.0,0.0,0.0,0.0,0.0,0.0,-874.9690128013758,2183.6771999587386,289.65399895006885,-479.53041633487373,181.58727762729995,11.147615198001972,75.32491479940512,1535.936046976796,3498.342699921258,163.49299711186475,613.5279471348144,-77.71829014475543,-33.2979997358251,28.40132168135014,0.0,0.0,0.0,0.0,0.0,0.0,0.0,0.0
-464.2915947192156,-2137.721312189914,767.6552066740176,-1145.4217650043774,387.9728845448517,95.64297716492831,747.6980979873579,-2273.6798835997165,100.0,-426.73544703528876,-178.37622121900495,0.0,26.135410509996778,-1584.9635641781692,-3457.7004911088848,100.0,-288.91069320711154,84.82921503078842,0.0,95.67733010196723,0.0,0.0,0.0,0.0,0.0,0.0,0.0,-877.241110543265,2273.679883599716,294.4903668042431,-1251.5985069561827,178.37622121899813,8.185320434929508,82.8236707202425,1653.109567269624,3457.7004911088848,146.62078099250385,790.3285717708513,-84.82921503077478,-34.147132242506615,16.563584518638038,0.0,0.0,0.0,0.0,0.0,0.0,0.0,0.0
-547.8381474040121,-2246.557788580143,813.8877860267023,-1719.9626200048328,632.6705601795516,89.01767258509267,699.9791433804085,-2362.0072362838564,100.0,157.80305361590194,-174.88683305659833,0.0,26.82405587976822,-1648.0593125820744,-3413.535448738952,100.0,191.32853788134867,91.8077755015338,0.0,89.29636800674983,0.0,0.0,0.0,0.0,0.0,0.0,0.0,-685.3769726952382,2362.0072362838564,297.8288567379758,2208.9144871818044,174.8868330566188,5.15998599049766,75.23902592368196,1608.6507092252905,3413.5354487389523,129.38951244484062,318.08470192842265,-91.80777550155426,-34.733278791200064,7.441366748640937,0.0,0.0,0.0,0.0,0.0,0.0,0.0,0.0
-629.2435072100371,-2431.4252673541887,856.4169867201886,533.5470065698979,-1698.7436332960488,80.85106377716045,622.758388682493,-2448.52143522939,100.0,334.9449308828673,-171.1245578541775,0.0,31.498690128000234,-1744.8510369777373,-3365.916486333844,100.0,640.6150968152144,98.64308246562814,0.0,92.06051009212128,0.0,0.0,0.0,0.0,0.0,0.0,0.0,-585.9437005380145,2448.5214352293897,299.6437571932013,-448.560744873659,171.12455785413658,2.0949116390863765,61.2886537868379,1670.087589419648,3365.916486333844,111.9318990015046,-141.14927385590704,-98.64308246560768,-35.05192514305243,13.323314447642922,0.0,0.0,0.0,0.0,0.0,0.0,0.0,0.0
-813.46777417195,-2583.589170397039,894.5064332130437,100.02223850308667,707.1144589588471,71.28455219904197,487.02706860970716,-2533.0874868335554,100.0,663.1836755357693,-167.0952661288402,0.0,23.738012256346785,-1719.757748975929,-3314.917906786879,105.6176085976034,-546.8126813234369,105.32447035918722,35.10061722619213,89.95886153872317,0.0,0.0,0.0,0.0,0.0,0.0,0.0,-479.6815843871975,2533.087486833555,299.9210906173837,78.43915803852042,167.09526612886066,-0.9862967859075411,68.57704395394694,1699.7767115354768,3314.9179067868795,100.0,196.90788060272098,-105.32447035919404,0.0,10.95991721869237,0.0,0.0,0.0,0.0,0.0,0.0,0.0,0.0
-850.1934657140121,-2673.280489733744,927.4966224737835,1285.1600647672358,1856.5925803037226,60.483778046853445,474.70406271346985,-2615.573437311698,100.0,-799.5736811352089,-162.80524504051527,0.0,40.9472771704276,-1770.0594337066361,-3260.619286422784,123.12385188484718,1324.6055242445823,111.84151378805154,34.87898003595781,100.0,0.0,0.0,0.0,0.0,0.0,0.0,0.0,-417.0686327631445,2615.5734373116966,298.6587211123832,-1134.180544927625,162.8052450404948,-4.059909193665874,55.63842700680245,1783.7566263213748,3260.619286422785,100.0,-363.1789960533797,-111.84151378803108,0.0,6.0968763929500165,0.0,0.0,0.0,0.0,0.0,0.0,0.0,0.0
-1040.0752937550837,-2690.2139344185853,954.8163430034206,441.4617931432531,1120.9777035895445,48.63575226329999,328.1823351815254,-2695.8505785931397,100.0,204.95375197768482,-158.26118858177324,0.0,47.06600828886473,-1853.2635011398677,-3203.105350829698,140.45200559499244,13.397143106544718,118.18404379521326,34.388720522973415,92.65088861025352,0.0,0.0,0.0,0.0,0.0,0.0,0.0,-332.5870957708436,2695.8505785931393,295.86637088418905,794.120029643907,158.26118858177324,-7.102253994497119,52.916969479279224,1685.1740519012446,3203.1053508296986,100.0,783.6330763295734,-118.18404379522008,0.0,0.0,0.0,0.0,0.0,0.0,0.0,0.0,0.0,0.0
-1176.3825577101209,-2691.3691871879746,975.9925651266094,-1905.3122207827676,1659.8500919198818,35.94561852045615,243.14343805857908,-2773.7936491525743,100.0,-343.4028384002853,-153.4701871326979,0.0,49.39472675115292,-1756.4357925035029,-3142.4658426564483,157.4686160291704,-218.90490405324158,124.34216372802894,33.63361444699521,98.76693204966051,0.0,0.0,0.0,0.0,0.0,0.0,0.0,-280.2204164625766,2773.7936491525734,291.565545366832,984.6895261232544,153.47018713267744,-10.089900407853918,53.40973409281685,1837.1241359817836,3142.4658426564492,100.0,-963.8510287413817,-124.34216372802211,0.0,5.381369351147722,0.0,0.0,0.0,0.0,0.0,0.0,0.0,0.0
-1261.9617340786608,-2885.7013660932676,990.658631305066,-2311.632028020068,-530.2632153082686,22.63310124187285,107.96551756664203,-2849.2810294635697,100.0,899.5451478882401,-148.43971639727215,0.0,63.03622195455658,-1793.4169236757607,-3078.795381581397,174.04262885564734,1903.0575507857452,130.30626468057335,32.6194772976919,92.95101246327596,0.0,0.0,0.0,0.0,0.0,0.0,0.0,-159.27726218303218,2849.28102946357,285.7893675971391,-190.23511666504925,148.43971639727897,-12.999838915729072,44.90324434811555,1758.3316162965396,3078.795381581397,100.0,-1610.93769288462,-130.30626468056653,0.0,0.7766635873862118,0.0,0.0,0.0,0.0,0.0,0.0,0.0,0.0
-1260.6179639741374,-2988.70528706729,998.560604661381,-267.4270614081149,-1883.6083832953318,8.928701164890072,107.35827600518701,-2922.194931769257,100.0,1743.6358828276304,-143.17762573873324,0.0,57.372669455515606,-1835.5875029175693,-3012.1933166713434,190.04639843174309,-60.015362134795396,136.06704048711663,31.35411950633994,86.66251336053396,0.0,0.0,0.0,0.0,0.0,0.0,0.0,-39.525438958503074,2922.1949317692565,278.58232311590007,-416.6817766274971,143.17762573873324,-15.80965847169466,36.83160424856348,1819.433207930059,3012.1933166713443,100.0,-607.2296983499393,-136.06704048711663,0.0,5.703058527020541,0.0,0.0,0.0,0.0,0.0,0.0,0.0,0.0
-1428.49581398301,-3070.619026011037,999.561665791151,135.88463955455495,-269.5852760790285,-4.930295684362704,-73.89568576406813,-2992.421583874049,100.0,-98.28156027019118,-137.69212593154407,0.0,57.88637517158087,-1822.1836391198694,-2942.763571360856,205.35667087354648,1201.9855144863072,141.6155022430894,29.847286293377948,96.88541120654,0.0,0.0,0.0,0.0,0.0,0.0,0.0,70.23229409897559,2992.4215838740492,269.999917360107,-338.8904442855576,137.6921259315509,-18.497719100762424,38.05748328238196,1792.8992325365884,2942.763571360856,100.0,-717.5208152387825,-141.61550224307575,0.0,9.86258131421535,0.0,0.0,0.0,0.0,0.0,0.0,0.0,0.0
-1520.6845131947337,-3116.439655352611,993.6444817344466,358.5104636603728,1346.8007577423168,-18.70392650051997,-152.07642569924798,-3059.851406669624,100.0,-801.5989934391499,-131.99177634965963,0.0,69.50710279778922,-1812.7546829701719,-2870.6144812939406,219.85553330226935,510.32109228631384,146.9429923309508,28.1105826150646,87.44958698002746,0.0,0.0,0.0,0.0,0.0,0.0,0.0,120.63727800867005,3059.8514066696234,260.1082481848721,-822.2375107898074,131.99177634967327,-21.04331856080165,44.8375251222802,1873.9375943138548,2870.6144812939406,100.0,709.8765124511885,-146.94299233095762,0.0,1.4601341733401867,0.0,0.0,0.0,0.0,0.0,0.0,0.0,0.0
-1643.451576266251,-3222.4541491920418,980.9115060888539,1304.9581966118876,-830.6192099681903,-32.15370655580614,-162.2585437073103,-3124.379185118176,100.0,394.14330595765733,-126.0854716107815,0.0,82.24792079922244,-1866.0663190489952,-2795.8586252810437,233.4313219565624,67.50141798561458,152.04119792931579,26.157383787286648,89.7905735772002,0.0,0.0,0.0,0.0,0.0,0.0,0.0,229.79135883064674,3124.3791851181763,248.9834968072778,387.49109789045804,126.08547161077468,-23.426851781966178,19.58238604921516,1715.5311053850182,2795.858625281044,100.0,-131.14391370303906,-152.04119792931579,0.0,17.043995362286758,0.0,0.0,0.0,0.0,0.0,0.0,0.0,0.0
-1743.2505057393862,-3157.4951942597318,961.5832050677548,-2670.010028667308,160.58085912572324,-45.04675846460145,-260.96155417522914,-3185.9042324261272,100.0,-961.7117787864447,-119.982427697596,0.0,70.18962439269218,-1799.4676871379936,-2718.6126496351835,245.97948217692294,-606.5178889956144,156.90216398414123,24.002732474871777,77.23704778365115,0.0,0.0,0.0,0.0,0.0,0.0,0.0,343.7566051874758,3185.9042324261272,236.71134109267408,380.7803482746908,119.98242769760964,-25.62996185618431,20.223351677580304,1807.2059919057488,2718.612649635184,100.0,544.5710123286256,-156.9021639841344,0.0,13.030394825708317,0.0,0.0,0.0,0.0,0.0,0.0,0.0,0.0
-1724.3425498235397,-3370.0245804103884,935.9942402189165,535.1389895051568,693.5380670427253,-57.1598443591472,-416.46923911800667,-3244.3305471521253,100.0,893.9933024059007,-113.69216757733966,0.0,79.54962184747409,-1726.2695124208751,-2638.997086161293,257.40337363897333,-335.74871078895626,161.518305620948,21.66322283967304,84.04664986404146,0.0,0.0,0.0,0.0,0.0,0.0,0.0,399.04052530313606,3244.3305471521253,223.38629570203383,-800.3104463428476,113.69216757732602,-27.635681413855195,22.57284607788625,1751.357503871889,2638.9970861612933,100.0,705.9524157196836,-161.518305620948,0.0,16.752888178816594,0.0,0.0,0.0,0.0,0.0,0.0,0.0,0.0
-1910.0767233145261,-3298.2863012081784,904.5876738980378,-115.04597897916256,99.28267329158643,-68.28323116101842,-532.7990608856969,-3299.566963004196,100.0,-190.98248957658882,-107.22450634266579,0.0,81.47208647642962,-1768.287274216956,-2557.1361640827854,267.61501463406796,496.47079583214236,165.88241998080775,19.156872739775963,81.48582986948628,0.0,0.0,0.0,0.0,0.0,0.0,0.0,428.2436461004551,3299.566963004196,209.11098418225905,-641.4870316912612,107.22450634267943,-29.42856329897353,21.391843891888065,1752.1676091826025,2557.1361640827854,100.0,-155.90739797659694,-165.88241998080775,0.0,20.174611344171485,0.0,0.0,0.0,0.0,0.0,0.0,0.0,0.0
-1856.4339324168802,-3327.9873022083507,867.9072978270865,-1645.9505373263028,-846.5059720704994,-78.22432202277241,-510.4616427048311,-3351.5272910923045,100.0,825.476372634252,-100.58953589640396,0.0,86.09343267153693,-1772.9852355836601,-2473.157616198801,276.5357596651095,-1230.3557547431308,169.98769745850495,16.5029849639879,76.05245227304562,0.0,0.0,0.0,0.0,0.0,0.0,0.0,525.0114891723224,3351.5272910923036,193.99534860546402,788.111604508502,100.58953589639032,-30.994799536176316,14.65031989139388,1683.0123599110339,2473.1576161988014,100.0,-145.9251724943408,-169.98769745849813,0.0,20.36971935603834,0.0,0.0,0.0,0.0,0.0,0.0,0.0,0.0
-1890.3424782780799,-3435.1491476939173,826.5882175652725,69.62066651112877,-60.259598052857655,-86.81099106271802,-754.534167695798,-3400.130454414352,100.0,410.87253519008414,-93.79760920463241,0.0,97.24179036985758,-1751.2613825260983,-2387.1924795746045,284.0969051390332,1405.207425009977,173.8277323288844,13.721998570386233,70.31489120173873,0.0,0.0,0.0,0.0,0.0,0.0,0.0,713.7454389148392,3400.130454414352,178.15580284425337,195.5625174911421,93.79760920462559,-32.32232767366838,13.786385208260654,1676.2745657287414,2387.1924795746045,100.0,-265.70789949863865,-173.8277323288844,0.0,25.975369399402815,0.0,0.0,0.0,0.0,0.0,0.0,0.0,0.0
-1918.7618936406557,-3370.6208017127274,781.3458559186463,-809.7895193376974,191.05083175428035,-93.89456365355784,-913.0636821292729,-3445.3006143657835,100.0,-809.2525252044362,-86.85932414219678,0.0,82.56622591547209,-1566.3827377615144,-2299.3748910761233,290.2402184911896,-405.03364913548694,177.39653274139073,10.835331473823828,66.32489734702885,0.0,0.0,0.0,0.0,0.0,0.0,0.0,764.79198646994,3445.3006143657826,161.71433600407977,66.734586901012,86.85932414218996,-33.400923682767285,10.654151623386216,1628.196587871678,2299.3748910761237,100.0,-32.75085132806794,-177.39653274139073,0.0,31.729533077477576,0.0,0.0,0.0,0.0,0.0,0.0,0.0,0.0
-1892.6633192000543,-3448.7438017248637,732.9635656897526,-601.3417263316921,-229.6547989726173,-99.35239066206918,-809.2854444996516,-3486.967289075373,100.0,930.1299900456996,-79.78550695620697,0.0,100.0,-1551.5368348248414,-2209.8418780676693,294.9183866665429,-327.8370059865472,180.6885300699696,7.86521549471729,69.26548808138429,0.0,0.0,0.0,0.0,0.0,0.0,0.0,830.45722680637,3486.967289075373,144.79757291764875,-866.9182107958727,79.78550695620697,-34.22228069885179,10.758343603844008,1565.3394037181702,2209.8418780676693,100.0,379.3407815608555,-180.6885300699696,0.0,41.66364811117899,0.0,0.0,0.0,0.0,0.0,0.0,0.0,0.0
-2020.5571947628011,-3436.0757731592385,682.2790662474496,-765.4480284651743,1673.7239444562624,-103.08997206816514,-945.717336752908,-3525.0654633825734,100.0,1669.051593679759,-72.58719537320076,0.0,99.12855524059486,-1521.4791205880556,-2118.733144599443,298.09538050368474,450.40752004857836,183.69858760197303,4.834525139499419,44.36891158838026,0.0,0.0,0.0,0.0,0.0,0.0,0.0,921.8699376346462,3525.065463382573,127.53579893702654,48.703112836464584,72.58719537319394,-34.78007299712395,11.129965733714794,1516.3467886328506,2118.733144599443,100.0,-503.84879252141786,-183.6985876019662,0.0,52.03799626811509,0.0,0.0,0.0,0.0,0.0,0.0,0.0,0.0
-2054.5587318579214,-3524.5404901896427,630.1699387620962,-709.1193945458883,-365.9804822546175,-105.04259319381504,-980.0517432137386,-3559.5356902847993,100.0,124.27766079423066,-65.2756213762018,0.0,100.0,-1482.9464821036518,-2026.1908534184058,299.7467322153399,-316.2704730237249,186.42200855333385,1.7666014313840606,53.387971654736965,0.0,0.0,0.0,0.0,0.0,0.0,0.0,975.6190217803617,3559.5356902848,110.06195653405962,-975.9764793687214,65.27562137619498,-35.07000471046425,5.691667630207299,1536.9028339165002,2026.1908534184063,100.0,-233.3715660844166,-186.42200855332703,0.0,48.79588343055784,0.0,0.0,0.0,0.0,0.0,0.0,0.0,0.0
-2016.6435128942296,-3478.347909808191,577.5384312501108,-892.2123404551792,-571.1824601500689,-105.17644521080399,-1108.7366757771306,-3590.3241836963653,107.48937856315516,358.5636754611744,-57.86219367875901,35.08984291435645,86.99002573081455,-1380.7165026578778,-1932.3594041427373,299.8597238283336,164.66185917860798,188.8545433972604,-1.314927851761638,48.70314681802584,0.0,0.0,0.0,0.0,0.0,0.0,0.0,1116.067675849267,3590.3241836963653,100.0,1365.9781642330518,57.86219367875901,0.0,6.472739943919508,1446.7427300685695,1932.3594041427373,100.0,44.885954748320955,-188.85454339725356,0.0,50.66838674618172,0.0,0.0,0.0,0.0,0.0,0.0,0.0,0.0
-1995.2191412635573,-3471.480570845224,525.2958365222806,-465.8022374132338,-721.0215591955262,-103.48921052678122,-1111.8269250946253,-3617.382902374331,124.98303381240636,894.6912404022294,-50.35847992327945,34.83943482380546,94.6942110303993,-1296.1395869567816,-1837.3852079459116,298.4334851317392,-236.485496743843,190.99239649501897,-4.3863301480107,44.26340798905567,0.0,0.0,0.0,0.0,0.0,0.0,0.0,1155.7280791045707,3617.3829023743315,100.0,1784.3907744087426,50.358479923265804,0.0,7.234505374742423,1384.0796756584225,1837.3852079459118,100.0,848.5602134652129,-190.99239649501897,0.0,60.21628234580135,0.0,0.0,0.0,0.0,0.0,0.0,0.0,0.0
-1984.0613617210101,-3545.6632471970042,474.3467135251926,-1230.5502890756054,-2454.494605042148,-100.01010291331625,-1250.9900163947102,-3640.669624880311,142.2842808959057,307.3908928082983,-42.77618863119187,34.320708970065965,97.27596754457608,-1304.3375764783902,-1741.4164591020512,295.4790003788544,-282.22481538967486,192.83223201868168,-7.423950888966715,39.27204101518776,0.0,0.0,0.0,0.0,0.0,0.0,0.0,1305.110997969035,3640.669624880311,100.0,-403.8667602116175,42.77618863119187,0.0,0.7947456403844644,1243.59109835894,1741.4164591020515,100.0,314.9543440638581,-192.83223201868168,0.0,58.76317825816569,0.0,0.0,0.0,0.0,0.0,0.0,0.0,0.0
-2006.6321405355666,-3429.3233735438434,425.5732252767435,-939.1828959838904,2035.3498295857457,-94.79936168150232,-1338.7584988438593,-3660.1480154612605,159.2598733376023,-82.57407897304347,-35.1271509334606,33.53766034792372,96.62327219208674,-1214.5223313244342,-1644.6029037489786,291.0190236913887,-148.31602045863974,194.37117915573367,-10.404395676675051,32.84360771595469,0.0,0.0,0.0,0.0,0.0,0.0,0.0,1263.4771614922906,3660.14801546126,100.0,256.8576213232359,35.12715093345378,0.0,6.9801055054184395,1203.8898540408986,1644.6029037489789,100.0,-628.9512607400479,-194.37117915573367,0.0,63.01314565857039,0.0,0.0,0.0,0.0,0.0,0.0,0.0,0.0
-1930.5336288363198,-3449.4053870334055,379.8198645778981,581.5749953047441,429.81672015919,-87.94720866328021,-1457.9336437623015,-3675.7876807464663,175.77907270801674,372.40912025185935,-27.423302109743872,32.4963196480671,86.04916875086276,-1205.1646847252443,-1547.0956062298023,285.08790381738373,590.7963568095056,195.60683658941116,-13.304710456841917,32.734980405416636,0.0,0.0,0.0,0.0,0.0,0.0,0.0,1319.992249641912,3675.7876807464663,100.0,-861.3914705071932,27.423302109743872,0.0,5.531655845988189,1142.2759873255307,1547.0956062298028,100.0,-1316.072016469385,-195.60683658940775,0.0,70.40320342979084,0.0,0.0,0.0,0.0,0.0,0.0,0.0,0.0
-1823.2039933057574,-3446.8133897133293,337.87883196869836,-1655.5173223664508,-1659.8654104303569,-79.57228605753755,-1422.6999559908645,-3687.5642171722534,191.71465551322063,480.0097349918292,-19.67666296493462,31.20470681135771,93.51055738740958,-1033.2046073132456,-1449.046713377621,277.7313195924998,134.1503516450132,196.53727624466114,-16.102558300679846,21.248952396966835,0.0,0.0,0.0,0.0,0.0,0.0,0.0,1457.2647042933177,3687.564217172253,100.0,657.7717871245886,19.6766629649278,0.0,10.077830049797392,1035.7570231522081,1449.0467133776215,100.0,406.67532947077916,-196.53727624465773,0.0,73.95176357651589,0.0,0.0,0.0,0.0,0.0,0.0,0.0,0.0
-1785.6684533307946,-3452.0467100932506,300.4763191031655,-321.0280601429679,-839.1569324312809,-69.81960218958847,-1445.5184340309524,-3695.4592490604145,206.94389301335116,133.96994852041644,-11.899321072407929,29.672769262868428,88.22146824409717,-999.487206353687,-1350.6092171111486,269.0059281420297,-980.375754841898,197.16104629749225,-18.77639143398028,14.584156626413922,0.0,0.0,0.0,0.0,0.0,0.0,0.0,1571.7569274008642,3695.4592490604145,100.0,2837.4141299226167,11.899321072407929,0.0,21.107470997767045,1043.7129900436596,1350.6092171111488,100.0,-32.68174432528781,-197.16104629748884,0.0,78.31543432384231,0.0,0.0,0.0,0.0,0.0,0.0,0.0,0.0
-1718.5940129854562,-3308.982276105812,268.259935040796,129.06022489180032,-592.1664575250975,-58.85802075181289,-1586.7252895669067,-3699.4604572909493,221.34949642454012,-202.7528561032807,-4.103411912992669,27.912305301234284,76.33245558725503,-994.2940843317775,-1251.9367157117115,258.97892853303085,430.9569065284728,197.47717343981435,-21.305617188439214,29.643828712682165,0.0,0.0,0.0,0.0,0.0,0.0,0.0,1565.5152901691329,3699.4604572909493,100.0,-1271.4544958606155,4.103411912992669,0.0,19.26832148190521,964.6662704629434,1251.936715711712,100.0,-1605.598846145814,-197.47717343981094,0.0,79.4137271194765,0.0,0.0,0.0,0.0,0.0,0.0,0.0,0.0
-1693.7379484686744,-3291.8996091717936,241.78749316322217,-1206.4262385853215,-963.5712297819373,-46.877336998641965,-1605.4958167257048,-3699.5615985243717,234.8205202247298,936.5996684034053,3.698900060817323,25.936873233433744,75.96887004662244,-846.5551767964816,-1153.1831741540652,247.72754423713022,348.2594613063185,197.48516439835498,-23.670756597165763,8.140737942866245,0.0,0.0,0.0,0.0,0.0,0.0,0.0,1541.21307954971,3699.5615985243717,100.0,965.573865914132,-3.698900060817323,0.0,18.4319107165408,887.8341113506516,1153.1831741540655,100.0,10.882812690591663,-197.4851643983584,0.0,87.6888078003812,0.0,0.0,0.0,0.0,0.0,0.0,0.0,0.0
-1564.6119947452999,-3224.7589086697362,221.51735286593424,-130.7450760655354,-207.3400763727227,-34.084991520105916,-1601.419323133406,-3695.762514943587,247.253216606522,878.1032030303311,11.49544040578121,23.761686954768777,70.95225671896499,-769.9193988136659,-1054.5026838650915,235.3384283898431,-579.3520877646108,197.18500670432036,-25.853594413021455,19.12578287823714,0.0,0.0,0.0,0.0,0.0,0.0,0.0,1613.604959868958,3695.762514943587,100.0,14.757501684032377,-11.49544040578121,0.0,21.85075135556685,804.4156302479214,1054.502683865092,100.0,-1455.7168655346698,-197.18500670432036,0.0,93.37831621579136,0.0,0.0,0.0,0.0,0.0,0.0,0.0,0.0
-1574.8232702016892,-3062.604559365896,207.80048325469897,-2518.320156101203,366.1371706063301,-20.702478493719525,-1608.8813440758727,-3688.0691345001455,258.55183449644255,1234.4379075281734,19.274043684531534,21.403498778238372,57.66028405297065,-637.5243400842076,-956.049222285118,221.90699642683632,463.32099030505617,196.5771687128307,-27.837319394288755,9.51457791064586,0.0,0.0,0.0,0.0,0.0,0.0,0.0,1631.0338061382035,3688.0691345001455,100.0,619.596287705391,-19.274043684531534,0.0,24.99001034924384,758.260924329132,956.0492222851183,100.0,-1287.3669609688632,-196.5771687128307,0.0,89.74797548473998,0.0,0.0,0.0,0.0,0.0,0.0,0.0,0.0
-1521.3918204270556,-3195.0995810220024,200.87438626047162,692.485446075342,135.4051598644901,-6.961510604293153,-1678.948354916593,-3676.493461664483,268.62935698693536,662.2461150325398,27.022572448006486,18.880470415701325,60.95694823912007,-584.9854236198204,-857.9764126071643,207.53669123686439,-306.5274487382055,195.66259887213505,-29.60665377733875,8.411006364671259,0.0,0.0,0.0,0.0,0.0,0.0,0.0,1670.920076376325,3676.493461664483,100.0,-1.1729993063056554,-27.022572448006486,0.0,48.52430011203657,528.1683953386794,857.9764126071645,100.0,497.5798693156099,-195.66259887213505,0.0,86.06719166723896,0.0,0.0,0.0,0.0,0.0,0.0,0.0,0.0
-1339.1970653006533,-2950.2318079221377,200.85898439157546,291.0560458022576,138.49806970339841,6.899992965485922,-1733.4731787614996,-3661.0535586945816,277.4081715017103,-286.7137328288186,34.728936174369665,16.212033104496584,70.39875942385098,-531.4875645276162,-760.4372840688876,192.33818649085399,809.9746193819652,194.44272424364385,-31.147970939185825,0.0,0.0,0.0,0.0,0.0,0.0,0.0,0.0,1773.3527220851704,3661.0535586945816,100.0,-435.1186623790886,-34.72893617435602,0.0,41.093717195376676,509.1012523187587,760.437284068888,100.0,-329.87136470853386,-194.44272424364385,0.0,97.22164142792397,0.0,0.0,0.0,0.0,0.0,0.0,0.0,0.0
-1261.0220002305039,-2941.9009396734377,207.75454432500788,1033.3266045693097,215.19617608381168,20.642026007418224,-1768.9758024433336,-3641.7735174522804,284.8206675331345,-542.073219478574,42.381110134519986,13.418737956723703,56.33879767923684,-439.97528429986374,-663.5840331713488,176.428534282731,58.325052186356174,192.91944827539908,-32.44940034358876,7.476926239234487,0.0,0.0,0.0,0.0,0.0,0.0,0.0,1809.9783203717625,3641.7735174522804,100.0,-586.6599662208318,-42.381110134519986,0.0,43.10796124150418,510.6415799226833,663.5840331713468,100.0,315.20594817102733,-192.91944827539908,0.0,88.9142123527006,0.0,0.0,0.0,0.0,0.0,0.0,0.0,0.0
-1144.178206712376,-2698.9824114254943,221.44167228903905,3698.615341184716,-25.20038688885279,34.02665089613379,-1836.4654295254945,-3618.6834218112153,290.8097573481584,-1972.827135268044,49.967154155112894,10.522097683760308,52.964073736917136,-399.7683263735074,-567.5677861971367,159.9302636464825,963.1816864253531,191.0951478314712,-33.500918962661075,2.8650299000692283,0.0,0.0,0.0,0.0,0.0,0.0,0.0,1689.8657430645912,3618.6834218112153,100.0,-173.7747062831579,-49.96715415510607,0.0,49.554588482356834,302.10979655361024,567.5677861971369,100.0,41.171699279251186,-191.0951478314729,0.0,97.44519819918153,0.0,0.0,0.0,0.0,0.0,0.0,0.0,0.0
-1098.9875203219228,-2732.7141237163664,241.68338131704803,-157.43191439561656,875.9638993929366,46.82211838080889,-1723.0371768501464,-3591.819300715035,295.329315652533,726.5423598752159,57.47523124958434,7.544420914973671,44.15061383100722,-214.0947722294446,-472.53836339842553,142.9704368922765,481.73004882050634,188.97266948404308,-34.294428469759026,0.0,0.0,0.0,0.0,0.0,0.0,0.0,0.0,1811.7731253668542,3591.8193007150353,100.0,896.6672467391038,-57.47523124958434,0.0,51.10863767480589,238.6887584209186,472.5383633984279,100.0,141.49569864951445,-188.97266948404138,0.0,88.72545724381561,0.0,0.0,0.0,0.0,0.0,0.0,0.0,0.0
-937.1209898097845,-2549.215747642519,268.1291945789525,769.9596200957751,1221.757814328489,58.80688022766719,-1773.560978927161,-3561.223071959153,298.3445348272203,50.63114927819811,64.8936260880646,4.508640386618197,31.800137439271705,-106.86156648655404,-378.644045222914,125.67967102931017,530.6095901516333,186.555325070737,-34.82381760912368,9.259629908928362,0.0,0.0,0.0,0.0,0.0,0.0,0.0,1791.358126460587,3561.2230719591535,100.0,535.2527355192262,-64.8936260880646,0.0,74.50792001200948,156.8013627418242,378.6440452229143,100.0,1459.6891322558972,-186.5553250707677,0.0,98.95221170348454,0.0,0.0,0.0,0.0,0.0,0.0,0.0,0.0
-838.6240102770244,-2510.344409677329,300.32121374274016,-331.45137196089024,-1521.7576169338918,69.77342523619228,-1803.113071133424,-3526.942476783748,299.8321930011257,827.5624867093563,72.21076327764877,1.4381363241500367,38.48472502163537,-3.0152447190085567,-286.0313409424168,108.19113181195597,-270.7089597258291,183.84688652783268,-35.08500926211788,11.022428419263523,0.0,0.0,0.0,0.0,0.0,0.0,0.0,1764.7927000648929,3526.942476783748,100.0,-924.2886239384609,-72.21076327765559,0.0,68.62034389764564,55.29137342169207,286.03134094241705,100.0,457.6945489453054,-183.84688652783268,0.0,94.83977504321957,0.0,0.0,0.0,0.0,0.0,0.0,0.0,0.0
-758.5305801518405,-2390.2390414036827,337.7020472949342,-936.2108571616699,556.4507635298878,79.5318722097582,-1888.0192367689497,-3489.0310053800713,299.7808328955755,-449.21734212519027,79.41522542414987,-1.6434436218261794,25.96645137792005,37.22035033740167,-194.84476004514738,100.0,1218.8839342324002,180.85158000398394,0.0,0.0,0.0,0.0,0.0,0.0,0.0,0.0,0.0,1757.7788349118955,3489.0310053800717,100.0,691.735773611814,-79.41522542414987,0.0,74.90102049319195,-23.268598003349712,194.8447600451475,109.36049184338908,-268.97053751705437,-180.85158000395495,35.07599184729642,96.61742921921184,0.0,0.0,0.0,0.0,0.0,0.0,0.0,0.0
-583.1731777712653,-2310.3235152390207,379.6244615443926,-665.6764473589107,1754.5617240108595,87.91325767017725,-1823.7178479089926,-3447.5478134263017,298.19085006315834,-2674.018837717715,86.49577094742881,-4.712366499203426,24.219401052203093,149.12587911215658,-105.22658674835725,100.0,-313.0871548883488,177.57407926641577,0.0,10.929310923683015,0.0,0.0,0.0,0.0,0.0,0.0,0.0,1803.6636733879461,3447.547813426301,100.0,-673.2063403924337,-86.49577094742199,0.0,79.98613829351935,-145.72341161858998,105.22658674835748,126.8400251721694,1456.3477802363336,-177.57407926644646,34.79683481276034,85.50320158955701,0.0,0.0,0.0,0.0,0.0,0.0,0.0,0.0
-414.07943560952396,-2160.8601920293418,425.3625872063018,-1478.7730950058562,-456.629823041128,94.77246139053221,-1752.22210465155,-3402.557629783182,295.0744898413566,-1300.061625016491,93.44135162233442,-7.744996834961455,18.56847146405003,229.86523734884094,-17.316657983257755,100.0,-518.721390665284,174.01949840782095,0.0,14.528088129614304,0.0,0.0,0.0,0.0,0.0,0.0,0.0,1784.8747049289334,3402.557629783182,100.0,430.93711399414815,-93.44135162234124,0.0,82.27224368541447,-301.2214505093763,17.316657983256164,144.11284861731858,627.2902790811576,-174.01949840781754,34.24968810129769,86.38796552710504,0.0,0.0,0.0,0.0,0.0,0.0,0.0,0.0
-309.5295122614112,-2115.02504563305,474.1244875289918,-476.36087357440687,290.07076439184743,99.99071909185716,-1771.1838433246471,-3354.1306554934663,290.45575304442684,865.8257825274222,100.24112981789358,-10.717978665015266,29.573243617722895,406.003747332122,68.74785480145306,100.0,-931.8321066889725,170.19338386648883,0.0,13.82861938110813,0.0,0.0,0.0,0.0,0.0,0.0,0.0,1747.911731546325,3354.1306554934663,100.0,-96.14577895020034,-100.24112981788676,0.0,79.55615194377587,-293.8505939025162,-68.74785480145283,161.04593460895077,-1497.307530454183,-170.19338386649224,33.43876559243242,79.22286329385528,0.0,0.0,0.0,0.0,0.0,0.0,0.0,0.0
-121.76030771723802,-1896.0907037415511,525.0658703516425,867.4882463166074,-782.4911948192732,103.47767879773585,-1759.28169335811,-3302.342454242768,284.37021111985086,72.5331998161721,106.8844954081078,-13.608415411436283,20.067881652137107,379.85620230650323,152.83265967690681,100.0,-223.48771766851712,166.10170577230406,0.0,18.526938233392244,0.0,0.0,0.0,0.0,0.0,0.0,0.0,1722.9028577921579,3302.3424542427683,100.0,-369.24724117479855,-106.88449540812144,0.0,82.2050947957352,-488.41704162085693,-152.8326596769066,177.50887208327592,1041.6059350270284,-166.10170577230406,32.37031264907955,74.03536350103462,0.0,0.0,0.0,0.0,0.0,0.0,0.0,0.0
-155.0789266580278,-1795.2744234200482,577.3047066742841,2589.0153537725478,-223.3464102703249,105.17296524130359,-1685.989317957653,-3247.273834452737,276.86473219293714,825.7222041719388,113.36108232741253,-16.394046221648182,8.25799024361017,596.6809168420268,234.80655377830885,100.0,244.12464629713213,161.7508486304314,0.0,23.676780881643722,0.0,0.0,0.0,0.0,0.0,0.0,0.0,1720.3909193930263,3247.273834452737,100.0,-602.8761021260141,-113.36108232740571,0.0,87.41109779815405,-510.5217399678551,-234.80655377830863,193.37487085035573,148.15424619468502,-161.75084863045868,31.05255801849836,70.36653937295964,0.0,0.0,0.0,0.0,0.0,0.0,0.0,0.0
108.03784906492227,-1717.3542310447544,629.9365026255606,592.1215327069455,619.7831467192884,105.0472252380672,-1668.6905171728647,-3189.010723190553,267.99712010945825,2222.894527073603,119.66078474564256,-19.053417411572013,10.13308616460806,742.4941139094246,314.54162802908513,100.0,387.3713600208981,157.14760135991014,0.0,27.189053362438635,0.0,0.0,0.0,0.0,0.0,0.0,0.0,1728.8180217859037,3189.0107231905536,100.0,-726.8895199330086,-119.6607847456562,0.0,82.56045478329341,-659.0264293918771,-314.54162802908695,208.52173807550372,-1315.0684047567238,-157.14760135991014,29.495650458163567,74.20863766975778,0.0,0.0,0.0,0.0,0.0,0.0,0.0,0.0
118.18599016854854,-1524.2416054182165,682.0499604004781,402.829404253805,71.10606213789538,103.10263592424349,-1639.8961339391803,-3127.644032091452,257.8356692562527,124.92404539634094,125.7737728367465,-21.566047692321035,14.33592834915283,688.4455771589577,391.9134667255646,100.0,-506.43448554092004,152.29914669987124,0.0,39.49123275153096,0.0,0.0,0.0,0.0,0.0,0.0,0.0,1685.4829305365097,3127.644032091453,100.0,-138.09339753588915,-125.77377283671922,0.0,97.72686735715857,-682.9785032866198,-391.9134667255644,222.8328193539121,-65.8615115928086,-152.29914669987124,27.711580574588197,70.31870533460804,0.0,0.0,0.0,0.0,0.0,0.0,0.0,0.0
396.4924054450688,-1368.4490792113284,732.7427570054424,-531.1879554591749,630.7266741805665,99.37286706052078,-1591.7968903487879,-3063.269515503531,246.45863858836685,667.0908434613341,131.69050811691932,-23.912585907948056,0.0,778.6813216280236,466.8013416706972,100.0,177.21343385366765,147.21305000240818,0.0,27.636894207355354,0.0,0.0,0.0,0.0,0.0,0.0,0.0,1649.4617269832313,3063.2695155035312,100.0,760.9459984252044,-131.69050811692614,0.0,94.66674273672126,-755.1338446987805,-466.80134167069536,236.19789713076383,-985.0358009428271,-147.21305000243547,25.71408847702699,58.19679461132375,0.0,0.0,0.0,0.0,0.0,0.0,0.0,0.0
512.2682094470927,-1208.5303996329633,781.1371676081526,-976.1657594478811,750.7286464720175,93.92249805404958,-1658.195584276258,-2995.9876210761463,233.95364891354328,770.2439204971063,137.40175832812156,-26.074960069386037,0.0,909.0451464910897,539.0884005539351,100.0,-301.4293738088219,141.89724742732324,0.0,46.40539900862831,0.0,0.0,0.0,0.0,0.0,0.0,0.0,1576.0370690974278,2995.9876210761468,100.0,944.0122484070332,-137.40175832810792,0.0,96.17814852410315,-851.3221608737773,-539.0884005539347,248.51403954760363,-1505.7666736700385,-141.8972474273403,23.51855795727431,55.75236340573589,0.0,0.0,0.0,0.0,0.0,0.0,0.0,0.0
631.5167871843549,-1149.2827671299094,826.395262980483,-606.2514183393586,-681.1996733793012,86.84589979261261,-1473.710815381827,-2925.9033330250686,220.41700807590348,-217.5498739986108,142.89861184362962,-28.036516536833176,12.629112314568179,1019.4039992055166,608.6618492833204,100.0,1122.099382530767,136.36003355924686,0.0,55.235252990614896,0.0,0.0,0.0,0.0,0.0,0.0,0.0,1487.0140130052303,2925.9033330250686,100.0,-298.54991428846915,-142.89861184364327,0.0,87.42079886055195,-949.5992162051566,-608.6618492833202,259.6863931775272,-1394.99542899243,-136.36003355924686,21.14189801057563,49.92786372871767,0.0,0.0,0.0,0.0,0.0,0.0,0.0,0.0
710.9034909802331,-846.0077244146671,867.7334178969284,1442.9519202044976,1910.2674856902013,78.26560065182832,-1506.473077680049,-2853.12600831894,205.9529692359551,903.9824424139033,148.1724915735981,-29.78214827866765,8.83058181328461,1022.0860449915018,675.413127985267,100.0,39.64620620239771,130.61004846483797,0.0,52.319351474728165,0.0,0.0,0.0,0.0,0.0,0.0,0.0,1413.184035222512,2853.1260083189413,100.0,193.49045289910464,-148.17249157360493,0.0,97.09625251788523,-1004.8972009447342,-675.4131279852668,269.6289135439025,-82.63953143188871,-130.61004846484138,18.602412610121632,53.177809237395635,0.0,0.0,0.0,0.0,0.0,0.0,0.0,0.0
845.3203457156479,-784.3857490655218,904.4358792816727,-247.50670292234133,88.3330121647964,68.3301649668283,-1388.1312657553672,-2777.7692060426393,190.67292795932315,-1981.2064098660585,153.2151683482948,-31.298411219034108,10.03736582888402,1006.9564112485021,739.2380803974481,100.0,-392.6437361244473,124.65626421126558,0.0,61.84625215629321,0.0,0.0,0.0,0.0,0.0,0.0,0.0,1463.6305177887402,2777.7692060426393,100.0,-1166.1138205823022,-153.21516834830163,0.0,100.0,-1099.7984300264993,-739.2380803974479,278.26502779649013,373.1576474737267,-124.65626421129286,15.919659737996312,36.642079389875754,0.0,0.0,0.0,0.0,0.0,0.0,0.0,0.0
979.3673770823339,-632.9254618811461,935.8671591774211,-65.80078405666711,1231.692449458335,57.2116207022475,-1410.8958129403711,-2699.950510203833,174.69456429786743,-901.3266657902761,158.01877375868116,-32.573627778135545,0.0,1111.1696461790143,800.0371163904088,100.0,-103.89747983090615,118.50797086650346,0.0,61.61461346483875,0.0,0.0,0.0,0.0,0.0,0.0,0.0,1298.0915536836808,2699.950510203833,100.0,865.7233350132992,-158.01877375868116,0.0,98.39523284991931,-1118.2640351648727,-800.0371163904085,285.5282244413279,-498.92028536911766,-118.50797086650005,13.114300758363129,39.13031124336075,0.0,0.0,0.0,0.0,0.0,0.0,0.0,0.0
1068.3705654160894,-546.1293095340118,961.4830379568667,-134.5197333027295,-21.54666674138241,45.10248085902276,-1346.8966554229285,-2619.7913462591623,158.14093647049322,934.1728134022901,162.57581243405184,-33.59797680771294,10.092622094266874,1271.3826536323274,857.715367364397,100.0,-570.4160088986305,112.17476200343981,0.0,69.07328233840373,0.0,0.0,0.0,0.0,0.0,0.0,0.0,1305.2254525888711,2619.7913462591628,100.0,-1442.3190438879033,-162.57581243405184,0.0,91.55112596924361,-1222.162239464346,-857.7153673643966,291.3625655825456,977.801002030966,-112.17476200339206,10.207941292842406,37.613879034644086,0.0,0.0,0.0,0.0,0.0,0.0,0.0,0.0
1176.5328781097235,-403.8399605330999,980.8399872607195,-1348.3723174226463,-1007.6615887812661,32.21241019129479,-1272.7856091821486,-2537.4167916464085,141.13953312372482,682.8711787914801,166.8791737372112,-34.363569229136885,7.0554741431419625,1339.196031597522,912.1828342788481,100.0,959.1703496145578,105.66651973025046,0.0,70.19022225649151,0.0,0.0,0.0,0.0,0.0,0.0,0.0,1226.5720238254435,2537.4167916464085,100.0,320.42709859981187,-166.8791737372112,0.0,89.95385351571747,-1281.2688945919972,-912.1828342788467,295.72311773104866,-997.4020113867505,-105.66651973025046,7.22296482367625,27.72711778653918,0.0,0.0,0.0,0.0,0.0,0.0,0.0,0.0
1228.4779830016626,-330.3143513126978,993.6028495080307,-2053.4911683259043,929.7563852638178,18.764594947871274,-1094.016188058171,-2452.955380618195,123.82129147110179,926.1537494639254,170.9221428600381,-34.86450879159051,15.129935360154946,1400.89665476012,963.3545280836229,100.0,131.49552329430094,98.99339927099163,0.0,78.61446173692157,0.0,0.0,0.0,0.0,0.0,0.0,0.0,1177.8166965842047,2452.9553806181952,100.0,-689.6155093592893,-170.92214286004491,0.0,92.5012580874582,-1413.9622047696673,-963.3545280836224,298.57629786217893,131.10860735432084,-98.99339927098481,4.182360306151054,30.99228663855475,0.0,0.0,0.0,0.0,0.0,0.0,0.0,0.0
1332.63277311525,-91.71977027739509,999.5506410112562,644.6446639111934,1129.08525714679,4.991878494475941,-1085.3216025177937,-2366.5389036818374,106.31958887325463,1215.00768139162,174.69841130100804,-35.09693748235918,15.157441737342719,1437.714746491455,1011.1506023328161,100.0,-207.63283575844298,92.1658131196591,0.0,77.66957774258076,0.0,0.0,0.0,0.0,0.0,0.0,0.0,1064.9088288069179,2366.538903681838,100.0,-509.14348724479737,-174.69841130101486,0.0,84.82142937032218,-1446.260322045163,-1011.1506023328175,299.9001320571676,-759.3433112103025,-92.16581311964546,1.1095451179357951,21.450428520666993,0.0,0.0,0.0,0.0,0.0,0.0,0.0,0.0
1478.195686592107,100.6549653788209,998.5803782175169,-1761.8296683914127,262.1626954184126,-8.867270272931478,-1119.8235604650226,-2278.302201958236,100.0,58.663730372189775,178.2020867084043,0.0,18.998482669080488,1551.6673113917072,1055.4964777742439,100.0,-183.56620708197852,85.19441479280886,0.0,79.46591259844655,0.0,0.0,0.0,0.0,0.0,0.0,0.0,946.843673268309,2278.302201958236,111.2307843749446,372.88310272488957,-178.2020867084043,35.05906523949953,77.30788337354684,-1506.3177769735344,-1055.4964777742439,299.6844247364413,-1366.049223927439,-85.19441479277475,-1.9718152911099196,19.08647899983896,0.0,0.0,0.0,0.0,0.0,0.0,0.0,0.0
1538.2017211545017,278.62903370149627,990.7088608262765,-300.1907843768561,-261.39483058942926,-22.572885918586962,-884.3315886040422,-2188.3829567807043,100.0,900.5744178777775,181.42770207474996,0.0,21.786605733777925,1568.6422624564798,1096.3229587201868,100.0,617.9519927427668,78.09008220625401,0.0,85.02937449427033,0.0,0.0,0.0,0.0,0.0,0.0,0.0,874.178077524292,2188.3829567807047,128.69466313901654,567.643483213547,-181.42770207475678,34.751183738096714,84.64005374040583,-1558.959021812518,-1096.3229587201854,297.93083718142145,-1268.6466348630427,-78.09008220626765,-5.037989659655011,14.374203784998656,0.0,0.0,0.0,0.0,0.0,0.0,0.0,0.0
1666.4647710295965,334.32688075458225,976.0723809094839,-1546.6145923288116,141.82476950850912,-35.88766136928484,-815.1984759953791,-2096.9214748620357,100.0,291.2118106676144,184.370224267509,0.0,33.66239553415393,1550.5542530720984,1133.566341017823,100.0,300.1884009428602,70.86390070167681,0.0,90.83875406265784,0.0,0.0,0.0,0.0,0.0,0.0,0.0,796.7946000811027,2096.921474862036,145.93754842635911,382.637695877433,-184.37022426750218,34.17566414393434,78.0590997447372,-1585.3882328886111,-1133.5663410178236,294.6528747400765,-745.2826823009445,-70.86390070168363,-8.065363682460145,5.726239659356845,0.0,0.0,0.0,0.0,0.0,0.0,0.0,0.0
1708.3429042910436,546.8142301359292,954.9243630706507,-1585.5256801287749,298.44544891726684,-48.5810567883766,-777.5249303351115,-2004.0604693650296,100.0,901.0110153695325,187.0250618822365,0.0,37.873499512037185,1626.4925679552964,1167.1685114508618,100.0,732.715658441108,63.52714574928086,0.0,92.65164519358916,0.0,0.0,0.0,0.0,0.0,0.0,0.0,797.2230019143133,2004.0604693650298,162.82664323740335,1038.0504016974696,-187.0250618822365,33.33693885183607,70.61927371943882,-1630.9288226955841,-1167.1685114508623,289.8757828147656,388.47389745212354,-63.52714574927404,-11.030621877222302,8.453047408901112,0.0,0.0,0.0,0.0,0.0,0.0,0.0,0.0
1794.268219533933,716.5634803408957,927.6309765025271,427.1590816988851,1668.5351455968646,-60.43329127774825,-693.8456920131179,-1909.944837218055,100.0,-1348.0352194767977,189.3880724071073,0.0,29.73563042472244,1662.5810464339845,1197.0770384172947,100.0,-1923.3741238238485,56.09126535410951,0.0,95.100288695984,0.0,0.0,0.0,0.0,0.0,0.0,0.0,762.0026094381607,1909.9448372180555,179.23187530878081,254.9948142515882,-189.3880724071107,32.241467349317645,58.19432699667463,-1627.1707155174017,-1197.0770384172947,283.63635243342696,833.7641170415395,-56.09126535410951,-13.910927150000987,4.927730760414435,0.0,0.0,0.0,0.0,0.0,0.0,0.0,0.0
1927.9358712148287,777.1303901771028,894.6647949187947,-739.0758715670017,-609.9317622219849,-71.23914829329408,-580.8322672521803,-1814.721433023184,100.0,557.3483124405988,191.4555686866197,0.0,44.71717563243727,1718.0213100739263,1223.2452537417507,100.0,651.3637824380032,48.567862192885514,0.0,93.97055416541718,0.0,0.0,0.0,0.0,0.0,0.0,0.0,524.0704590580278,1814.7214330231845,195.02689887178707,387.87197982679857,-191.4555686866197,30.897686468500325,48.19295596384937,-1703.4066094127936,-1223.2452537417507,275.98263690151697,-780.9990768807234,-48.567862192899156,-16.684096676296463,4.582740579600768,0.0,0.0,0.0,0.0,0.0,0.0,0.0,0.0
1935.3168590973958,946.0318398882913,856.5966141354288,730.4760175176114,1128.2439633585375,-80.81152888463635,-468.7352322561849,-1718.5388399096196,100.0,-56.365752241370615,193.22432467496924,0.0,46.09228030908138,1784.5446304892314,1245.6323254948165,100.0,903.6952820062118,40.968675509720924,0.0,92.33764914381,0.0,0.0,0.0,0.0,0.0,0.0,0.0,458.3650270458445,1718.53883990962,210.09006771105092,-1100.9331241890336,-193.22432467496924,29.315945409426547,47.35917652122683,-1767.5574773187566,-1245.6323254948175,266.9735817169178,-340.2037607414127,-40.968675509720924,-19.328772743276943,9.33079201844513,0.0,0.0,0.0,0.0,0.0,0.0,0.0,0.0
1975.0888154689796,1103.549394010573,814.0855689769406,372.9895447861338,-1469.4335592533548,-88.98469123611619,-440.0191933878982,-1621.5471376899864,100.0,-202.96795842167285,194.6915804696789,0.0,46.65162606303055,1769.6727428481595,1264.2033217056946,100.0,548.8032556778501,33.30556279850043,0.0,89.4812883215774,0.0,0.0,0.0,0.0,0.0,0.0,0.0,362.271016052959,1621.5471376899868,224.3053720293421,-413.75477653686943,-194.6915804696755,27.50842603511842,42.712110572596174,-1795.6939459367277,-1264.2033217056946,256.6785705980459,779.6016379195032,-33.30556279849361,-21.82458723732921,8.78278695849693,0.0,0.0,0.0,0.0,0.0,0.0,0.0,0.0
1948.0706955984567,1275.470836646124,767.8677206291744,-1352.9930236510813,851.499108763204,-95.61712041795033,-275.646043872468,-1523.8976686812703,100.0,-1165.1892869395847,195.85504661834761,0.0,66.72369787344812,1772.8703063279565,1278.9292648687738,100.0,-34.76997923290355,25.590481301003365,0.0,99.64949853258464,0.0,0.0,0.0,0.0,0.0,0.0,0.0,301.62976722273805,1523.8976686812707,237.563331903204,904.9444093702389,-195.85504661834761,25.48904905233158,39.12714553481669,-1760.7063853979919,-1278.9292648687733,245.17689112144862,1060.666872749905,-25.590481301010186,-24.152318510179782,6.319262847800994,0.0,0.0,0.0,0.0,0.0,0.0,0.0,0.0
2046.0152449614554,1382.6875335816308,718.7433120439342,-446.95003608352636,-888.3732944612177,-100.59397865864696,-298.8305858164625,-1425.7428015557805,100.0,1913.8429228025466,196.71290769090774,0.0,67.52517158783463,1818.7610216823994,1289.7871771590735,100.0,85.62748464751508,17.835469349229243,0.0,93.48469024037583,0.0,0.0,0.0,0.0,0.0,0.0,0.0,262.06421582147277,1425.7428015557807,249.76184044841722,-966.9099271657328,-196.71290769090774,23.273366800470825,34.68858631815757,-1813.4573655304814,-1289.7871771590735,232.55712408430873,193.4844233853596,-17.835469349236064,-26.294039415435577,5.521910133900683,0.0,0.0,0.0,0.0,0.0,0.0,0.0,0.0
1994.9831456255279,1553.6510379341194,667.5629120628545,879.9962162349414,-866.0808245886017,-103.82909371367248,-172.96336232751423,-1327.2356935906264,100.0,-85.6499435977566,197.26382511204065,0.0,58.116977665535764,1838.4521102825677,1296.7601162860065,100.0,-268.2614269352166,10.052627581142133,0.0,90.06435922593158,0.0,0.0,0.0,0.0,0.0,0.0,0.0,122.91488967828198,1327.2356935906266,260.80695020160636,-1452.86911029039,-197.26382511204065,20.878443474419726,26.85107766937328,-1849.764115257169,-1296.7601162860065,218.91646129471778,-451.82392931319214,-10.052627581142133,-28.233255375446618,6.732023051938507,0.0,0.0,0.0,0.0,0.0,0.0,0.0,0.0
1926.7606585170795,1663.925444138461,615.2126881692684,-288.7277148378803,247.096942901768,-105.26645090224577,-54.99137097081423,-1228.5300516866835,100.0,1812.9833061813931,197.50693925028145,0.0,70.53962977321058,1824.059181070664,1299.8372019295089,100.0,-473.684377739919,2.254100059369648,0.0,100.0,0.0,0.0,0.0,0.0,0.0,0.0,0.0,8.886047172968144,1228.5300516866837,270.6135966616342,-1634.9252040025865,-197.50693925028145,18.32272370375449,31.409616728644007,-1833.510859544082,-1299.8372019295089,204.3599570437877,-855.8087793203526,-2.254100059369648,-29.955031415193645,9.46153740807503,0.0,0.0,0.0,0.0,0.0,0.0,0.0,0.0
2092.867863243405,1859.9600389992538,562.5990628643096,-73.80520481218127,-1106.397919008641,-104.88116297845238,16.13303926381046,-1129.7798925299576,100.0,984.7510613053895,197.44187075936225,0.0,75.07435567927068,1868.4747109720788,1299.0136327172959,100.0,1370.831847852362,-5.547944677969099,0.0,85.10698854919664,0.0,0.0,0.0,0.0,0.0,0.0,0.0,-85.89161935913668,1129.7798925299578,279.1062534183889,184.76272292294735,-197.44187075935884,15.625890500436128,17.456917660027326,-1768.5834401033999,-1299.0136327172959,188.999719024432,-329.10410225529404,5.547944677969099,-31.4461071847974,12.154004617022872,0.0,0.0,0.0,0.0,0.0,0.0,0.0,0.0
1942.7616280331158,1998.69301033312,510.63301933573507,-1442.0707764646113,1901.103601983142,-102.67990104353174,205.2244738596147,-1031.1393022695402,100.0,1102.4303902064044,197.06872116967588,0.0,79.91677504944,1792.662287732843,1294.290693716749,100.0,69.96466676654677,-13.34133260464796,0.0,89.40180904270949,0.0,0.0,0.0,0.0,0.0,0.0,0.0,-190.74795370322136,1031.1393022695404,286.21951382345503,47.68795371790134,-197.06872116967247,12.808713669039093,27.547192938580153,-1835.1028500216244,-1294.290693716749,172.95404492799588,1013.337412812075,13.34133260465478,-32.69499908478792,20.720870897131345,0.0,0.0,0.0,0.0,0.0,0.0,0.0,0.0
2003.6331298350606,2079.9733287721497,460.21432816036145,114.01461454084824,-1408.0044758364943,-98.70077903851751,225.02704628717873,-932.762196087217,100.0,1020.2440298391205,196.38807273017733,0.0,87.790635014553,1794.9179556363395,1285.675754429743,100.0,-54.332618079168924,-21.11390320219698,0.0,75.30122667193871,0.0,0.0,0.0,0.0,0.0,0.0,0.0,-202.81381154974582,932.7621960872173,291.8985947228995,935.5592363195169,-196.38807273017903,9.892889846998969,11.175817913759015,-1762.5748993069108,-1285.6757544297434,156.34651136828603,-74.19124514224336,21.11390320219016,-33.69208870766073,15.906567413902872,0.0,0.0,0.0,0.0,0.0,0.0,0.0,0.0
1889.2108417639288,2213.5639545042964,412.21596814820714,765.6778928408335,1740.712358138337,-93.01269381719294,294.259494455964,-834.8020780338264,100.0,668.2257671575778,195.40098749998776,0.0,91.64357075336338,1729.7440485887018,1273.182257293544,100.0,616.2207571568626,-28.853528434749478,0.0,87.14704834130214,0.0,0.0,0.0,0.0,0.0,0.0,0.0,-378.74941661955836,834.8020780338245,296.09975837265057,62.08542341700934,-195.40098750002358,6.90087540680679,10.828428746840789,-1824.2416134799425,-1273.1822572935444,139.30502214969562,1543.2671034887858,28.853528434742657,-34.42969691456909,25.086164991136084,0.0,0.0,0.0,0.0,0.0,0.0,0.0,0.0
1897.842093370742,2372.730348321516,367.4690110750298,332.4797850438904,801.6130899731161,-85.71413222543327,441.6010413974711,-737.4118015071243,100.0,-580.2836441056579,194.10900569088824,0.0,81.4992020445247,1764.5419138276031,1256.829696705719,100.0,926.8163543014646,-36.54813167318707,0.0,73.07168933508589,0.0,0.0,0.0,0.0,0.0,0.0,0.0,-418.612545849611,737.4118015071224,298.79064928706384,10.049294492867205,-194.10900569085584,3.8557135070595905,12.771326703063659,-1762.7982055377213,-1256.8296967057195,121.96082320924181,67.22049430737911,36.54813167319389,-34.902142976625825,22.673525179026505,0.0,0.0,0.0,0.0,0.0,0.0,0.0,0.0
1930.051555026496,2370.7721788209806,326.7482320178304,-1501.0686314009263,135.94693170292203,-76.93146584225474,524.9507757865971,-640.7433307449111,100.0,1615.6385877387402,192.51414326420047,0.0,95.99279259491823,1707.6206313238868,1236.6435886057907,100.0,-176.169374626038,-44.18570653906727,0.0,65.99736396328079,0.0,0.0,0.0,0.0,0.0,0.0,0.0,-498.2601911148365,640.7433307449136,299.9505434264184,-615.0646861637083,-192.51414326416977,0.7808566243448922,3.7389115205243932,-1733.9056472793743,-1236.6435886057898,104.447491818989,-1261.7312862613198,44.18570653906727,-35.10578832531671,27.40395486600295,0.0,0.0,0.0,0.0,0.0,0.0,0.0,0.0
1835.230237738959,2537.830751262813,290.75869444445834,-96.96207550610893,466.14631164533193,-66.81676290795963,669.1988699381338,-544.9475037055942,100.0,1265.8278579275316,190.61888878516015,0.0,98.99140753584663,1723.9002412406182,1212.6554306610938,113.1000921664256,634.6403627897246,-51.75433563896149,35.039064575130254,64.27918836579937,0.0,0.0,0.0,0.0,0.0,0.0,0.0,-607.0974058887286,544.9475037055944,299.5705078042123,-1342.9797451606203,-190.61888878522495,-2.3000140672587577,5.568223067136987,-1682.9290251398054,-1212.6554306610938,100.0,233.44207926922195,51.75433563894103,0.0,38.71963875917906,0.0,0.0,0.0,0.0,0.0,0.0,0.0,0.0
1770.1162155042823,2645.365679341597,260.1235423309198,-1225.71740408109,1137.3569328157328,-55.5451553255466,712.2752753378554,-450.1737967061131,100.0,-593.987419369227,188.4261995397111,0.0,80.24786800797263,1655.8955207943668,1184.9026531189643,130.54678509417874,-1161.3482435208277,-59.24220915985188,34.702485602587956,61.31115827531314,0.0,0.0,0.0,0.0,0.0,0.0,0.0,-672.8671398312623,450.17379670611126,297.6534692850345,149.78681163229453,-188.4261995397111,-5.363171078000448,7.645220049924786,-1693.8387157918255,-1184.9026531189647,100.0,-15.534177283373083,59.2422091598587,0.0,37.68061673237908,0.0,0.0,0.0,0.0,0.0,0.0,0.0,0.0
1581.0062105757936,2787.125586281793,235.3732106808484,772.0996378820564,-464.0470691628616,-43.311806324065,767.1474557005611,-356.57009118455335,100.0,229.01055908552337,185.93949692020374,0.0,90.26258680946816,1656.7585691393563,1153.4285604019442,147.75822032930236,-249.44818369917925,-66.63764329681499,34.098643588571065,49.17168441879425,0.0,0.0,0.0,0.0,0.0,0.0,0.0,-791.7445186385911,356.5700911845537,294.214192043161,-629.5700188285588,-185.93949692020544,-8.385023340989903,8.322816278633102,-1634.7140810345338,-1153.4285604019442,100.0,-243.55525231258525,66.63764329681499,0.0,50.44208657868255,0.0,0.0,0.0,0.0,0.0,0.0,0.0,0.0
1529.783628155529,2831.121211680069,216.93624126254207,-1950.0986023319808,-49.19739727342176,-30.32853128794443,907.3997802949442,-264.282442951339,100.0,736.1536072932603,183.16266108693014,0.0,97.93262224990912,1483.5933273778683,1118.2822635371404,164.60184308647993,382.09565077001,-73.92909848402269,33.232189054528476,46.42821295565552,0.0,0.0,0.0,0.0,0.0,0.0,0.0,-819.4447414625645,264.2824429513413,289.2791638554805,524.9647492371997,-183.16266108696254,-11.34229790004838,14.07892945873355,-1608.8559805218692,-1118.2822635371394,100.0,2338.741293912959,73.92909848400905,0.0,58.634252267796235,0.0,0.0,0.0,0.0,0.0,0.0,0.0,0.0
1434.2867460798448,2926.2538596049226,205.13186258526855,814.2766958585912,2892.1564404116225,-16.820130261130828,975.6421668140836,-173.45485428906886,100.0,199.02188442527972,180.1000249132153,0.0,89.29147983511196,1483.3417241499546,1079.5186035251659,180.94793130778822,-1366.7322496933548,-81.10519740052723,32.10979504620923,44.7627940186289,0.0,0.0,0.0,0.0,0.0,0.0,0.0,-1012.2656202778296,173.45485428906932,282.88639210446905,914.7444221873275,-180.10002491327327,-14.212219147627252,4.04165804818683,-1545.9562575669563,-1079.5186035251663,100.0,176.81284638106604,81.10519740049995,0.0,58.00427400806695,0.0,0.0,0.0,0.0,0.0,0.0,0.0,-0.05208914293358933
1438.824216904777,2963.8217864095886,200.1644625895022,-748.2410278083387,-799.8629416563335,-3.0204956271413153,994.1615673446995,-84.22904925660396,100.0,-294.88031022639916,176.75636722485592,0.0,95.10125207877097,1483.3338922863695,1037.1980657682452,196.67059472403466,-1074.4432157617007,-88.15474272310212,30.74010574084781,37.446708196830684,0.0,0.0,0.0,0.0,0.0,0.0,0.0,-1043.0352577908131,84.22904925660214,275.08511106231003,-540.4865558093752,-176.75636722482523,-16.972684232355277,10.285378275937083,-1487.2644153584679,-1037.1980657682466,100.0,891.7337998828805,88.15474272311576,0.0,60.817649915610836,0.0,0.0,0.0,0.0,0.0,0.0,0.0,-0.06056466128430853
1290.9536524083687,3017.0067274662615,202.1200497541643,-1535.5655278691188,1683.1593123924722,10.831437640880495,1092.9416252872395,3.2557474519915104,100.0,259.85686027129873,173.13690534353668,0.0,89.30269502210997,1428.5336621222787,991.3866856909917,211.64874440537298,-801.2594013415185,-95.0667345982265,29.133669873594243,31.508069754927835,0.0,0.0,0.0,0.0,0.0,0.0,0.0,-1129.468011186776,-3.2557474519892367,265.93540271052376,1060.9165388289136,-173.1369053435094,-19.602433285329255,3.433467996502034,-1437.0497287147266,-991.3866856909908,100.0,-1208.838832556504,95.06673459823332,0.0,64.91460786745667,0.0,0.0,0.0,0.0,0.0,0.0,0.0,-0.07041924650516153
1292.4306387036656,3085.7130623376147,210.9647638953411,-490.22117503100276,1234.6837790619156,24.495829040557737,1211.885255596354,88.86302774857722,100.0,120.51239756880364,169.2472869456151,0.0,84.00999748733892,1365.1849096449437,942.1559457011458,225.76702533414635,1854.7594088168012,-101.83038780566903,27.30285949586346,28.154990504717876,0.0,0.0,0.0,0.0,0.0,0.0,0.0,-1203.9102302983717,-88.86302774857518,255.50773401538652,-600.1289436453453,-169.2472869456492,-22.081213154138766,16.604030780075938,-1334.9098104537024,-942.1559457011449,100.0,121.32477255618141,101.83038780564857,0.0,69.94413765113752,0.0,0.0,0.0,0.0,0.0,0.0,0.0,-0.08187728905270836
1052.563094607914,3181.8813304834757,226.5454624413797,-1492.2507554713184,-1249.8589694549855,37.73608527948795,1273.7468636901212,172.45921315320197,100.0,-41.9806836664759,165.09358124988694,0.0,86.15487797797283,1257.9242407888466,889.5826636510205,238.91670481770174,-192.76998195102578,-108.43514858749813,25.2617746913063,24.437843645011682,0.0,0.0,0.0,0.0,0.0,0.0,0.0,-1254.2551756557853,-172.45921315320174,243.8824142228352,479.88106069156174,-165.09358124991422,-24.389933383578892,14.542859396314377,-1343.4756851670245,-889.5826636510205,100.0,2403.566693366989,108.43514858747767,0.0,69.81770826857598,0.0,0.0,0.0,0.0,0.0,0.0,0.0,-0.09519969035921708
1031.2421058232726,3249.2704108988332,248.59237203325608,3388.6429044507086,-856.2286812469597,50.3229567903702,1329.0322672741206,253.91386322507788,100.0,-87.36764400883771,160.68226954733177,0.0,82.69093532491038,1175.9647647395163,833.7488729737333,250.9965098990131,535.2077106073625,-114.87071111574551,23.026134983265507,29.195395914313117,0.0,0.0,0.0,0.0,0.0,0.0,0.0,-1323.6913493592692,-253.91386322507765,231.14897635253294,344.2918589781493,-160.6822695472772,-26.510813241811064,8.829792450468684,-1209.702957805327,-833.7488729737336,100.0,335.0775058054887,114.87071111577961,0.0,85.6007795213471,0.0,0.0,0.0,0.0,0.0,0.0,0.0,-0.11068980359934157
871.9936230387785,3392.644206411667,276.7237595388423,785.1064296844214,-1178.5305091932833,62.038507092562156,1381.9734322228849,333.0998790970914,100.0,168.84411049879532,156.02023508790808,0.0,75.12173271441564,1260.0402589356772,774.7416946812268,261.91340731575565,-545.9312851312563,-121.12703357315695,20.613158270049894,25.79377799776201,0.0,0.0,0.0,0.0,0.0,0.0,0.0,-1375.6109146640745,-333.09987909708957,217.40548765454787,-2123.4478225726243,-156.02023508790467,-28.427518659630238,17.803113315430757,-1205.1983649795025,-774.7416946812257,100.0,1412.774660160943,121.12703357315695,0.0,80.07800134641694,0.0,0.0,0.0,0.0,0.0,0.0,0.0,-0.12870034108965533
746.5168702813083,3457.5192793948763,310.45254160439754,410.1519979481037,-1485.891406756573,72.67988627220603,1398.9031401388795,409.8937017962519,100.0,-426.8639442636379,151.11475234023374,0.0,76.11361108988419,1092.7826340985234,712.6532014238132,271.58332000093134,268.209457280895,-127.19435382218421,18.041428220351463,18.603986023915994,0.0,0.0,0.0,0.0,0.0,0.0,0.0,-1441.7879471498377,-409.89370179625007,202.75779433920331,-1235.5529131028982,-151.11475234023032,-30.125288028154813,21.15775489985594,-1082.0847166886554,-712.6532014238119,100.0,-1175.7736390253854,127.19435382218421,0.0,89.05659382840749,0.0,0.0,0.0,0.0,0.0,0.0,0.0,-0.14964140560361563
713.0877026783219,3395.017795191539,349.1947183016307,-15.946879686270563,-64.71929768110385,82.06284324470431,1445.7237828222155,484.17550504060887,100.0,628.2636196659087,145.97347564094207,0.0,73.46464427046422,970.3811478154511,647.5802738233624,279.93177460687946,-585.5001475571515,-133.0632046375797,15.330751150152935,7.802579041143319,0.0,0.0,0.0,0.0,0.0,0.0,0.0,-1487.5544884980873,-484.17550504061046,187.3187063968491,303.87472878222525,-145.97347564093866,-31.591045886165432,18.295206693251906,-962.4189015316139,-647.580273823364,100.0,714.6515591034159,133.0632046375763,0.0,85.5916668259867,0.0,0.0,0.0,0.0,0.0,0.0,0.0,-0.173989828476264
478.23938985600165,3451.86933246224,392.2794848452046,-221.80738045314115,1079.4090534370798,90.0249159861238,1535.0316344828486,555.8293822118012,100.0,-547.6358803812627,140.60442725066082,0.0,70.71297083553911,890.6600800814858,579.6244493043257,286.8944750657301,-138.51494715496358,-138.72442847830712,12.502003483300257,15.944337868690823,0.0,0.0,0.0,0.0,0.0,0.0,0.0,-1556.285367903737,-555.829382211801,171.20712878571356,-1215.5975450744234,-140.60442725060966,-32.813503621425326,23.008693489617087,-913.3022908092659,-579.6244493043259,100.0,1377.0177210996667,138.72442847835487,0.0,90.34235103471069,0.0,0.0,0.0,0.0,0.0,0.0,0.0,-0.2023000271287771
430.2158075421239,3436.704019383297,438.96084630049666,-1547.6833221741206,1099.472766699837,96.42824449603751,1597.6592061809101,624.7435272115367,100.0,470.55369679992396,135.01598483682528,0.0,66.23105446131584,844.6999709547415,508.89176365842445,292.4177977689965,-266.1978435554539,-144.16919177704926,9.57697097063857,3.4036363227251867,0.0,0.0,0.0,0.0,0.0,0.0,0.0,-1541.0090003616435,-624.7435272115351,154.54714567903227,-184.69199869153726,-135.01598483685257,-33.78324641056963,29.051452002025275,-810.9004202807295,-508.8917636584231,100.0,1301.2219247657113,144.16919177702198,0.0,87.18702120460712,0.0,0.0,0.0,0.0,0.0,0.0,0.0,-0.23521662924041012
256.07225666586595,3445.365613150997,488.4305341777179,-987.801331194639,-1633.592819325081,101.16195778644965,1607.6132854164098,690.8104089197445,100.0,281.1312918989154,129.21686840135067,0.0,55.75304174125705,714.8692717580293,435.49258559027066,296.4592045526521,306.0035960152254,-149.38899872365369,6.578180905881936,12.408205668795379,0.0,0.0,0.0,0.0,0.0,0.0,0.0,-1656.9682091150546,-690.8104089197459,137.4670648241784,-1501.9202227034043,-129.21686840137113,-34.49280572784488,43.61425426531539,-740.2558086869067,-435.4925855902725,100.0,186.67405303285477,149.388998723623,0.0,86.85939518191589,0.0,0.0,0.0,0.0,0.0,0.0,0.0,-0.2734891510222162
172.7734807509672,3503.300240930279,539.8320012669255,-786.5358137367668,141.04328420215325,104.14409356727333,1749.070072181945,753.9269389822116,100.0,527.4287526521243,123.21612667411841,0.0,51.563403977617924,677.0297706672355,359.5414445020706,298.987570307067,-960.179205666256,-154.37570452157843,3.5287286304597387,8.263086602180085,0.0,0.0,0.0,0.0,0.0,0.0,0.0,-1676.3599999772111,-753.9269389822127,120.09842937371158,2369.1678828867534,-123.21612667409795,-34.936716864381125,47.735744558203336,-641.0238959013707,-359.5414445020724,100.0,13.353020324378235,154.3757045216057,0.0,90.7278576962885,0.0,0.0,0.0,0.0,0.0,0.0,0.0,-0.3179890638191435
93.80594137025287,3448.5919489223465,592.2752523991323,-1296.6232082581691,1729.6289619671666,105.32301738930244,1758.0942035864152,813.9946326659069,100.0,571.4783150864116,117.02312299381447,0.0,51.82612294286898,561.7702992816776,281.1568517861026,299.98342268869754,911.3069045334748,-159.12152809686063,0.45209966351421826,2.8835421450107375,0.0,0.0,0.0,0.0,0.0,0.0,0.0,-1674.00691242471,-813.9946326659069,102.57500479877977,-804.4197646669932,-117.0231229937906,-35.11156101491345,53.14125697057248,-610.3019947557657,-281.15685178610283,100.0,-8.451563650266962,159.12152809689132,0.0,100.0,0.0,0.0,0.0,0.0,0.0,0.0,0.0,-0.36972963764972644
-167.88074159629792,3488.2377560475547,644.8522543449967,-496.33335771220624,-916.302237709001,104.6783166735895,1756.316260744508,870.9197625309562,114.96825131278032,32.2682635621959,110.64752069765063,35.01599160789148,49.956986587841385,490.14001062281636,200.46111590387545,299.4390920873775,-1999.097402637723,-163.61906423937285,-2.628011173072764,3.2482726781172553,0.0,0.0,0.0,0.0,0.0,0.0,0.0,-1720.7003784237336,-870.9197625309562,100.0,-1913.658938721071,-110.6475206976711,0.0,52.54528657426953,-468.5379038678342,-200.46111590387568,100.0,461.6291212283724,163.61906423934215,0.0,86.22449240158726,0.0,0.0,0.0,0.0,0.0,0.0,0.0,-0.4298890135238935
-138.96485264926764,3575.4946660606,696.6526580350952,-840.7895461925574,2637.035524381797,102.22115414668224,1736.7423081410898,924.6135046795252,132.39622863949654,-88.75636207133084,104.0992680430827,34.6507446761953,44.65365001341016,405.45329217539637,117.58015154046166,297.3587706942295,236.4326039406339,-167.86129515763946,-5.687882241615796,0.0,0.0,0.0,0.0,0.0,0.0,0.0,0.0,-1798.3826025783392,-924.6135046795262,100.0,558.2113036185524,-104.09926804310317,0.0,52.75962547852963,-421.8406636465757,-117.58015154046393,100.0,648.3925334647131,167.86129515761218,0.0,87.60075722781514,0.0,0.0,0.0,0.0,0.0,0.0,0.0,-0.4998370298991989
-453.4270349827841,3491.2421096599865,746.7795608779898,-353.5109714151517,-2157.3905014006664,97.994074562734,1726.510218376514,974.9920773533968,149.57470468559876,-758.8668617627377,97.3885826848641,34.018633188536,44.13936581037186,264.3339156822915,32.64328313180545,293.7584802152816,-172.3361203703638,-171.84160142916085,-8.703947782081798,2.8316329807470506,0.0,0.0,0.0,0.0,0.0,0.0,0.0,-1831.46366840386,-974.9920773533977,100.0,-219.21753914297142,-97.38858268485046,0.0,58.55193653451723,-290.6578802971739,-32.64328313180749,100.0,958.9906710731509,171.84160142918472,0.0,99.18495845004334,0.0,0.0,0.0,0.0,0.0,0.0,0.0,-0.5811664141181095
-478.36093900666066,3406.8123927715264,794.3650362581025,1575.485364741128,610.6818664869661,92.0702680585606,1779.2378761456719,1021.9768716639746,166.3713785027215,1943.8295762897144,90.52593573185504,33.1245253852083,26.0310817363275,219.46261544710526,-54.2169569284174,288.6659484794447,-197.31376881246376,-175.55377232909677,-11.652979405047006,15.565910270386993,0.0,0.0,0.0,0.0,0.0,0.0,0.0,-1737.8285115158724,-1021.9768716639737,100.0,441.10788466650774,-90.52593573184822,0.0,68.63995147902642,-221.8624511395887,54.21695692841922,100.0,374.25634261477626,175.55377232912747,0.0,92.88627343327616,0.0,0.0,0.0,0.0,0.0,0.0,0.0,-0.6757290490602831
-646.183439975098,3460.3202088242238,838.5851613265204,-550.4147444944215,1169.9462889954566,84.55230289664655,1842.48573181628,1065.4945742507175,182.65688961270337,-166.434231849654,83.52203540823893,31.97530728507772,30.048587518909034,57.989716137763416,-142.86503508749684,282.1203958911615,-366.72900921509694,-178.99201552131672,-14.5122649863697,10.048568403263872,0.0,0.0,0.0,0.0,0.0,0.0,0.0,-1781.451093596929,-1065.4945742507175,100.0,-194.66237304570086,-83.52203540826622,0.0,67.09591667675545,-130.36675406465824,142.8650350874966,100.0,525.2268134065846,178.99201552125533,0.0,85.9989225973618,0.0,0.0,0.0,0.0,0.0,0.0,0.0,-0.7856781408072188
-715.290913085712,3373.700074558836,878.6742828847703,675.0408106395986,-528.7191506280487,75.57034953816412,1809.4630988628512,1105.4772816766454,198.30581428420186,491.2192547545328,76.38781034477006,30.57982965256727,21.34309213610426,-19.230009167678663,-233.16262811532408,274.17223337237203,854.3171447577196,-182.15096609639602,-17.25978358582978,24.437451717966944,0.0,0.0,0.0,0.0,0.0,0.0,0.0,-1744.4817864807242,-1105.4772816766458,100.0,496.87299087597125,-76.38781034477006,0.0,79.87923999488397,17.144181841486073,233.1626281153217,100.0,1129.7037139696254,182.15096609639602,0.0,89.30880083289539,0.0,0.0,0.0,0.0,0.0,0.0,0.0,-0.9135172474836408
-878.5113296351592,3269.843581003403,913.938274353666,205.12792648450727,183.21609529458328,65.27992679510533,1851.160768315553,1141.8626063823817,213.1976314902415,160.67731938291217,69.1343925261981,28.948839832996356,11.396728481269134,-68.87603455534212,-324.9688389389114,264.88267412011334,-556.7626089755668,-185.02569494296154,-19.874375042573433,21.759458895347706,0.0,0.0,0.0,0.0,0.0,0.0,0.0,-1731.577497501314,-1141.8626063823813,100.0,-441.2689729412932,-69.1343925261981,0.0,82.32287159122502,111.93007441279755,324.9688389389132,100.0,-309.3222655798562,185.02569494296154,0.0,79.64720401009559,0.0,0.0,0.0,0.0,0.0,0.0,0.0,0.0
-929.0339989337602,3213.558224114599,943.7665542882804,-2073.0341995701865,-1189.3304027246995,53.859209086386954,1807.725509807366,1174.5937740334289,227.21765110732287,-47.31466962796276,61.77309992139726,27.094898981356437,13.847632440744,-150.2171706022578,-418.14041649304033,254.32326216982156,-807.2772900036234,-187.6117164390854,-22.335902941224788,22.59393420329192,0.0,0.0,0.0,0.0,0.0,0.0,0.0,-1802.522705760619,-1174.5937740334284,100.0,-837.936149253203,-61.77309992139726,0.0,83.82990980632003,107.02721297090233,418.14041649304204,100.0,-484.53570544346053,187.6117164390854,0.0,86.22563079729409,0.0,0.0,0.0,0.0,0.0,0.0,0.0,0.0
-1187.1910135500393,3292.7934894946634,967.6426583434436,-1074.9870985838652,934.1453554115196,41.505941421267494,1740.9417854332885,1203.619712108773,240.25789720751933,-885.7943644252191,54.3154188229596,25.03228532186199,16.357123088809036,-269.67181765179873,-512.5319792440231,242.57532139513114,678.5045093288346,-189.9049954508962,-24.625409693538387,29.7693836754713,0.0,0.0,0.0,0.0,0.0,0.0,0.0,-1704.6183447981236,-1203.6197121087725,100.0,56.70646926860286,-54.31541882297324,0.0,89.96834069405503,294.4027781583837,512.5319792440229,100.0,1847.6220661556997,189.9049954508348,0.0,77.87953925247213,0.0,0.0,0.0,0.0,0.0,0.0,0.0,0.0
-1182.245696152212,3186.0458030925697,985.153181640525,726.7758960103765,1227.8118813196306,28.434015526310077,1715.2891773064212,1228.8951295925795,252.2179396408363,633.9613433462591,46.77298592466968,22.77688418349186,10.029103808499697,-384.00258383856885,-607.9962420377313,229.72932918773117,224.66125257029688,-191.9019536294411,-26.72526254130176,21.591787391674647,0.0,0.0,0.0,0.0,0.0,0.0,0.0,-1765.8027032625166,-1228.895129592579,100.0,1045.1559287252621,-46.77298592466286,0.0,88.66226336425657,337.84115531675405,607.996242037731,100.0,-856.4075221170199,191.9019536294735,0.0,70.93507210618078,0.0,0.0,0.0,0.0,0.0,0.0,0.0,0.0
-1326.6392214343678,3131.9041050679334,995.9949367021353,481.7343160449161,-1072.753473089365,14.8697663984467,1707.9025028959284,1250.3805876446445,263.0056675033623,-1598.5295860816439,39.157570163934,20.346065658256123,4.345202223681772,-530.0353334670677,-704.3842459179828,215.8842196409127,603.8394792991855,-193.5994749940238,-28.619289355945057,41.35779958878008,0.0,0.0,0.0,0.0,0.0,0.0,0.0,-1697.3298850875797,-1250.380587644644,100.0,1387.9821233422945,-39.157570163927176,0.0,92.91926605232139,445.43931775711644,704.3842459179846,100.0,-991.8263887677125,193.5994749940579,0.0,64.8121471748996,0.0,0.0,0.0,0.0,0.0,0.0,0.0,0.0
-1373.7238938496982,3060.0992824761224,999.9802030180518,-1001.7257884114622,-917.9797056700295,1.0480534080153348,1713.835197384232,1268.042561139328,272.53799853430183,776.9040727540221,31.481054357943776,17.7585508245204,12.054484281797144,-586.9795142246473,-801.5455905566769,201.14662160337963,-640.6182507665579,-194.99491079414838,-30.292903189068596,33.880080663470444,0.0,0.0,0.0,0.0,0.0,0.0,0.0,-1713.3413707006673,-1268.0425611393275,100.0,1231.6774953445656,-31.481054357943776,0.0,86.92802866509416,566.9155922461894,801.5455905566788,100.0,1415.667668877203,194.9949107941177,0.0,67.72766475291155,0.0,0.0,0.0,0.0,0.0,0.0,0.0,0.0
-1462.6769834740458,3050.3531103595524,997.0399773483057,636.4198759569956,299.79862966863266,-12.79180619423073,1625.8505349213592,1281.8534909769332,280.74151897843336,2126.3818621875294,23.755416662138487,15.03426756561538,8.724825661247092,-699.5948093596693,-899.3286689329871,185.63003747148903,-722.4244243919446,-196.0860836426525,-31.733214614583574,43.29067624092858,0.0,0.0,0.0,0.0,0.0,0.0,0.0,-1738.2023918938903,-1281.8534909769337,100.0,148.02833800943972,-23.755416662145308,0.0,94.2466169408122,649.7164746630568,899.3286689329846,100.0,289.73344918500004,196.0860836426184,0.0,68.5564547633864,0.0,0.0,0.0,0.0,0.0,0.0,0.0,0.0
-1568.523614261488,2895.200437834607,987.2251684857777,-1347.1136842448311,-1143.1947824082113,-26.41018095644938,1653.9726831843445,1291.7918270859227,287.5530489860548,-1028.3909725231194,15.99271188002831,12.194197094176502,5.016555150147027,-709.7686311894656,-997.5809038954101,169.4539690445011,-656.0430861022809,-196.87129091322788,-32.9291309973118,52.83060852772425,0.0,0.0,0.0,0.0,0.0,0.0,0.0,-1699.0428577804867,-1291.7918270859227,100.0,619.9874939457322,-15.992711880021488,0.0,100.0,747.2589749461581,997.5809038954098,100.0,-977.545700183847,196.8712909132961,0.0,52.35869952590795,0.0,0.0,0.0,0.0,0.0,0.0,0.0,0.0
-1666.4952336928534,2823.0586851500393,970.7057157914792,-1485.2206567309509,792.136335765781,-39.571274345297525,1583.5766964505565,1297.8420620488646,292.92012919596243,1092.8599087738337,8.205052653195253,9.260212364229687,3.701377097955885,-827.0013282889724,-1096.1489862376147,152.7429971751052,-292.1727593316007,-197.3493073969712,-33.87144192352494,46.14391315750693,0.0,0.0,0.0,0.0,0.0,0.0,0.0,-1600.3470544155193,-1297.8420620488646,100.0,485.2531038006907,-8.205052653195253,0.0,84.67513001414929,840.9445246439844,1096.1489862376166,100.0,-1077.1998826573708,197.3493073970019,0.0,50.2858095285976,0.0,0.0,0.0,0.0,0.0,0.0,0.0,0.0
-1766.5515610681125,2640.157974287768,947.7676467647198,-329.8557443019354,573.0059448928364,-52.04720746553562,1563.6172548442917,1299.9947552996427,296.80142475401533,-434.16901613923983,0.4045905612679235,6.254909615470297,2.405798182280391,-819.1409686653714,-1194.8791139165278,135.625822303347,-1056.1351996511867,-197.51938721444617,-34.55289013543819,61.57799360942907,0.0,0.0,0.0,0.0,0.0,0.0,0.0,-1562.8333361664093,-1299.9947552996427,100.0,-44.86976223104193,-0.4045905612679235,0.0,95.10531732263402,930.2652620391623,1194.8791139165276,100.0,-59.4295126066379,197.51938721444617,0.0,42.0419837502308,0.0,0.0,0.0,0.0,0.0,0.0,0.0,0.0
-1827.149411850752,2542.6033947124515,918.8081245951066,-36.58707011660795,560.4602791119532,-63.6219646889316,1447.4600435945579,1298.2465478541694,299.1670436557166,500.3658382454239,-7.3965028390375664,3.201434347109,0.0,-1027.4632031589188,-1293.6172320394394,118.23427326333228,-397.50240074903445,-197.38126497940925,-34.968227423346434,68.34734261388496,0.0,0.0,0.0,0.0,0.0,0.0,0.0,-1503.254757079061,-1298.246547854169,100.0,-382.3485429742391,7.3965028390375664,0.0,88.3584925048028,986.4139912632972,1293.6172320394369,100.0,9.260295077752971,197.38126497940584,0.0,40.728311863504814,0.0,0.0,0.0,0.0,0.0,0.0,0.0,0.0
-1832.1622234439849,2433.9042300573146,884.3285714459902,-451.06253087187497,573.8769463610174,-74.09513387560821,1403.5234926968478,1292.6001675516236,299.99876696107833,430.2804792477457,-15.18605500589274,0.1233030615833286,5.580492423922179,-1069.4002553770174,-1392.2092732456415,100.70229199644058,1144.7509701976533,-196.9351562125894,-28.09132706248306,69.54398947142937,0.0,0.0,0.0,0.0,0.0,0.0,0.0,-1476.3626142247995,-1292.6001675516236,100.0,-1378.1672184658817,15.18605500589274,0.0,89.80836500526799,1120.9735906038002,1392.2092732456413,100.0,383.031192414885,196.9351562126542,7.02292798250312,35.851749308796784,0.0,0.0,0.0,0.0,0.0,0.0,0.0,0.0
-1864.1829393756486,2283.055349139776,844.9259865368361,-599.403630453578,-1151.595388377607,-83.28537642751598,1452.8729673792454,1283.0644247980304,299.29018910875845,146.3790383127889,-22.951911406023555,-2.955777849041965,7.144465595824195,-1115.133714476657,-1490.501398107523,100.0,-262.2155846272176,-196.18175700588154,0.0,75.64364578249698,0.0,0.0,0.0,0.0,0.0,0.0,0.0,-1349.26303455746,-1283.0644247980308,100.0,260.63729798811437,22.951911406023555,0.0,93.07204180112925,1073.9693876044455,1490.5013981075251,116.83509800967276,509.91019520261034,196.18175700585084,34.989848360872315,34.910410752192085,0.0,0.0,0.0,0.0,0.0,0.0,0.0,0.0
-1917.7146493702653,2238.7739143999606,801.282609348358,529.2654708048462,727.4859980595238,-91.03356709128718,1313.7768927255618,1269.6541988188233,297.04676724883245,1435.5729072329802,-30.681954480137392,-6.012094679104507,13.252066896889314,-1187.98169551434,-1588.3402351760055,100.0,-1808.453654948628,-195.12224293599047,0.0,69.50277247591202,0.0,0.0,0.0,0.0,0.0,0.0,0.0,-1381.075097561887,-1269.6541988188228,100.0,-135.6815413249194,30.681954480144213,0.0,87.33743133675944,1167.1785002894499,1588.340235176005,134.2428316116596,-435.42680260420866,195.12224293599047,34.59596549568289,23.278605049673306,0.0,0.0,0.0,0.0,0.0,0.0,0.0,0.0
-1957.1998203307005,2164.2955570890463,754.1541069277409,151.25341576804658,-663.5032657840065,-97.20554914636978,1255.0148252232275,1252.3904144418439,293.28577921426165,-470.2606586841398,-38.36412255079267,-9.02210904173586,21.265930455243137,-1248.1526263744506,-1685.5731202957588,100.0,-158.93054245952726,-193.75826723013915,0.0,82.70212334935748,0.0,0.0,0.0,0.0,0.0,0.0,0.0,-1230.82187738222,-1252.3904144418434,100.0,-377.8497656871855,38.36412255079267,0.0,86.65345398157369,1314.5233868832172,1685.5731202957586,151.38684222187348,-25.54503978296566,193.75826723013915,33.9356399593224,22.608198451123915,0.0,0.0,0.0,0.0,0.0,0.0,0.0,0.0
-1946.5303604610408,2016.0742702545817,704.3564898258708,-435.66913342564476,-1408.2306641246828,-101.69445727303696,1209.9409889127219,1231.3000094470021,288.03619045474204,-1735.180549894826,-45.98642864290241,-11.962639150972336,20.63822402822037,-1353.1413956492327,-1782.0483348167975,100.0,929.0479860241851,-192.09195818614717,0.0,86.59829577991715,0.0,0.0,0.0,0.0,0.0,0.0,0.0,-1187.427566116533,-1231.3000094470021,100.0,-347.02415393771616,45.98642864289559,0.0,81.88195277861324,1340.6220507000426,1782.0483348167973,168.1350943293394,-44.39065020331327,192.09195818615058,33.0139572840541,10.4689196854211,0.0,0.0,0.0,0.0,0.0,0.0,0.0,0.0
-1996.3199560023538,1816.30526203287,652.7519832117505,905.0550924352535,-785.1373526793373,-104.42256788143254,1113.059452605314,1206.4158925335478,281.33843095775046,325.6252220729573,-53.53697918789521,-14.811038357539985,31.344882583789346,-1514.431838305804,-1877.6153423307112,100.0,331.1201315977553,-190.1259158519133,0.0,88.10884626211704,0.0,0.0,0.0,0.0,0.0,0.0,0.0,-1117.9449988652602,-1206.4158925335482,100.0,-1535.9084515796667,53.536979187908855,0.0,74.56987906428012,1263.8258445407077,1877.615342330711,184.35860037827263,-360.9579253604511,190.1259158519133,31.838015858109117,19.111973275978002,0.0,0.0,0.0,0.0,0.0,0.0,0.0,0.0
-2041.2704408711575,1692.2501376251046,600.2340977998692,3025.606649136661,-1194.734775614022,-105.34264486332461,1048.7022846614266,1177.7768919705368,273.24408387484266,-842.4847321342531,-61.00399258185462,-17.54536956320976,25.0745851909725,-1433.2623729362826,-1972.1250235622012,100.0,765.2546683495007,-187.86320796837117,0.0,81.10775208853035,0.0,0.0,0.0,0.0,0.0,0.0,0.0,-1044.3978547905715,-1177.7768919705363,100.0,-1365.3667163767182,61.00399258186144,0.0,65.41775770233775,1410.7153746090862,1972.125023562201,199.932414172612,-1024.344102926982,187.86320796836776,30.416872257013665,10.227023368312398,0.0,0.0,0.0,0.0,0.0,0.0,0.0,0.0
-1986.9445070966972,1634.8295778615231,547.7121590812892,2894.7492262341007,-1304.2519201627567,-104.43875746588617,992.688201517986,1145.4276950106118,263.81548825126356,298.6732297204486,-68.37581756926738,-20.14457417054814,30.74970929619781,-1465.2066899048239,-2065.4299090493714,100.0,351.42104713221556,-185.307365182357,0.0,89.61941872124105,0.0,0.0,0.0,0.0,0.0,0.0,0.0,-970.3139948893225,-1145.4276950106114,100.0,-398.0749385960547,68.37581756926738,0.0,74.96104600450971,1433.4226594864672,2065.4299090493714,214.73659315580238,458.8563813913936,185.30736518235017,28.761471493933612,0.46171327797187445,0.0,0.0,0.0,0.0,0.0,0.0,0.0,0.0
-1997.5166664104408,1545.198985364557,496.09556272840064,1079.3902608688325,-72.95822307672893,-101.72655612601801,935.255779347632,1109.418778161642,253.1252589184689,-714.5478705125475,-75.640951423145,-22.588634266815433,35.84511014943044,-1548.1848608498447,-2157.384409249697,100.0,1423.272165318283,-182.4623755378684,0.0,99.6943602239596,0.0,0.0,0.0,0.0,0.0,0.0,0.0,-930.3655949935369,-1109.4187781616433,100.0,-1490.0465660006212,75.640951423145,0.0,62.24591789867091,1590.9268482344341,2157.3844092496965,228.65712215478754,-207.12082015437545,182.4623755378616,26.884562726028918,5.682407676961821,0.0,0.0,0.0,0.0,0.0,0.0,0.0,0.0
-2040.5264439868583,1350.3353085875765,446.2780287845239,-2924.6698063660733,-1668.609426940933,-97.2530014894798,778.5856076069954,1069.8063284250265,241.25572724713368,474.07043589230284,-82.78805789336047,-24.85872679297742,50.58174053471742,-1654.2183615607228,-2247.8450417126096,100.0,-930.3297096057236,-179.33267825286293,0.0,96.41001390161219,0.0,0.0,0.0,0.0,0.0,0.0,0.0,-794.5045953808203,-1069.8063284250265,100.0,37.01066130277866,82.78805789338776,0.0,63.21334964129278,1602.0544846214564,2247.845041712609,241.58679147393437,-506.4325421022761,179.3326782528561,24.800601066140047,0.0,0.0,0.0,0.0,0.0,0.0,0.0,0.0,0.0
-1951.5987610652599,1167.094268947327,399.1221272705528,-6.866915703543555,279.06691620407855,-91.09555130680661,682.8057167353468,1026.652155623537,228.29830706771443,373.95444732888393,-89.80598489547901,-26.937368510514688,48.13785452486013,-1703.4832587990693,-2336.670654964336,100.0,688.2429971862803,-175.92315679308967,0.0,100.0,0.0,0.0,0.0,0.0,0.0,0.0,0.0,-802.872613122818,-1026.6521556235357,100.0,1011.7712608804442,89.80598489547219,0.0,63.985381612686375,1686.5235693314214,2336.670654964336,253.42602257621874,327.87456447342606,175.92315679308285,22.5256362560134,4.6087217238135,0.0,0.0,0.0,0.0,0.0,0.0,0.0,0.0
-1874.1863649244615,1068.9766346168587,355.44434314136254,-942.0285196909231,-2148.8423333294995,-83.36081928434083,663.0458988269368,980.0235959555271,214.35279064196484,-1034.433450301093,-96.68378191204738,-28.808550649519447,54.41903672067257,-1702.8172396481975,-2423.7226487554817,100.0,-600.2321114955032,-172.23913125158333,0.0,96.60076384518936,0.0,0.0,0.0,0.0,0.0,0.0,0.0,-622.12024372257,-980.0235959555275,100.0,462.89279661874104,96.68378191203374,0.0,44.315704387989825,1704.3986206238612,2423.7226487554813,264.0836349926308,1301.8736154220687,172.23913125158333,20.077189058314104,0.0,0.0,0.0,0.0,0.0,0.0,0.0,0.0,0.0
-1958.5319127342136,925.6914695536088,316.0009391860982,-990.0670042063553,2057.8997804064825,-74.18272911187074,600.2918650408014,929.9934069259843,199.5265801075147,7.459046513092176,-103.4107170792754,-30.457862201070895,56.858602383338926,-1751.948671129235,-2508.8651903278055,100.0,-581.362022868899,-168.2863500473809,0.0,94.68505176491038,0.0,0.0,0.0,0.0,0.0,0.0,0.0,-583.5055317695779,-929.9934069259857,100.0,633.3389198548082,103.41071707926858,0.0,40.90054551366893,1707.6731324847146,2508.865190327805,273.477548553415,-25.357922704102975,168.2863500473809,17.47411631958272,5.814766992495479,0.0,0.0,0.0,0.0,0.0,0.0,0.0,0.0
-1759.0069938477845,722.9104912977007,281.47486165039675,-1692.3641102081092,-1761.4024869752143,-63.720195629285854,488.71980488561206,876.6396538183667,183.9338603145872,-289.02852280784316,-109.97629393265015,-31.872600904385564,60.81403343736887,-1736.0560784607196,-2591.9654263627144,100.0,-1116.4560072656423,-164.0709809562236,0.0,89.90105242623446,0.0,0.0,0.0,0.0,0.0,0.0,0.0,-499.8588405986427,-876.6396538183672,100.0,755.7523836661198,109.97629393265697,0.0,46.418586751497145,1763.347112968739,2591.965426362714,281.535415532869,-201.53776686936567,164.0709809562236,14.736465743165184,0.0,0.0,0.0,0.0,0.0,0.0,0.0,0.0,0.0
-1772.2695954930555,559.9429911861387,252.46391530425666,877.5296038202259,-18.16002699488081,-52.1543732818364,299.92693291874014,820.0455878843829,167.69471942529168,-333.73460549906156,-116.3702677854053,-33.0418710739832,61.666444197589755,-1710.681906117723,-2672.8936902807473,100.0,-241.83795819683155,-159.59960148655227,0.0,88.45685758929302,0.0,0.0,0.0,0.0,0.0,0.0,0.0,-344.27227351105313,-820.0455878843832,100.0,-506.07646622862006,116.37026778538484,0.0,38.651509897203226,1765.3316211544684,2672.893690280747,288.19517783920776,-251.4621743038697,159.5996014865591,11.88532149081368,12.856206656861616,0.0,0.0,0.0,0.0,0.0,0.0,0.0,0.0
-1568.888709618582,425.0649595278951,229.47041269940195,-314.9610921885778,1052.7573758900785,-39.6855195056861,340.84729867982844,760.2995164417755,150.93422404824568,-29.381085592979446,-122.58266171378182,-33.95666751335895,72.60888451234065,-1796.3275714265321,-2751.523704568559,100.0,-64.18523864916779,-154.87918861576873,0.0,78.27640585084546,0.0,0.0,0.0,0.0,0.0,0.0,0.0,-250.801723998427,-760.2995164417771,100.0,750.8673674260194,122.58266171375794,0.0,27.577155341113134,1716.9061794958434,2751.523704568559,293.405544958264,-680.0331573749258,154.87918861576873,8.942641801872355,3.1038503737441268,0.0,0.0,0.0,0.0,0.0,0.0,0.0,0.0
-1539.5760457218819,319.37182239532143,212.89247683494807,-164.4985812993184,-1196.0401473672168,-26.529527353172,205.74308079129466,697.4946650827965,133.78145603142724,-619.1554065431876,-128.603782124718,-34.60994486901413,70.60588945095942,-1767.577721726759,-2827.7327778177632,100.0,-598.2331927475286,-149.9171079040616,0.0,88.05020684383916,0.0,0.0,0.0,0.0,0.0,0.0,0.0,-178.47972826517025,-697.4946650827981,100.0,226.25052289349014,128.60378212473847,0.0,31.691486303862177,1805.9115420584005,2827.732777817763,297.12638897011414,498.0910228770631,149.91710790405477,5.931089880714637,12.503974914942596,0.0,0.0,0.0,0.0,0.0,0.0,0.0,0.0
-1533.232522207778,92.9466949635505,203.01714782213423,141.731968523585,2362.375934462113,-12.914187393741088,110.49721429088456,631.7290322083879,116.36851833144479,-532.3659449418751,-134.42423388137854,-34.99667189059565,76.18659222852357,-1772.1409868355122,-2901.401996168136,100.0,-1417.7116654197937,-144.7211020014106,0.0,92.2935483938534,0.0,0.0,0.0,0.0,0.0,0.0,0.0,-49.104369989968035,-631.7290322083866,100.0,-620.4157577609122,134.42423388140242,0.0,23.491994649569275,1784.1778740719578,2901.4019961681356,299.3290535963916,-341.71084030952557,144.72110200140378,2.87385935489624,15.941764242997634,0.0,0.0,0.0,0.0,0.0,0.0,0.0,0.0
-1392.1847055001754,-41.43377714697321,200.01541290337428,287.6958413992668,-709.5359400274896,0.9247563856391139,42.31036228835547,563.1052361150626,100.0,254.3118492818466,-140.03493496301985,-1.9184653865522705e-12,83.69807783943712,-1805.6912501472043,-2972.4164088564653,100.0,416.048355069064,-139.29927856609766,0.0,80.58295829894831,0.0,0.0,0.0,0.0,0.0,0.0,0.0,39.98544859023988,-563.1052361150628,101.17048238441794,555.9157263650637,140.0349349629687,35.11387017933153,26.243788478928888,1868.9007710624883,2972.4164088564653,299.99657489814115,590.8168950832578,139.29927856609766,-0.2055043518345201,15.179770760306447,0.0,0.0,0.0,0.0,0.0,0.0,0.0,0.0
-1292.1493374908691,-122.1058346668442,203.93924587878655,20.36692512914783,2508.9441772427444,14.74768839021408,-106.35629532372897,491.7303548730399,100.0,-254.5638238672788,-145.427130636092,0.0,93.09731476507004,-1757.1373074950432,-3040.6652075815264,100.0,-81.29320364290606,-133.66009761355144,0.0,81.28351214827573,0.0,0.0,0.0,0.0,0.0,0.0,0.0,109.94999513981969,-491.73035487304196,118.70046856784515,-8.200267613764751,145.4271306360681,34.96063712637053,20.100116156800674,1719.2046674107148,3040.6652075815255,299.12381192449845,1143.6075616440667,133.66009761355144,-3.283285355853991,27.805171207717002,0.0,0.0,0.0,0.0,0.0,0.0,0.0,0.0
-1314.305216464194,-373.2859866471092,214.72070720131507,403.1569586622493,-350.49643604313246,28.315270262495176,-214.60208866365696,417.715759245536,100.0,555.6107683390289,-150.59240711505595,0.0,95.10113899180918,-1753.5382753757847,-3106.04189940532,100.0,413.23382037800343,-127.81235831634376,0.0,80.60605113294314,0.0,0.0,0.0,0.0,0.0,0.0,0.0,173.76624681980073,-417.7157592455362,136.0864320964235,-291.97019618757383,150.59240711505936,34.538152864215306,9.381232996736117,1755.8298208557437,3106.0418994053193,296.7174863059972,421.9766879856104,127.81235831634376,-6.335779962804224,30.518874117876276,0.0,0.0,0.0,0.0,0.0,0.0,0.0,0.0
-1040.3339666203003,-466.8127331796038,232.17312032192245,1847.5253469485676,-254.91320061425853,41.39258492707256,-318.01676707543646,341.1769389098797,100.0,275.30186359031916,-155.52270469083965,0.0,83.8517101377827,-1798.7223152284068,-3168.44447292078,100.0,-1911.5235940006357,-121.7651852738095,0.0,60.0120735033605,0.0,0.0,0.0,0.0,0.0,0.0,0.0,343.08191497221884,-341.17693890987834,153.19447404588828,-805.7919256294748,155.52270469083965,33.84967117795085,13.660725869050827,1788.4633176490202,3168.44447292078,292.79613048757324,989.1774877939997,121.7651852738095,-9.339479222864782,35.47280607746634,0.0,0.0,0.0,0.0,0.0,0.0,0.0,0.0
-1004.5070544400279,-549.4306808865991,255.99430391691908,2307.0167119325442,430.55452701459615,53.75320408265651,-368.8981475409921,262.2333222516352,100.0,-1335.6126087618882,-160.21033030660874,0.0,100.0,-1786.224878370533,-3227.775557426645,100.0,-1023.9764268512897,-115.52801427420945,0.0,71.80749113862979,0.0,0.0,0.0,0.0,0.0,0.0,0.0,365.1276292082731,-262.23332225163335,169.89283591981922,863.6575640933122,160.21033030660533,32.90049444591773,14.015734984308622,1759.8112241883446,3227.775557426645,287.3899449999526,-626.3955534008073,115.52801427420263,-12.271249986169153,22.959060978926114,0.0,0.0,0.0,0.0,0.0,0.0,0.0,0.0
-841.7105847574003,-707.6622464803329,285.77180403275736,-833.3368017877763,863.1954131978796,65.18310871474114,-502.6082347615836,181.00809001288735,100.0,530.5334226598118,-164.64796956240434,0.0,98.63638692711835,-1784.1170170456278,-3283.942574861159,100.0,-1086.9965773698596,-109.11057757193248,0.0,65.76820231781876,0.0,0.0,0.0,0.0,0.0,0.0,0.0,487.5156962577346,-181.00809001288758,186.05291439472418,404.0833675114564,164.64796956243163,31.697932803319873,0.27921406998708864,1735.1887573418737,3283.9425748611584,280.54056586865516,-56.53251509097572,109.11057757192566,-15.108513064028557,37.04628794362088,0.0,0.0,0.0,0.0,0.0,0.0,0.0,0.0
-767.1574036499308,-1007.8627881046971,320.99003555585034,420.21545185907314,312.26163330173733,75.4843947461876,-581.2581530048114,97.6279830855326,100.0,-1384.0381985543218,-168.82869812758713,0.0,93.32943079350066,-1682.1021430506903,-3336.8578842574843,100.0,235.12934927732545,-102.52288870127813,0.0,49.63336615015362,0.0,0.0,0.0,0.0,0.0,0.0,0.0,552.2255468321993,-97.62798308553283,201.55025176538024,-26.5647166142719,168.82869812764852,30.251247842679305,6.785602239013513,1726.6051950835065,3336.8578842574843,272.3007439519279,129.9823953288194,102.52288870127813,-17.82941712368995,42.59056325742772,0.0,0.0,0.0,0.0,0.0,0.0,0.0,0.0
-599.626089063263,-1037.0483283441918,361.03920935583096,-304.15804910958457,2078.7240373839018,84.47869966478777,-633.0326145452275,12.223104749368758,100.0,415.1586971564808,-172.7459925456617,0.0,100.0,-1706.242603426872,-3386.4389184955066,100.0,-632.6231796723505,-95.77522685192207,0.0,52.35079742625944,0.0,0.0,0.0,0.0,0.0,0.0,0.0,664.03292326631,-12.223104749368986,216.26549446248563,748.9717873900128,172.74599254560712,28.571581285293917,1.9641252278287573,1667.3980041465427,3386.438918495506,262.7339386771972,-501.3299415552399,95.77522685192207,-20.413006977599082,53.03508079175968,0.0,0.0,0.0,0.0,0.0,0.0,0.0,0.0
-591.9265046882965,-1245.7169738520092,405.2258905324422,266.0385838958405,244.0931409929533,92.01029079637237,-765.8125842393575,-75.07328233628323,100.0,634.8400880311124,-176.39374041319684,0.0,94.1186647354087,-1654.3123886345952,-3432.6083131365294,100.0,-832.5485393312147,-88.87812082931077,0.0,43.03030407043306,0.0,0.0,0.0,0.0,0.0,0.0,0.0,709.9601277057991,75.07328233628095,230.08531226052668,1610.898657674187,176.39374041316955,26.671869172633933,2.4145751763366317,1683.5519214852056,3432.6083131365294,251.91382930491,-373.43141103199514,88.87812082931077,-22.839384970870498,60.7649004979931,0.0,0.0,0.0,0.0,0.0,0.0,0.0,0.0
-388.6148179493253,-1391.5880803230832,452.78500495438385,2338.319601945762,1526.5849723274619,97.94876175175602,-881.6165871142625,-164.12496407079743,100.0,613.2982975760257,-179.76624991745325,0.0,91.91393970113579,-1577.4882513066807,-3475.294027139938,100.0,-256.9179584695223,-81.84233262642465,0.0,40.21440728290521,0.0,0.0,0.0,0.0,0.0,0.0,0.0,903.1604803274963,164.12496407079516,242.90327109655095,138.6119981740785,179.76624991745666,24.56674223873037,3.624104661360819,1592.6705691649918,3475.294027139938,239.92374748378393,156.82131431562766,81.84233262642465,-25.089864224134857,51.04694091205412,0.0,0.0,0.0,0.0,0.0,0.0,0.0,0.0
-259.5954425304352,-1492.7141380384126,502.89308620184687,1872.0225732382257,-175.19663254681745,102.19129035949635,-963.0658307991298,-254.79298745576102,100.0,-208.54597775328386,-182.85825871743896,0.0,83.22383441619972,-1480.4728307564428,-3514.4294552734136,100.0,-302.5501924518369,-74.67884063069505,0.0,36.65231298741932,0.0,0.0,0.0,0.0,0.0,0.0,0.0,925.5366336471614,254.79298745576284,254.62065277777083,1287.0840398840023,182.85825871743896,22.272413230804347,13.928011388931324,1564.607398074887,3514.4294552734136,226.85603546767481,290.06442523837563,74.67884063069505,-27.147112551540715,76.207214486562,0.0,0.0,0.0,0.0,0.0,0.0,0.0,0.0
-140.88990637483286,-1612.6764013307295,554.6825335473995,1292.2774071817478,-344.4890050243373,104.66441898931635,-969.1923372078888,-346.9358774121499,100.0,-119.74922825727162,-185.66494215531634,0.0,94.21415230667597,-1496.4326703770994,-3549.953532041309,100.0,-835.8177999222482,-67.39882249394668,0.0,26.47364745884839,0.0,0.0,0.0,0.0,0.0,0.0,0.0,955.8896322144642,346.9358774121497,265.14721526498266,-911.7663321506058,185.66494215528223,19.806552045930346,12.119396876537039,1444.0966139357656,3549.9535320413083,212.81133493679357,-2661.69254693468,67.39882249394668,-28.99528594550418,72.86551934138978,0.0,0.0,0.0,0.0,0.0,0.0,0.0,0.0
2.7519081492828352,-1677.4588170863974,607.256634104186,-672.0464710006568,703.8810389943876,105.32532644058051,-1131.1266269606676,-440.40985753290875,100.0,-78.95151691762408,-188.18192078457628,0.0,83.97777522099913,-1419.5007933018735,-3581.810826969015,100.0,34.43781607701567,-60.01363769111549,0.0,31.740116774500635,0.0,0.0,0.0,0.0,0.0,0.0,0.0,1110.0324523411791,440.4098575329084,274.40188767644224,198.7016127756658,188.18192078457628,17.18814964537529,2.005311470026472,1446.7902557490854,3581.810826969015,197.89781190043874,-93.04260210406596,60.01363769111549,-30.62015060018055,73.25062642973243,0.0,0.0,0.0,0.0,0.0,0.0,0.0,0.0
37.77095146155462,-1960.248556671529,659.7050890391321,-1187.407757723029,-1912.333642848821,104.16256937391836,-1111.4292902650354,-535.0690744263941,100.0,1161.928994324602,-190.40526720360162,0.0,89.27612073042947,-1365.244936270004,-3609.9516310946633,100.0,-402.75028322416574,-52.53480979542928,0.0,22.76053811798961,0.0,0.0,0.0,0.0,0.0,0.0,0.0,1091.0618744413823,535.0690744263939,282.3133946595758,-605.9285306653487,190.40526720366472,14.437371794724356,17.534456493229534,1383.4031138954845,3609.9516310946633,182.2303236507179,-84.74722508970899,52.53480979542928,-32.009192533874256,71.25307141264146,0.0,0.0,0.0,0.0,0.0,0.0,0.0,0.0
476.88595447195746,-1968.1399217937935,711.1197750212056,-1683.5313817263054,1069.6283325318655,101.19628044748083,-1212.618459666854,-630.7658253007152,100.0,986.7388624731086,-192.3315121834895,0.0,76.39052808174685,-1315.4958766719383,-3634.3320345331736,100.0,593.833931091508,-44.9740084973223,0.0,20.914323559896342,0.0,0.0,0.0,0.0,0.0,0.0,0.0,1185.7189261423894,630.765825300717,288.8208053219072,707.9280696756359,192.3315121835202,11.575403756113474,15.019088074551805,1342.488881887183,3634.3320345331736,165.92953418299317,-308.98831337778915,44.9740084973223,-33.151713966139056,88.96873031068128,0.0,0.0,0.0,0.0,0.0,0.0,0.0,0.0
383.4830476515792,-2251.7908625035166,760.6104680017486,-416.2626261573169,-1247.597170716283,96.47781972871428,-1252.5907255387697,-727.3507884337671,100.0,1597.2316974673004,-193.95765008193507,0.0,72.26061990239516,-1248.692748703839,-3654.913994991641,100.0,-917.5926745466018,-37.34303139559643,0.0,21.111345813070898,0.0,0.0,0.0,0.0,0.0,0.0,0.0,1229.8202937377566,727.3507884337646,293.8740024935711,585.330814759725,193.95765008193507,8.624287128851051,18.736789595330855,1200.41594148056,3654.913994991641,149.12098489569155,1668.282814160757,37.34303139559643,-34.038915707302806,85.72705741031054,0.0,0.0,0.0,0.0,0.0,0.0,0.0,0.0
550.7598023116473,-2190.7724886778306,807.3202570761314,97.66023932662165,-2313.882976811444,90.08888541579608,-1344.6327310745653,-824.6732561694034,100.0,-225.01151090949065,-195.28114353253727,0.0,72.39338796767129,-1239.3019121969628,-3671.665397129135,100.0,777.8392719484771,-29.65378558874818,0.0,10.738738744238086,0.0,0.0,0.0,0.0,0.0,0.0,0.0,1374.4483173633346,824.6732561694009,297.4340687073657,103.95935705323154,195.28114353253727,5.606750094850668,29.12814381463206,1250.181417852036,3671.665397129135,131.93412772654312,-252.80896321891873,29.65378558874818,-34.663964925894106,94.40298513843594,0.0,0.0,0.0,0.0,0.0,0.0,0.0,0.0
713.5423105561841,-2379.1962109986234,850.4403815420825,192.91635597345817,1097.4196289122756,82.14009926708627,-1415.8178095211056,-922.5813700761896,100.0,-64.07787717248311,-196.29992740428975,0.0,71.14177945305104,-1147.2344648366209,-3684.5601026683166,100.0,-2504.682704538809,-21.918269095669984,0.0,14.493691369549255,0.0,0.0,0.0,0.0,0.0,0.0,0.0,1427.6306161708783,922.5813700761892,299.47358592370114,-324.0730364261583,196.29992740425735,2.5460323763229553,32.03051121434761,1137.008394974907,3684.5601026683166,114.50132817157828,10.029295871512431,21.918269095669984,-35.02204777205982,82.096407291236,0.0,0.0,0.0,0.0,0.0,0.0,0.0,0.0
873.771849178293,-2403.6442921837674,889.2242342571631,1652.9772487926357,-111.12654547786406,72.76909123125051,-1473.0467733521812,-1020.9223579017447,100.0,1474.4767804381331,-197.01241202426502,0.0,69.64332445738681,-1020.1254739166542,-3693.5779911806508,103.0431541347862,-32.10721565366839,-14.148552134395231,35.110406451685066,3.402701841771515,0.0,0.0,0.0,0.0,0.0,0.0,0.0,1483.6904448954806,1020.9223579017444,299.9768466920907,-260.2871104398457,197.0124120241985,-0.5342937461745123,34.63593816955618,1004.2269727672716,3693.5779911806508,100.0,-1958.9487895032403,14.148552134395231,0.0,95.6079645462256,0.0,0.0,0.0,0.0,0.0,0.0,0.0,0.0
810.0730892697741,-2581.397638372661,923.0002888329996,-19.210046286132183,16.59306989303559,62.13811644122018,-1548.2652471824088,-1119.5427719529957,100.0,644.6333041812773,-197.41748565713806,0.0,60.359336616519684,-941.8754956692272,-3698.704991481586,120.56419942747215,158.76618063679643,-6.356758288054607,34.92836046569195,8.401060621762882,0.0,0.0,0.0,0.0,0.0,0.0,0.0,1526.7666294230949,1119.5427719529955,298.9399751229179,-94.02177945300309,197.41748565706985,-3.6105049769264497,32.7600622512053,994.6454260434116,3698.704991481586,100.0,-1571.7408071790755,6.356758288054607,0.0,87.48573579623962,0.0,0.0,0.0,0.0,0.0,0.0,0.0,0.0
973.0410262898022,-2722.021362939307,951.1837268373145,1375.587200763831,2038.1518774463098,50.43124583392,-1606.8458527954167,-1218.2887285303873,100.0,716.6704882251304,-197.51451624083643,0.0,46.85990303354933,-908.707579055225,-3699.933103586722,137.92686844281286,-20.40320903354086,1.444954412243078,34.477311850939145,11.441579585875527,0.0,0.0,0.0,0.0,0.0,0.0,0.0,1536.2356433284995,1218.288728530387,296.37095673780664,-85.49161094372266,197.51451624087395,-6.658909711268848,45.13652770834808,880.6550065585637,3699.933103586722,100.0,160.44015498735178,-1.444954412243078,0.0,94.72939855147796,0.0,0.0,0.0,0.0,0.0,0.0,0.0,0.0
1036.5859370085454,-2738.6629092247194,973.2865636834833,-311.7276304738948,-778.2412870648432,37.851179037871816,-1666.8781825521023,-1317.0061480423662,100.0,-588.4793173177377,-197.3033523724814,0.0,52.163775787675554,-780.7192815647198,-3697.2604111946935,154.9974416604776,-1671.7906732111567,9.244412458335773,33.76073438236048,7.3407069026103215,0.0,0.0,0.0,0.0,0.0,0.0,0.0,1640.6596263521785,1317.006148042368,292.2895769687019,104.46606076944363,197.303352372478,-9.65603049774785,40.71276344158211,824.5228024312297,3697.2604111946935,100.0,-1412.8674019852497,-9.244412458335773,0.0,94.88516659380979,0.0,0.0,0.0,0.0,0.0,0.0,0.0,0.0
1289.9229917129721,-2905.336251257683,988.926097882073,-494.9705450028489,-65.45875616413014,24.61573471289455,-1662.3702537371307,-1415.5409954255827,100.0,601.6473272199698,-196.7843235443695,0.0,52.467860746931464,-755.3112046225382,-3690.691084677293,171.6444491514814,1191.4351380340906,17.029445860162014,32.78414681950281,0.0,0.0,0.0,0.0,0.0,0.0,0.0,0.0,1755.0106116949044,1415.5409954255847,286.7272687793102,-240.5730938953502,196.7843235443661,-12.578784850972227,54.1173742932996,662.7676126126769,3690.691084677293,100.0,-561.1192456200092,-17.029445860162014,0.0,87.35416359303878,0.0,0.0,0.0,0.0,0.0,0.0,0.0,0.0
1214.2507218139922,-3057.7531854778867,997.8315373590411,-323.85118152899395,-279.85233716971834,10.954079109985742,-1583.754663320963,-1513.7395204955892,100.0,1186.8402394993564,-195.95823963016983,0.0,38.62709858180936,-629.4829927651184,-3680.235374572179,187.73968310084783,-283.30983860181277,24.787907135355454,31.55507040350301,8.924634277332414,0.0,0.0,0.0,0.0,0.0,0.0,0.0,1674.2124894447131,1513.7395204955867,279.72687058245594,567.745387893508,195.95823963020052,-15.404663022594889,59.57547453898682,626.8944570331266,3680.235374572179,100.0,419.7521459036483,-24.787907135355454,0.0,98.58544125774459,0.0,0.0,0.0,0.0,0.0,0.0,0.0,0.0
1331.0321646427083,-3062.9138672609934,999.8486881086301,516.9925748506944,367.82115944892894,-2.897241847643386,-1786.0712224805302,-1611.448497853004,100.0,-1675.2989416892694,-194.82638962114493,0.0,35.55634147899874,-575.7082469197433,-3665.909595588311,203.15918520692028,-288.9496705703493,32.50769026373064,30.08297093185263,13.406999855138489,0.0,0.0,0.0,0.0,0.0,0.0,0.0,1648.563281614685,1611.4484978530036,271.34229631776384,-76.82966330586396,194.82638962114152,-18.111901361342575,60.5648823812424,517.8829597977164,3665.909595588311,100.0,-1725.7296748229892,-32.50769026373064,0.0,95.92848498994759,0.0,0.0,0.0,0.0,0.0,0.0,0.0,0.0
1538.0520594708719,-3082.378642343886,994.942623998885,217.9422885433837,1274.6835197541373,-16.69839825951101,-1721.8308146614534,-1708.515465970864,100.0,218.24589633004166,-193.39053961482819,0.0,38.29929612526325,-407.9773786118016,-3647.736101149067,217.78420135283363,-153.95090534909514,40.17674957705594,28.37918585705168,3.193262784073024,0.0,0.0,0.0,0.0,0.0,0.0,0.0,1772.144338422809,1708.5154659708637,261.6381202305789,685.3733985981319,193.3905396148316,-20.679649926929642,68.96774805660172,480.4175907939992,3647.736101149067,100.0,-336.14034413371996,-40.17674957705594,0.0,82.43057674440291,0.0,0.0,0.0,0.0,0.0,0.0,0.0,0.0
1695.136537699275,-3171.8638476480837,983.1982915031979,1288.4108621575774,-369.13025886895184,-30.210428803536615,-1757.154032422618,-1804.7889650900127,100.0,1046.903622904482,-191.65293005927197,0.0,28.170578024239898,-341.6108109358209,-3625.743248512784,231.50209619766576,549.3206731050386,47.783118554727935,26.45683697061358,15.909403149550624,0.0,0.0,0.0,0.0,0.0,0.0,0.0,1739.4098541129592,1804.7889650900124,250.68907954997863,-249.87584066590102,191.65293005926856,-23.088133067013104,80.80998869805919,316.7201203118447,3625.743248512784,100.0,-2561.741292356483,-47.783118554727935,0.0,88.99030968774827,0.0,0.0,0.0,0.0,0.0,0.0,0.0,0.0
1588.4368346177478,-3262.0783384992633,964.8190388872147,605.1236988179085,-807.3956050927563,-43.199378252586484,-1777.9656949124167,-1900.1187735514095,100.0,-485.2193453371581,-189.61627225695565,0.0,19.58730398323749,-227.8067453969757,-3599.965354525117,244.20722064351722,346.46510200484386,55.31492849579763,24.330729344891466,9.816778153800673,0.0,0.0,0.0,0.0,0.0,0.0,0.0,1755.262207136969,1900.1187735514093,238.57949889601952,-1514.6758933896024,189.61627225695565,-25.318801720369635,80.07648260579855,285.230470047079,3599.965354525117,100.0,-191.54617398475494,-55.31492849579081,0.0,83.54849908217673,0.0,0.0,0.0,0.0,0.0,0.0,0.0,0.0
1765.2318810939319,-3293.772226891064,940.1230953176114,-294.48274093625287,-164.75054743392775,-55.44034831261797,-1763.3908573593349,-1994.356142196525,100.0,-138.19307409215412,-187.28374413455754,0.0,25.564735022780468,-229.87193991141666,-3570.442642072289,255.8017254976673,1730.8769002404188,62.76042703854955,22.01723731102092,24.12235952496439,0.0,0.0,0.0,0.0,0.0,0.0,0.0,1774.3007570900368,1994.3561421965246,225.40264084918465,109.51749145692133,187.28374413455413,-27.35447627354432,82.1238374861893,123.76474256416758,3570.442642072289,100.0,600.5266885636125,-62.76042703854273,0.0,88.89489680169281,0.0,0.0,0.0,0.0,0.0,0.0,0.0,0.0
1783.2371155920066,-3369.535403625643,909.5380608555419,-1587.9232343313095,737.023531138716,-66.72139164371174,-1813.6686409801703,-2087.354026470076,100.0,61.087635950570984,-184.65898528393154,0.0,12.493463493699977,-29.47312679949112,-3537.2211773187714,266.1963150633409,198.74488411714708,70.1079964984524,19.53417835114294,14.858905127379092,0.0,0.0,0.0,0.0,0.0,0.0,0.0,1802.5129116829105,2087.3540264700755,211.25998768365383,1303.6914718758385,184.65898528393836,-29.179478870525344,89.74863300759282,7.214355033811103,3537.2211773187714,100.0,91.28822647549799,-70.10799649845922,0.0,82.91868790833274,0.0,0.0,0.0,0.0,0.0,0.0,0.0,0.0
1881.987324175313,-3317.3070402124326,873.5935027382084,779.5225001005872,-376.4507334234395,-76.84718164071796,-1740.8454579169609,-2178.967315863041,100.0,-285.211322121678,-181.7460912830711,0.0,11.711166728295236,-23.07324480513763,-3500.3527978273055,275.31093485527936,-47.16357041710232,77.34617199589366,16.90067587610855,20.902737091334327,0.0,0.0,0.0,0.0,0.0,0.0,0.0,1755.5571789948474,2178.967315863041,196.26045979615967,-956.4998874353546,181.7460912830711,-30.779754156585994,84.14213682191725,34.671077374028,3500.3527978273055,100.0,-326.3841945257805,-77.34617199589366,0.0,77.36836220969663,0.0,0.0,0.0,0.0,0.0,0.0,0.0,0.0
1946.2991210762032,-3458.3126790838164,832.9117861409133,476.10807140083807,-1140.8719925905848,-85.64239443278495,-1746.4898353380956,-2269.053060337782,100.0,121.78403960543505,-178.54960730571293,0.0,10.797804067119369,105.59977209236398,-3459.8950316734677,283.0753881436193,155.73728717602597,84.46365934569712,14.13701194551436,31.95172797512066,0.0,0.0,0.0,0.0,0.0,0.0,0.0,1764.9052971953558,2269.053060337782,180.5195768497517,669.9186186968097,178.54960730572657,-32.14297752639169,89.939182571913,-97.6676622219347,3459.8950316734677,100.0,-64.81376741458064,-84.46365934569712,0.0,73.00775855881352,0.0,0.0,0.0,0.0,0.0,0.0,0.0,0.0
1852.719666602766,-3455.783573359449,788.1972981811538,637.1894556108646,-480.1223178841815,-92.95474454363102,-1788.2656606111786,-2357.47069338206,100.0,457.4952467676246,-175.07452102897332,0.0,7.075312216152899,189.85902574200762,-3415.911007680961,289.4298765777485,333.6808194985821,91.44935268001291,11.264471064344264,20.649453189691823,0.0,0.0,0.0,0.0,0.0,0.0,0.0,1803.0254638411384,2357.47069338206,164.15856809295954,1510.8250141040207,175.07452102897332,-33.25865004251227,90.64931893428108,-257.22774225488206,3415.9110076809616,100.0,-938.5129592492773,-91.44935268001973,0.0,67.10876966406704,0.0,0.0,0.0,0.0,0.0,0.0,0.0,0.0
2016.9353531415554,-3547.317275241552,740.22425174664,51.79778239507982,2728.4592295096763,-98.65762165179206,-1828.2347329142192,-2444.0822513439316,100.0,-890.304878475855,-171.3262548506782,0.0,1.2568562098824136,287.08949471459755,-3368.4693569176893,294.32546072648825,62.8555666210022,98.2923517775339,8.305176259214022,25.736253047097883,0.0,0.0,0.0,0.0,0.0,0.0,0.0,1784.370713006593,2444.082251343931,147.30343870627294,1181.355288371327,171.3262548506782,-34.11817929364261,99.9398444799203,-232.08582632758572,3368.4693569176893,100.0,127.04736270252369,-98.2923517775339,0.0,67.53595768067336,0.0,0.0,0.0,0.0,0.0,0.0,0.0,0.0
1893.188809247415,-3527.6896579369018,689.8232803189933,1715.57456605609,1098.2031282272965,-102.65228279596442,-1795.4340730948536,-2528.7525887051697,100.0,-742.0414157774098,-167.3106574288181,0.0,6.4650281300244945,400.7334285639134,-3317.644105606348,297.7244369877285,-988.4029983530852,104.98197907190388,5.281918696707066,37.34888798253042,0.0,0.0,0.0,0.0,0.0,0.0,0.0,1771.619242795447,2528.7525887051697,130.08399936653728,316.72369020348356,167.31065742882492,-34.71494556946766,88.03173426770347,-503.58993777876685,3317.644105606348,100.0,-2036.380011885571,-104.98197907190388,0.0,58.72078358060137,0.0,0.0,0.0,0.0,0.0,0.0,0.0,0.0
2056.927888400777,-3463.4940101195198,637.8670558981203,-1209.4698235655176,-422.0312270718159,-104.86956206861407,-1688.1873256558429,-2611.3495889574215,100.0,1280.8084264095066,-163.03399455525323,0.0,7.0079408367439715,486.0105585796189,-3263.5145596166067,299.6006279647304,-243.98118891479527,111.50779631252362,2.217982155988807,41.74951129247133,0.0,0.0,0.0,0.0,0.0,0.0,0.0,1717.791099415734,2611.3495889574215,112.63286650310611,-882.0349931549424,163.03399455525323,-35.0443528427256,93.87752581632395,-490.08731074223317,3263.5145596166067,100.0,71.07582168287678,-111.50779631252362,0.0,61.88208541576935,0.0,0.0,0.0,0.0,0.0,0.0,0.0,0.0
1950.2664858780818,-3478.8627187686257,585.2551790470384,-852.8062974923353,-205.46425444542592,-105.27106819507651,-1733.3920898276115,-2691.7443707519988,104.91555905465205,-308.12255666928195,-158.5029393788659,35.10386416575287,4.748049604451438,490.51851909441564,-3206.1651807191056,299.9395840727399,344.14445457462534,117.85962085200481,-0.8630362924560586,59.79988500100449,0.0,0.0,0.0,0.0,0.0,0.0,0.0,1650.7250182658095,2691.7443707519988,100.0,1170.1772055859635,158.50293937885908,0.0,89.08765005629621,-627.5220176751969,3206.165180719106,100.0,-193.59066476596354,-117.85962085201845,0.0,55.5220480442763,0.0,0.0,0.0,0.0,0.0,0.0,0.0,0.0
1993.5268571829472,-3477.824511134371,532.8986026797579,1425.6972493842045,-879.570028091257,-103.84984926263371,-1719.8997433405375,-2769.811489001616,122.42612717249833,-1281.635001580687,-153.72456199292174,34.8930212089256,9.073330988502885,671.9439479640208,-3145.68545479441,298.73869482323505,643.118150665411,124.02754153483556,-3.937408020918838,49.050070400088515,0.0,0.0,0.0,0.0,0.0,0.0,0.0,1681.7685600070943,2769.811489001616,100.0,365.49502293282103,153.72456199292856,0.0,93.11095308950094,-649.6105164781097,3145.6854547944104,100.0,501.68475111152986,-124.02754153483556,0.0,41.38381845649032,0.0,0.0,0.0,0.0,0.0,0.0,0.0,0.0
1984.9121763939604,-3452.7215632854977,481.7038592878596,-975.9020427727,-145.70027215401524,-100.63051308998126,-1588.7288860725519,-2845.429130620356,139.7639792772869,-438.3911954638734,-148.70631840347414,34.41344779049615,0.0,700.6184801424818,-3082.169752202479,296.0072089287419,333.1047445025263,130.00193416245565,-6.981455591759982,57.39975775633395,0.0,0.0,0.0,0.0,0.0,0.0,0.0,1649.5414345162897,2845.429130620356,100.0,970.0228305059,148.70631840346732,0.0,89.99698116983197,-794.4780934405287,3082.169752202479,100.0,-91.89046107494107,-130.001934162442,0.0,41.620107388033475,0.0,0.0,0.0,0.0,0.0,0.0,0.0,0.0
1942.7609222540007,-3530.395938938708,432.55736470491763,-1196.0207295540931,-499.3675556444623,-95.66880115312244,-1581.037608640376,-2918.4793045963456,156.79558697744423,-493.4367645816985,-143.45603889488302,33.66883737072598,12.256630831760553,863.9688379889998,-3015.717180530619,291.76616307338355,-201.77904698680265,135.77347651036234,-9.971735110466966,65.57308377509298,0.0,0.0,0.0,0.0,0.0,0.0,0.0,1622.5281583808028,2918.479304596345,100.0,-565.0083961757025,143.4560388948762,0.0,93.52278654665231,-843.3503463306122,3015.7171805306193,100.0,375.6651161370638,-135.77347651036234,0.0,39.30734426874914,0.0,0.0,0.0,0.0,0.0,0.0,0.0,0.0
1996.286520284777,-3482.81736710677,386.31007018248954,850.2947820334339,1514.2859049736944,-89.0506234445246,-1587.0046835179146,-2988.8480261006553,173.38978043899488,219.19726412146588,-137.98191581184028,32.66492460639611,16.508367024503052,933.3998138347222,-2946.4314299495954,286.0482198977353,215.18937934664734,141.33316287415028,-12.88521678002212,74.10817139813251,0.0,0.0,0.0,0.0,0.0,0.0,0.0,1570.0003461569759,2988.8480261006553,100.0,2591.9647853396564,137.9819158118471,0.0,95.28380867404302,-901.8289361778225,2946.431429949596,100.0,-482.003301890594,-141.3331628741571,0.0,36.21092191329135,0.0,0.0,0.0,0.0,0.0,0.0,0.0,0.0
1897.2895483617147,-3425.599208897533,343.7627285207292,-1646.1501068819666,-213.85189645629453,-80.89057097730262,-1466.4101271781735,-3056.4254943450487,189.41875859702287,-15.54436911015273,-132.29249077654458,31.409441185149944,8.671357648610437,1010.0898115986396,-2874.420611419288,278.8974164457593,-344.4617833231126,146.67231812192767,-15.699462266151727,74.96126308861055,0.0,0.0,0.0,0.0,0.0,0.0,0.0,1475.7277708392471,3056.4254943450487,100.0,147.43488145610286,132.29249077654458,0.0,95.8857088106524,-996.9768971190168,2874.4206114192884,100.0,585.627696795533,-146.67231812191403,0.0,31.033855808627674,0.0,0.0,0.0,0.0,0.0,0.0,0.0,0.0
1852.2823324475396,-3408.4024218686836,305.65202936444547,124.85225462515928,12.889038226078355,-71.32993168905216,-1434.55352578993,-3121.1062639111406,204.7590734223795,527.2703737100676,-126.39664136043848,29.912056279436,17.95156799373966,1083.361874824328,-2799.797087996281,270.36882501116384,-347.9605139271564,151.78261123040102,-18.392797507328282,75.89492577894073,0.0,0.0,0.0,0.0,0.0,0.0,0.0,1486.71356701028,3121.1062639111406,100.0,-1626.9149408062503,126.39664136043848,0.0,79.33220419683734,-1109.1786055025857,2799.7970879962813,100.0,-159.88572152493248,-151.7826112303942,0.0,26.43218443654416,0.0,0.0,0.0,0.0,0.0,0.0,0.0,0.0
1820.3103964225324,-3370.0254500257925,272.6378437262064,-1906.8146467106953,-1148.127139403996,-60.53424409959092,-1444.0484422819886,-3182.7894092835904,219.29258066325963,-1047.9926324183953,-120.30356723198793,28.184302078863084,24.652983172732018,1109.0816763192518,-2722.6772995066385,260.52812899520063,1787.1437405763993,156.6560682843965,-20.944479638705218,85.26741978809376,0.0,0.0,0.0,0.0,0.0,0.0,0.0,1411.8067468960367,3182.7894092835904,100.0,506.33424933923493,120.3035672319811,0.0,73.79743165630306,-1194.4032411816668,2722.6772995066385,100.0,-8.528486531836279,-156.6560682843965,0.0,19.958053375677885,0.0,0.0,0.0,0.0,0.0,0.0,0.0,0.0
1791.51698609732,-3254.143292561083,245.29179859236427,373.6754426568939,-1729.8819724334635,-48.690431079929226,-1317.5312796278222,-3241.3786823305927,232.90734973944848,-423.0107190416584,-114.02277580221607,26.239484974468752,19.66562065616736,1279.4103765127966,-2643.181580857451,249.4511170424492,812.4631470613872,161.28508491945695,-23.33485674445754,87.29062907729762,0.0,0.0,0.0,0.0,0.0,0.0,0.0,1382.4633085500504,3241.3786823305927,100.0,79.45512834836677,114.02277580220925,0.0,81.82829006795524,-1256.2621707333183,2643.1815808574515,100.0,-1005.5389967158465,-161.28508491946377,0.0,9.87062492378488,0.0,0.0,0.0,0.0,0.0,0.0,0.0,0.0
1580.4882623523486,-3167.66574614729,224.08737943791277,-681.8020254053238,-452.1505078850737,-36.003563359854525,-1226.0130595863357,-3296.7826624859435,245.49852578164618,-716.758823299615,-107.56406738890519,24.09258307875902,29.63143245530347,1292.9992576548973,-2561.4339742706434,237.2230993505378,472.42005233868326,165.66243818644352,-25.545519207933012,87.92668519185825,0.0,0.0,0.0,0.0,0.0,0.0,0.0,1294.8288898095184,3296.782662485943,100.0,-617.3892923976666,107.56406738890519,0.0,79.23874827041152,-1291.9414678575895,2561.433974270644,100.0,-1148.6321407044773,-165.66243818642988,0.0,7.51162143462998,0.0,0.0,0.0,0.0,0.0,0.0,0.0,0.0
1507.9160930977678,-3161.4988201842957,209.3917320210826,887.1867375230659,118.9932381215317,-22.693308813072406,-1180.6113709190558,-3348.914899398379,256.969137176833,-974.3282899922451,-100.93751992533953,21.760130871055594,28.07055560529706,1463.5792553828023,-2477.562035731985,223.93825064910612,1288.3949979037232,169.78129782293763,-27.559441494418166,96.34547365629294,0.0,0.0,0.0,0.0,0.0,0.0,0.0,1142.640360310832,3348.914899398379,100.0,198.59406950723724,100.93751992533953,0.0,71.38244863698081,-1409.3797627067247,2477.5620357319854,100.0,1312.8843580626312,-169.7812978229308,0.0,6.460796869409133,0.0,0.0,0.0,0.0,0.0,0.0,0.0,0.0
1394.4741504844233,-3147.8512998056262,201.45930540620742,-884.513218339514,251.1575166071384,-8.990128998672446,-1082.9851496545946,-3397.6940478255383,267.23084240030875,-718.5373821337964,-94.15347323466676,19.260091856288,28.777939225058088,1450.3330991233452,-2391.696635957407,209.69888490811184,959.6362085958822,173.63523691050887,-29.36111327414409,92.94270992848539,0.0,0.0,0.0,0.0,0.0,0.0,0.0,1104.7390724956317,3397.694047825538,100.0,219.0698966070238,94.15347323466676,0.0,59.57972194272748,-1411.4794749294717,2391.696635957407,100.0,-199.68098324787093,-173.63523691050204,0.0,2.922655538342605,0.0,0.0,0.0,0.0,0.0,0.0,0.0,0.0
1254.5337068227095,-2965.5627401938955,200.42744628328143,-5.9073047912352195,549.0221679438218,4.868711185565928,-993.6701282799088,-3443.043994562117,276.20461038265444,1132.1222089051385,-87.22251289603037,16.61172021809847,39.579456831202194,1460.1640332832208,-2303.9717561870966,194.61466736134003,62.919103233768965,177.21824190301277,-30.936658875903333,89.98361110845815,0.0,0.0,0.0,0.0,0.0,0.0,0.0,1008.4537726866407,3443.043994562117,100.0,-756.5835254545584,87.22251289603037,0.0,56.24825846876894,-1484.1626962931834,2303.9717561870966,100.0,-503.91991558921063,-177.21824190301277,0.0,0.0,0.0,0.0,0.0,0.0,0.0,0.0,0.0,0.0
1252.6153490165336,-2884.923254667146,206.31402086676343,139.17987003169742,-351.8223772597753,18.64325164686619,-910.4028364181496,-3484.893977204149,283.8213291717218,216.69267751155473,-80.1554537273978,13.835412531753946,43.70164579090592,1505.055819409399,-2214.524279126038,178.80176991376186,1131.267848065031,180.52472201016826,-32.27394415137297,100.0,0.0,0.0,0.0,0.0,0.0,0.0,0.0,936.0465938892296,3484.8939772041485,100.0,-850.6252819342461,80.1554537273978,0.0,54.76677947884582,-1599.9895209928047,2214.5242791260384,100.0,-1498.0298797013313,-180.52472201016826,0.0,5.49778626005051,0.0,0.0,0.0,0.0,0.0,0.0,0.0,0.0
1223.7123830011067,-2773.933303524024,219.017105549451,-1486.725912911553,511.7228521173911,32.094991907322594,-953.0999930042568,-3523.1786945640647,290.02233820201377,154.55814775223473,-72.96332291029557,10.95255067877929,47.979470171915374,1541.2542278261465,-2123.4937753572613,162.38197643742518,1344.4458696159847,183.5495179209306,-33.36266992670858,88.34417641020099,0.0,0.0,0.0,0.0,0.0,0.0,0.0,863.2969335472881,3523.1786945640647,100.0,438.70025880881656,72.9633229103024,0.0,47.49689240811347,-1557.6313735289323,2123.4937753572617,100.0,-1083.484739929637,-183.5495179209306,0.0,8.884095348271474,0.0,0.0,0.0,0.0,0.0,0.0,0.0,0.0
1046.5455657545028,-2750.7742958633703,238.31675166763847,-853.6036508672254,-1606.2784961406533,44.991020641148225,-788.5689178727704,-3557.838408564304,294.7598800721564,1011.445716552654,-65.65734278345644,7.985337173305709,52.676905793697834,1592.8149363104096,-2031.022285560954,145.48174484646884,-721.4811552508979,186.2879098538292,-34.194451322375556,90.6078303197589,0.0,0.0,0.0,0.0,0.0,0.0,0.0,758.954755335603,3557.838408564304,100.0,-574.8639699977383,65.65734278345644,0.0,49.908867901807064,-1564.5437322875305,2031.0222855609545,100.0,-193.81321037840848,-186.2879098538292,0.0,7.593984975792675,0.0,0.0,0.0,0.0,0.0,0.0,0.0,0.0
890.1203618696414,-2710.1992590743157,263.87879382136276,-671.5881529570021,189.4466821011065,57.10804843814941,-689.5707538925748,-3588.8190374504147,297.99746835106765,223.19277817825196,-58.24891333205642,4.95662416821915,62.717467481522974,1677.0426703772548,-1937.2540988793985,128.2312331747657,-175.58630102233678,188.73562492214205,-34.762882329644995,94.03245668632128,0.0,0.0,0.0,0.0,0.0,0.0,0.0,681.7212023758359,3588.8190374504147,100.0,-507.68263466195776,58.24891333205642,0.0,42.44209541829141,-1658.7990031110794,1937.254098879399,100.0,-442.94355027581446,-188.73562492214887,0.0,8.304251981902322,0.0,0.0,0.0,0.0,0.0,0.0,0.0,0.0
824.2295737967412,-2558.6673044428658,295.26063581027273,-3231.1599676105247,760.7079977787248,68.23627396744257,-670.5156878775697,-3616.0722401782705,299.7101685801514,-225.00594796849043,-50.749594399328544,1.8897374580600967,55.54631915388765,1680.5231189575165,-1842.3355277734172,110.76329715688975,341.969399319197,190.88884380031573,-35.06358514683477,96.43775921706745,0.0,0.0,0.0,0.0,0.0,0.0,0.0,660.2980229308341,3616.0722401782705,100.0,-1380.5011309876193,50.749594399328544,0.0,24.94628887812638,-1738.8364672681168,1842.3355277734172,100.0,-449.59896400792786,-190.88884380031914,0.0,5.613970305256034,0.0,0.0,0.0,0.0,0.0,0.0,0.0,0.0
814.8411339417497,-2495.016812611271,331.91891400399334,-17.797716246199116,601.6519830000334,78.18301660101298,-493.3272359117868,-3639.5554918436583,299.8847903073579,-5.552876388005075,-43.1710876492366,-1.191703165800675,63.60404633315063,1679.3984139172835,-1746.4146797217713,100.0,327.35277365832985,192.7442066841479,0.0,89.62737778595113,0.0,0.0,0.0,0.0,0.0,0.0,0.0,491.0355609334212,3639.5554918436583,100.0,-443.43898734053255,43.1710876492366,0.0,25.00647115553273,-1664.3883713879943,1746.4146797217716,106.7875329674013,504.5777842603809,-192.7442066841479,35.09424389517953,0.0,0.0,0.0,0.0,0.0,0.0,0.0,0.0,0.0
654.7576251603238,-2332.8984171761876,373.2189054589297,-508.8674753318719,-544.9394275258601,86.77605259910735,-375.86916414177347,-3659.232150036598,298.51998867415284,1288.2947757374243,-35.52521830745263,-4.2639658242461564,71.87820471152659,1754.6331566270717,-1649.641226119638,100.0,858.4711395775741,194.29881853295228,0.0,85.77592681347886,0.0,0.0,0.0,0.0,0.0,0.0,0.0,386.3478157533005,3659.232150036598,100.0,-676.270211978318,35.52521830745263,0.0,24.50421174943333,-1696.1072620108393,1649.6412261196383,124.28608854497148,-962.7911785621598,-194.29881853295228,34.854622454695985,7.3403141041706075,0.0,0.0,0.0,0.0,0.0,0.0,0.0,0.0
408.08291385584477,-2179.5852195381703,418.44551788383706,31.797071934312555,980.9144806484233,93.86659709311289,-336.5802005148224,-3675.071512016822,295.6262747730175,-85.42997742865026,-27.823916709867262,-7.303389322752878,77.92348138798144,1794.3684186920918,-1552.166168736811,100.0,64.27636510730053,195.5502535871915,0.0,72.48863104387323,0.0,0.0,0.0,0.0,0.0,0.0,0.0,345.3790574105843,3675.071512016822,100.0,841.258605128718,27.823916709867262,0.0,31.89254699399283,-1840.6254582905167,1552.1661687368112,141.59760351789302,257.841318584816,-195.5502535871915,34.34656628265145,24.841655785132218,0.0,0.0,0.0,0.0,0.0,0.0,0.0,0.0
354.3571255450512,-2134.8789213389136,466.81567116744134,948.9459045808911,345.1405879274432,99.33188023429636,-226.1479507494404,-3687.04886262121,291.22593469570927,599.6781641102195,-20.079199686776974,-10.286565379344381,74.53959628464307,1856.5045788467658,-1454.1416041000505,100.0,654.193345052247,196.4965591532291,0.0,79.1916308538267,0.0,0.0,0.0,0.0,0.0,0.0,0.0,219.21766417634257,3687.04886262121,100.0,-383.497623857648,20.079199686776974,0.0,24.82797786024195,-1807.9556663717867,1454.1416041000507,158.58875233141924,819.8399095495711,-196.4965591532257,33.57398820078103,13.075212298541128,0.0,0.0,0.0,0.0,0.0,0.0,0.0,0.0
205.77431225171074,-1998.0525789042283,517.4918560870767,1598.5260245105565,493.3033992764365,103.07727290263074,-170.15245489876452,-3695.145512828429,285.3528578957398,-729.9092861329365,-12.30315181233209,-13.19051890469865,87.16943631488601,1816.278959959425,-1355.720486167221,100.0,691.3817035865759,197.1362586502073,0.0,85.58997382795941,0.0,0.0,0.0,0.0,0.0,0.0,0.0,76.73433930687585,3695.145512828429,100.0,332.6394047148127,12.30315181233209,0.0,18.509780137431765,-1755.7522892945242,1355.7204861672212,175.12867674784184,-150.60175246415383,-197.1362586502073,32.54283826027631,24.705647856997693,0.0,0.0,0.0,0.0,0.0,0.0,0.0,0.0
61.18933080264942,-1840.3004599123722,569.5966354349096,42.80597547086657,483.63025052451235,105.03792517130421,-104.04580293054269,-3699.3488289206043,278.05227618694255,239.20967839964874,-4.507906548235496,-15.992884946050197,85.0078792553598,1783.4433745777767,-1257.0563876634744,100.0,-499.74752022316466,197.4683539144189,0.0,79.63897317150227,0.0,0.0,0.0,0.0,0.0,0.0,0.0,26.0775876495603,3699.3488289206043,100.0,356.26798818877404,4.507906548235496,0.0,17.73079901532629,-1827.8083031100582,1257.0563876634747,191.0899936581876,86.62860993841718,-197.46835391442232,31.26105791735398,27.63075825604564,0.0,0.0,0.0,0.0,0.0,0.0,0.0,0.0
-120.26645121281099,-1605.3633609054277,622.2278364807249,-838.4689103292632,430.7900694413752,105.17988915621743,38.76893739108439,-3699.6522521965067,269.3804153882501,-109.96722494300928,3.294372688949352,-18.67208093204738,90.74796768990427,1877.2552345320653,-1158.3032604520204,100.0,767.1809325136553,197.4923267565248,0.0,72.10920838304767,0.0,0.0,0.0,0.0,0.0,0.0,0.0,-87.94203858749215,3699.6522521965067,100.0,661.57511174467,-3.294372688949352,0.0,9.97152819486174,-1838.010952269408,1158.3032604520206,206.34977613001246,1357.973316776438,-197.49232675652138,29.738518871604498,34.110472539508436,0.0,0.0,0.0,0.0,0.0,0.0,0.0,0.0
-228.2014600270518,-1583.5883587551473,674.474171720072,-630.9303269219577,-315.14842745737724,103.50070680957799,107.00707464383575,-3696.0553092055166,259.4040622975533,615.3747711503048,11.091511507045198,-21.207472892079977,87.37657990120198,1851.7830840838906,-1059.6151953131923,100.0,-246.33413740224114,197.20813977009584,0.0,67.77844601694973,0.0,0.0,0.0,0.0,0.0,0.0,0.0,-204.5436129036791,3696.0553092055166,100.0,-1534.3335295830093,-11.091511507045198,0.0,7.3396821813574515,-1869.1268523949796,1059.6151953131925,220.7905001357213,-697.5233350727422,-197.20813977009584,27.986947038578194,29.837008832312087,0.0,0.0,0.0,0.0,0.0,0.0,0.0,0.0
-280.8760690245623,-1390.6257384191704,725.431017440953,-1519.0118743625942,79.24233518334745,100.02945248017852,267.8895088751786,-3688.563612486375,248.20005032961967,109.83850360619641,18.871343534854077,-23.579534369925597,94.25589770742323,1729.8970400902967,-961.1461815068416,100.0,1556.0054858095396,196.61623639028903,0.0,70.46983029031897,0.0,0.0,0.0,0.0,0.0,0.0,0.0,-205.05772196291937,3688.5636124863754,100.0,-914.1369925174597,-18.871343534860898,0.0,13.576492147565132,-1809.8060277208224,961.1461815068419,234.300949670128,-147.93862117416552,-196.61623639028903,26.019832242103718,31.517330153985842,0.0,0.0,0.0,0.0,0.0,0.0,0.0,0.0
-417.012846442237,-1293.641213523719,774.216076909699,-257.85033880313676,1833.7780218783507,94.82622950265295,209.89470572215401,-3677.1888518095857,235.8546677794588,-814.4340828026541,26.621729406049326,-25.769996807733122,89.06960102300147,1806.4726549607917,-863.0498664931176,100.0,-5.47195876636124,195.71754020156106,0.0,57.713806578311235,0.0,0.0,0.0,0.0,0.0,0.0,0.0,-353.6089111366937,3677.1888518095857,100.0,-11.21470363980336,-26.621729406042505,0.0,3.926399625510467,-1707.3213722364046,863.049866493118,246.77707328643984,-159.50312021054742,-195.71754020155936,23.85232432152378,46.94824293190583,0.0,0.0,0.0,0.0,0.0,0.0,0.0,0.0
-629.8278947624868,-1049.3185027407553,819.9846569744448,549.9716370384704,896.5419667808555,87.98112953343946,418.87300564479347,-3661.94877593712,222.46299326841807,-823.2275915415382,34.330575700967074,-27.76199024234984,95.10672953739916,1817.7370790114505,-765.4793161865402,100.0,596.8845121750462,194.5134534964933,0.0,52.02198123870374,0.0,0.0,0.0,0.0,0.0,0.0,0.0,-367.3035872218111,3661.94877593712,100.0,1175.3957990271579,-34.330575700967074,0.0,0.0,-1778.26161267137,765.4793161865405,258.12278545402404,437.4692507681368,-194.5134534964933,21.50111645456917,53.58928018742089,0.0,0.0,0.0,0.0,0.0,0.0,0.0,0.0
-716.9303226360418,-1041.9210370052353,861.9442935781127,-2452.2104275475167,-597.0736136710758,79.61267265093852,559.3027104484653,-3642.867164927898,208.1281634911196,1411.59774509659,41.98585381687053,-29.540173230251128,100.0,1728.446874018384,-668.5867761175564,100.0,-1528.3978270652017,193.00585508835582,0.0,39.47745476374042,0.0,0.0,0.0,0.0,0.0,0.0,0.0,-481.62597731349365,3642.8671649278986,100.0,404.7575366749925,-41.98585381687053,0.0,11.43393163317327,-1719.3327646842376,668.5867761175567,268.250706566236,1903.227093326982,-193.00585508835582,18.984316593874837,53.26939938605832,0.0,0.0,0.0,0.0,0.0,0.0,0.0,0.0
-817.0587461949558,-880.681605975257,899.3684729462072,-136.75030993761766,335.0032795274768,69.8657552290058,573.7253283621036,-3619.9737930322535,192.96057890270885,463.1611083057521,49.57561873676241,-31.090851000407156,98.03581060145537,1657.9007309751416,-572.5234338741508,100.0,442.12707698717736,191.19709737855828,0.0,34.18472141827746,0.0,0.0,0.0,0.0,0.0,0.0,0.0,-558.927787635806,3619.9737930322535,100.0,98.21186476734738,-49.57561873676241,0.0,0.0,-1717.2045908152495,572.523433874151,277.0828358991158,-215.515688569875,-191.19709737855658,16.321308007639175,60.30641375473177,0.0,0.0,0.0,0.0,0.0,0.0,0.0,0.0
-912.2521970236917,-728.2510788730187,931.6092108726873,510.85322900315305,59.56932920224858,58.9091411164361,664.6107468967027,-3593.3043822332706,177.07705346386982,788.4603463784987,57.088027668116865,-32.40208092537415,95.89279986447539,1692.0011396881753,-477.43918319423017,100.0,-90.040103204135,189.09000268677232,0.0,35.92290123546495,0.0,0.0,0.0,0.0,0.0,0.0,0.0,-701.2817222127067,3593.3043822332706,100.0,-1747.972747819532,-57.088027668116865,0.0,0.0,-1551.8272878912405,477.4391831942304,284.55115233811955,-28.024540225128476,-189.09000268677062,13.532599998346768,62.70022195976476,0.0,0.0,0.0,0.0,0.0,0.0,0.0,0.0
-1037.6885726145133,-480.37226320216837,958.1082722988253,-512.0397592705808,782.4371909920105,46.93253956047329,768.9568486011962,-3562.9005465075156,160.5999149918861,-143.49373549719417,64.51135852183143,-33.463764498035715,93.97779936584578,1578.6098118641853,-383.4823900769293,100.0,-129.9702620392702,186.6878588466892,0.0,40.261026119686846,0.0,0.0,0.0,0.0,0.0,0.0,0.0,-754.3322922888287,3562.9005465075156,100.0,-34.235823849455755,-64.5113585218246,0.0,14.291851028713833,-1658.768860237391,383.4823900769295,290.59813824635387,83.3029187946056,-186.6878588466875,10.639669949285349,66.20813802605669,0.0,0.0,0.0,0.0,0.0,0.0,0.0,0.0
-1112.8758689247495,-334.9226850963313,978.4068369226417,1142.8448145192158,287.0240975970731,34.14332046957668,793.7557992893385,-3528.809726892093,143.65606304643592,-584.6362609112072,71.83402820302263,-34.26772510579141,90.27542339718468,1563.3080979917484,-290.7996612776826,100.0,1427.067064583764,183.9944140761321,0.0,25.476520672183888,0.0,0.0,0.0,0.0,0.0,0.0,0.0,-917.7055501596176,3528.809726892093,100.0,-1480.5212275545534,-71.83402820302263,0.0,11.161625408059033,-1561.0466227124782,290.79966127768284,295.17722243972435,1423.5107403934899,-183.9944140761321,7.664797915334134,71.26488410844802,0.0,0.0,0.0,0.0,0.0,0.0,0.0,0.0
-1273.3053592729982,-305.03445769857075,992.1534434829016,-1142.0184719183487,456.98667275886237,20.762923889194553,951.1312785023036,-3491.0851174593845,126.37599160587521,662.4409432167943,79.04461068485261,-34.8077710032247,92.78179048594406,1542.3128644525889,-199.53561554840053,100.0,-443.24142676759266,181.01387112815132,0.0,19.05704003093148,0.0,0.0,0.0,0.0,0.0,0.0,0.0,-959.9211331980356,3491.0851174593845,100.0,-1674.2525009315034,-79.0446106848458,0.0,13.385844740264428,-1606.9511512013626,199.53561554840076,298.253138857388,678.4398627547614,-181.01387112815132,4.630895031935722,81.421481871934,0.0,0.0,0.0,0.0,0.0,0.0,0.0,0.0
-1395.555223576736,-1.4744876245502496,999.1100751656577,1160.098665717312,-427.1822017950209,7.0230258587054095,976.9433303114614,-3449.785582314963,108.89278406091393,-1010.4425692801578,86.13185483716052,-35.07974299805646,85.88194540584357,1492.6116051971155,-109.83265797964714,100.0,-748.3663073695209,177.75088073320148,0.0,19.277311552511613,0.0,0.0,0.0,0.0,0.0,0.0,0.0,-1001.1035401632499,3449.7855823149634,100.0,347.05755499428165,-86.13185483716052,0.0,20.19466352232094,-1457.4155764927357,109.83265797964737,299.80219816520025,607.4291619178462,-177.75088073320148,1.5613270637595633,84.23710485864795,0.0,0.0,0.0,0.0,0.0,0.0,0.0,0.0
-1458.5140488538282,115.617452282299,999.1562807670709,-1080.9228476162423,832.9258230596687,-6.838472963354434,1160.2648509965131,-3404.9755637481812,100.0,569.1232510415102,93.08470198252508,0.0,82.77877460696386,1475.6198885110175,-21.830757796915123,100.0,210.93230612861817,174.21053434262717,0.0,10.999044168779958,0.0,0.0,0.0,0.0,0.0,0.0,0.0,-1121.6667469584622,3404.9755637481812,108.65891173421164,-20.455035981041192,-93.08470198251825,35.08154648349169,20.06738818061842,-1319.170749011658,21.83075779691535,299.8124702003835,1460.4117630045891,-174.21053434262717,-1.5202655479694727,83.06833207417962,0.0,0.0,0.0,0.0,0.0,0.0,0.0,0.0
-1553.722550791302,206.06239434354273,992.2912602562393,-347.51340671524076,595.9786142378496,-20.581566450989612,1191.08169690214,-3356.724981678774,100.0,-91.14383352969412,99.89230315166878,0.0,79.91176719881793,1360.0607829056858,64.33277004224328,100.0,313.58619351865514,170.39835618389702,0.0,15.66785440679283,0.0,0.0,0.0,0.0,0.0,0.0,0.0,-1215.0033349356788,3356.7249816787744,126.1439204593554,-684.187341888312,-99.8923031516756,34.813167569890666,19.72090480505091,-1419.9839061842217,-64.33277004224306,298.2838758523115,-401.42368402906527,-170.39835618389702,-4.590149753595938,82.15994149165537,0.0,0.0,0.0,0.0,0.0,0.0,0.0,0.0
-1642.5986562805776,427.2583073982742,978.6338786274071,-282.44753439868987,979.7663668048151,-33.968298617642176,1214.9992202111684,-3305.109124556362,100.0,-393.5733302187998,106.54403601178501,0.0,75.0391252181527,1237.537129691666,148.5234791094838,100.0,-1131.2601447411976,166.32029464074776,0.0,14.027659557103037,0.0,0.0,0.0,0.0,0.0,0.0,0.0,-1227.0400034708039,3305.109124556362,143.42758038839526,-83.25017026801106,-106.54403601177819,34.276673191743185,31.774869371927476,-1280.6051883550174,-148.52347910948356,295.2281876717843,958.9667937732338,-166.32029464075117,-7.624682676377574,86.13011865957894,0.0,0.0,0.0,0.0,0.0,0.0,0.0,0.0
-1749.0754220871436,533.9892499321872,958.4206078016877,-431.8195530309072,338.0588269811449,-46.76688372587478,1258.3708759086066,-3250.2085318830996,100.0,1266.7655578792028,113.02952144156734,0.0,65.45156549422099,1152.3817241609927,230.61000129096874,100.0,-696.6422922487959,161.98271297212273,0.0,10.305032400030463,0.0,0.0,0.0,0.0,0.0,0.0,0.0,-1280.3159211713812,3250.2085318831,160.37678049368807,-720.7668875322133,-113.02952144156734,33.4761951891123,39.175403635337865,-1237.27499354346,-230.61000129096828,290.6689392041007,1066.63015534034,-161.98271297212273,-10.600493699360811,98.10652966694451,0.0,0.0,0.0,0.0,0.0,0.0,0.0,0.0
-1706.4965740178432,760.4425849602862,932.0014322134393,-503.38431655840054,1321.4921761859368,-58.75571956151589,1419.4466850790725,-3192.1088685427794,100.0,-396.2528864953515,119.33863972573135,0.0,52.005427354368685,1062.549221182608,310.46425176937123,100.0,-610.2838837512127,157.39237938201427,0.0,7.798305013546783,0.0,0.0,0.0,0.0,0.0,0.0,0.0,-1405.3957672725896,3192.1088685427794,176.86098560773803,287.7351412448479,-119.33863972572453,32.417898485945784,33.60641409475254,-1178.282465556974,-310.4642517693708,284.64124374420555,1068.0189467203934,-157.39237938201086,-13.49466445542987,85.18803088988476,0.0,0.0,0.0,0.0,0.0,0.0,0.0,0.0
-1853.8501038005727,848.2903699128436,899.8337889743584,-407.89152402524223,967.9238268773224,-69.72722438458447,1482.5021431486866,-3130.900791132454,100.0,-202.41462589931075,125.46154634608229,0.0,61.14906608183789,1120.8907390275897,387.96162888278354,100.0,109.98922589854146,152.55645645971185,0.0,2.9793557491273046,0.0,0.0,0.0,0.0,0.0,0.0,0.0,-1384.9259444407874,3130.9007911324543,192.75324174674722,1278.7835471331073,-125.46154634607547,31.109933610679263,38.83458051359686,-1084.1157117476282,-387.9616288827833,277.19152390977797,871.751821672309,-152.55645645971185,-16.284905334325686,92.2857588326412,0.0,0.0,0.0,0.0,0.0,0.0,0.0,0.0
-1880.8501230277316,1045.2185052100835,862.4746475388552,-864.9636355943653,836.7780987598002,-79.49143112141769,1442.9675584724948,-3066.6798065052017,100.0,2059.3774065171774,131.3886873424235,0.0,52.19433350642203,1047.6068181188084,462.9812085485821,100.0,-566.9108859967298,147.482490003232,0.0,0.0,0.0,0.0,0.0,0.0,0.0,0.0,0.0,-1490.3832342667092,3066.6798065052017,207.93115385347963,-1730.8168290887613,-131.3886873424167,29.56237392450305,47.96612893184582,-984.4494765390829,-462.9812085485821,268.37715411497027,-693.5434578534432,-147.482490003232,-18.949727147312387,89.06486454944095,0.0,0.0,0.0,0.0,0.0,0.0,0.0,0.0
-1984.8298899449628,1083.8586960921468,820.5708660080343,-704.5896403352037,530.99595817352,-87.87927656582212,1611.1361635164683,-2999.5461227447086,100.0,720.5830996122666,137.11081421986137,0.0,48.301017971118696,961.582302664803,535.4059329489701,100.0,-532.0923057786354,142.1783972447531,0.0,13.135752335264858,0.0,0.0,0.0,0.0,0.0,0.0,0.0,-1545.8891479224299,2999.546122744709,222.27782842931873,2171.3293344438453,-137.11081421986137,27.787138040751813,51.121054747452305,-960.6689114983762,-535.4059329489698,258.26601869829807,6.051617522286392,-142.1783972447497,-21.468606627212523,84.09360513159876,0.0,0.0,0.0,0.0,0.0,0.0,0.0,0.0
-1922.2381500660608,1266.0261803919857,774.8479910488762,-1658.1019104192603,-1994.7071035868203,-94.74552863892825,1509.0872758548255,-2929.604492804218,100.0,1720.435058113851,142.6189983801669,0.0,53.84066372245452,825.5796882698855,605.1227931837391,100.0,-552.2665004987465,136.65245449728786,0.0,4.75721832768531,0.0,0.0,0.0,0.0,0.0,0.0,0.0,-1574.7314362697375,2929.6044928042184,235.68277379577214,-726.7093667746326,-142.61899838016006,25.79789803315748,61.685660585291494,-871.9721900031387,-605.1227931837388,246.9359891077928,399.2911844322674,-136.65245449728104,-23.822144489540733,92.5747424799094,0.0,0.0,0.0,0.0,0.0,0.0,0.0,0.0
-2002.1466244116964,1402.0377242320294,726.0976953534434,-424.32568718687094,-688.6454146171877,-99.9713010225031,1623.53320261543,-2856.964051053859,100.0,186.55373025482845,147.90464505366117,0.0,46.30718138479741,751.4875801507015,672.0230056052155,100.0,419.06468894816896,130.91328424063136,0.0,9.276644992305496,0.0,0.0,0.0,0.0,0.0,0.0,0.0,-1703.331242643641,2856.9640510538593,248.04275105201782,146.1236752987486,-147.90464505365435,23.609974139608596,56.03793197725948,-754.8191989427161,-672.0230056052153,234.47432416989628,-433.14449249223344,-130.91328424063136,-25.992214837076517,90.04685806674294,0.0,0.0,0.0,0.0,0.0,0.0,0.0,0.0
-1995.6654250039894,1435.7522948160572,675.1640701532218,1033.8306001658532,85.16734286126734,-103.46611162646127,1647.628753379928,-2781.7381429913335,100.0,2212.073096169338,152.95950670976254,0.0,29.173338301031894,700.6736802141811,736.0021815603222,100.0,729.5955178309993,124.9698416666979,0.0,0.0,0.0,0.0,0.0,0.0,0.0,0.0,0.0,-1636.3819969521242,2781.738142991334,259.26256917480157,-231.61569825404172,-152.95950670976254,21.240216772513918,61.696598544465175,-685.2497699581637,-736.002181560322,220.97699806096034,-1367.6667036843844,-124.96984166669449,-27.96210475742356,87.21494809563906,0.0,0.0,0.0,0.0,0.0,0.0,0.0,0.0
-1965.6011284660365,1800.6131171046454,622.9290101281505,1009.2814179221114,-134.94137141001033,-105.16944924888094,1653.2359817182996,-2704.044148381742,100.0,1264.5419906971097,157.77569592676855,0.0,35.92773303640501,543.6979842656614,796.9604902748172,100.0,-1120.37854436234,118.83140070681065,0.0,13.775968531897785,0.0,0.0,0.0,0.0,0.0,0.0,0.0,-1708.6333781417945,2704.0441483817426,269.2558181371717,-1776.175814014607,-157.77569592677537,18.706876744491865,83.38670263923116,-619.7577519259074,-796.9604902748172,206.54796115701413,218.69522288574274,-118.83140070680724,-29.7166430384749,90.6128588045844,0.0,0.0,0.0,0.0,0.0,0.0,0.0,0.0
-1952.9453817037213,1871.4721199882379,570.2969437645623,722.1729583653564,745.1378841515873,-105.05182130247135,1664.400240268412,-2624.0032981024833,100.0,-1155.2781435749387,162.34569769841755,0.0,17.909419672450788,532.4427565738844,854.802814625591,100.0,629.9506192201047,112.50753956039489,0.0,7.565981364700225,0.0,0.0,0.0,0.0,0.0,0.0,0.0,-1796.01493256224,2624.0032981024833,277.9455343999034,-897.357340284268,-162.34569769841073,16.0294647087008,67.50382977203908,-487.43907098560396,-854.8028146255906,191.29833945441027,-999.1420270585746,-112.50753956039489,-31.242317010142386,84.80900271074034,0.0,0.0,0.0,0.0,0.0,0.0,0.0,0.0
-2025.9813381746046,1915.2043553856965,518.1791735495208,1305.0972415146157,869.6613491894959,-103.1152644665309,1745.2231902635015,-2541.740484978999,100.0,447.1321995732478,166.66238116055865,0.0,22.159733414574937,482.0172486012426,909.4388995579652,100.0,-917.1342828792143,106.00812574991778,0.0,13.31284062608939,0.0,0.0,0.0,0.0,0.0,0.0,0.0,-1731.3518694805614,2541.740484978999,285.264793650299,-327.32970303890625,-166.66238116055865,13.228600896567286,94.20499681884077,-398.5449928558499,-909.4388995579652,175.3455787270373,961.4581202194652,-106.0081257499246,-32.52737661307876,92.34811576431599,0.0,0.0,0.0,0.0,0.0,0.0,0.0,0.0
-1961.9808164629517,2158.868933706802,467.47809714474147,157.18442616655693,1708.892138746146,-99.39330942269436,1777.7312896203914,-2457.3840689065737,100.0,267.40951053727485,170.71901071759612,0.0,10.895294405905426,312.22190218656823,960.7834929163887,100.0,-254.1742042157341,99.34330072378998,0.0,18.240718736541453,0.0,0.0,0.0,0.0,0.0,0.0,0.0,-1788.1358591243727,2457.384068906574,291.15722622334414,-707.4352822730634,-170.71901071760294,10.325856309940491,78.48929618383653,-341.2387046531504,-960.7834929163882,158.81254001144035,1128.2410749101596,-99.34330072378998,-33.561924892296844,81.21847624990842,0.0,0.0,0.0,0.0,0.0,0.0,0.0,0.0
-2029.6353324216577,2219.3139217697544,419.07158274384074,288.7535845216996,227.8529471449997,-93.95040028498897,1805.303408546564,-2371.065676562216,100.0,-1815.6779184931167,174.5092565527466,0.0,8.787462442690614,256.25508054325144,1008.7564784687961,100.0,-1899.9401197712145,92.52346403210595,0.0,11.736664628535006,0.0,0.0,0.0,0.0,0.0,0.0,0.0,-1802.4388123774168,2371.065676562216,295.57745123568805,-683.6092547789633,-174.50925655273977,7.343586590882865,81.43609517036268,-119.55216505509304,-1008.7564784687961,141.8265533860023,366.142144023581,-92.52346403211277,-34.33799421909285,74.04687405827036,0.0,0.0,0.0,0.0,0.0,0.0,0.0,0.0
-1880.7351990208713,2342.36194383,373.7977691472088,-925.1903963003065,-239.8605407417017,-86.88077877681224,1794.6615360477842,-2282.9199960192,100.0,648.998103527399,178.02720450453762,0.0,4.769888189001238,88.60314652352496,1053.2830009170566,100.0,1123.8615306985575,85.55925709948951,0.0,27.853189364399128,0.0,0.0,0.0,0.0,0.0,0.0,0.0,-1830.8549232331923,2282.9199960192,298.4914260889329,1114.461650266362,-178.02720450454444,4.30475984850716,86.17105949157035,-138.3814665398551,-1053.2830009170561,124.51843733156078,1247.0862337105589,-85.55925709949634,-34.84960765426784,77.48701362380606,0.0,0.0,0.0,0.0,0.0,0.0,0.0,0.0
-1758.7758583890745,2390.3911917013393,332.4405537349129,-907.3524226439156,-776.8993205460561,-78.30685247404205,1778.5616273806838,-2193.0845665847146,100.0,-98.20828821517807,181.26736529512073,0.0,5.755041444842618,41.333394694178374,1094.2935826984412,100.0,297.2753029544608,78.46154662052186,0.0,33.41937316675902,0.0,0.0,0.0,0.0,0.0,0.0,0.0,-1797.6603421769596,2193.084566584715,299.8767086505188,1114.6271494295547,-181.26736529512073,1.2327797688425335,89.29573759578783,-49.199101561647666,-1094.2935826984408,107.02149122591489,-287.45209002445944,-78.46154662052186,-35.09282497963447,63.6779087779041,0.0,0.0,0.0,0.0,0.0,0.0,0.0,0.0
-1768.2551239067077,2582.969084486915,295.71601960737536,1105.059379406972,-1081.8042737585802,-68.37707536880743,1774.431134748431,-2101.6995641885123,100.0,460.49974443833776,184.22468309567194,0.0,6.478663296121425,23.094252852112582,1131.7242323958994,110.52953126844284,-741.5476482895572,71.24140760395221,35.065773044005084,39.32839746458952,0.0,0.0,0.0,0.0,0.0,0.0,0.0,-1816.0160866789347,2101.699564188513,299.722630093004,-836.6143269663803,-184.22468309567194,-1.848694629883596,87.25661597294827,90.39757858071083,-1131.7242323958994,100.0,551.9980032806603,-71.24140760394539,0.0,67.19027227812649,0.0,0.0,0.0,0.0,0.0,0.0,0.0,0.0
-1793.9409940167893,2621.526477468738,264.2600369023218,-33.233311648278914,-219.13809793718883,-57.26337744975268,1782.3685722380214,-2008.9075826575436,100.0,-387.4953344718085,186.89454341546934,0.0,11.216588571391963,-125.9506504534227,1165.5165445879106,127.99946001682797,108.39182338658325,63.910106091625494,34.76866018936654,46.220890117862325,0.0,0.0,0.0,0.0,0.0,0.0,0.0,-1748.9620561028032,2008.907582657544,298.0303770606067,-452.4582785325981,-186.89454341546934,-4.915931208436746,99.22810606003348,190.92186661609665,-1165.5165445879106,100.0,-579.1469282365222,-63.910106091625494,0.0,69.50172398847447,0.0,0.0,0.0,0.0,0.0,0.0,0.0,0.0
-1722.016164445716,2637.0877305616978,238.61725296599468,1026.5268874691549,-335.18604993212875,-45.15818780533749,1801.4893106849001,-1914.8534112176953,100.0,-729.588674978603,189.2727803015407,0.0,7.809384839226108,-266.78985057555167,1195.6177909821977,145.25374943236275,-339.3522299690069,56.479081579097965,34.2037746461321,57.58176541380936,0.0,0.0,0.0,0.0,0.0,0.0,0.0,-1753.9273290654826,1914.8534112176953,294.8129825302025,-696.1191455380356,-189.27278030154412,-7.945307480918018,97.50726788352415,221.68440386398802,-1195.6177909821977,100.0,103.35026673112125,-56.479081579097965,0.0,58.42529006825606,0.0,0.0,0.0,0.0,0.0,0.0,0.0,0.0
-1584.6981510670855,2795.246213533098,219.23166200935833,-139.33766085169282,1758.348156365521,-32.27110279366855,1805.0745530729384,-1819.6838085699867,100.0,-501.56233180099093,191.3556828399112,0.0,8.085669460784299,-414.49684445995524,1221.9810026910195,162.15951468597774,-22.694507164945605,48.95992916624891,33.37546691042661,53.33250302812594,0.0,0.0,0.0,0.0,0.0,0.0,0.0,-1771.89890293403,1819.683808569987,290.09522543715735,865.4046229588903,-191.3556828399078,-10.913492544586347,99.5600833919991,349.1053825914592,-1221.9810026910195,100.0,-385.3323487711515,-48.95992916624891,0.0,60.03866071631824,0.0,0.0,0.0,0.0,0.0,0.0,0.0,0.0
-1586.9836847756053,2946.117389062884,206.43891753175143,-310.6804896324479,1024.9386099795947,-18.82525696814014,1682.9361328351629,-1723.5472738936523,100.0,-1038.165683039898,193.14000094538528,0.0,5.288714944679051,-487.7434923146692,1244.5650435197103,178.5865551260024,936.9343410271114,41.36438146443652,32.29011623839952,53.178760295452314,0.0,0.0,0.0,0.0,0.0,0.0,0.0,-1735.292961518258,1723.5472738936528,283.9134398390388,-877.244668173239,-193.14000094538187,-13.797626764062443,95.16130429480168,436.1799956082962,-1244.5650435197103,100.0,1305.0571477781295,-41.36438146443652,0.0,36.64401312772735,0.0,0.0,0.0,0.0,0.0,0.0,0.0,0.0
-1390.435784770909,3019.215597485895,200.46052061918965,-575.2087167047318,617.3982395357302,-5.053459594816161,1708.6872176282473,-1626.5938151334085,100.0,-116.28411125080788,194.62295043283007,0.0,0.9532133357233423,-574.8161801674374,1263.3346741541077,194.40835702541966,-1537.4661285166385,33.704290289413166,30.956081516049778,58.41467655862692,0.0,0.0,0.0,0.0,0.0,0.0,0.0,-1699.466954829069,1626.593815133409,276.3152350869341,-371.45227132934906,-194.62295043283007,-16.575497826011087,100.0,512.0321752834487,-1263.3346741541072,100.0,938.1898169646496,-33.704290289413166,0.0,44.74231831601601,0.0,0.0,0.0,0.0,0.0,0.0,0.0,0.0
-1408.5910910908979,3062.5399216529454,201.3999847445724,-697.4727723094168,255.31710792301737,8.805836343833278,1726.6926245196378,-1528.974714932532,100.0,1239.6953194774062,195.8022173621771,0.0,5.555728524101434,-652.4539231609366,1278.2606071466857,209.50306793407532,-911.3532981617999,25.991608168294533,29.383636882911617,62.913650900525454,0.0,0.0,0.0,0.0,0.0,0.0,0.0,-1691.5127641064364,1528.9747149325322,267.35912915949746,135.22196574110808,-195.80221736217368,-19.22571180848564,94.31485542383032,545.6857491532577,-1278.2606071466857,100.0,1750.3376652298011,-25.991608168294533,0.0,30.842834958425904,0.0,0.0,0.0,0.0,0.0,0.0,0.0,0.0
-1223.0820935906888,3153.380055919268,209.241043474656,1430.7564893895858,-617.3425188974261,22.512662863832702,1703.4943948240775,-1430.842294576968,100.0,-328.07407234425455,196.67596164809083,0.0,2.4623886649188567,-732.1733647821553,1289.319552615622,223.75443513180892,466.4967258240159,18.238369689129286,27.584892605034526,73.3128691043215,0.0,0.0,0.0,0.0,0.0,0.0,0.0,-1608.3101288572793,1430.8422945769682,257.1140979836214,139.2127376657561,-196.67596164809083,-21.7278579473097,95.14936825091323,713.1887859050786,-1289.319552615622,100.0,-627.4049547714912,-18.238369689129286,0.0,31.046216924962977,0.0,0.0,0.0,0.0,0.0,0.0,0.0,0.0
-1159.6601247958083,3241.3882945536625,223.8479321166268,-132.14330685533923,252.94506663341963,35.829691926201406,1580.8623138208782,-1332.3496763186918,100.0,809.8677171986958,197.2428199319063,0.0,22.19790367498315,-777.7390483282795,1296.4942545854851,237.0527009549783,-1007.3510423014204,10.456672722652911,25.573701807313824,69.71509364108127,0.0,0.0,0.0,0.0,0.0,0.0,0.0,-1631.2274063950615,1332.3496763186922,245.65904421265859,-223.12995432897992,-197.2428199319063,-24.06266583070817,88.03934863192062,782.7503561195825,-1296.4942545854851,100.0,402.19955847713777,-10.456672722652911,0.0,23.28639055415039,0.0,0.0,0.0,0.0,0.0,0.0,0.0,0.0
-1115.742736686122,3310.298582242137,244.9677384276722,638.5710388362884,694.6620474169299,48.526344673913115,1580.6973674612354,-1233.6505444493791,100.0,2058.276910909145,197.50190770854715,0.0,15.42682308466356,-888.5711227268778,1299.773517912825,249.29544810094782,400.7613227461587,2.658659545181763,23.365553782813038,75.69722455939643,0.0,0.0,0.0,0.0,0.0,0.0,0.0,-1600.834574446437,1233.6505444493796,233.0821895534377,476.09375319029937,-197.50190770854715,-26.21215381139436,92.28208977752713,851.5022661707211,-1299.773517912825,100.0,240.28794371072763,-2.658659545181763,0.0,22.454766801462437,0.0,0.0,0.0,0.0,0.0,0.0,0.0,0.0
-905.9271713026807,3320.287838575501,272.23478168599297,2354.4505440434455,2382.4855518382014,60.38278380955859,1533.4327708492794,-1134.8989054970043,100.0,-120.27682844495871,197.45282070702274,0.0,15.92264231843214,-1017.7210746426339,1299.1522257546685,260.38838840040194,-393.30174082956773,-5.143502107741824,20.977454701157967,84.22807725539633,0.0,0.0,0.0,0.0,0.0,0.0,0.0,-1508.7367035520099,1134.8989054970045,219.4803953220851,1352.5938018314332,-197.45282070702274,-28.159767493172865,81.00056843616856,926.6184888650571,-1299.1522257546685,100.0,-718.4944087606834,5.143502107741824,0.0,14.432338772226558,0.0,0.0,0.0,0.0,0.0,0.0,0.0,0.0
-793.0129073123811,3367.205876958197,305.1769443014342,-1004.9679262415566,-631.8565331898253,71.19371998733442,1428.6480939123146,-1036.24884791968,100.0,641.860819219213,197.09563552090572,0.0,15.875100863082185,-1051.8110080082452,1294.6313475526536,270.24608898270446,-367.364397502098,-12.937638027444791,18.427796634679225,92.04952019748748,0.0,0.0,0.0,0.0,0.0,0.0,0.0,-1428.648670069395,1036.2488479196802,204.9584164614402,583.3869807988185,-197.09563552090572,-29.890507225549214,87.80406257436593,1045.9864397785232,-1294.6313475526536,100.0,-1560.9362118639006,12.937638027444791,0.0,22.511783695400496,0.0,0.0,0.0,0.0,0.0,0.0,0.0,0.0
-655.0845666665016,3440.9790955328767,343.22384633653127,1605.893410569522,-492.2716719964001,80.77196631325762,1417.2801444727804,-937.8543016716524,100.0,-6.5847670425091565,196.43090948880229,0.0,18.45397670844055,-1144.1982034850864,1286.21793752035,278.7926302416996,-1264.8057602902475,-20.711586528320822,15.73621591075863,85.8110764922024,0.0,0.0,0.0,0.0,0.0,0.0,0.0,-1370.3650111157701,937.8543016716528,189.6280947652851,-89.32129155681992,-196.430909488804,-31.391043624252717,82.83663538429968,1118.1522580922265,-1286.21793752035,100.0,-20.975269624382236,20.711586528320822,0.0,7.410051191443625,0.0,0.0,0.0,0.0,0.0,0.0,0.0,0.0
-636.3914019677062,3572.9381025122834,385.71672139951625,1263.169971914963,277.8056189395261,88.95167940888086,1303.19891898969,-839.8687980165987,100.0,-587.470793335616,195.45967982499405,0.0,30.6771668372299,-1157.2899673560973,1273.9251236361197,285.962190534608,-1071.4906242949041,-28.453217424464583,12.923441881731321,96.05401581982355,0.0,0.0,0.0,0.0,0.0,0.0,0.0,-1373.8238735734315,839.868798016599,173.60749752280742,-701.8476690472187,-195.45967982499235,-32.64982022827368,70.08197100595783,1227.7552381273167,-1273.9251236361197,100.0,-1176.1808372604605,28.453217424464583,0.0,11.186957444187467,0.0,0.0,0.0,0.0,0.0,0.0,0.0,0.0
-507.43183898511813,3391.908688264331,431.9198229122346,361.5052107248269,2401.6418283432904,95.59123092105438,1345.8832124242606,-742.4452299630465,100.0,471.72526313349863,194.1834620010377,0.0,42.215899224435596,-1337.995662184689,1257.7720871586998,291.69955311091144,-1887.566132635875,-36.15045095722735,10.011137276621866,85.64666078643782,0.0,0.0,0.0,0.0,0.0,0.0,0.0,-1298.9936819429104,742.4452299630468,157.02000821708836,262.69172185411094,-194.1834620010377,-33.65714250257113,67.18991523083913,1273.7831133296402,-1257.7720871586998,100.0,-162.45976017304542,36.15045095722735,0.0,4.819631393509516,0.0,0.0,0.0,0.0,0.0,0.0,0.0,0.0
-250.95838981936032,3547.892880053749,481.0331632582448,711.0941988715806,-1560.0685796706898,100.57565975799946,1229.1011162589923,-645.7356136956836,100.0,641.4383546315798,192.6042473804523,0.0,50.591933969695035,-1372.8194524890184,1237.784032697462,295.9605313670992,-1729.9016897214028,-43.79127664389898,7.021731364481809,90.72515554104243,0.0,0.0,0.0,0.0,0.0,0.0,0.0,-1131.5176176445907,645.7356136956838,139.99337628063054,203.02979575248287,-192.6042473804506,-34.40525250095945,61.925083520681866,1269.8617929610145,-1237.784032697462,100.0,-363.03766956043546,43.79127664389898,0.0,5.497531244243051,0.0,0.0,0.0,0.0,0.0,0.0,0.0,0.0
-175.16445334234308,3540.6031218491185,532.2063652379007,1329.9257506326833,-288.14859424571296,103.81866259347873,1131.8145935151233,-549.890851374853,100.0,-500.9601070285237,190.72450011243063,0.0,45.11819046081761,-1403.142807409036,1213.992148884061,298.7123091521494,-600.0981692822461,-51.363772018628424,3.9782472141914127,87.62237758423447,0.0,0.0,0.0,0.0,0.0,0.0,0.0,-1223.5818111037227,549.8908513748532,122.65873322630026,253.80274446202748,-190.72450011243063,-34.888388614444565,46.83388900198585,1392.6742119406322,-1213.992148884061,100.0,-1618.8004639883957,51.363772018635245,0.0,1.6310122754329193,0.0,0.0,0.0,0.0,0.0,0.0,0.0,0.0
-13.193319342666037,3536.726568180031,584.5533859982893,-513.6265844709797,-227.55338800595155,105.26408817306333,1110.611044294348,-455.06049567433456,100.0,-88.5792708776944,188.5471532859043,0.0,53.99978223188373,-1477.8334289144752,1186.4335597068343,299.93369350286264,-966.7839528785066,-58.856121235603496,0.904124381060285,99.33323496835898,0.0,0.0,0.0,0.0,0.0,0.0,0.0,-1050.8721255393634,455.0604956743349,105.14958273099799,1841.2371280369598,-188.547153285906,-35.10282994451174,46.953929794748234,1525.7647307556888,-1186.4335597068357,100.0,1195.3781854629312,58.85612123562396,0.0,0.0,0.0,0.0,0.0,0.0,0.0,0.0,0.0,0.0
13.126704508564288,3413.61447167494,637.1678584992044,771.0827934479561,340.1164052420427,104.88690954989977,980.2659360000449,-361.39251642477404,112.39922755002527,-1981.666158974249,186.07560435350592,35.04692495982326,56.0798645987557,-1491.3005930873485,1155.151266583874,299.6152778625992,76.26192181403212,-66.25663350616833,-2.176961614154038,94.51074358581828,0.0,0.0,0.0,0.0,0.0,0.0,0.0,-1052.2344622624437,361.3925164247744,100.0,1207.860701439226,-186.07560435350592,0.0,41.39834006041361,1527.0441680116955,-1155.1512665838745,100.0,2050.6628396016026,66.25663350616833,0.0,2.382555271199852,0.0,0.0,0.0,0.0,0.0,0.0,0.0,0.0
223.2675899565677,3386.4361274843413,689.1387848840441,433.66418070329314,1726.0439612447726,102.6936574161607,867.4543675806817,-269.03306972698215,129.85254451956604,641.0387266669329,183.3137098302882,34.7211042156286,55.00958415231297,-1567.9375195709858,1120.1940812651933,297.7595145263746,-455.2151289525875,-73.55376134077915,-5.241281623530938,93.24397941445521,0.0,0.0,0.0,0.0,0.0,0.0,0.0,-967.0730138097617,269.0330697269825,100.0,-213.5888606505057,-183.3137098302882,0.0,36.4288753218682,1493.2349664132348,-1120.1940812651915,100.0,829.1647645411865,73.55376134079961,0.0,13.023265743462062,0.0,0.0,0.0,0.0,0.0,0.0,0.0,0.0
322.25182800928405,3529.447525423232,739.5663100313521,-1341.4028674920735,783.1547365202778,98.72230702639627,823.3269613505787,-178.12626989526905,147.07595052724415,635.860821399782,180.2657792756156,34.12787703771471,64.4008405839996,-1672.1686844741264,1081.616549668643,294.3806957543791,192.87250526465073,-80.73611856705384,-8.265235623282194,96.9876405931637,0.0,0.0,0.0,0.0,0.0,0.0,0.0,-827.7794540843169,178.1262698952694,100.0,-301.5038823301603,-180.2657792756156,0.0,43.422828928617655,1644.3086212063631,-1081.6165496686413,100.0,115.39752053337452,80.73611856708794,0.0,15.310411996339983,0.0,0.0,0.0,0.0,0.0,0.0,0.0,0.0
381.4522650326794,3490.3893908035666,787.577302174533,711.7461285834113,1206.068631035946,93.04162067210541,750.1741960871617,-88.81396458670883,163.93679859420226,-1749.2758077576889,176.93656856923667,33.271812196803126,62.49485292700676,-1681.3961649844885,1039.4788667684484,289.50484369937453,-497.9190996113755,-87.79249809657586,-11.225534470590901,90.55606714845494,0.0,0.0,0.0,0.0,0.0,0.0,0.0,-706.8655800603004,88.81396458670906,100.0,213.0527070122099,-176.93656856923326,0.0,25.689027262100364,1656.3634783982027,-1039.4788667684484,100.0,-383.1628022698271,87.79249809657586,0.0,11.50293547103877,0.0,0.0,0.0,0.0,0.0,0.0,0.0,0.0
714.7989709766181,3471.4436481863218,832.3404708176985,304.0634734742332,-135.60367180875346,85.74995709085329,644.7798610041416,-1.2355134672541226,180.3052340008743,-1450.1723457009382,173.33127249037148,32.159502721868876,67.86464707489876,-1674.9377602501995,993.8467826691731,283.1695099956998,1087.5706858865294,-94.71188941197397,-14.099379266189374,98.42893917036717,0.0,0.0,0.0,0.0,0.0,0.0,0.0,-607.4806176013942,1.23551346725435,100.0,1132.3082677885907,-173.33127249037148,0.0,29.204629170371614,1712.7635243214845,-993.8467826691735,100.0,269.4211542738856,94.71188941194669,0.0,8.072844974029302,0.0,0.0,0.0,0.0,0.0,0.0,0.0,0.0
741.7542003394956,3366.3914500924993,873.0807601872127,959.5042686457884,-306.7862795219162,76.97356842536976,524.2049639348862,84.47242924003535,196.05519437003016,-670.9177179169063,169.45551661138552,30.7995151235761,80.1209727323986,-1685.1988282539808,944.791500011645,275.42348655335655,502.61422465259216,-101.48349574714985,-16.864636941296567,96.25986081454982,0.0,0.0,0.0,0.0,0.0,0.0,0.0,-601.6525929055979,-84.47242924003513,100.0,-329.80228033112496,-169.4555166113821,0.0,31.33501348804664,1789.6145338612866,-944.791500011645,100.0,1512.8335252099578,101.48349574714985,0.0,12.324874103770858,0.0,0.0,0.0,0.0,0.0,0.0,0.0,0.0
786.8374981843649,3316.0818132901845,909.092769002227,-1067.1528370393144,795.6822504985757,66.86441422001678,520.2429341190665,168.17612798524965,211.06538054288725,-138.59432750350777,165.31534852071331,29.202323418889478,85.28444789849935,-1734.2349068355466,892.3895628709511,266.32642978451656,-617.256005325936,-108.09675093449414,-19.500010716620295,84.20104009513868,0.0,0.0,0.0,0.0,0.0,0.0,0.0,-457.1459514410281,-168.17612798524942,100.0,-413.5595689608121,-165.3153485207099,0.0,24.500968050149034,1764.3752369840468,-892.3895628709538,100.0,1779.1285434017288,108.09675093452825,0.0,18.143098223783888,0.0,0.0,0.0,0.0,0.0,0.0,0.0,0.0
938.4079215481722,3309.7028732696394,939.7529642064694,-472.7557414321632,1979.5000465433486,55.597530303731446,416.4951631093518,249.74497456769927,225.2201907710418,-677.9771259536219,160.91722838557416,27.380228464774348,83.90385184309136,-1765.978921838633,836.7227373198593,255.94840115648498,-576.3840556205923,-114.54133589156413,-21.98520412064653,75.51160490179595,0.0,0.0,0.0,0.0,0.0,0.0,0.0,-370.3449511489975,-249.74497456769905,100.0,613.3127526068432,-160.91722838557416,0.0,18.68407791126153,1747.392275779892,-836.7227373198596,100.0,-185.31316307038992,114.54133589160847,0.0,25.74439012544971,0.0,0.0,0.0,0.0,0.0,0.0,0.0,0.0
1028.0864897556953,3065.748365524171,964.5304771855347,1159.4801641540266,1837.8190413427342,43.36799811724745,398.7549279690627,329.0516919322017,238.41061102949627,167.53159272528137,156.26801887232432,25.347263222586633,79.55357371926664,-1744.9817032756162,777.877883844013,244.36932760957717,-628.8743263249069,-120.80719472287797,-24.301077303970686,73.77432910601786,0.0,0.0,0.0,0.0,0.0,0.0,0.0,-279.7253731019456,-329.0516919322017,100.0,684.9559934381284,-156.26801887232432,0.0,9.8713755437653,1754.91325677351,-777.8778838440105,100.0,400.23889671251595,120.80719472287797,0.0,29.660901324209473,0.0,0.0,0.0,0.0,0.0,0.0,0.0,0.0
1125.0790281476231,3212.4387508407754,982.9962955376426,3.6403097408901886,-522.0747289148085,30.387566958478942,187.33424324225646,405.9725327675526,250.53505459397564,140.59484727551123,151.37497443814595,23.119084682456332,91.27107367487109,-1818.351211483311,715.946821807999,231.6783859955335,649.8836417224948,-126.8845504107685,-26.429794445949,73.0415801194468,0.0,0.0,0.0,0.0,0.0,0.0,0.0,-164.78229877591076,-405.9725327675526,100.0,-86.20391908837036,-151.37497443814937,0.0,14.127219023440835,1797.9389764519906,-715.9468218079965,100.0,42.53461705087375,126.88455041077191,0.0,23.286149931184912,0.0,0.0,0.0,0.0,0.0,0.0,0.0,0.0
1310.3929215646722,3126.2241048190713,994.830691246153,-1617.9862416227309,2092.725012078131,16.880987630738105,116.52213259978939,480.3874725973303,261.5001444164998,-845.2129119227161,146.24573001122485,20.712853280084573,86.00114673321475,-1828.1606120022227,651.0261861837496,217.9733162772398,34.15735052027571,-132.7639200709416,-28.35496111807359,73.92916141269757,0.0,0.0,0.0,0.0,0.0,0.0,0.0,-69.09778128376573,-480.3874725973301,100.0,739.8946317733001,-146.24573001122144,0.0,9.580519808013527,1741.4687407291856,-651.0261861837469,100.0,435.1935663159452,132.76392007089385,0.0,31.31407000409888,0.0,0.0,0.0,0.0,0.0,0.0,0.0,0.0
1409.5306885467617,3070.652213408913,999.828756638097,861.2617282222823,1505.1689840853305,3.0821209756152257,38.7645926606295,552.1803970617063,271.22143227369065,171.37453247911813,140.8882890775169,18.147100734801427,89.56797850725994,-1726.1270561822341,583.2172767648594,203.3596687792005,-1175.1155916335335,-138.43612974916823,-30.061750546678354,64.42455908391716,0.0,0.0,0.0,0.0,0.0,0.0,0.0,8.582599359701064,-552.1803970617061,100.0,1394.5088216514673,-140.8882890775169,0.0,3.6485364656917865,1776.5355450491465,-583.2172767648597,100.0,-96.09698722775647,138.4361297491273,0.0,37.48984711448872,0.0,0.0,0.0,0.0,0.0,0.0,0.0,0.0
1405.0105557852537,2936.5061319649894,997.9039522758856,517.4154863631986,-1982.3724121117675,-10.770111330992904,-116.77946830339795,621.2392830980523,279.62404914926253,-738.8803672376453,135.31101119262985,15.441587326513968,98.1292098479656,-1810.0305664510613,512.6259001020899,187.94999128609035,24.427578279237423,-143.89232873626952,-31.537017802058784,61.61179105588235,0.0,0.0,0.0,0.0,0.0,0.0,0.0,146.18166463722463,-621.239283098052,100.0,-684.4389601625902,-135.31101119262985,0.0,6.5235476365395435,1790.15588170156,-512.6259001020899,100.0,-229.14949246376068,143.89232873621836,0.0,44.653477657131916,0.0,0.0,0.0,0.0,0.0,0.0,0.0,0.0
1521.7524489589916,2893.482024665906,989.0896053519241,44.46192286349742,-2279.608983035205,-24.435863608969157,-171.2141610486812,687.4563737376668,286.64328184174167,-977.3606309452007,129.522598937657,12.617149710853823,88.92705593893798,-1854.7083328239905,439.36220440665807,171.86296224999455,-1810.3773712829843,-149.12400337814802,-32.7694010348408,57.750506766010076,0.0,0.0,0.0,0.0,0.0,0.0,0.0,139.94348569188875,-687.4563737376666,100.0,-0.14984077628810155,-129.5225989376604,0.0,3.4018172496086176,1779.8964315826645,-439.3622044066583,100.0,113.93345955975519,149.12400337815143,0.0,40.22455215315186,0.0,0.0,0.0,0.0,0.0,0.0,0.0,0.0
1602.1918356049066,2819.8019809230054,973.5383326420446,-30.385652343813945,-219.9710513631294,-37.67851900289372,-266.5417376938869,750.7283462457874,292.2250713566319,80.19251748382743,123.53208434023827,9.695540444589312,93.50033655422243,-1757.9832604120386,363.5405076790223,155.22247678199295,64.70974064763823,-154.12299036054492,-33.749408979967086,42.267917000868174,0.0,0.0,0.0,0.0,0.0,0.0,0.0,296.70045609022264,-750.7283462457874,100.0,-729.7344986842955,-123.53208434023486,0.0,0.0,1805.1328924539807,-363.54050767902254,100.0,843.9527997687435,154.12299036059267,0.0,38.91895109203543,0.0,0.0,0.0,0.0,0.0,0.0,0.0,0.0
1727.2335384680284,2771.7322522335317,951.5193980090728,1256.794323420114,242.1213321422374,-50.26878640506084,-335.0573683484577,810.9564733426589,296.3264292446428,-228.3798474720075,117.3488147808348,6.699260457103833,94.26419272201258,-1721.1088003529517,285.2791193311971,138.15669246735442,138.61862329016049,-158.88148944614613,-34.469494053983425,41.98728756840843,0.0,0.0,0.0,0.0,0.0,0.0,0.0,462.5033498843444,-810.9564733426589,100.0,1759.465518416459,-117.34881478082798,0.0,0.30494694438343206,1751.8182162093112,-285.2791193311973,100.0,250.02658015883753,158.88148944614613,0.0,50.88259879062308,0.0,0.0,0.0,0.0,0.0,0.0,0.0,0.0
1811.6005807913161,2634.074370880722,923.4140502102798,-233.54927700785993,1050.7383727520937,-61.988670536380255,-427.5486913663849,868.0467772539587,298.91576867952057,-121.72926210320213,110.98243840801615,3.651385758340382,86.4640926189786,-1697.8935789372367,204.7001555810823,120.79704235307221,370.05516178035464,-163.39207564659546,-34.92411048335427,36.62616604251272,0.0,0.0,0.0,0.0,0.0,0.0,0.0,405.59955651268433,-868.0467772539587,100.0,-178.5916423581719,-110.98243840801615,0.0,9.164982165693777,1757.6485298520904,-204.70015558107866,100.0,-152.53533317812526,163.39207564659546,0.0,62.27668018824477,0.0,0.0,0.0,0.0,0.0,0.0,0.0,0.0
1784.7037135725009,2499.88964339122,889.708921732639,901.4934403848406,-1467.5910176675188,-72.63524644453639,-495.3293973426137,921.9101763502881,299.97314772567336,1296.153244623718,104.44288908343879,0.5753897176489886,85.42499512435151,-1649.187953689429,121.92934890677498,103.27722270924974,-375.52546900896687,-167.6477108075835,-35.10975701543032,27.60822834686357,0.0,0.0,0.0,0.0,0.0,0.0,0.0,556.6618163873004,-921.9101763502881,100.0,409.3065349218017,-104.44288908343879,0.0,0.0,1688.20682757745,-121.92934890677157,100.0,-620.5460041928802,167.64771080752212,0.0,64.72614009709999,0.0,0.0,0.0,0.0,0.0,0.0,0.0,0.0
1874.9992757166353,2457.817879889992,850.9876029523425,-233.08769495067054,-920.5823751018033,-82.02417306568805,-564.1982118650487,972.4626241469155,299.49042292205075,-451.06841211047083,97.7403708814063,-2.505037717604637,96.71881811609553,-1642.1479319814575,37.09585185817264,100.0,803.7811317670503,-171.64175459094508,0.0,34.14774689800673,0.0,0.0,0.0,0.0,0.0,0.0,0.0,647.876787609909,-972.4626241469155,100.0,1623.1945655229792,-97.7403708814063,0.0,17.575929919827495,1676.7187761541857,-37.095851858169,114.26783663984631,1593.973118826325,171.64175459094167,35.025003883555996,71.20190328768247,0.0,0.0,0.0,0.0,0.0,0.0,0.0,0.0
1895.086527934485,2195.1714145538035,807.9205375085028,1028.1482649285977,90.6203215053074,-89.99288501400315,-794.7061123682336,1019.6252404468414,297.4713119994425,-500.7518968822569,90.88534216716198,-5.566172471432083,91.76838782294968,-1733.8693196674556,-49.667964467953425,100.0,521.1607986161641,-175.36797483656187,0.0,27.493435889346948,0.0,0.0,0.0,0.0,0.0,0.0,0.0,728.8639217152943,-1019.625240446841,100.0,1108.2877810168736,-90.88534216716198,0.0,12.23230589060539,1707.1584087748295,49.667964467949105,131.70301148501247,-657.1596870595863,175.3679748365039,34.6705038184912,72.6584926170622,0.0,0.0,0.0,0.0,0.0,0.0,0.0,0.0
1944.4269062041237,2189.9449591566336,761.2534138485246,614.4804519154081,1409.626356450326,-96.40340733382516,-775.5611908337771,1063.3244344225677,293.93136524817714,101.60240826234485,83.88849927755928,-8.584439051461175,84.09281790513852,-1554.2724025361354,-138.22671697496344,100.0,-558.6863691620522,-178.8205572860079,0.0,14.76152297329713,0.0,0.0,0.0,0.0,0.0,0.0,0.0,775.4762898417798,-1063.3244344225677,100.0,1176.9361197807746,-83.88849927755246,0.0,5.539830576410463,1601.355319347795,138.22671697495912,148.89402389840794,196.3643838393898,178.8205572859465,34.04898702137075,72.25266742889326,0.0,0.0,0.0,0.0,0.0,0.0,0.0,0.0
1957.2928641310923,2010.398174878027,711.7942539406441,1411.2087514548489,-209.38283089631,-101.14474447937425,-842.0386951815566,1103.4920194445708,288.8978457567322,914.0915468067016,76.76075983122473,-11.536592116838449,79.40443207785785,-1567.777892081061,-228.4422218132505,100.0,105.09311459697756,-181.99411465546348,0.0,10.046972789565789,0.0,0.0,0.0,0.0,0.0,0.0,0.0,913.1298570994752,-1103.4920194445708,100.0,852.0764958455527,-76.76075983121791,0.0,12.683493630655853,1571.037049957557,228.44222181325028,165.70847638216736,-534.7709290378782,181.99411465546348,33.16524013689616,82.68257759726775,0.0,0.0,0.0,0.0,0.0,0.0,0.0,0.0
1848.5459516022963,1909.4026550503404,660.3994227073651,921.7810504961994,-1318.2145400616628,-104.13480215659547,-918.2424399292056,1140.065319477209,282.409519443607,306.37283524897725,69.5132456930628,-14.399895503481162,71.4897119158118,-1552.0009194046497,-320.17370999723573,100.0,-1422.4028907665252,-184.88369504179616,0.0,27.20349136542777,0.0,0.0,0.0,0.0,0.0,0.0,0.0,992.7393832525624,-1140.065319477209,100.0,25.12213491021896,-69.5132456930628,0.0,25.869477667964123,1534.6043377537897,320.1737099972355,182.01687153477872,-20.879148082860866,184.88369504179957,32.02606938883633,88.17498297034514,0.0,0.0,0.0,0.0,0.0,0.0,0.0,-0.050542043299318794
1987.4702224019252,1809.8169510226019,607.9588004205763,644.6171355992226,967.8507868352801,-105.32180875197866,-1072.401408261052,1172.9872668761382,274.51635649953494,-2059.6450033411993,62.1572656199578,-17.152297327817223,75.07758040427535,-1503.7695668340991,-413.27804705619405,100.0,617.5962323385295,-187.4847896491042,0.0,13.216869583691832,0.0,0.0,0.0,0.0,0.0,0.0,0.0,1108.3837404858396,-1172.9872668761382,100.0,-1685.4192115812207,-62.1572656199578,0.0,27.11990651532688,1478.9949697173236,413.2780470561938,197.69360938222766,803.8992908011107,187.48478964916728,30.64024816132971,92.12008398768386,0.0,0.0,0.0,0.0,0.0,0.0,0.0,-0.05876583027950327
1988.9896764854782,1569.0800272365623,555.3803747922384,-1034.7748905214632,549.1195763998473,-104.68521173667682,-1148.1268747024928,1202.2064914345792,265.27914653939797,-976.4290177825171,54.704297615073756,-19.772599820581718,69.51956191855513,-1393.6683298979933,-507.609956376054,100.0,53.46143635844328,-189.7933398240309,0.0,0.44298062916761793,0.0,0.0,0.0,0.0,0.0,0.0,0.0,1148.3845177326095,-1202.2064914345788,100.0,-19.10470152131211,-54.704297615073756,0.0,32.82468113796944,1381.522984608308,507.6099563760581,212.61795469288248,-904.8691796800972,189.79333982396952,29.018449430403308,90.81572763741315,0.0,0.0,0.0,0.0,0.0,0.0,0.0,-0.06832772446471172
1973.634839595044,1482.2766835379916,503.5745195422543,-652.7819919804813,111.42330452171905,-102.23603352503119,-1138.8763629382274,1227.6774005395127,254.76903042777093,1293.5460223634504,47.16597101805064,-22.24062258254179,75.26092023026172,-1428.4551623127736,-603.0222458837222,100.0,-845.4795003352922,-191.8057433890948,0.0,4.246921117614263,0.0,0.0,0.0,0.0,0.0,0.0,0.0,1238.0737558169594,-1227.6774005395123,100.0,631.2912921652367,-47.16597101805064,0.0,36.638564716079784,1341.0380197667666,603.022245883722,226.67496682631355,-328.42696965656387,191.8057433890283,27.173163565375376,81.69078752534185,0.0,0.0,0.0,0.0,0.0,0.0,0.0,-0.07944545169055386
1955.0104155816775,1319.845312440955,453.43823165356685,476.6629065562688,-638.544180443846,-98.01668062599703,-1299.0602588389452,1249.3602503127363,243.06695238376028,-133.0832732953195,39.554048358947966,-24.537358004916854,70.38301663386709,-1313.3575068981959,-699.3660377202423,100.0,743.6044070706942,-193.51886026305294,0.0,9.641439668530136,0.0,0.0,0.0,0.0,0.0,0.0,0.0,1352.755250891265,-1249.3602503127363,100.0,1924.7206410008778,-39.554048358947966,0.0,38.14238592978584,1300.8672091344938,699.3660377202375,239.7563849547595,601.8831925900406,193.51886026305124,25.118602133620556,100.0,0.0,0.0,0.0,0.0,0.0,0.0,0.0,-0.09237216435585796
1905.708304194921,1115.9927484702043,405.8396002399476,407.42881330270734,633.2948020527169,-92.10020939214758,-1321.812748080519,1267.2212076257606,230.2630365847925,-1326.9357381730981,31.880407004475728,-26.645117657527777,63.17813837917493,-1180.0605646110666,-796.4910005443705,100.0,-1611.4717779235218,-194.93001736096858,0.0,0.0,0.0,0.0,0.0,0.0,0.0,0.0,0.0,1349.5855021449538,-1267.2212076257606,100.0,799.7411204712205,-31.880407004475728,0.0,48.358092498303414,1202.1947322970411,796.491000544366,251.76146183965506,-395.7290476369724,194.93001736090207,22.870588449495983,99.52488068970551,0.0,0.0,0.0,0.0,0.0,0.0,0.0,-0.10740220574263752
1740.420304805345,1099.6460344801976,361.60277594159584,135.9819292282009,-435.7983935040113,-84.5890610787157,-1486.1664897941669,1281.2324028917924,216.4558930704572,886.8777531815522,24.15702062488208,-28.547668517106786,50.69030729707976,-1143.1121544487444,-894.2455841041358,100.0,-52.542970254442025,-196.03701276448078,0.0,4.853574483756982,0.0,0.0,0.0,0.0,0.0,0.0,0.0,1358.0597968450613,-1281.2324028917924,100.0,-227.972219548991,-24.15702062488208,0.0,45.78003399459044,1182.1801330824599,894.245584104131,262.59773974186203,1587.876274733477,196.03701276448248,20.446435710096296,85.64864877106275,0.0,0.0,0.0,0.0,0.0,0.0,0.0,-0.12487781225895148
1879.472137979402,967.2016085878242,321.493701097245,-253.19645953149916,898.1654099528555,-75.61328811597747,-1385.6787626768776,1291.3719735524196,201.75185829203576,1779.4915072078425,16.395940510788023,-30.230357986867205,46.21225847324133,-1146.9122030306726,-992.477255710319,100.0,859.3592615923706,-196.83811915857575,0.0,8.755164966957041,0.0,0.0,0.0,0.0,0.0,0.0,0.0,1398.2902591004668,-1291.3719735524196,100.0,-1089.165882416454,-16.395940510788023,0.0,48.2393241052564,1057.4356329538339,992.4772557103187,272.1817624898683,-824.3268041781664,196.83811915864226,17.8648136568944,96.16360946382531,0.0,0.0,0.0,0.0,0.0,0.0,0.0,-0.14519690621578263
1814.8321673669286,765.7619391596168,286.20684776899805,-836.6486112638813,-1911.5685222084967,-65.32830230493857,-1538.8322758609702,1297.6240981911506,186.26417615665903,523.9616932209299,8.609276768713698,-31.680226744221187,43.764760120034424,-1035.691539883179,-1091.0327382428893,100.0,-47.78276950842269,-197.33208652583357,0.0,8.045358430848669,0.0,0.0,0.0,0.0,0.0,0.0,0.0,1529.4955666962346,-1297.6240981911506,100.0,425.6322879475374,-8.609276768713698,0.0,58.91091969270192,1029.7168377701514,1091.032738242889,280.43971822193924,-90.91741765803079,197.33208652589838,15.14560478965592,91.03034940631974,0.0,0.0,0.0,0.0,0.0,0.0,0.0,-0.1688221565806905
1739.5973809506202,610.4679921331958,256.3531932454265,-1458.7506493624505,-219.58943891102706,-53.912183926247224,-1543.3991036482269,1299.9790212205762,170.11212587332062,-261.5883227832171,0.8091794249617124,-32.88610854768976,34.52410344568388,-964.6788912438958,-1189.7582493190664,100.0,498.88766039522636,-197.5181440975757,0.0,5.760841333322524,0.0,0.0,0.0,0.0,0.0,0.0,0.0,1572.5368190283402,-1299.9790212205762,100.0,113.27818133233222,-0.8091794249617124,0.0,66.30261796244243,866.5133153172945,1189.7582493190705,287.3080078521033,562.36159751196,197.5181440975757,12.309751240316018,97.23228132183827,0.0,0.0,0.0,0.0,0.0,0.0,0.0,-0.19629151402302528
1654.7773630203685,357.6470832886099,232.44964122222507,-1663.0958880279456,-445.76555013422563,-41.562598353696956,-1668.5556235483568,1298.433068104634,153.4201033176964,333.5442506729987,-6.9921805328726805,-33.83871623435539,25.963405837969947,-845.8835306889484,-1288.4997412497141,100.0,503.5035955146486,-197.39600155655012,0.0,6.690562676453315,0.0,0.0,0.0,0.0,0.0,0.0,0.0,1592.9995910620894,-1298.433068104634,100.0,-794.7047726505025,6.9921805328726805,0.0,73.74552640647914,813.3552619963714,1288.499741249714,292.73373488190043,1047.6870163965582,197.39600155648532,9.379093486074055,85.806556584523,0.0,0.0,0.0,0.0,0.0,0.0,0.0,-0.22823046013534068
1619.3916365823006,242.22462119657848,214.91007182825638,-756.4883387624138,-1189.1290612801047,-28.49337355993015,-1690.8538201955585,1292.9886510922188,136.31666299068365,-451.22171488637605,-14.78263014705135,-34.53071324534449,27.151690427555316,-724.4034852707086,-1387.1031414097538,100.0,-760.0461500801958,-196.96584948933264,0.0,10.916730970003787,0.0,0.0,0.0,0.0,0.0,0.0,0.0,1665.1113353987166,-1292.9886510922188,100.0,-10.962170089624124,14.78263014705135,0.0,64.7360091508298,762.7245474850998,1387.1031414097536,296.6751127855813,-622.4259286690449,196.96584948926784,6.376202143715943,92.97831817024738,0.0,0.0,0.0,0.0,0.0,0.0,0.0,-0.26536624974770534
1498.7282094243642,23.040919626984362,204.0381754620753,587.2794653054029,-757.3046335519521,-14.930797773420466,-1663.0568008529742,1283.654265453199,118.93352794905941,-1049.2071581175026,-22.550013483939892,-34.95677012881316,23.105908568229598,-671.1945527746052,-1485.4145926474857,100.0,659.8230781806484,-196.22835908945603,0.0,14.43130324742883,0.0,0.0,0.0,0.0,0.0,0.0,0.0,1620.8969728687728,-1283.654265453199,100.0,-8.692218734424841,22.55001348393307,0.0,75.69729287679009,703.3285578956145,1485.414592647481,299.10178683126423,-581.8610188909912,196.22835908952425,3.3242041408888667,79.6555297932966,0.0,0.0,0.0,0.0,0.0,0.0,0.0,-0.30854447063465107
1465.0814822594893,85.55908131263591,200.0221945181434,-287.0244480843735,-1017.1933885243717,-1.109701391306146,-1708.5457762041344,1270.4444762227058,101.40457533334748,92.71865057750233,-30.282210601706083,-35.113605585009395,23.23440129458089,-600.6691812460956,-1583.2806933576496,100.0,232.2067340988383,-195.1846811104599,0.0,20.264457012555408,0.0,0.0,0.0,0.0,0.0,0.0,0.0,1698.2433896270334,-1270.4444762227058,100.0,-288.9244491279453,30.282210601706083,0.0,75.99200475418323,471.67555810760064,1583.2806933576449,299.99506785951735,-553.3150713490011,195.18468111052812,0.24660460279051222,73.10195715029433,0.0,0.0,0.0,0.0,0.0,0.0,0.0,-0.3587482976818919
1352.5582036741027,-135.7706890763176,202.93166404752554,-2705.5911013234518,-1620.5274681635617,12.730609011992726,-1703.8479751507232,1253.3798954743834,100.0,1473.3023282317015,-37.96715646177745,0.0,17.914429904137457,-453.0442851085543,-1680.5487368437298,100.0,855.8797198679738,-193.83644406903045,0.0,20.811750508006654,0.0,0.0,0.0,0.0,0.0,0.0,0.0,1731.1547244406436,-1253.3798954743834,116.1351946941159,833.2275982277588,37.96715646177745,35.000011737281156,79.62788154008052,486.2141451647225,1680.5487368437252,299.3480762189166,772.8206046264847,193.83644406909525,-2.8328941737925106,81.96746224873368,0.0,0.0,0.0,0.0,0.0,0.0,0.0,-0.41712087993322033
1200.8401604839357,-415.2417560652645,212.7162077872062,-721.6551255919967,182.56260533279658,26.350494179193902,-1746.1821901304495,1232.4871501580596,100.0,-130.2766157327244,-45.59285975472676,0.0,2.331956271627364,-300.8160321095728,-1777.0669495959046,100.0,600.4903311280041,-192.18575170522854,0.0,20.917835724068887,0.0,0.0,0.0,0.0,0.0,0.0,0.0,1722.7743288187137,-1232.4871501580596,133.55069866012172,-516.8445406028729,45.59285975472676,34.61686343470845,87.15652540855503,404.4107212077477,1777.0669495959046,297.16579475004704,-621.0622317572584,192.18575170529675,-5.8905752649883425,76.5965652072,0.0,0.0,0.0,0.0,0.0,0.0,0.0,-0.48499137027416284
1067.2197191299185,-385.6399162725796,229.20641040427216,-767.4233689579239,19.506997860466413,39.514131424924415,-1779.533837278571,1207.7988405520268,100.0,290.2614534092004,-53.14742161109734,0.0,26.179058980964157,-337.0803243961391,-1872.6847281128917,100.0,1000.8052515552542,-190.2351796992707,0.0,39.93427788844076,0.0,0.0,0.0,0.0,0.0,0.0,0.0,1692.1483722777311,-1207.7988405520268,150.7078101331508,-463.99935826691035,53.14742161109052,33.967111514352695,93.47451187676883,248.6569931079153,1872.6847281128958,293.46503040989165,-729.5681218457148,190.23517969932527,-8.902889776990719,73.34261740463276,0.0,0.0,0.0,0.0,0.0,0.0,0.0,-0.5639051904523875
965.3092461503941,-569.9069762647941,252.11675085242308,-1619.0252730159746,-1520.3363401151785,51.99359780809999,-1810.3135225530991,1179.3534893947544,100.0,-528.1950246960685,-60.619054167864306,0.0,6.894329292514279,-198.1173018339326,-1967.2528738981734,100.0,907.4837335662965,-187.9877716525334,0.0,27.114902246400682,0.0,0.0,0.0,0.0,0.0,0.0,0.0,1768.4970341609926,-1179.3534893947558,167.47439270523586,1794.711916982684,60.619054167864306,33.05576007523257,100.0,246.08838937448542,1967.2528738981732,288.2742848321556,713.5387441898071,187.98777165253682,-11.846638209117941,64.74322830665602,0.0,0.0,0.0,0.0,0.0,0.0,0.0,-0.6556592205741436
936.9335414780795,-777.2647669185553,281.05054605092835,-1091.5997594438995,-75.61975159816768,63.572816523494,-1775.9123647708604,1147.1954817754117,100.0,-739.0026857586633,-67.9960989619849,0.0,2.6078237230922987,-47.409944412342576,-2060.6238262638867,100.0,-1022.7341150337943,-185.44703433876975,0.0,40.771025483627305,0.0,0.0,0.0,0.0,0.0,0.0,0.0,1772.311734464476,-1147.1954817754136,183.72131764754116,224.33194893082145,67.9960989619849,31.889827939032784,99.14442189749498,173.76161288307225,2060.6238262638863,281.6335348204168,368.86790721391367,185.44703433876975,-14.699149126007569,54.29644620164812,0.0,0.0,0.0,0.0,0.0,0.0,0.0,-0.7623427143471035
853.9571762458784,-928.4557711672518,315.5068192883178,-983.6428361082318,794.1524818337933,74.05129818235991,-1836.743366887423,1111.3749958769904,100.0,1913.6149214381794,-75.2670451216386,0.0,6.249451215318669,-8.940426650013885,-2152.651892579153,100.0,-10.834981541286268,-182.61693223186512,0.0,40.048766613526794,0.0,0.0,0.0,0.0,0.0,0.0,0.0,1822.6132289157842,-1111.3749958769927,199.32345840215078,1522.1628525243307,75.26704512165907,30.478294594180397,93.52176073253699,32.199613100178304,2152.6518925791524,273.59392446464335,-733.0495454888745,182.6169322317969,-17.438453762880215,53.26418101157373,0.0,0.0,0.0,0.0,0.0,0.0,0.0,-0.8863848717161292
674.8493420559889,-1091.36678689361,354.8889744271851,98.01699058374311,-1931.9571930263032,83.24761220337734,-1726.3401592290786,1071.9479246800984,100.0,608.0926932665898,-82.4205473273878,0.0,4.457258399768484,-18.61744119667378,-2243.1934756035403,100.0,-2525.3824993959106,-179.50188131987943,0.0,49.971991748832,0.0,0.0,0.0,0.0,0.0,0.0,0.0,1791.2492778690223,-1071.9479246800984,214.1606542509179,1272.64332179838,82.42054732741508,28.83203103993182,98.11646877822162,-84.99633827649455,2243.193475603536,264.2173712522592,-1672.0523638092266,179.50188131992718,-20.043455219151838,46.83953528317663,0.0,0.0,0.0,0.0,0.0,0.0,0.0,0.0
533.7927413266648,-1177.6767831797401,398.5151257198413,359.7340417165316,421.2718294240426,91.00252820821936,-1798.893589815293,1028.9757887495944,100.0,1528.889956917061,-89.4454435151556,0.0,9.886758466850296,224.72587027347026,-2332.1072975509533,100.0,-107.94895434930893,-176.1067422147653,0.0,48.865290912441374,0.0,0.0,0.0,0.0,0.0,0.0,0.0,1779.1378076441038,-1028.9757887495944,228.11863573963484,5.745301056653034,89.44544351518971,26.96371606274809,95.33139494295294,-230.40586191987427,2332.107297550949,253.57608920731997,-40.765959673179,176.10674221481986,-22.494090937337887,42.06739589364082,0.0,0.0,0.0,0.0,0.0,0.0,0.0,0.0
381.83847397555684,-1383.0373235697623,445.6299043783812,-471.0398574432685,-539.4098691030581,97.18177302973288,-1773.8392884905118,982.525640240131,100.0,117.82920821070093,-96.33077229294486,0.0,5.348120483266774,300.35756811505775,-2419.2546205343688,100.0,-832.610497085931,-172.43681256777563,0.0,58.40869328718121,0.0,0.0,0.0,0.0,0.0,0.0,0.0,1792.199952901412,-982.5256402401287,241.0899047303255,174.07393238535633,96.33077229294486,24.887738589950743,92.64601999828729,-338.19776286067867,2419.2546205343683,241.75203273035493,-461.0672168835192,172.43681256778927,-24.771487215911066,44.825171306844275,0.0,0.0,0.0,0.0,0.0,0.0,0.0,0.0
203.86159459788905,-1519.901070450059,495.4175374731824,2069.5666545227796,-1357.19407863784,101.67835559656567,-1771.5353587969462,932.6699582704264,100.0,425.1838394436845,-103.06579004478408,0.0,15.959482595745513,324.3644728584256,-2504.4994630473475,100.0,500.9025371323037,-168.49781880357568,0.0,60.03466949699146,0.0,0.0,0.0,0.0,0.0,0.0,0.0,1742.732155663805,-932.6699582704264,252.97456230387965,-510.5841555733434,103.06579004474997,22.620086872632328,91.41980770253949,-342.93481100855223,2504.499463047351,228.83626542218872,-154.40146203108355,168.49781880363025,-26.858104566113354,33.95525674259438,0.0,0.0,0.0,0.0,0.0,0.0,0.0,0.0
130.30458264822903,-1582.8365359878742,547.0159727042025,763.8089540519584,797.2556887911389,104.41441943896564,-1709.2357983655622,879.4865358294869,100.0,424.4271599808519,-109.63998769430873,0.0,7.014452011575397,461.1080409846434,-2587.708812144637,100.0,106.55439815866998,-164.29590718421196,0.0,74.21141990756867,0.0,0.0,0.0,0.0,0.0,0.0,0.0,1770.3368708092546,-879.4865358294874,263.68107813689636,1100.3843810228989,109.63998769431555,20.178225351294827,97.1407540934024,-504.7717821476086,2587.7088121446404,214.92825875276787,-93.00324592723797,164.29590718421196,-28.737872793269617,26.2111545279656,0.0,0.0,0.0,0.0,0.0,0.0,0.0,0.0
81.08657938139767,-1701.9177680061437,599.5318044804427,392.94893900661026,-635.7822961077477,105.34259074175338,-1700.3281642117552,823.0583583912533,100.0,-490.0048397251692,-116.04310710324057,0.0,11.460370032352873,534.1840589832066,-2668.752830990731,100.0,1908.7574930046799,-159.8376342196093,0.0,79.55030062824713,0.0,0.0,0.0,0.0,0.0,0.0,0.0,1696.977603659181,-823.058358391256,273.12699542735515,-570.1337013463092,116.04310710324057,17.58096015251766,84.99430033900224,-482.94204895190387,2668.7528309907307,200.13512597633502,-572.6646637311438,159.83763421960248,-30.396314762223682,23.833296670605858,0.0,0.0,0.0,0.0,0.0,0.0,0.0,0.0
-192.14252824176302,-1810.7247046155755,652.0557428686923,-2744.5882635866114,-301.6129261619096,104.44679860236988,-1641.949308663622,763.4734744271079,100.0,-634.9490704916298,-122.2651570774292,0.0,20.247608057246687,568.8984746108689,-2747.505061452511,100.0,840.5448713935618,-155.12995643637623,0.0,83.9294698154126,0.0,0.0,0.0,0.0,0.0,0.0,0.0,1699.2673781368924,-763.4734744271109,281.23956594005733,227.51419889279418,122.26515707747012,14.84829425259079,79.29185393381916,-613.5553336131727,2747.5050614525107,184.57079719300012,-128.70316994921723,155.12995643631484,-31.820657893862148,31.52549559436391,0.0,0.0,0.0,0.0,0.0,0.0,0.0,0.0
-236.48441378666675,-2014.317931945799,703.6783575731108,-1817.6786749160308,-2267.1607880217243,101.74255329153368,-1602.5991363994256,700.8248580182337,100.0,-11.565642659533069,-128.29642895679967,0.0,9.864250780915206,736.1455606973946,-2823.842621419933,100.0,-184.67294507084603,-150.18021952325398,0.0,79.52411576201315,0.0,0.0,0.0,0.0,0.0,0.0,0.0,1721.4976219949956,-700.8248580182369,287.95631028104356,184.31739569243973,128.2964289568406,12.001273423507826,73.05662774060086,-725.7516077834064,2823.842621419933,168.35514190999845,-706.7608096136382,150.1802195231994,-32.99993253362686,18.488903475312767,0.0,0.0,0.0,0.0,0.0,0.0,0.0,0.0
-447.40508296433137,-2247.5704621556656,753.5058243451031,1186.1812811983555,1120.7138868743027,97.2766776997372,-1642.173306128114,635.2102637822497,100.0,-687.6127298710696,-134.12751176458528,0.0,21.408563859084186,800.0182755156067,-2897.6463965467847,100.0,-623.426003700053,-144.99614686936184,0.0,78.1858960297156,0.0,0.0,0.0,0.0,0.0,0.0,0.0,1637.0531111627406,-635.210263782247,293.22549908597136,-550.4627237468594,134.1275117646262,9.061824147846949,71.51307376868884,-785.7153347401959,2897.6463965467847,151.61304586029968,-1133.5273054804538,144.99614686940959,-33.92505643507832,12.262824343896812,0.0,0.0,0.0,0.0,0.0,0.0,0.0,0.0
-578.4683609229132,-2281.832834746306,800.6754011809587,-635.9586842989279,1173.386356347246,91.1264966180238,-1562.914571074028,566.7320743404898,100.0,-1059.7986027874822,-139.74930689169128,0.0,15.278739860667326,921.00787206624,-2968.801226112349,100.0,81.52051354563639,-139.5858275127148,0.0,86.16475875461929,0.0,0.0,0.0,0.0,0.0,0.0,0.0,1588.1408018994405,-566.7320743404871,297.00655141656875,-557.0285308727512,139.74930689173902,6.052584750787844,75.25323241203287,-924.8732925115438,2968.8012261123486,134.47344918848174,-270.54929964501696,139.58582751276936,-34.58890470720718,17.935746053303063,0.0,0.0,0.0,0.0,0.0,0.0,0.0,0.0
-529.2308649421373,-2320.200255470999,844.3703663432618,-979.2427297746246,-1853.268922250968,83.3984978911866,-1517.9593814411664,495.4971405638539,100.0,-113.21632152083566,-145.15304229386743,0.0,26.104644136828433,996.520028266943,-3037.1960827140347,100.0,1052.046854912664,-133.95770351841293,0.0,87.08173299662393,0.0,0.0,0.0,0.0,0.0,0.0,0.0,1603.6584094829038,-495.49714056385415,299.2703472968964,-198.2906357217439,145.15304229386743,2.9967310498494726,69.70592165895202,-909.3047338833542,3037.1960827140374,117.06835341133726,357.2038543329228,133.95770351841293,-34.98636468716228,4.458116847666758,0.0,0.0,0.0,0.0,0.0,0.0,0.0,0.0
-717.1714065062065,-2381.235937841039,883.8341595603646,82.07473607146312,283.2962584891675,74.22648862488018,-1483.5032731642148,421.6166148466393,100.0,-265.55024982293503,-150.33028617943842,0.0,35.27016530175569,1122.3137758023715,-3102.724245510454,100.46819519883344,1040.132282744329,-128.12055680608637,24.57999536918244,97.12469482457657,0.0,0.0,0.0,0.0,0.0,0.0,0.0,1518.9848246284305,-421.61661484663955,299.9994519823887,-105.41529908436019,150.33028617944183,-0.08220213490460537,61.7239024682676,-1067.7848580633763,3102.7242455104565,100.0,-4.882042335960932,128.12055680608637,-10.534379946605696,14.193726580979108,0.0,0.0,0.0,0.0,0.0,0.0,0.0,0.0
-862.4565958913639,-2639.342753939534,918.3834815549926,1119.708934469913,149.22331253269476,63.769278370555185,-1387.8610047964266,345.20577766837164,100.0,-1295.15897175816,-155.27296016575065,0.0,35.17357626169409,1156.0348880833503,-3165.283466744755,118.00113797874027,340.7718334617505,-122.0834954466909,34.97195071237648,100.0,0.0,0.0,0.0,0.0,0.0,0.0,0.0,1366.1569733464592,-345.20577766837187,299.1882502344713,106.7166352432912,155.2729601657063,-3.1605022355395818,61.98167732773105,-1126.6490567272017,3165.283466744758,100.0,10.667112818706528,122.08349544664998,0.0,4.839775009151513,0.0,0.0,0.0,0.0,0.0,0.0,0.0,0.0
-982.5890748861069,-2680.4939807400947,947.4201250889395,331.7681790782706,-304.7161357870323,52.207929403973594,-1318.2758194349633,266.38385771435446,100.0,-337.30415111261095,-159.9733518843732,0.0,39.18455627351386,1240.5378866113997,-3224.7761312882885,135.39544403558492,-363.0622279430577,-115.8559394506733,34.560187767587536,95.47027897470392,0.0,0.0,0.0,0.0,0.0,0.0,0.0,1346.1874161636747,-266.3838577143581,296.8429895666182,588.8049879368953,159.97335188442776,-6.214461559845859,51.33243380017411,-1188.2894824660336,3224.776131288288,100.0,-66.27762944964729,115.85593945062556,0.0,12.037581648589498,0.0,0.0,0.0,0.0,0.0,0.0,0.0,0.0
-1109.827841864848,-2816.383894827037,970.4413326742905,-992.7321494161299,1049.0240050915372,39.74262170656914,-1263.2421096610374,185.2738458355825,100.0,966.0324688667151,-164.4241270154214,0.0,43.47846494833075,1295.8063816299411,-3281.109408955688,152.51715019467338,352.1296307928469,-109.44760606945692,33.88225769568635,100.0,0.0,0.0,0.0,0.0,0.0,0.0,0.0,1258.559464317477,-185.27384583558296,292.9817321287956,-763.5407524483583,164.42412701547937,-9.220559877405208,48.826773638921715,-1343.2184091107047,3281.1094089556855,100.0,-729.4035056143605,109.447606069416,0.0,6.528991857924338,0.0,0.0,0.0,0.0,0.0,0.0,0.0,0.0
-1209.1277484184682,-2912.092838083806,987.0485016116373,-916.7500368364745,-2476.74280997486,26.589186931761333,-1181.5597547430089,102.00230313829456,100.0,280.83760101454345,-168.61834073156274,0.0,64.09337933775792,1409.9904243418766,-3334.195399353718,169.2343927239499,789.9072135721656,-102.86849463284625,32.94338161123463,93.45180198030606,0.0,0.0,0.0,0.0,0.0,0.0,0.0,1188.6357862172297,-102.00230313829479,287.63421560084885,-96.46506580067921,168.61834073155933,-12.155645561888946,44.19934373957457,-1340.445963921007,3334.1953993537154,100.0,-1039.8642626766843,102.86849463284625,0.0,14.332956530915803,0.0,0.0,0.0,0.0,0.0,0.0,0.0,0.0
-1234.1845157970365,-3004.9104300665717,996.9540856311605,-1585.8123211980978,-361.1650404888269,12.975371369094546,-1076.8866926441437,16.69916350262247,100.0,56.937155933700296,-172.549448534744,0.0,48.704039521616394,1328.7604179861764,-3383.951269037846,185.41842288954803,2459.3441806801857,-96.1288709466271,31.75079031841051,98.53752219294832,0.0,0.0,0.0,0.0,0.0,0.0,0.0,1270.0656906224044,-16.69916350261883,280.8416241661811,-420.5274091824083,172.54944853480538,-14.997113894549159,40.685761711536436,-1383.3728028304556,3383.951269037846,100.0,-872.5620181708939,96.12887094666803,0.0,12.688296413617513,0.0,0.0,0.0,0.0,0.0,0.0,0.0,0.0
-1451.7657980809458,-3031.755603215357,999.9865736375027,-1514.8053484039804,456.2136790579916,-0.8631073887846696,-1102.5416767189715,-70.50246916147057,100.0,-23.710801546091034,-176.21131646740992,0.0,67.29893406311231,1433.804262239037,-3430.2993807625166,200.94459852102432,-48.3304577658339,-89.23925127383427,30.31366862258551,87.61169825873333,0.0,0.0,0.0,0.0,0.0,0.0,0.0,1033.2390096712481,70.50246916147444,272.6562713295673,427.03283860189345,176.21131646740992,-17.723081155652665,37.31323624700377,-1479.7648621673832,3430.2993807625166,100.0,859.6353844663463,89.23925127383427,0.0,5.2417909624317005,0.0,0.0,0.0,0.0,0.0,0.0,0.0,0.0
-1468.2194578581016,-3127.9741566819994,996.0934593535378,-1089.159792845851,231.50449909266626,-14.686641798766686,-929.2068354185433,-159.46652860471272,100.0,404.4254198445765,-179.59823068447236,0.0,67.90813289208334,1585.2340830724766,-3473.167414623497,215.69334394967512,-998.6939451812486,-82.21038592597552,28.64308459303672,93.29749754461082,0.0,0.0,0.0,0.0,0.0,0.0,0.0,990.2670554711328,159.4665286047125,263.14119702191135,1033.7006949785227,179.59823068447236,-20.31255316311473,27.80334815304051,-1573.6732700601103,3473.1674146234986,100.0,-315.8781127839882,82.21038592598234,0.0,0.0,0.0,0.0,0.0,0.0,0.0,0.0,0.0,0.0
-1503.3869397887613,-3135.1647432297013,985.3421504448697,749.9992983125844,935.5640755079571,-28.255883072982897,-987.5723419950028,-250.05419855130663,100.0,1672.8304592038144,-182.70490636844272,0.0,73.04488608584012,1520.755608991703,-3512.488480903202,229.55107092691384,1503.8452576965165,-75.05324248836587,26.751904321713198,84.98608735175115,0.0,0.0,0.0,0.0,0.0,0.0,0.0,854.3569444261786,250.0541985513064,252.3696820948641,-1523.8363335586553,182.70490636837962,-22.74558696036749,29.12074755504921,-1613.2937727108826,3512.4884809032037,100.0,1629.2064478761813,75.05324248833858,0.0,5.409117605217769,0.0,0.0,0.0,0.0,0.0,0.0,0.0,0.0
-1565.3574276728862,-3223.65986351817,967.9188013839452,-1424.3875066400676,2746.039059951545,-41.33588540413598,-756.80002044709,-342.1241293028189,100.0,96.47758384827398,-185.5264959756903,0.0,70.8922987693757,1477.3753727986941,-3548.2012244429893,242.41105343022562,-122.01750103526706,-67.77898870667968,24.654692834165388,88.2401226589085,0.0,0.0,0.0,0.0,0.0,0.0,0.0,851.9730740155916,342.1241293028145,240.42468394443105,-77.2482426425222,185.5264959756272,-25.00344440797491,21.777322530468577,-1588.4707127892295,3548.201224442989,100.0,467.63312851198975,67.77898870665922,0.0,14.147649079877844,0.0,0.0,0.0,0.0,0.0,0.0,0.0,0.0
-1785.9695551219147,-3354.526898165733,944.1250902622658,-852.2345560443193,740.224572449747,-53.70017395513571,-682.0595664396358,-435.53265829507006,100.0,362.2013186501829,-188.05859680069545,0.0,80.94005927428934,1595.992144067669,-3580.249920379496,254.17424961931013,-506.1130008680209,-60.39897506143916,22.367601916399877,94.77201397012155,0.0,0.0,0.0,0.0,0.0,0.0,0.0,709.7902866657731,435.5326582950696,227.39819761018043,671.1629286732233,188.05859680075855,-27.06873649654213,18.396465668855345,-1631.0391172302293,3580.2499203794946,100.0,1179.0977733749855,60.398975061418696,0.0,20.64547283439952,0.0,0.0,0.0,0.0,0.0,0.0,0.0,0.0
-1839.992406391871,-3387.8416913127026,914.3729953588538,-189.28455095707363,-467.56684369384175,-65.13466617734935,-685.4459568893686,-530.134034263974,100.0,-24.057244404560265,-190.2972578456223,0.0,84.13405401801076,1633.4097600150185,-3608.584561095695,264.75006461209193,600.7233230665929,-52.924717056926056,19.90824572095363,81.92239935210989,0.0,0.0,0.0,0.0,0.0,0.0,0.0,672.7373015426624,530.1340342639737,213.39054727053517,707.4816325624727,190.2972578456837,-28.925557269029127,17.49004386623801,-1683.8885444740283,3608.5845610956935,100.0,-754.7419699586726,52.92471705690559,0.0,19.12245286764148,0.0,0.0,0.0,0.0,0.0,0.0,0.0,0.0
-1884.701999829908,-3425.544659018308,879.1776619065372,335.8529691730621,1311.0017809670671,-75.44137856143664,-476.8659248768247,-625.7806446705127,100.0,-101.09339781265078,-192.23898598523988,0.0,77.48393055749335,1675.1128924879229,-3633.1609342509564,274.05704820603125,783.1531050367505,-45.36787725289287,17.29556511056387,78.5991949675437,0.0,0.0,0.0,0.0,0.0,0.0,0.0,505.1109503751576,625.7806446705167,198.50961359077218,-84.8243544917716,192.23898598517337,-30.559606321327237,23.573498657466168,-1650.8496485994906,3633.1609342509564,100.0,-676.5413068574787,45.367877252879225,0.0,21.727304794774703,0.0,0.0,0.0,0.0,0.0,0.0,0.0,0.0
-1906.6616966194122,-3454.0597981630667,839.1484825650465,-1015.327528733236,1760.8696834452803,-84.44185464020677,-415.1053666834948,-722.323246029931,100.0,1261.2425942453401,-193.88075141811782,0.0,94.66456093507219,1747.6919976608137,-3653.9406917683687,282.0235221711951,736.7149389352892,-37.74024706682894,14.549681784162942,66.09656037372065,0.0,0.0,0.0,0.0,0.0,0.0,0.0,424.08074644302604,722.3232460299351,182.87000287433688,451.02779222029596,193.8807514180496,-31.958298937667564,19.008837134657128,-1776.749123436886,3653.940691768368,100.0,425.22641240567737,37.740247066842585,0.0,30.03501425754032,0.0,0.0,0.0,0.0,0.0,0.0,0.0,0.0
-1949.158116655444,-3515.5402966213583,794.978546038851,1593.0243786906658,1134.9248582761197,-91.9802548883132,-344.30798366281306,-819.611196785861,100.0,-629.3484630141097,-195.2199923929254,0.0,98.2522854885806,1715.3146456559025,-3670.8914096716826,288.58813228396764,-504.8658882468487,-30.05372837476898,11.6917433084285,74.47937220421169,0.0,0.0,0.0,0.0,0.0,0.0,0.0,342.6225113283277,819.6111967858651,166.59216441627868,510.6206781889091,195.2199923928606,-33.11086301230361,15.220367135473655,-1705.802579299187,3670.8914096716826,100.0,63.5503382210311,30.0537283747758,0.0,34.884100928402916,0.0,0.0,0.0,0.0,0.0,0.0,0.0,0.0
-1964.9414421112097,-3388.0763071343918,747.4326365325423,-586.5254016088329,-2614.633689000716,-97.92605501955848,-262.55977875113456,-917.4926923659029,100.0,387.72181843374085,-196.25461920699422,0.0,94.56154818016697,1699.4776569091177,-3683.9866386785043,293.7003208498686,-117.3022958646277,-22.320314940350272,8.743760248786714,67.65977084469478,0.0,0.0,0.0,0.0,0.0,0.0,0.0,271.7350868470089,917.4926923659027,149.80146285660635,799.8999767161072,196.25461920692942,-34.008422011635275,11.005196416366598,-1780.5236313541084,3683.9866386785043,100.0,1718.040176925831,22.32031494034345,0.0,42.924585957738906,0.0,0.0,0.0,0.0,0.0,0.0,0.0,0.0
-2037.6060356575463,-3509.305116166041,697.3339918282738,-289.52664812315106,-579.8079982970694,-102.1763059608486,-198.49497476981543,-1015.8150020519386,100.0,168.08804370094407,-196.98301746634854,0.0,97.16805203129877,1814.4362803834015,-3693.205945470785,297.3207160763315,-855.7987571035255,-14.552073700031087,5.728436653807307,65.77602967695344,0.0,0.0,0.0,0.0,0.0,0.0,0.0,147.78037511220344,1015.8150020519338,132.6272126778208,-463.16841202200663,196.98301746628204,-34.64406333721584,3.2769433952258766,-1769.410891415372,3693.205945470785,100.0,-1230.4023582253194,14.552073700024266,0.0,30.724156710767286,0.0,0.0,0.0,0.0,0.0,0.0,0.0,0.0
-1951.999358814292,-3531.036885645793,645.5500492636316,-834.3372236035361,648.5859739976127,-104.65741637284736,-180.28202070297056,-1114.424707295585,100.0,-801.6956931409052,-197.40405060482772,0.0,100.0,1851.4447609755389,-3698.534944578233,299.42143529666146,42.438554698521784,-6.761125934306165,2.6689951987845006,56.459766157876686,0.0,0.0,0.0,0.0,0.0,0.0,0.0,-16.05850961040531,1114.4247072955802,115.20168228254596,1071.718372825218,197.40405060482772,-35.01289156349557,3.783958130118513,-1899.3998979800758,3698.534944578233,100.0,-1272.1530448850865,6.761125934306165,0.0,49.9654579842699,0.0,0.0,0.0,0.0,0.0,0.0,0.0,0.0
-2062.03526216059,-3460.69562634276,592.9774264124586,-2033.5836686220262,-490.738459883421,-105.32642685382882,28.09019294992352,-1213.1679411069197,102.340924678622,1211.0132820885074,-197.51706165779865,35.11206614030499,95.3325479698857,1723.2525804048269,-3699.965320824872,299.9862997098777,-37.403727537956684,1.0403716459063617,-0.4110016649372028,50.0068456589283,0.0,0.0,0.0,0.0,0.0,0.0,0.0,-62.6608654036761,1213.1679411069194,100.0,1332.5279940641665,197.51706165779865,0.0,11.425504224251958,-1819.6017155209993,3699.965320824872,100.0,922.8044007664641,-1.0403716459063617,0.0,49.558441276386986,0.0,0.0,0.0,0.0,0.0,0.0,0.0,0.0
-1993.2748369938909,-3461.8283847599723,540.5263965219679,401.1721026525868,113.27238042395948,-104.17175376355544,134.323947297216,-1311.8906281428924,119.86550288367582,17.292988379805507,-197.32187428694033,34.9408232692943,96.22166709429108,1830.6816113840196,-3697.4948423037413,299.01095898261144,-1302.9925862209063,8.840245868109378,-3.4878331774427807,51.46348159702287,0.0,0.0,0.0,0.0,0.0,0.0,0.0,-75.11940828267146,1311.8906281428922,100.0,1274.7873052731854,197.32187428700513,0.0,6.066195414869772,-1762.9935603952445,3697.4948423037413,100.0,-623.125086614624,-8.840245868109378,0.0,57.29131794052959,0.0,0.0,0.0,0.0,0.0,0.0,0.0,0.0
-2039.6920326019433,-3493.673488899215,489.10512750748484,-494.7410073676224,818.0060700780359,-101.21338978959841,174.98918022946003,-1410.43872512091,137.2370858600367,949.7232508031674,-196.8187930553006,34.50048178656772,93.23752813669859,1768.4130456180476,-3691.1273638594807,296.5029247534303,684.997577078343,16.62632609286902,-6.537802956935934,42.79813727736229,0.0,0.0,0.0,0.0,0.0,0.0,0.0,-186.96788345136054,1410.4387251209141,100.0,209.24367112533645,196.8187930553006,0.0,0.7050377632839835,-1771.1149807758486,3691.1273638594807,100.0,172.69447517412345,-16.62632609286902,0.0,62.470890748564194,0.0,0.0,0.0,0.0,0.0,0.0,0.0,0.0
-1925.3618017759848,-3491.460125999752,439.6039574001553,299.18017003225714,-141.80393568125737,-96.50255778220242,332.8749920713726,-1508.6584611823243,154.32188543602686,-472.17990771545544,-196.00860295277698,33.79443300554286,86.20897823103392,1811.4233185147805,-3680.872821073374,292.4815127815532,-914.725581769668,24.386463204405118,-9.537421498687308,30.01281402182912,0.0,0.0,0.0,0.0,0.0,0.0,0.0,-279.18288987248457,1508.6584611823284,100.0,-286.4944326909955,196.00860295271218,0.0,5.742865116828188,-1803.7168133374637,3680.872821073374,100.0,-190.35479640105336,-24.38646320441194,0.0,75.38769935335904,0.0,0.0,0.0,0.0,0.0,0.0,0.0,0.0
-1960.6989518451837,-3479.6345732996265,392.8799785117325,938.3568846713035,1339.95818248648,-90.12082385143458,419.5855024046018,-1606.3965778309112,170.98832211760558,69.93054081407905,-194.8925681702667,32.82811459848588,86.39173120127859,1754.8171820714226,-3666.7472147602243,286.97769418550206,1655.0981072182458,32.10854856758033,-12.463587080707441,26.546387245737854,0.0,0.0,0.0,0.0,0.0,0.0,0.0,-387.06544586184674,1606.396577830911,100.0,378.4658371318878,194.8925681702019,0.0,10.15222702890154,-1751.7291085028692,3666.747214760224,100.0,-205.3316695830256,-32.10854856759397,0.0,66.87105165451639,0.0,0.0,0.0,0.0,0.0,0.0,0.0,0.0
-1897.948035013155,-3362.8631168488723,349.7421972352466,-1491.7543185078432,-877.7340678953829,-82.17868508409055,487.57233451745475,-1703.500568071811,187.1080384548495,295.1808905957779,-193.47243012783565,31.60896871809655,87.06778940336241,1738.739477158142,-3648.7725860012733,280.0338569173821,1259.9576034075506,39.780532921868144,-15.293763682892632,26.322384578499992,0.0,0.0,0.0,0.0,0.0,0.0,0.0,-471.79204508816696,1703.5005680718064,100.0,-319.1239724752302,193.47243012777085,0.0,11.901587556087332,-1769.0023161728611,3648.7725860012733,100.0,-546.1410567630799,-39.78053292186132,0.0,77.9097876795015,0.0,0.0,0.0,0.0,0.0,0.0,0.0,0.0510525689892109
-1840.9638971075344,-3400.749584880356,310.9375264335319,750.8158135477015,-177.64546277813224,-72.81365633207315,673.5105777896752,-1799.818914377898,202.556887593689,-790.1099047207055,-191.75040475706282,30.1463846813148,81.05890455306174,1685.54775785506,-3626.9769817520973,271.703479309813,-536.0266395142457,47.39044518249784,-18.006154549374287,21.61728080516143,0.0,0.0,0.0,0.0,0.0,0.0,0.0,-559.3816715268074,1799.8189143778934,100.0,35.799426484013566,191.75040475706282,0.0,14.844323236010121,-1751.8607115344867,3626.9769817520973,100.0,1083.0127861904282,-47.39044518249784,0.0,82.28153119036213,0.0,0.0,0.0,0.0,0.0,0.0,0.0,0.059359424524750785
-1701.6085804021573,-3265.282706390682,277.13785295152184,109.1053670761562,1370.1770302231375,-62.187889199580866,655.3122395129053,-1895.2013251122157,217.2158893995221,340.32585358954293,-189.72917904376118,28.451626657012525,85.39651960287296,1611.7579227432514,-3601.394411079159,262.05071820969795,-204.48005737204767,54.92641111977946,-20.579870057406993,16.398557922503166,0.0,0.0,0.0,0.0,0.0,0.0,0.0,-663.3340392453217,1895.2013251122112,100.0,167.4383234608723,189.72917904382598,0.0,10.59186607292912,-1636.8846855459117,3601.394411079159,100.0,1373.2087760532727,-54.926411119758995,0.0,77.99517271274557,0.0,0.0,0.0,0.0,0.0,0.0,0.0,0.06901790349970881
-1740.579727240563,-3280.392156121243,248.928404173099,1188.9442020331614,-1648.4689340856403,-50.48536445504965,730.306187476163,-1989.498969037557,230.97214678905635,48.50697712948261,-187.41190683454988,26.537746914376896,84.82042227968729,1626.5105564391351,-3572.064792093301,251.149914870852,-252.41827786034378,62.376671887072916,-22.995088599887765,17.176235785967798,0.0,0.0,0.0,0.0,0.0,0.0,0.0,-790.8112991337501,1989.4989690375523,100.0,1302.1908920670057,187.41190683448167,0.0,18.69122173386876,-1597.3632898946864,3572.064792093301,100.0,140.44102131675345,-62.37667188703199,0.0,85.39707756720968,0.0,0.0,0.0,0.0,0.0,0.0,0.0,0.08024793100055946
-1607.0688733394477,-3229.424123809885,226.7976150506965,-276.70752218432426,-1727.0591966357233,-37.908706480240824,796.9939155577932,-2082.564707547313,243.71971521321169,1177.7572134352436,-184.8022039169541,24.419485300248596,75.93313584808844,1587.0963386373624,-3539.033889662979,239.08502241087376,814.0035600871659,69.72960236907966,-25.233209242597354,19.849799797133574,0.0,0.0,0.0,0.0,0.0,0.0,0.0,-881.8903428647144,2082.564707547317,100.0,1349.815076484404,184.80220391689272,0.0,33.87743736762468,-1572.5186931438664,3539.033889662979,100.0,-1214.584473548191,-69.72960236913423,0.0,88.63816829086643,0.0,0.0,0.0,0.0,0.0,0.0,0.0,0.09330521652106866
-1608.4380861599934,-3287.9672801304855,211.1286710558661,793.9562162176037,1769.0753957470997,-24.67567491258336,874.3017581808497,-2174.2533242551654,255.36041859470464,1367.1493507815467,-181.90414237593131,22.113155719237767,60.53011818524646,1672.2568983438564,-3502.35324400444,225.9489592417424,-655.5701137475432,76.97372932106418,-27.27699498013834,13.232130712789166,0.0,0.0,0.0,0.0,0.0,0.0,0.0,-852.005895765642,2174.253324255165,100.0,550.9453183698537,181.9041423758631,0.0,43.07576633052629,-1560.359243389374,3502.353244004437,100.0,1341.2047779072452,-76.97372932111875,0.0,92.05933462272927,0.0,0.0,0.0,0.0,0.0,0.0,0.0,0.10848707650771466
-1361.2707327772096,-3150.414714366958,202.19287348112164,-495.1972015957165,-1012.187240836231,-11.015394227197532,1010.2240238274165,-2264.4217515854734,265.80460543634365,-517.397446453557,-178.7222442411894,19.636520491487772,65.08016485127482,1535.6876900288241,-3462.080090260228,211.84289345371184,301.6138366945927,84.09774927135913,-29.11070548779435,9.630805166267745,0.0,0.0,0.0,0.0,0.0,0.0,0.0,-1021.5549816070632,2264.421751585473,100.0,186.48578435675915,178.722244241128,0.0,26.7280710202301,-1497.4577775991256,3462.0800902602246,100.0,1332.153132915247,-84.0977492714137,0.0,92.46919229691835,0.0,0.0,0.0,0.0,0.0,0.0,0.0,0.12613920430197118
-1443.6880480587486,-3041.1013975360565,200.14494197014267,-502.3633363163526,875.6588507176048,2.8356134588324267,1056.03087504774,-2352.929294010698,274.9718392768062,-461.4381360947266,-175.26147443054924,17.008653555134856,63.930317908449425,1433.796880033139,-3418.2772691915684,196.87546366387852,784.7452792560046,91.09054615887317,-30.720218346410206,0.4370463960390554,0.0,0.0,0.0,0.0,0.0,0.0,0.0,-1079.6677521353179,2352.929294010698,100.0,792.1910673185289,175.26147443054924,0.0,33.56488420029015,-1459.4294226600773,3418.2772691915643,100.0,-476.18544652912533,-91.09054615887999,0.0,91.13238625998272,0.0,0.0,0.0,0.0,0.0,0.0,0.0,0.14666354163210368
-1263.2349760970096,-2979.4203313677244,205.02033561105225,992.5541211943914,-199.87851338941027,16.63752366920079,1198.3448390696442,-2439.6378475875663,282.7915181763315,-53.07033469421299,-171.52723300325988,14.24979356737822,45.30059801992314,1418.5216316270032,-3371.0131291239295,181.16194233008355,77.85273378988563,97.9412086783168,-32.09313780696476,0.0,0.0,0.0,0.0,0.0,0.0,0.0,0.0,-1152.992221255318,2439.637847587566,100.0,-592.5257838850848,171.5272330032053,0.0,41.70279467801569,-1417.871860943431,3371.0131291239254,100.0,-810.7875479242443,-97.94120867824859,0.0,93.34108702090319,0.0,0.0,0.0,0.0,0.0,0.0,0.0,0.17052743088958636
-1099.7905320052967,-2855.3344627882375,216.73463897695723,966.729522748758,-833.2457380384994,30.15136203010627,1159.6290565698027,-2524.4121154494405,289.2034184613213,357.03410583160803,-167.52534673336868,11.381188035374237,44.33404588454887,1337.9191833515172,-3320.361419298778,164.82334797393685,-277.038000258957,104.63904730536342,-33.21889025709879,8.254708625768135,0.0,0.0,0.0,0.0,0.0,0.0,0.0,-1199.6729515006875,2524.4121154494405,100.0,-376.2287829447416,167.52534673342325,0.0,49.99413226713361,-1333.9497112586591,3320.3614192987825,100.0,-1225.2002422860403,-104.63904730543845,0.0,93.5343257443345,0.0,0.0,0.0,0.0,0.0,0.0,0.0,0.19827425658891443
-1173.8303520400038,-2837.282714043097,235.08502374418924,-315.5281133297126,393.1422463633089,43.143142012817464,1264.1202939146046,-2607.1198189185907,294.1581585401678,943.2305783187553,-163.26206001841228,8.424929677441355,44.14526711058482,1271.8213732609702,-3266.401174797987,147.98551315023153,-874.5470778091976,111.17361097695039,-34.08880565434785,9.962596290108458,0.0,0.0,0.0,0.0,0.0,0.0,0.0,-1303.4596037355448,2607.1198189185907,100.0,-328.78964182868117,163.26206001847368,0.0,58.2290177608007,-1235.2787071794578,3266.4011747979926,100.0,-71.90334965653278,-111.17361097702542,0.0,87.17059638521914,0.0,0.0,0.0,0.0,0.0,0.0,0.0,0.23053581831852593
-940.8939738583322,-2640.890771396457,259.75376058094434,1526.639363278423,203.96852446748653,55.3879163137708,1332.5856111467506,-2687.631903909069,297.6175792182154,-355.17686680229644,-158.7440251355838,5.403786274801519,45.75497903405059,1177.0722662022106,-3209.2165932203225,130.77811534081223,-41.3639448209949,117.53470339803016,-34.696184298940125,4.361412079018506,0.0,0.0,0.0,0.0,0.0,0.0,0.0,-1389.1160245254168,2687.631903909072,100.0,224.67890354942256,158.74402513563837,0.0,62.76420368883825,-1169.0390070222513,3209.2165932203225,100.0,-637.6729891537946,-117.5347033981052,0.0,88.06171738801117,0.0,0.0,0.0,0.0,0.0,0.0,0.0,0.2680467169168741
-861.7054971624905,-2592.603716573307,290.3137204994128,-803.1057196429032,-1174.847643144044,66.67367172418949,1401.4283796964014,-2765.8227422979567,299.55503758282885,1669.4277512899191,-153.97829186183571,2.341025324306827,35.822952490087445,1115.8825833469589,-3148.896903302611,113.333678236546,1201.5205040219507,123.71239895183862,-35.03634843188841,16.123475699216705,0.0,0.0,0.0,0.0,0.0,0.0,0.0,-1354.4480424439073,2765.82274229796,100.0,41.19514772437128,153.97829186189028,0.0,58.40124308638624,-1167.3875372745142,3148.8969033026115,100.0,70.34788002414984,-123.71239895192048,0.0,92.3482157591897,0.0,0.0,0.0,0.0,0.0,0.0,0.0,0.3116610814491425
-696.7546646282899,-2458.5061371210954,326.23577041775775,-348.4910563128193,-1956.9196064108246,76.80500005122667,1455.0691181995671,-2841.570327950939,299.9556121952048,-2281.7170110403436,-148.97229647362792,-0.7397651574305542,36.42759875630877,1014.218095730575,-3085.536225690466,100.0,-340.5178357466258,129.6970581873984,0.0,12.648216323698902,0.0,0.0,0.0,0.0,0.0,0.0,0.0,-1472.2164163882655,2841.5703279509416,100.0,827.2312760613113,148.97229647363474,0.0,76.76966624401219,-1048.6841469955011,3085.5362256904664,104.21344890094305,-753.8572320105573,-129.69705818740522,35.106678261003026,88.1990850269997,0.0,0.0,0.0,0.0,0.0,0.0,0.0,0.3623720178604969
-652.4210412176506,-2260.62261173413,366.8979348808427,1665.3084493021038,-63.96605470366467,85.60648153009595,1515.8249811564472,-2914.7564670962192,298.8162180086272,533.6203804834759,-143.7338501438103,-3.8148582983995993,30.331294536302142,999.2096477428074,-3019.2334260758544,100.0,-607.822582543514,135.47934286056034,0.0,5.3566935835487275,0.0,0.0,0.0,0.0,0.0,0.0,0.0,-1566.7183699491916,2914.7564670962165,100.0,-205.88618777171632,143.73385014380347,0.0,69.24633729968122,-905.4550819163676,3019.2334260758544,121.72812593727329,550.2647928688282,-135.47934286055352,34.90663213735836,80.35824199852593,0.0,0.0,0.0,0.0,0.0,0.0,0.0,0.421334222154768
-360.6638126697729,-2212.1977058007265,411.59616530829607,-710.4288321006138,1411.1612402743026,92.9257221448313,1590.1371828464187,-2985.2669627497557,296.14563012811965,-590.0158646726072,-138.27112675308854,-6.860571104966482,30.8153063353043,832.3701585318472,-2950.0919609306998,100.0,347.62817315862947,141.05023050517957,0.0,13.817102104885226,0.0,0.0,0.0,0.0,0.0,0.0,0.0,-1587.9547261894468,2985.2669627497526,100.0,369.4783211032711,138.27112675312264,0.0,70.97409619063197,-845.59674494337,2950.0919609307,139.07546265423932,386.77601418116353,-141.0502305050909,34.43775072683238,85.4134010967789,0.0,0.0,0.0,0.0,0.0,0.0,0.0,0.4898902730042049
-431.5359822266366,-2174.4905235772108,459.5565303048636,1623.6400608343445,88.28866510979879,98.63599226772692,1600.960530607618,-3052.9917929041058,291.964416228506,-137.57651639030314,-132.59265013583445,-9.853446857704853,24.880251275280425,808.7815302906507,-2878.2197160771375,100.0,526.7875991104279,146.40102851104302,0.0,15.653626716542838,0.0,0.0,0.0,0.0,0.0,0.0,0.0,-1628.7913743497331,3052.9917929041026,100.0,1246.728691174194,132.5926501358822,0.0,81.37039501109709,-776.4555046936973,2878.2197160771375,156.1218576140245,-1041.1485987826677,-146.40102851093388,33.703645144584726,77.66690906534345,0.0,0.0,0.0,0.0,0.0,0.0,0.0,0.5696012024771592
-227.86203869226225,-2046.6046001577351,509.948615962787,-360.79859343262126,-400.62472573469677,102.63842093048623,1650.1178581421755,-3117.825282202737,286.3047781513675,-721.0341824074317,-126.70728078005595,-12.770435764576575,6.868016641604312,705.7761607277378,-2803.7288383464274,100.0,862.9418107839803,151.5233876880302,0.0,24.28083280266174,0.0,0.0,0.0,0.0,0.0,0.0,0.0,-1654.4295067075948,3117.825282202737,100.0,1323.690120012368,126.7072807801037,0.0,83.7929087074622,-648.4870175042295,2803.728838346434,172.73602709778487,-1621.18944417896,-151.52338768792106,32.709969143864015,77.23712108888836,0.0,0.0,0.0,0.0,0.0,0.0,0.0,0.6622820409839835
-116.64647197690067,-1837.7898146324917,561.8999041355867,304.9964777604953,-1698.267287850365,104.8637077341948,1766.7638951964682,-3179.6662668319964,279.2103039008438,-496.0216937002667,-120.6242020015884,-15.589072480127015,12.806799124617406,618.7199552650118,-2726.7355605891466,100.0,-717.0198301892276,156.40931529360842,0.0,23.12187183926924,0.0,0.0,0.0,0.0,0.0,0.0,0.0,-1696.5859614467695,3179.6662668319964,100.0,161.30425719018262,120.62420200162933,0.0,88.24228791868829,-641.2970315520387,2726.735560589154,188.79001619420472,895.635307556941,-156.4093152935061,31.4643755733222,75.00259242414316,0.0,0.0,0.0,0.0,0.0,0.0,0.0,0.7700431458051551
29.039242423535367,-1789.8227976196872,614.5108797293468,334.97530719407126,50.41809080198391,105.27332275705874,1750.7684505144673,-3238.418252373459,270.7356319482973,730.0431195918918,-114.35290561475085,-18.287649123529945,5.020438346272048,535.0632624065727,-2647.3600203096476,100.0,1562.2360100725632,161.05118750430393,0.0,29.326459489321913,0.0,0.0,0.0,0.0,0.0,0.0,0.0,-1729.3353334246387,3238.418252373459,100.0,282.8038392879705,114.35290561470993,0.0,80.84235713629263,-507.6203134529032,2647.3600203096407,204.16018425106353,-135.36085628758485,-161.0511875042016,29.976457438177846,81.22564878858411,0.0,0.0,0.0,0.0,0.0,0.0,0.0,0.8953382542587164
186.105125823542,-1570.3033297196494,666.8706054349542,1301.3126656414106,288.87834656097084,103.86017368429009,1759.5406128327484,-3293.9895643702707,260.94603043121737,-542.450236139963,-107.90317712205251,-20.845382463048168,5.977071833702586,459.82692321101723,-2565.726072207899,100.0,1331.5249526117705,165.44176131213135,0.0,26.25326938410615,0.0,0.0,0.0,0.0,0.0,0.0,0.0,-1752.2609802837048,3293.9895643702707,100.0,-1511.5083885427907,107.90317712205251,0.0,88.55708241656943,-415.2827152886534,2565.726072207892,218.72815710030025,290.6199272125977,-165.44176131213135,28.25767401926356,62.24326833161635,0.0,0.0,0.0,0.0,0.0,0.0,0.0,0.0
299.99697477953805,-1403.006358474843,718.0724942313273,7.99110764625425,249.39494133725816,100.64872860819378,1726.7090991834887,-3346.293491372662,249.91689448717918,-965.5836198132647,-101.28508044462023,-23.242573979082835,4.176107039760062,420.8302540776684,-2481.9610949211205,100.0,436.4653323053628,169.57418582574292,0.0,34.98421261503063,0.0,0.0,0.0,0.0,0.0,0.0,0.0,-1843.0028908122993,3346.293491372662,100.0,1379.2016753917608,101.28508044459295,0.0,99.71241560293389,-328.40300289556876,2481.9610949211133,232.38173872298213,-1193.2780555557692,-169.57418582562696,26.321262618585877,56.59567019675353,0.0,0.0,0.0,0.0,0.0,0.0,0.0,0.0
362.8472341788656,-1301.5898906397497,767.230006565175,365.30188141204064,1277.2127639888697,95.6945923736771,1812.8927422904883,-3395.2484202393152,237.7331655941776,-1074.6361277598112,-94.50894221928138,-25.460761573486508,0.0,212.2956045525696,-2396.1957922668016,100.0,-79.59285435175758,173.44201296032907,0.0,40.63173939538697,0.0,0.0,0.0,0.0,0.0,0.0,0.0,-1767.6190442200946,3395.248420239315,100.0,-180.36452084166967,94.50894221924727,0.0,100.0,-353.63795048885726,2396.1957922667943,245.01577533291604,-327.9908211265709,-173.4420129602131,24.182136611718192,59.241224764004265,0.0,0.0,0.0,0.0,0.0,0.0,0.0,0.0
474.32167342792474,-1197.7471636605733,813.4920004171341,-1697.9013231748718,1329.7754677491594,89.08354380311437,1853.2958220406852,-3440.777963483539,224.4886773893091,1784.3902511571412,-87.58533568515986,-27.482861756337087,10.362861245879937,193.50497377733365,-2308.5639892972185,100.0,-574.1890933498382,177.0392074995175,0.0,44.881374021554294,0.0,0.0,0.0,0.0,0.0,0.0,0.0,-1813.29320148692,3440.777963483537,100.0,-571.7809351715505,87.58533568513258,0.0,94.80740643760466,-130.16144790570735,2308.5639892972185,256.53296522413564,202.05585094130456,-177.03920749940153,21.856770591554238,50.6888541056128,0.0,0.0,0.0,0.0,0.0,0.0,0.0,0.0
687.6380107374916,-996.3704885074355,856.0574684742271,-2363.4161328534856,-1882.950214936659,80.93005047145198,1854.4133310904947,-3482.811078465515,210.28543300401714,-1180.7603621289184,-80.52506418550138,-29.293301215341927,5.979284553640429,86.77299322873667,-2219.202423483732,100.0,-863.2014433514349,180.36015651181515,0.0,47.28158065091238,0.0,0.0,0.0,0.0,0.0,0.0,0.0,-1786.3798586078278,3482.811078465513,100.0,-1290.9636982609584,80.5250641854741,0.0,100.0,-69.00797548275881,2219.2024234837327,266.84460814517314,775.1186667920844,-180.3601565119311,19.363073488356406,49.60835475601071,0.0,0.0,0.0,0.0,0.0,0.0,0.0,0.0
804.7382927537956,-946.3055901750203,894.1894072406033,641.5702139339095,-166.02487564122214,71.37528674775865,1769.2841877706433,-3521.2821782446545,195.23281948154036,-795.9219808215857,-73.33914431077801,-30.878136754618026,8.419788642070529,-0.8644215735860747,-2128.2505313565684,100.0,101.81964899791953,183.3996781100177,0.0,55.92390032570285,0.0,0.0,0.0,0.0,0.0,0.0,0.0,-1794.7742047813356,3521.2821782446563,100.0,133.68206998897904,73.33914431079847,0.0,98.46171701719514,10.77633127460162,2128.250531356569,275.8712884287719,50.89333194653271,-183.3996781101473,16.720250643242025,47.6147335417386,0.0,0.0,0.0,0.0,0.0,0.0,0.0,0.0
900.8227155042847,-639.9110061214718,927.2275779486145,-1333.0208023978212,-560.389176017701,60.58468941869535,1816.488070298633,-3556.131233919052,179.44676532677704,197.62481273143067,-66.0387887082561,-32.22516267878319,9.374163112971363,-113.42449620548325,-2035.8502309332,100.0,-1063.6868308071284,186.15302953494393,0.0,63.390898805701916,0.0,0.0,0.0,0.0,0.0,0.0,0.0,-1766.623430076164,3556.1312339190536,100.0,-1504.435683799262,66.03878870824929,0.0,98.35641197408552,162.80205601886067,2035.8502309332002,283.54348661587517,648.5752454539024,-186.15302953495075,13.948655897097524,28.407841078503107,0.0,0.0,0.0,0.0,0.0,0.0,0.0,0.0
1048.758018137581,-631.6209089953761,954.5999383203359,296.61660677604743,2004.7890084292321,48.7450932195452,1798.4019056201137,-3587.3038682924175,163.04884767672172,-269.978486928037,-58.63538858686752,-33.32400479594426,6.1115033262501735,-219.42721687102468,-1942.1457002745892,100.0,-960.6380037845271,188.6159145574993,0.0,73.87657607843276,0.0,0.0,0.0,0.0,0.0,0.0,0.0,-1823.3844870206688,3587.3038682924184,100.0,-606.1029217677174,58.63538858684706,0.0,88.42640444290271,229.38013367413228,1942.1457002745897,289.80211486344797,-756.1314876391793,-188.6159145576255,11.069634834519206,29.456034082871454,0.0,0.0,0.0,0.0,0.0,0.0,0.0,0.0
1116.8954521511384,-433.4642425475587,975.8325472432996,147.9333857788231,307.79313130233106,36.061495867625126,1772.858528587094,-3614.7514407222548,146.1653559676731,-1151.544808016149,-51.14049594225435,-34.16620031499974,3.868439307599462,-293.60888837870806,-1847.283152515029,100.0,121.92847012019371,190.7844901816577,0.0,70.15639290034474,0.0,0.0,0.0,0.0,0.0,0.0,0.0,-1806.9293691945247,3614.751440722256,100.0,35.35269776414566,51.14049594222706,0.0,85.94079136435548,276.38073097514234,1847.2831525150295,294.5989720126445,1173.963527877969,-190.78449018179072,8.105360389582756,30.579515680400842,0.0,0.0,0.0,0.0,0.0,0.0,0.0,0.0
1132.018477655386,-149.40963491294417,990.557770865079,1008.7255793927659,196.0013535008548,22.753508611550615,1714.159256777749,-3638.431123016957,128.9263193104117,-240.03865041788572,-43.565805531700335,-34.74526302227552,12.099388041442545,-431.6368075706997,-1751.4106077164895,100.0,-1068.3585459022654,192.65537264092586,0.0,78.28315533970755,0.0,0.0,0.0,0.0,0.0,0.0,0.0,-1696.3092508294485,3638.431123016957,100.0,412.35190481810605,43.5658055317208,0.0,80.10797867503113,357.31452802092184,1751.410607716481,297.8971148126018,-135.60764506129686,-192.65537264105888,5.078662079829428,37.73791192604429,0.0,0.0,0.0,0.0,0.0,0.0,0.0,0.0
1402.427579033011,-44.895282069325006,998.5206480215713,-1322.5274244301238,-359.0986037411259,9.051553753234316,1737.0014677048039,-3658.3059662633477,111.46450506407527,-1331.0315995121528,-35.923136626158794,-35.056733235548094,6.727129033158544,-463.7865764680414,-1654.6776619034895,100.0,-541.2578999406762,194.22564267903113,0.0,85.88505386558927,0.0,0.0,0.0,0.0,0.0,0.0,0.0,-1723.2049921498008,3658.3059662633477,100.0,338.83073015317336,35.923136626172436,0.0,88.63698767313099,571.5838482957425,1654.6776619034983,299.67114244085394,-888.5711353991428,-194.22564267890152,2.0128501835355905,19.69587121053788,0.0,0.0,0.0,0.0,0.0,0.0,0.0,0.0
1471.407942909455,26.83865290323142,999.5833047842298,792.9303883885711,-399.6024331454095,-4.807125019181058,1646.9281008829241,-3674.3449584804234,100.0,-590.3061382810483,-28.224414567514486,0.0,12.39925346207679,-556.2198003693721,-1557.2352536389837,100.0,-2071.4121422802373,195.49285010318158,0.0,89.25497896670655,0.0,0.0,0.0,0.0,0.0,0.0,0.0,-1730.5351876410778,3674.3449584804234,106.08560367872543,-568.6605022588697,28.22441456752813,35.09821215031373,74.42745201887405,645.3793115233092,1557.2352536389928,299.90739212911933,493.90987333041153,-195.49285010304857,-1.0684637856738277,9.08740263258164,0.0,0.0,0.0,0.0,0.0,0.0,0.0,0.0
1490.8482724960447,218.98621205817787,993.7273416901883,1987.5766298825602,1251.471986473175,-18.5825704076899,1668.8652224617815,-3686.5230730093194,100.0,210.4017004134289,-20.481652161099646,0.0,22.849162797434868,-719.8847400004046,-1459.235428505226,100.0,-532.7428806417589,196.45501760923366,0.0,86.99647948424399,0.0,0.0,0.0,0.0,0.0,0.0,0.0,-1691.3038142188902,3686.5230730093194,123.58884382061233,649.7045963994049,20.481652161106467,34.86938031452276,69.39242027754419,731.3639024383008,1459.2354285052352,298.60404438783905,-416.4878374520117,-196.45501760923366,-4.14154892412256,14.616535782538783,0.0,0.0,0.0,0.0,0.0,0.0,0.0,0.0
1548.9575263961317,335.21851693194185,981.0541523213535,-939.7260495170826,723.1994488286671,-32.036266265942004,1660.4633513092797,-3694.8213075639937,100.0,778.2828866923751,-12.706930931185525,0.0,32.60233560160617,-690.5364865782328,-1360.831101857453,100.0,-1222.4681469090679,197.11064386633893,0.0,86.42952033560344,0.0,0.0,0.0,0.0,0.0,0.0,0.0,-1657.6379818571859,3694.8213075639937,140.9104132252403,761.7741292759933,12.706930931185525,34.37200008874839,75.04283221225177,708.3184280660262,1360.8311018574623,295.7711370190718,-1070.5314248841921,-197.11064386647195,-7.182737702910913,10.94869335994634,0.0,0.0,0.0,0.0,0.0,0.0,0.0,0.0
1732.0267589344396,515.3574435372337,961.7831677164231,-349.5044629756387,-109.07321624135704,-44.935267407803394,1497.3181655758287,-3699.226713881702,100.0,-1259.1091517803034,-4.91238226937412,0.0,26.833762060590523,-909.9834181878421,-1262.1758202203207,100.0,1996.020005700852,197.45870585905436,0.0,92.47832131501869,0.0,0.0,0.0,0.0,0.0,0.0,0.0,-1537.4368079272688,3699.226713881702,157.9169089031143,-105.86876852182286,4.912382269380942,33.60990207329479,74.68273180065435,815.993386780111,1262.1758202203298,291.430487809827,-844.1876217019961,-197.45870585918397,-10.168608244655388,7.81232064918552,0.0,0.0,0.0,0.0,0.0,0.0,0.0,0.0
1804.7043030700345,622.2622516249611,936.2480570130949,570.8265933215273,-154.74171875654406,-57.05623295700889,1467.9674869825344,-3699.7324179269935,100.0,927.8874758490235,2.8898314946764003,0.0,34.8657830818131,-838.195674644267,-1163.4235216995037,100.0,1082.6739603047906,197.4986604842627,0.0,85.42131038042645,0.0,0.0,0.0,0.0,0.0,0.0,0.0,-1467.927251915033,3699.7324179269935,174.47735442184091,895.752860551928,-2.8898314946764003,32.58895560662424,57.34970138643327,958.853221094462,1163.423521699495,285.6155265012155,-977.960422354837,-197.4986604841297,-13.076164708323859,3.1994401061099196,0.0,0.0,0.0,0.0,0.0,0.0,0.0,0.0
1786.6510585117367,795.5144217905435,904.8909501047851,-1680.044136807354,2348.6849286668094,-68.18929340217323,1505.1962511997044,-3696.3376306177083,100.0,-84.91561511803184,10.687536070990973,0.0,41.40767819171679,-1071.1140196710342,-1064.7282957822767,100.0,-1049.2282000755938,197.2304453979575,0.0,98.42789573182864,0.0,0.0,0.0,0.0,0.0,0.0,0.0,-1522.239394737794,3696.3376306177083,190.46420862808023,-321.02777496347016,-10.687536070990973,31.31702356233589,55.23364230968357,1003.7151525184612,1064.728295782277,278.3710373275195,-999.7837777081429,-197.2304453978245,-15.883014392922803,7.655183542046442,0.0,0.0,0.0,0.0,0.0,0.0,0.0,0.0
1810.7287505057623,916.8838571814662,868.2547823441647,499.14126365922243,1709.6164031871012,-78.14168440069807,1365.383923245539,-3689.04764905623,100.0,-401.69020673727914,18.46856420556378,0.0,48.191985487803365,-1125.9304842458034,-966.2441429019309,100.0,-727.0266152044059,196.65447911331682,0.0,97.20202719567506,0.0,0.0,0.0,0.0,0.0,0.0,0.0,-1451.0841381325426,3689.047649056231,205.75434791254105,690.2447083273535,-18.46856420555696,29.803901792825656,53.84502245279576,1074.5311553444515,966.2441429019312,269.7528141080235,1217.7209824901604,-196.65447911318552,-18.56754019608786,6.432199157044902,0.0,0.0,0.0,0.0,0.0,0.0,0.0,0.0
1866.6037991982005,1078.3206364128791,826.9738938418143,1352.923217854559,-1024.0150182043362,-86.74108441372027,1376.3108617542105,-3677.873848264083,100.0,-90.70720265760656,26.22077466567589,0.0,50.779025362978985,-1184.8682880331178,-868.1247341410574,100.0,1002.6495622514835,195.7716603470078,0.0,95.46560826843485,0.0,0.0,0.0,0.0,0.0,0.0,0.0,-1350.1663177965086,3677.873848264084,220.23001445302356,-863.9599511756364,-26.22077466567589,28.061243686004502,52.45712435225143,1144.6883845203406,868.1247341410576,259.82723054794496,1091.059379230885,-195.7716603470078,-21.10906709933971,0.0,0.0,0.0,0.0,0.0,0.0,0.0,0.0,0.0
1862.9343414574007,1225.5342854405853,781.7630461292451,183.2528719240895,596.4573024499725,-93.83859838237868,1297.1828039716252,-3662.8336634327593,100.0,-541.5701692781579,33.93207118472219,0.0,54.581246184280985,-1227.8917177245883,-770.5231714488258,100.0,137.1998416874635,194.58336661765145,0.0,93.68482107719886,0.0,0.0,0.0,0.0,0.0,0.0,0.0,-1295.4484955004164,3662.8336634327597,233.77972313254304,441.2044495503187,-33.93207118473583,26.102470416113732,40.43700245415765,1243.8081780131176,770.5231714488261,248.6707290578077,1164.1119635943949,-194.58336661752014,-23.488021397845813,7.436142886418603,0.0,0.0,0.0,0.0,0.0,0.0,0.0,0.0
1950.343031580357,1465.9105570484592,733.4050463582425,-36.136810702151934,637.8821799074808,-99.31133578424692,1242.1295797526504,-3643.950562718482,100.0,-68.26699602499843,41.59042133664343,0.0,58.077550646502665,-1309.5489128068443,-673.5917487462665,100.0,143.54020245707488,193.09145209494488,0.0,98.54919640592344,0.0,0.0,0.0,0.0,0.0,0.0,0.0,-1229.4061646024834,3643.9505627184813,246.29912014791577,-712.240774428418,-41.59042133662979,23.942667579834307,50.15463211461386,1334.8456460112789,673.5917487462667,236.36923202814347,812.4533773130975,-193.0914520950745,-25.686081448349967,13.23867925814567,0.0,0.0,0.0,0.0,0.0,0.0,0.0,0.0
1991.6240950849478,1510.4463294043996,682.7371933184367,120.64633421229018,1865.7101632193996,-103.06453843197176,1244.0135669368929,-3621.254010623358,100.0,-507.14485935681296,49.18387531098688,0.0,65.24834755386293,-1390.013779498605,-577.4817142924213,100.0,134.8117468530529,191.29824470832773,0.0,94.07022059991128,0.0,0.0,0.0,0.0,0.0,0.0,0.0,-1154.9312756295458,3621.2540106233573,257.69178669611756,583.3576663499832,-49.183875310973235,21.59846901376511,32.77000378479544,1319.0388505326728,577.4817142924215,223.01748009362885,385.03279766450987,-191.29824470845563,-27.686318774283052,7.063095666374172,0.0,0.0,0.0,0.0,0.0,0.0,0.0,0.0
1959.9897812778918,1701.6307442069951,630.636779954596,-2229.1688169448535,-1388.4690586969157,-105.03322117213258,1052.6000640912152,-3594.7794220200285,100.0,-1202.1230171553998,56.70058455896424,0.0,78.81091356521013,-1408.907252308841,-482.3430346820203,100.0,-57.326589763689526,189.2065425131119,0.0,89.44674773625101,0.0,0.0,0.0,0.0,0.0,0.0,0.0,-1107.0112431705422,3594.7794220200285,267.8699815488387,789.4157192654899,-56.700584558943774,19.08792868803431,27.555403961409226,1446.4609225320735,482.3430346820121,208.7183024830341,777.7654423290312,-189.2065425132398,-29.473328441325748,11.344373672772866,0.0,0.0,0.0,0.0,0.0,0.0,0.0,0.0
2036.5114767470443,1856.1431248400656,578.0059034017221,93.14988059607913,2085.476480556591,-105.18329707633654,954.7508406011079,-3564.568106891605,100.0,545.0900129401344,64.12882028139393,0.0,70.81610352341202,-1377.9326590087853,-388.3241608431091,100.0,-239.6931094273532,186.81960932516972,0.0,82.34368290564055,0.0,0.0,0.0,0.0,0.0,0.0,0.0,-1012.6701056818436,3564.568106891605,276.75531679623197,1086.872245774989,-64.12882028139393,16.43038166269946,23.77442089676298,1478.3754764987398,388.324160843101,193.5818250744441,-23.108880083912027,-186.81960932516802,-31.03334769933383,16.443877571358744,0.0,0.0,0.0,0.0,0.0,0.0,0.0,0.0
2044.4354403781813,1859.9990081274952,525.7558455458085,2400.338615818439,-412.3189594899168,-103.51216764230116,1037.0781275244701,-3530.6672058730705,100.0,1067.6939436418706,71.45699173004914,0.0,87.32672338026403,-1466.4065537091528,-295.5717963996217,100.0,-2996.370780035837,184.14116962804428,0.0,86.80534603337766,0.0,0.0,0.0,0.0,0.0,0.0,0.0,-922.8793287892888,3530.6672058730705,284.27936155556506,-720.5708536270043,-71.45699173004914,13.646295177744037,29.74570691626755,1512.520846868812,295.57179639961373,177.72462225494115,-464.7560375126477,-184.14116962804428,-32.35436197688955,1.6072251402918756,0.0,0.0,0.0,0.0,0.0,0.0,0.0,0.0
1968.9895014044814,2088.454148883796,474.7912945544224,327.1440539504056,173.15918244761406,-100.04876778575579,862.8644741357169,-3493.129616694748,100.0,-796.617586319918,78.67366429322374,0.0,76.41177528472294,-1594.5419435614958,-204.23066876037717,100.0,204.49788143383216,181.17540276117268,0.0,90.02723777461871,0.0,0.0,0.0,0.0,0.0,0.0,0.0,-874.0898185989141,3493.129616694748,290.38416899532064,158.994849845634,-78.67366429321692,10.75711102353921,16.164847634528748,1562.7664682356076,204.2306687603857,161.26881911675105,447.8429895815077,-181.17540276141995,-33.426197412144774,16.661165557422148,0.0,0.0,0.0,0.0,0.0,0.0,0.0,0.0
1892.218403014674,2079.234423467765,425.9946805748074,1360.3143546037734,1762.4531145601009,-94.8530648447499,811.6635642264772,-3452.0139116426276,100.0,-1113.3102427339873,85.76757733823115,0.0,82.95238485593525,-1591.9382369287705,-114.44330329177137,100.0,1007.1101732555246,177.92693639981167,0.0,79.84867511586884,0.0,0.0,0.0,0.0,0.0,0.0,0.0,-782.9813990926125,3452.0139116426276,295.0227226157971,471.39137973447987,-85.76757733823797,7.785080405753604,15.473164735842502,1604.2912199805453,114.44330329177956,144.3411509043457,472.2777210694858,-177.92693639981167,-34.240599207456626,25.50866854250932,0.0,0.0,0.0,0.0,0.0,0.0,0.0,0.0
2010.6010455576427,2299.546067721258,380.2108968204111,-931.5167981337856,1432.0481197240088,-88.01502026914932,726.3138101403118,-3407.384246164281,100.0,-209.6690032688008,92.72766178158008,0.0,80.9114786589027,-1603.6360538212525,-26.349800926290982,100.0,-469.2163644925233,174.40083933173582,0.0,78.28130960465836,0.0,0.0,0.0,0.0,0.0,0.0,0.0,-759.3645201249608,3407.3842461642816,298.1592983491903,566.8612358697231,-92.72766178158008,4.753092576514177,10.049475618167659,1687.0069689655136,26.34980092629894,127.0719869561982,-1141.3045540378164,-174.40083933173582,-34.79129520395624,22.172841289919297,0.0,0.0,0.0,0.0,0.0,0.0,0.0,0.0
1843.5159097930607,2414.452143753437,338.2326705939168,-424.5799293149753,368.82188556804977,-79.65303197610382,632.2521803702567,-3359.310258763058,100.0,-951.9189761749334,99.54305736128845,0.0,86.09534635829262,-1603.1104068773814,59.91238044580882,100.0,-862.1533245201317,170.60261355053058,0.0,59.74476887578988,0.0,0.0,0.0,0.0,0.0,0.0,0.0,-631.313391865447,3359.3102587630583,299.76973969040523,967.8544194766073,-99.54305736128163,1.6844985515987787,10.893449560697814,1721.026240332842,-59.91238044580086,109.59432665838324,2034.0846886123882,-170.6026135507659,-35.07404418711076,36.73925513077123,0.0,0.0,0.0,0.0,0.0,0.0,0.0,0.0
1872.3029886446723,2530.746604592962,300.78683754146215,-994.6186526233589,241.10902324423932,-69.91188433861481,471.22791202541214,-3307.866962336696,100.0,-545.9983515723379,106.20312958237946,0.0,84.96262438146287,-1609.4302122657446,144.2086404608026,107.9572248572816,-690.4880914891032,166.53818566927953,35.08666855056447,74.41741139800538,0.0,0.0,0.0,0.0,0.0,0.0,0.0,-511.73689137358866,3307.8669623366964,299.8416437396637,394.2697789738196,-106.20312958238628,-1.3970687286450811,9.222265750684555,1713.7598713485838,-144.20864046079464,100.0,806.6230770526158,-166.53818566950463,0.0,29.1592813408761,0.0,0.0,0.0,0.0,0.0,0.0,0.0,0.0
1758.7092856089803,2569.5922386259535,268.5217567936804,837.7674432570177,754.212429354061,-58.96024130399098,439.143345737749,-3253.1346271299262,100.0,524.054073240149,112.6974863108876,0.0,98.69260816498736,-1723.9399948815192,226.4074463069967,125.44749338182754,-75.32077492411076,162.21389767309915,34.82907106708865,59.787519390969635,0.0,0.0,0.0,0.0,0.0,0.0,0.0,-293.0532231183313,3253.1346271299262,298.3744567241002,-304.5123002301483,-112.69748631089442,-4.467876409653684,8.496655519866463,1761.8774812079191,-226.40744630700374,100.0,-470.38883098689894,-162.21389767309915,0.0,41.79544788702342,0.0,0.0,0.0,0.0,0.0,0.0,0.0,0.0
1749.8080937683637,2709.3129009624886,241.9960848952046,450.6241729209853,612.3800753863839,-46.98772604738082,327.2468853640659,-3195.198655483723,100.0,-275.3233610567395,119.01599398951248,0.0,96.62800082776648,-1807.811329307823,306.3805379637488,142.7417766805044,-196.2308219847364,157.6364970235818,34.303235637488,59.79132533853048,0.0,0.0,0.0,0.0,0.0,0.0,0.0,-247.16898032173364,3195.198655483723,295.37947826267185,-619.219969363236,-119.0159939895193,-7.504274502489352,1.5989770629015934,1774.2653128745317,-306.3805379637413,100.0,-1058.086461097945,-157.63649702337034,0.0,52.18806099743947,0.0,0.0,0.0,0.0,0.0,0.0,0.0,0.0
1611.289212825656,2734.5119735645144,221.66910289734375,-1613.1159009831924,-507.1821028271802,-34.20163772460597,236.69472188444024,-3134.149448576597,100.0,119.96516551145106,125.14879344894553,0.0,85.24518296187435,-1795.6889107384395,384.0031283336714,159.7068819092226,101.92714592453399,152.81312612943225,33.513212011271065,46.568863545826645,0.0,0.0,0.0,0.0,0.0,0.0,0.0,-329.5070514963776,3134.149448576597,290.8797743415427,-654.7468569417538,-125.14879344894553,-10.482878025491118,5.377599742187998,1792.2389015969457,-384.00312833366456,100.0,-641.0620595837634,-152.8131261292276,0.0,43.34387208751962,0.0,0.0,0.0,0.0,0.0,0.0,0.0,0.0
1536.8641444009004,2904.482262634094,207.8927640964272,-1141.5674986922738,-1014.370187055415,-20.82336217313582,85.19331223192128,-3070.082265365875,100.0,351.84697026274165,131.08631529242075,0.0,100.0,-1844.7548432617423,459.1540979559577,176.2121514063324,666.3685837666469,147.75131120281344,32.46508459750103,50.52040578245021,0.0,0.0,0.0,0.0,0.0,0.0,0.0,-72.65002829222261,3070.082265365875,284.90999967015904,230.23725767323285,-131.08631529241393,-13.380747104957038,15.811603079933674,1917.3244697337236,-459.15409795595065,100.0,652.4194395420602,-147.75131120281003,0.0,41.63998014945074,0.0,0.0,0.0,0.0,0.0,0.0,0.0,0.0
1350.729683956571,2928.1594446064696,200.90560010786504,1152.212831345928,-544.8529086212989,-7.0845387076528255,78.07975432662442,-3003.0970739491167,100.0,-578.7678659006089,136.8192948274259,0.0,96.52532758893821,-1768.5373342761077,531.7161839967148,192.1304689595663,26.39556533955215,142.45895051564048,31.16692560528918,41.49786509703884,0.0,0.0,0.0,0.0,0.0,0.0,0.0,-31.23128155356794,3003.0970739491167,277.51613078616424,-1097.6093755441364,-136.8192948274327,-16.175563647802562,3.86516660669639,1880.4345598241707,-531.7161839967082,100.0,410.9906660331876,-142.45895051564048,0.0,66.89630171909043,0.0,0.0,0.0,0.0,0.0,0.0,0.0,0.0
1349.8501358137364,3080.305766248772,200.82859078976077,-6.236120674722088,-721.3354834504867,6.7769506189642925,-108.88278348863756,-2933.2983955775294,100.0,-744.0228812704071,142.33878652149087,0.0,99.7725075437725,-1753.2969130419592,601.5761632216308,207.33923879831963,370.6643619121098,136.94430207443475,29.62873287524829,49.39191047292694,0.0,0.0,0.0,0.0,0.0,0.0,0.0,3.578221825140446,2933.29839557753,268.75511196463725,1268.6330903816104,-142.33878652149087,-18.845803225541715,7.933597128600058,1759.2465000767384,-601.5761632216245,100.0,-823.1589623263801,-136.94430207424716,0.0,59.49751639485018,0.0,0.0,0.0,0.0,0.0,0.0,0.0,0.0
1238.205581914535,3162.915049421643,207.66306952664564,-538.0458421944024,635.8467826198353,20.52109984514715,-63.31402923073027,-2860.7951415648126,100.0,-1246.3218528980979,147.63617796123526,0.0,90.19745421953543,-1800.6662634215054,668.6250286653831,221.7213297715094,1487.0107031075781,131.21597073562384,27.862352880682977,25.94295799009527,0.0,0.0,0.0,0.0,0.0,0.0,0.0,105.85292018856836,2860.7951415648126,258.6944166587325,1703.812571689546,-147.63617796122844,-21.370900845824394,0.4814709709139873,1855.7977142620455,-668.6250286653885,100.0,-22.833947863626918,-131.21597073562043,0.0,62.339406724060595,0.0,0.0,0.0,0.0,0.0,0.0,0.0,0.0
1153.4789459853143,3174.132832829054,221.29070014247503,-855.4997319157337,-954.8498562361124,33.9099347046556,-228.73514438861653,-2785.700443345938,100.0,73.08763896956293,152.7032032898387,0.0,89.70397222137922,-1808.1852178805036,732.7581597221324,235.16597743936958,1737.73688309769,125.28289477864405,25.881389491161144,17.259333088760727,0.0,0.0,0.0,0.0,0.0,0.0,0.0,241.140900964431,2785.7004433459388,247.41152784928337,-43.888875608466975,-152.7032032898319,-23.731409334814515,12.538996866263078,1779.4569865439912,-732.7581597221381,100.0,194.65720676026535,-125.28289477864405,0.0,75.9902583458543,0.0,0.0,0.0,0.0,0.0,0.0,0.0,0.0
1090.8756794390713,3383.867711058112,241.47552584263326,693.7932313480144,618.3244236208793,46.71163305275911,-262.5257131283873,-2708.131475950946,100.0,1403.333620607007,157.53195610575176,0.0,80.7970071616966,-1692.8726926850704,793.8754853917058,247.56963713169117,-223.18816645022594,119.15433195896298,23.701099201772138,20.167688344743286,0.0,0.0,0.0,0.0,0.0,0.0,0.0,306.51099474783035,2708.131475950946,234.99334130549155,-239.16950949047703,-157.53195610575858,-25.90914911064189,12.89300092924687,1771.7875890902587,-793.875485391711,100.0,1176.9536060499888,-119.1543319589664,0.0,76.87803700566766,0.0,0.0,0.0,0.0,0.0,0.0,0.0,0.0
1006.8963442674701,3325.7720669272385,267.86805470836157,-1334.3673225696552,-608.9267723075159,58.704538770869874,-395.17826669328855,-2628.2092751693226,100.0,-467.1329587981788,162.11490179910015,0.0,80.64191825442704,-1793.0393495230694,851.881640426735,258.836781402611,-197.36258179274046,112.83984506264233,21.33827363432374,25.896762302971563,0.0,0.0,0.0,0.0,0.0,0.0,0.0,431.1114444576672,2628.2092751693226,221.5354963525446,-118.49472025985932,-162.11490179910015,-27.88734819441345,13.533096669884804,1789.7137124770918,-851.88164042674,100.0,-1343.9306767706717,-112.83984506264233,0.0,74.66983151816837,0.0,0.0,0.0,0.0,0.0,0.0,0.0,0.0
826.6203679118937,3335.422050160202,300.0113110049587,-588.0788247587572,1171.3398276034945,69.68099965068063,-542.6825129200982,-2546.0585486901587,100.0,-1585.1765665955686,166.44488930855914,0.0,80.58031264511852,-1734.0548070555885,906.6861141371141,268.880635740326,413.7571177808195,106.34928698502563,18.811110215791587,12.11103770438219,0.0,0.0,0.0,0.0,0.0,0.0,0.0,523.6582470865955,2546.058548690159,207.1416393002425,-55.34415086308627,-166.44488930855914,-29.650771380506455,26.15309902087872,1722.1148781407874,-906.6861141371187,100.0,-1043.4438930195427,-106.34928698487556,0.0,89.6626969440969,0.0,0.0,0.0,0.0,0.0,0.0,0.0,0.0
746.039237150549,3413.1818370662218,337.34874752785004,1721.3220113557127,-491.7931349542346,79.4509628063733,-620.7260232952235,-2461.807481512812,100.0,-564.2170328577919,170.5151622792232,0.0,76.61216648118129,-1710.5487044465026,958.2033916195905,277.623846865619,1653.3238182796276,99.69278535592139,16.139072029865247,14.764313037069467,0.0,0.0,0.0,0.0,0.0,0.0,0.0,614.3768900054098,2461.8074815128125,191.92262520543613,1359.2879452681977,-170.51516227921638,-31.18583757131759,33.18968668426167,1683.3661112722375,-958.203391619586,100.0,-358.8689685712643,-99.69278535605099,0.0,79.11863554148086,0.0,0.0,0.0,0.0,0.0,0.0,0.0,0.0
631.29187275963,3419.489067044395,379.2338819875225,144.81505633963366,1025.6027665874217,87.84526536182454,-683.227045586667,-2375.587535931735,100.0,901.5566294045192,174.31936960560506,0.0,78.46994372017556,-1666.094233866157,1006.3530871920661,284.9990784722564,-878.8090074242257,92.88072673830357,13.342737920971217,10.075339135752191,0.0,0.0,0.0,0.0,0.0,0.0,0.0,623.586455150639,2375.587535931735,175.99566411589598,1688.7376123724148,-174.3193696056187,-32.480724372802854,32.25596660918603,1621.9513550658526,-1006.3530871920616,100.0,298.9811576967952,-92.88072673842635,0.0,92.01932296128889,0.0,0.0,0.0,0.0,0.0,0.0,0.0,0.0
352.023468625996,3463.2851925895334,424.94149058332914,-825.705354025391,-297.6217204358977,94.71856343592378,-662.1718670957509,-2287.533246407448,100.0,275.88382408475525,177.85157534127165,0.0,69.07922125110892,-1619.697040963223,1051.0600698245412,290.94952982114194,516.4722920906729,85.92374042000756,10.443644005211468,5.931136946460422,0.0,0.0,0.0,0.0,0.0,0.0,0.0,807.0698321531673,2287.533246407448,159.4834183708769,-920.187992842192,-177.85157534126483,-33.525459145284344,37.4581429824861,1603.8568857477603,-1051.0600698245448,100.0,-26.934407668641143,-85.9237404201167,0.0,94.22958801484745,0.0,0.0,0.0,0.0,0.0,0.0,0.0,0.0
386.76745330951894,3447.107538284054,473.68016495398984,-712.7453941771518,-465.2391907463493,99.9518487118425,-791.4702324052953,-2197.782009643934,100.0,-1958.2640866256083,181.10626796109955,0.0,58.594544616878025,-1618.7648691252887,1092.254580370798,295.42937319423186,567.5100215744521,78.8326818289056,7.464117808814308,10.647587601533381,0.0,0.0,0.0,0.0,0.0,0.0,0.0,828.1012325254014,2197.7820096439345,142.51305791059656,-396.9300330526346,-181.10626796109955,-34.31199580825748,32.1954500506428,1614.6493716549664,-1092.2545803708017,100.0,240.45971888762665,-78.83268182901475,0.0,96.8750358869059,0.0,0.0,0.0,0.0,0.0,0.0,0.0,0.0
132.48363533322677,3467.6595762432303,524.606015086449,-706.7267788709225,219.56185519039082,103.45450901686945,-942.6738530177338,-2106.473870199774,100.0,249.24651847696907,184.078368961259,0.0,58.220930347069675,-1485.2082507241637,1129.87234041804,298.40410683914706,-787.9464461696159,71.61861559437511,4.42710631149879,11.687384892384106,0.0,0.0,0.0,0.0,0.0,0.0,0.0,1025.837945041234,2106.4738701997744,125.21528087014514,-940.3633044872305,-184.078368961259,-34.834276807713564,43.420002299167926,1562.7013996257158,-1129.8723404180432,100.0,-164.22852199838644,-71.61861559438194,0.0,99.02292670693215,0.0,0.0,0.0,0.0,0.0,0.0,0.0,0.0
41.61941976246881,3440.429973398623,576.8372809228565,-1373.6430627396098,-1428.52808511715,105.16589723474851,-974.195431569757,-2013.7513019677453,100.0,-171.82447011271051,186.76324078390508,0.0,56.01577737612016,-1517.086959048153,1163.8546525845886,299.85082068625724,-618.5141043861734,64.29279828243352,1.355999219093178,4.588531499104839,0.0,0.0,0.0,0.0,0.0,0.0,0.0,1037.6185469349718,2013.7513019677458,107.72330700085467,217.69571315831286,-186.76324078390508,-35.08827976871409,43.99525887666848,1455.5860072372436,-1163.8546525845854,100.0,334.5567131041753,-64.29279828243352,0.0,92.33414584573093,0.0,0.0,0.0,0.0,0.0,0.0,0.0,0.0
-87.36633208181448,3463.9642573440274,629.4695996716915,212.47497611363468,-1199.236360729451,105.0563813854535,-1062.5912513545043,-1919.7589858637778,109.82814832872121,247.85886483430886,189.15669405278663,35.072048473923516,51.84133420207286,-1424.7172131473753,1194.1484921091155,299.75837279180223,-48.33502762515877,56.86666083140153,-1.7255511735325513,8.798399664486627,0.0,0.0,0.0,0.0,0.0,0.0,0.0,1103.3122674356896,1919.758985863778,100.0,315.27667097527683,-189.15669405278322,0.0,51.038417695870834,1451.3640803946196,-1194.1484921091128,100.0,578.6681014355656,-56.86666083139471,0.0,98.70737564338145,0.0,0.0,0.0,0.0,0.0,0.0,0.0,0.0
-164.60420327786164,3440.500926607009,681.5916644759361,6.55758289855271,-11.232142403546277,103.12785769067887,-1182.5680125387512,-1824.6435840720753,127.30391165039885,-1458.058078313054,191.25499411065675,34.785707929523895,41.80437181495878,-1283.27958029626,1220.7065895885848,298.1274751481661,1246.4956266309355,49.35179071548191,-4.793812141874696,7.020587705537048,0.0,0.0,0.0,0.0,0.0,0.0,0.0,1227.877167808813,1824.6435840720756,100.0,-7.710319629220521,-191.25499411065675,0.0,63.71995059280778,1414.9506920583785,-1220.7065895885826,100.0,-540.6431499946552,-49.35179071548191,0.0,98.32477605658916,0.0,0.0,0.0,0.0,0.0,0.0,0.0,0.0
-300.84610651827535,3511.7846581132767,732.3010033148422,-2001.4245176033521,-339.28513413314704,99.41371774153254,-1244.184329859164,-1728.5535111988236,144.56939244202204,-448.1895996250182,193.0548668465883,34.23146340247115,47.65927062559229,-1335.3240351645807,1243.48750473568,294.9706882004292,-1253.5043859123778,41.759913864111695,-7.825153310640474,8.816447228618983,0.0,0.0,0.0,0.0,0.0,0.0,0.0,1295.000388018241,1728.5535111988238,100.0,-557.672910959493,-193.0548668465883,0.0,64.75256747239042,1267.8561814487732,-1243.4875047356782,100.0,172.64216033075627,-41.759913864111695,0.0,78.09071300324088,0.0,0.0,0.0,0.0,0.0,0.0,0.0,0.0
-445.42898326742846,3401.461921583162,780.7196049341625,1261.3518838552482,-1624.855809143619,93.97827033694568,-1311.8278476300754,-1631.6387026914385,161.4916196835422,-1328.954673399968,194.55350380476716,33.41358343651436,39.2507517805382,-1239.3911790383502,1262.4556910407255,290.3123241114315,929.6725051892781,34.10287636520479,-10.796228644338726,6.386147837735127,0.0,0.0,0.0,0.0,0.0,0.0,0.0,1313.252375325832,1631.638702691439,100.0,-588.1225276536998,-194.55350380476716,0.0,61.39136734486789,1309.6889954552266,-1262.4556910407237,100.0,-469.9019096393363,-34.10287636520479,0.0,90.38251273046872,0.0,0.0,0.0,0.0,0.0,0.0,0.0,0.0
-513.9184402393157,3426.452503524773,826.0091212483125,-658.334635818924,-198.76034588124867,86.91562800330303,-1375.4281420320224,-1534.0503808847516,177.94026594041338,522.9333074641363,195.74856656657062,32.338366977760415,25.50179892483689,-1184.8190112496975,1277.5815512371637,284.18825952035485,-814.0358930842012,26.392625981009132,-13.68415624800889,23.557555975290683,0.0,0.0,0.0,0.0,0.0,0.0,0.0,1381.7454081432484,1534.050380884752,100.0,1238.480641962309,-195.74856656657403,0.0,72.05300088393797,1120.6463079483517,-1277.5815512371646,100.0,381.3743289612023,-26.392625980975026,0.0,88.06452044107495,0.0,0.0,0.0,0.0,0.0,0.0,0.0,0.0
-701.7453971697516,3400.622895695755,867.3853829911529,-1340.1585352846382,-415.11636290221077,78.3480774752843,-1425.993599349311,-1435.9408190392237,193.7886510872665,1964.6969948324158,196.63819040002068,31.014094863102315,31.77682739384691,-1063.269714092854,1288.8414834840523,276.6456592368772,-233.39747182385054,18.641193505193314,-16.46669459339705,13.473492255465263,0.0,0.0,0.0,0.0,0.0,0.0,0.0,1401.2136725291875,1435.940819039224,100.0,226.18127226705496,-196.63819040002068,0.0,81.62230148788365,1082.518880161552,-1288.8414834840532,100.0,-656.7346942849963,-18.641193505193314,0.0,91.57200289669075,0.0,0.0,0.0,0.0,0.0,0.0,0.0,0.0
-823.2109093405417,3290.2442394216014,904.1319772829168,-1477.6597354593684,514.4817337302857,68.4239623508671,-1487.9358559578716,-1337.4631037392483,208.91471794165113,1907.5135859341844,197.22098716824917,29.45096604471587,22.9987392714484,-1030.3219150262196,1296.2179181935157,267.7426129988755,884.0585681888643,10.860673990480336,-19.122413813184664,27.475081928348008,0.0,0.0,0.0,0.0,0.0,0.0,0.0,1492.1845646966258,1337.4631037392485,100.0,-21.575215348015035,-197.22098716824576,0.0,88.01904401401806,1024.7549865779245,-1296.2179181935167,100.0,313.3684857426874,-10.860673990459873,0.0,82.2329410019366,0.0,0.0,0.0,0.0,0.0,0.0,0.0,0.0
-1025.0436751878965,3331.648011533284,935.6126520232531,-102.13058159471245,-1382.2583070354722,57.31511458390116,-1567.4936518300508,-1238.7708960224593,223.20197229392306,1049.7701572755716,197.49604749628588,27.66101904248444,14.550751694503855,-910.7075544586945,1299.699345445691,257.54768809121686,-683.5630238966678,3.0632078758935677,-21.63086074434034,16.94749086021488,0.0,0.0,0.0,0.0,0.0,0.0,0.0,1567.3221090267966,1238.7708960224595,100.0,-987.7297688183842,-197.49604749628247,0.0,85.76780840486417,985.0331278237514,-1299.699345445691,100.0,2123.4429998616656,-3.0632078758867465,0.0,76.90088702460893,0.0,0.0,0.0,0.0,0.0,0.0,0.0,0.0
-1075.0998072840553,3319.824554169258,961.2823323335235,-2179.945484002671,1405.3181121793932,45.21387928446927,-1574.9212287639832,-1140.0181916126314,236.5403800936064,693.9845554474778,197.46294219015,25.658039228595158,8.427886083561848,-894.8795200060912,1299.2803329483831,246.13940127116106,719.8030723491917,-4.739037956617267,-23.972716449197407,27.394206203237047,0.0,0.0,0.0,0.0,0.0,0.0,0.0,1493.5725201985676,1140.0181916126317,100.0,456.8471545192608,-197.46294219015,0.0,87.47166763527963,860.6789644553647,-1299.2803329483831,100.0,312.3127168669629,4.7390379566036245,0.0,72.509668671261,0.0,0.0,0.0,0.0,0.0,0.0,0.0,0.0
-1172.1920662786138,3170.759490813153,980.6965583031613,-335.1591802791438,-2.890702088859598,32.32978434281847,-1709.314681105015,-1041.3590806303914,248.82721488249607,1758.8971587474282,197.1217229060312,23.457452658768716,20.98636808388943,-810.3875812128847,1294.9615345134216,233.60561406737096,1368.4202266918533,-12.533889167002599,-26.129945001278543,14.521990997386656,0.0,0.0,0.0,0.0,0.0,0.0,0.0,1575.1006925506852,1041.3590806303919,100.0,61.96517889628126,-197.1217229060312,0.0,88.91435101922531,787.1810239783717,-1294.9615345134212,100.0,-962.0446498888788,12.533889167002599,0.0,67.24285279698768,0.0,0.0,0.0,0.0,0.0,0.0,0.0,0.0
-1345.6603867568383,3040.73695373996,993.519180629407,-1464.097379950149,-509.23615272253755,18.88591254054745,-1642.003216823575,-942.9475071565937,259.967848947944,-159.5914601725383,196.47292207045268,21.076207267741154,4.508104065955999,-642.1656859959261,1286.7496890364728,220.04285610967327,754.1976181244371,-20.30918295357651,-28.085932390022634,29.31340434785824,0.0,0.0,0.0,0.0,0.0,0.0,0.0,1682.4791474679946,942.9475071565939,100.0,652.3668040157236,-196.4729220704544,0.0,84.85810525633157,653.9461640245031,-1286.7496890364714,100.0,890.8059189587067,20.309182953617437,0.0,71.78900795941627,0.0,0.0,0.0,0.0,0.0,0.0,0.0,0.0
-1379.5376308882603,3080.1266560089966,999.5281809036366,50.8523038251667,-614.211956244144,5.11503896429133,-1700.8387392232712,-844.9370290235681,269.8764821032347,869.3232266037228,195.51755204806454,18.532642343697603,12.475071544647529,-609.9399452881489,1274.657609981913,205.555581700966,-464.03947978279916,-28.052787031301705,-29.82561447431266,42.04418333479761,0.0,0.0,0.0,0.0,0.0,0.0,0.0,1720.8978942039205,844.9370290235684,100.0,274.35171169058435,-195.51755204806796,0.0,90.34314216232093,558.8965634091951,-1274.6576099819113,100.0,1583.7888250388091,28.052787031308526,0.0,66.59950994194796,0.0,0.0,0.0,0.0,0.0,0.0,0.0,0.0
-1550.1470688487755,3021.9434013234354,998.6195157683874,-165.46169606002195,-885.364697267737,-8.744399398638052,-1776.4779296731278,-747.4805782091036,278.47680248229017,384.8179263268162,194.2571035638298,15.846347287410083,6.301550991707053,-465.6221071741265,1258.7041653891665,190.25536535684472,86.37373718234102,-35.75261856261932,-31.335592999917736,33.69360301772793,0.0,0.0,0.0,0.0,0.0,0.0,0.0,1687.9909601789718,747.4805782091039,100.0,754.6011283205019,-194.2571035638298,0.0,95.53238390368254,503.09526652272086,-1258.7041653891647,100.0,-331.5323466730669,35.75261856261932,0.0,56.77937181354505,0.0,0.0,0.0,0.0,0.0,0.0,0.0,0.0
-1467.726227870255,2966.59543237677,990.8089183851112,983.2201645303644,1165.0412343574703,-22.45243209824082,-1817.4276018948308,-650.7302222069537,285.70257425957203,320.1255946801575,192.69354337548407,13.038010743355528,2.041858548189465,-462.09314360154906,1238.914248431704,174.26004250852597,362.93532879897185,-43.396663011042165,-32.60423878678779,49.30939370731068,0.0,0.0,0.0,0.0,0.0,0.0,0.0,1679.3685227876533,650.7302222069541,100.0,908.6329495401355,-192.69354337548236,0.0,90.65350100964594,426.53806661253856,-1238.9142484317022,100.0,-244.21810206233573,43.39666301103534,0.0,54.98431186796207,0.0,0.0,0.0,0.0,0.0,0.0,0.0,0.0
-1595.1528930374961,2772.7593633013007,976.2316260209848,-848.338339864822,-982.07979283231,-35.77171021100867,-1803.4746446641486,-554.8369267462632,291.4981477688209,-331.791641510614,190.82931120522744,10.129261265019522,15.803882058822555,-291.0387080642608,1215.3187385746419,157.6928019869966,805.2263487093435,-50.97299288814611,-33.621781291793695,54.37624950248978,0.0,0.0,0.0,0.0,0.0,0.0,0.0,1818.8430974451662,554.8369267462637,100.0,-1091.258610140369,-190.82931120522744,0.0,100.0,325.76352073030864,-1215.3187385746396,100.0,-129.48321802637963,50.97299288821432,0.0,48.30033650859598,0.0,0.0,0.0,0.0,0.0,0.0,0.0,0.0
-1670.031635788568,2648.16718561865,955.1400384714948,-816.0134372665652,-60.13412865032706,-48.47161593862779,-1791.6853222367656,-459.95032023013744,295.81888809192543,16.320356222562395,188.66731593337818,7.142500741476283,6.611108346751821,-205.88795888519888,1187.954453391546,140.68123727766846,-9.871619530536577,-58.46978636516042,-34.38038385719011,62.42762998190972,0.0,0.0,0.0,0.0,0.0,0.0,0.0,1793.498224760844,459.95032023013766,100.0,-969.0749627634466,-188.66731593337818,0.0,89.65446170217386,332.16721200954873,-1187.9544533915491,100.0,-566.6945895315035,58.46978636516042,0.0,45.095288360794825,0.0,0.0,0.0,0.0,0.0,0.0,0.0,0.0
-1749.8837343747894,2690.8113531457516,927.8993478622433,-127.54881028396312,1041.55288951197,-60.332255659594125,-1802.4113279606245,-366.2184602609699,298.63151881712076,665.3996700824644,186.2109310581718,4.100731867987122,3.32531138061547,-130.383888969246,1156.8640911156513,123.35636385235887,1531.927672126359,-65.87534571857077,-34.874204064847376,72.14040249232161,0.0,0.0,0.0,0.0,0.0,0.0,0.0,1759.4758140945357,366.2184602609701,100.0,462.9052380620317,-186.21093105817522,0.0,93.81021425375029,77.2718376062241,-1156.8640911156544,100.0,-675.0173983987518,65.87534571857077,0.0,42.07769630929672,0.0,0.0,0.0,0.0,0.0,0.0,0.0,0.0
-1888.670317361296,2505.3801564470405,894.9812154981519,-229.13900225936572,-774.6118311000214,-71.14826729672984,-1832.4722661187684,-273.78760261670516,299.9143783190485,-583.435517656867,183.46398943316842,1.027380989569906,17.02085942370625,-24.579666344275573,1122.0961640150654,105.85161014664725,103.83665060742004,-73.17811558354833,-35.09943873215079,66.72629071420516,0.0,0.0,0.0,0.0,0.0,0.0,0.0,1808.590869157758,273.7876026167054,100.0,165.22560678079117,-183.46398943316842,0.0,98.7962081928134,-14.592304431792808,-1122.096164015069,100.0,-452.00829466338024,73.17811558354151,0.0,37.231786275503545,0.0,0.0,0.0,0.0,0.0,0.0,0.0,0.0
-1851.1494339527967,2302.8681745421377,856.9556052428098,79.90058682999006,1012.4645006550145,-80.73237607657973,-1754.6768443342653,-182.80197303868715,299.6575865869166,-1778.660337792387,180.43077728607955,-2.0538823182670285,5.9989294581268435,23.072324338023698,1083.704922696013,100.0,811.4072551403415,-80.36670098416153,0.0,63.30712078354257,0.0,0.0,0.0,0.0,0.0,0.0,0.0,1790.902029563383,182.80197303868738,100.0,1190.2121543526266,-180.43077728607784,0.0,92.98819471139255,-40.84034654180349,-1083.704922696017,111.69821004632323,114.78235529420684,80.36670098427749,35.054353202312,33.56338302670985,0.0,0.0,0.0,0.0,0.0,0.0,0.0,0.0
-1894.97907870311,2211.9611123047566,814.4809148296187,74.03958471759324,-930.3438396648107,-88.91863711475764,-1781.4906894691208,-93.40354218706125,297.86312131592933,-752.2740073351429,177.11602753033617,-5.119327542018937,13.20315209054153,182.98939001230218,1041.7502714521634,100.0,984.7268514698026,-87.42988511377462,0.0,75.27236600782587,0.0,0.0,0.0,0.0,0.0,0.0,0.0,1764.7019611763099,93.40354218706148,100.0,-786.0012122649914,-177.11602753033958,0.0,82.59243259418446,-216.6043498040558,-1041.7502714521675,129.15793585145923,-134.6008763557768,87.4298851138974,34.73929470394083,24.58414926840691,0.0,0.0,0.0,0.0,0.0,0.0,0.0,0.0
-1908.3297011695406,2216.20383823421,768.292575977017,-496.83978098756484,-748.2697926207697,-95.56530868308755,-1781.033562759224,-5.731804114922625,294.54480267596205,-314.8053130376593,173.5249123807671,-8.14534599200016,14.810783525804014,266.49967554030843,996.2976747921516,100.0,575.2907228725837,-94.35664683743425,0.0,79.10911450908601,0.0,0.0,0.0,0.0,0.0,0.0,0.0,1799.177702626311,5.731804114922852,100.0,-843.8237837628367,-173.5249123807671,0.0,82.0027147072647,-204.61793731343724,-996.2976747921475,146.39310026039385,-539.7325056401119,94.35664683730465,34.156689676845815,22.20433597186024,0.0,0.0,0.0,0.0,0.0,0.0,0.0,0.0
-1956.4754398656107,2123.2382068506304,719.1903206921069,3154.9939857520612,194.31083699391365,-100.55730640906688,-1723.2196231977339,80.07644139309605,289.72818687478775,261.0879827731128,169.6630352825639,-11.108632625920905,16.5803362095039,345.27768517761956,947.4180552911394,100.0,-65.02704314157796,-101.13617788836564,0.0,82.28499139037139,0.0,0.0,0.0,0.0,0.0,0.0,0.0,1772.8581227105965,-80.07644139309605,100.0,597.2357254514236,-169.6630352825639,0.0,86.68593840197124,-336.75478523683944,-947.4180552911439,163.27096573631198,-504.0755263917522,101.13617788822239,33.31102508467794,22.07861016801224,0.0,0.0,0.0,0.0,0.0,0.0,0.0,-0.05156825150425344
-1932.6068894919856,1954.5620609528391,668.0243342412709,107.22785250933839,167.34083505764488,-103.80819591423403,-1713.4024427555942,163.8873022782393,283.45036933558004,-1353.6580760847482,165.53642216799176,-13.986365533916114,10.065016754448928,544.0033062702819,895.1876829258463,100.0,-1507.445653676044,-107.75789973352403,0.0,81.306933438603,0.0,0.0,0.0,0.0,0.0,0.0,0.0,1733.767318446498,-163.88730227823908,100.0,-25.078956629786262,-165.53642216799176,0.0,83.28129595188923,-452.8892388854119,-895.1876829258513,179.66154649916865,-45.65577914311035,107.75789973338078,32.208813858343035,17.2636857902118,0.0,0.0,0.0,0.0,0.0,0.0,0.0,-0.05995901467146544
-1929.6542316555763,1773.0255805943402,615.6805345435183,1299.3446916502637,-94.74958130258187,-105.26168938973797,-1706.5110851711067,245.57000312793207,275.7596990045364,41.211321817847875,161.1515120536376,-16.756381702699628,29.034567633387887,439.1574790325832,839.6880560656084,100.0,319.17461626548175,-114.21148007936154,0.0,91.49035178756615,0.0,0.0,0.0,0.0,0.0,0.0,0.0,1703.544845696522,-245.5700031279316,100.0,-1133.1040916472705,-161.1515120536376,0.0,70.97770300054812,-503.37694768315106,-839.6880560656136,195.43860961809276,-229.54905556523613,114.21148007936154,30.858544736314855,8.245728287670158,0.0,0.0,0.0,0.0,0.0,0.0,0.0,-0.06971505404010991
-1975.7796403742896,1662.7479423897473,563.0652328676862,-84.51295556582409,1173.8128619311578,-104.89262019647299,-1647.252916457249,324.9970892329429,266.71540598889305,-207.54221350218813,156.51514699365066,-19.397347705187258,26.64529146481493,623.5358248573909,781.0057743053253,100.0,219.61872234119824,-120.48684899461023,0.0,87.65543238712547,0.0,0.0,0.0,0.0,0.0,0.0,0.0,1705.015052328202,-324.99708923294247,100.0,1380.8658184434955,-156.51514699364725,0.0,66.8496508513412,-526.2659217076855,-781.005774305331,210.48064720103005,-414.51457838404053,120.48684899461023,29.270616888166217,9.553173497658072,0.0,0.0,0.0,0.0,0.0,0.0,0.0,-0.08105851616218128
-2017.3264298864867,1521.2119600438175,511.0894414272035,-1654.164016140851,96.88128856760727,-102.70737861506461,-1665.331824937665,402.04462546308196,256.38714539309865,946.0439615768121,151.6345614029524,-21.888924001026453,37.58739354502732,722.4658756332477,719.2324033386017,100.0,207.4869736392958,-126.57421462219645,0.0,94.5339833758508,0.0,0.0,0.0,0.0,0.0,0.0,0.0,1665.222221577515,-402.0446254630815,100.0,576.6689865950127,-151.6345614029558,0.0,64.67580561268608,-738.5033946097097,-719.2324033385962,224.67181219424756,-1197.934718621107,126.57421462219986,27.457259824807636,0.0,0.0,0.0,0.0,0.0,0.0,0.0,0.0,-0.0942476934556249
-2000.2410812987796,1394.006994461646,460.6530995799521,-183.6803749124192,-711.9853950686297,-98.74380120078456,-1584.2201504198056,476.59238965103395,244.85446086631956,1825.6548002483078,146.51737076943277,-24.211921582649865,43.47709402459237,841.3955336385299,654.4643320819753,100.0,-626.9261525797543,-132.46407845866997,0.0,93.98848545273358,0.0,0.0,0.0,0.0,0.0,0.0,0.0,1603.9864231444965,-476.5923896510337,100.0,-801.054913913498,-146.51737076943277,0.0,68.08349536215738,-799.2969447953316,-654.4643320819696,237.90281058458459,835.9845878786274,132.46407845866656,25.432439212260505,11.222107613499748,0.0,0.0,0.0,0.0,0.0,0.0,0.0,-0.10958290556334815
-1856.200069334121,1251.0820970654054,412.62949175004513,160.36224492157544,-17.023095702492128,-93.07051565922563,-1606.0454562062046,548.5240601826879,232.20617199278385,-261.00581502486193,141.17155977083598,-26.34844976043567,47.01023907513272,921.1999499275571,586.8026222731653,100.0,30.063536217301134,-138.14725017517276,0.0,99.66467542227444,0.0,0.0,0.0,0.0,0.0,0.0,0.0,1522.1000935705292,-548.5240601826877,100.0,-586.9238033178499,-141.17155977083598,0.0,57.49007994061602,-976.4288792662737,-586.8026222731592,250.07174313312407,739.3986504881883,138.14725017517276,23.211749314334895,0.7998305421859175,0.0,0.0,0.0,0.0,0.0,0.0,0.0,-0.1274133376787588
-1884.461225336042,1103.780336871021,367.85012686877485,1571.9697413174458,-1512.38868591607,-85.78575258593844,-1547.7054929951062,617.727397501114,218.53969024302518,-881.0284566047187,135.60546981579932,-28.28205394880925,41.959534620035654,914.2934394048536,516.3528507780206,100.0,-1419.7104659016418,-143.61486195769658,0.0,100.0,0.0,0.0,0.0,0.0,0.0,0.0,0.0,1539.4384404837067,-617.7273975011137,100.0,-1561.916259740185,-135.60546981579932,0.0,53.395396698409655,-911.7271873968818,-516.3528507780143,261.0848901576047,843.8782671435638,143.6148619577,20.8122928925755,1.504420513350214,0.0,0.0,0.0,0.0,0.0,0.0,0.0,-0.14814499154757946
-1901.4402816042,1022.1633710929185,327.0903411409513,-1145.8503941215838,629.5971979737345,-77.01564464424365,-1503.4166199596152,684.0944192410875,203.96026875425264,-1252.723632842925,129.82778602821668,-29.997842392111806,70.10365484408327,1067.1842823328718,443.2249448522259,100.0,-1563.1744960130368,-148.85838234410585,0.0,88.85034686252897,0.0,0.0,0.0,0.0,0.0,0.0,0.0,1438.7566955676707,-684.0944192410873,100.0,-1407.2124071608232,-129.82778602821668,0.0,50.5223405941628,-1027.700179666599,-443.22494485221955,270.8574333195471,-250.30114078427175,148.85838234410585,18.252549488433942,3.944258169853075,0.0,0.0,0.0,0.0,0.0,0.0,0.0,-0.1722499301915014
-1761.075863336214,750.9496019359091,291.05587341880585,1259.607852433253,-1167.7005340833393,-66.91204263024076,-1437.5932994098143,747.5215687208386,188.5801917177062,499.49644704231787,123.84752369528087,-31.48260085422862,55.523703888026894,1114.8245396323282,367.53301061480465,100.0,1508.9071282623763,-153.86962953630245,0.0,83.65909425200059,0.0,0.0,0.0,0.0,0.0,0.0,0.0,1413.496637398678,-747.5215687208383,100.0,-424.7690700294254,-123.84752369528087,0.0,51.869927253470635,-1089.432646458358,-367.53301061481193,279.3141088572072,-433.64349841407943,153.86962953630245,15.552233102082482,8.762829405627436,0.0,0.0,0.0,0.0,0.0,0.0,0.0,-0.2002770268574893
-1812.5991099059377,707.134600305526,260.37064562532095,-1490.0004801158252,-2091.615244075156,-55.64988623914104,-1321.0379431233664,807.9098765281033,172.51790961598175,158.05421593832307,117.67401420045303,-32.724894388826726,60.40462739263464,1086.8467837996,289.39515500114567,100.0,61.14576219467608,-158.6407841668165,0.0,84.97407733803799,0.0,0.0,0.0,0.0,0.0,0.0,0.0,1384.8357704422988,-807.909876528103,100.0,-237.43686149221276,-117.67401420045303,0.0,34.099543463973205,-1221.3280506448632,-289.39515500115294,286.38978723344326,55.52451337306138,158.64078416703137,12.73214036404994,5.900245236796057,0.0,0.0,0.0,0.0,0.0,0.0,0.0,-0.232864462948006
-1719.7237270182857,560.7185388600413,235.5659598038378,1588.6412558135908,-1102.5551780033231,-43.424175056440504,-1304.9727445546707,865.165114948421,155.89712697032206,-255.76481815877742,111.31689046277415,-33.71515540601564,66.24667135489179,1311.3589885400513,208.9333014731626,100.0,416.33018847670314,-163.1644014998608,0.0,83.17382759415237,0.0,0.0,0.0,0.0,0.0,0.0,0.0,1241.015935000514,-865.1651149484205,100.0,-223.63505395724815,-111.31689046277415,0.0,29.535056117348446,-1301.6107925866647,-208.9333014731701,292.0299747343202,-1228.7868074075004,163.16440150008248,9.81399036875132,12.98819550309834,0.0,0.0,0.0,0.0,0.0,0.0,0.0,-0.27075425951199406
-1551.4730372389924,406.98055928729383,217.07129884267698,123.7770600256647,-1194.9140918042517,-30.446592220924344,-1256.289203099019,919.1979449946061,138.84584962366142,1651.1832838544615,104.786071906492,-34.445757357839,76.18547414405347,1352.1555974684318,126.27299977442362,100.0,-110.77436031299271,-167.4334230478314,0.0,82.84726320237388,0.0,0.0,0.0,0.0,0.0,0.0,0.0,1164.0200123839002,-919.1979449946061,100.0,1197.299968186611,-104.78607190648518,0.0,29.751215967521702,-1307.472650824977,-126.27299977441635,296.19123315534733,112.07037465236908,167.4334230480565,6.820257403837786,17.77945996981763,0.0,0.0,0.0,0.0,0.0,0.0,0.0,-0.31480917318095203
-1467.8627571952602,183.0013393870304,205.20689015634093,271.79646638515123,-81.35131242969493,-16.941839218420682,-1099.2498523247277,969.9240558080369,121.49539889680644,138.88117156662702,98.09174898286528,-34.91107347444654,76.07280463396675,1416.639246211313,41.54323002689284,100.0,-1067.3269802290747,-171.4411875850999,0.0,86.12013427473033,0.0,0.0,0.0,0.0,0.0,0.0,0.0,1146.4077756086317,-969.9240558080364,100.0,-1541.307780767329,-98.09174898286528,0.0,22.83800508646128,-1414.643913955135,-41.54323002688534,298.8415143431249,-224.2451741081652,171.44118758533182,3.7739978632131965,4.122080745464949,0.0,0.0,0.0,0.0,0.0,0.0,0.0,-0.3660323412732292
-1433.9390538243215,96.84064697057181,200.17816108011243,-587.7128197252716,-1595.9525594986058,-3.1437452684249934,-1119.9409280399116,1017.2642962142754,103.97940021028673,77.46440807427916,91.24436726931208,-35.10752009895661,85.56407575957624,1432.29547436283,-45.12379852496542,100.0,-674.4777482587244,-175.1814415419517,0.0,81.15582608004232,0.0,0.0,0.0,0.0,0.0,0.0,0.0,1071.476156814832,-1017.2642962142754,100.0,-313.5096598050268,-91.24436726930526,0.0,22.188429186345644,-1512.1123973280605,45.12379852495724,299.96040701590493,-966.669205515218,175.1814415419551,0.6986726770028895,10.84684981331301,0.0,0.0,0.0,0.0,0.0,0.0,0.0,-0.4255901233886546
-1311.0015962216419,-81.22729977934804,202.0721819806065,960.6812076568281,-715.8764748135118,10.70878133222294,-1003.9114801403756,1061.1447982276432,100.0,851.4590846524874,84.25461117080658,0.0,78.53209823683932,1514.1336101339036,-133.5928538086116,100.0,813.5423079143186,-178.64834876244686,0.0,78.32782071354305,0.0,0.0,0.0,0.0,0.0,0.0,0.0,975.6717046961262,-1061.1447982276432,113.56724603893436,-1413.623390609885,-84.25461117080658,35.033584287290296,20.71729297734565,-1495.1108864631515,133.5928538086032,299.5392939621644,55.582440208739854,178.64834876244345,-2.3820333740457045,23.90723150387139,0.0,0.0,0.0,0.0,0.0,0.0,0.0,-0.49483865960020695
-1200.9951954509456,-319.3364035626935,210.85615866834036,881.9915749096856,-1579.6092228169077,24.37588980784426,-864.7402411850888,1101.4970923121618,100.0,-894.7289638951156,77.13338724795449,0.0,90.06138577537232,1448.3554310364132,-223.72589193472015,100.0,-795.1721476545833,-181.83649961091305,0.0,70.22943229096487,0.0,0.0,0.0,0.0,0.0,0.0,0.0,918.0468936430583,-1101.4970923121614,131.00940342005754,-884.8156068644687,-77.13338724795449,34.6898354599756,9.056601693350734,-1497.537337738778,223.72589193471174,297.58141840651945,-846.4418306413484,181.83649961091135,-5.444394068173892,25.521905042166686,0.0,0.0,0.0,0.0,0.0,0.0,0.0,-0.5753547499769285
-1031.470059820409,-425.0601062138782,226.3780002155769,-1043.5764132211739,-1577.8531901047513,37.62093982098747,-865.8398326879226,1138.258214218903,100.0,233.80092418753236,69.89180719900105,0.0,89.69459510969796,1495.324679916007,-315.3822725957724,100.0,-784.0540164678202,-184.7409194129699,0.0,75.0112918034937,0.0,0.0,0.0,0.0,0.0,0.0,0.0,852.1975884574331,-1138.258214218903,148.21274022887354,-213.61372301469146,-69.89180719900105,34.078921016938466,0.0,-1610.1333207558964,315.382272595764,294.101859031858,680.0120616319259,184.7409194129699,-8.464824471363954,30.870263284629793,0.0,0.0,0.0,0.0,0.0,0.0,0.0,-0.6689717585696803
-961.8587488421143,-656.7472183809818,248.36895234791234,-2156.286174754205,-304.66683022294205,50.21459880213257,-777.1062880688487,1171.370803233115,100.0,-512.4927310966586,62.54117052151514,0.0,96.9459550533155,1657.5296989204783,-408.41897851608053,100.0,-957.6848212479433,-187.3570762178241,0.0,66.93802507322783,0.0,0.0,0.0,0.0,0.0,0.0,0.0,771.872630305994,-1171.3708032331147,165.0447640505223,106.34988925450216,-62.54117052152196,33.205545948306536,10.22581937760449,-1633.335014202434,408.4189785160719,289.12741385005995,298.86078645998055,187.3570762178241,-11.420062577965098,32.523264311560155,0.0,0.0,0.0,0.0,0.0,0.0,0.0,-0.7778213593991467
-859.3826871306434,-711.8570375803739,276.44825081351684,1398.7261202540412,-1394.8587028737388,61.93881274836201,-656.4355220799087,1200.7831916777886,100.0,-1168.9430381226493,55.09294688100681,0.0,100.0,1639.0684443099099,-502.6908386107325,100.0,-23.04747300922031,-189.68088786974477,0.0,67.917578997855,0.0,0.0,0.0,0.0,0.0,0.0,0.0,653.2939823059874,-1200.7831916777886,181.37584215690518,1129.3323594720277,-55.09294688101363,32.07643659869433,5.221220985391373,-1638.3048967938103,502.69083861072363,282.69639381568163,680.8736415475175,189.68088786948897,-14.28734846426778,39.65888663480536,0.0,0.0,0.0,0.0,0.0,0.0,0.0,-0.9043820750088044
-835.51334602018,-894.8911812291343,310.12971415886125,-223.43345604196088,-194.5863120651444,72.59058173848388,-593.3170577578007,1226.4494855340222,100.0,881.2411376644502,47.55875821430209,0.0,100.0,1738.7958070898583,-598.0507545052612,100.0,1193.4636558726618,-191.70872837772833,0.0,60.237677986513624,0.0,0.0,0.0,0.0,0.0,0.0,0.0,576.470196531176,-1226.4494855340217,197.08019988002684,681.3777305818724,-47.55875821430209,30.70028886390645,2.998671320546806,-1771.56240009353,598.0507545052695,274.85832777209737,123.25483344097506,191.70872837773004,-17.044599575302755,39.24218822385916,0.0,0.0,0.0,0.0,0.0,0.0,0.0,0.0
-648.7753252967261,-1076.706556423037,348.83016175974,1298.2919711481998,442.32232049737377,81.98547479254273,-479.2432742019269,1248.3296360523627,100.0,-827.5936301524805,39.95036059465974,0.0,96.74652820064914,1703.0292591339744,-694.3499300625874,100.0,348.0374555573542,-193.43743357336166,0.0,50.84240088024213,0.0,0.0,0.0,0.0,0.0,0.0,0.0,514.1307975644859,-1248.3296360523627,212.0368892723094,-171.39835810435073,-39.95036059465974,29.087701219029043,12.27937328321073,-1788.1825103587466,694.3499300625958,265.67358100247674,-2469.7857304881836,193.43743357336166,-19.67058079473503,53.47642758312508,0.0,0.0,0.0,0.0,0.0,0.0,0.0,0.0
-626.203717520934,-1176.0501324976178,391.87951135288927,1780.3061987810383,-1057.9477887330506,89.96082321831352,-447.2537424962661,1266.389502243433,100.0,-104.63338085396657,32.279625888479586,0.0,87.46110894911216,1802.391117933019,-791.4381035590882,100.0,1268.7085308405346,-194.86430604832776,0.0,51.14647013298476,0.0,0.0,0.0,0.0,0.0,0.0,0.0,451.53872315753824,-1266.389502243433,226.1307205936605,-427.16804786427474,-32.279625888479586,27.251093093712342,4.827494224845558,-1732.8899481916246,791.4381035590967,255.21289032333675,-72.92102404111688,194.86430604806515,-22.145067988325735,62.33990511002668,0.0,0.0,0.0,0.0,0.0,0.0,0.0,0.0
-461.5057310787481,-1352.2537519693833,438.5323812335482,114.88795768583032,376.83771572656156,96.37853715237213,-284.9030587106522,1280.6009041502757,100.0,-1389.824806181096,24.558523230566607,0.0,97.20958753432554,1755.1656545954813,-889.1637821475134,100.0,969.1762993091038,-195.9871193622945,0.0,49.69432404917365,0.0,0.0,0.0,0.0,0.0,0.0,0.0,308.7209475820115,-1280.6009041502757,239.25314945137598,236.4846858276738,-24.558523230566607,25.20460922326876,14.095669975822952,-1845.3421623110494,889.1637821475219,243.5568193011836,-129.57569390720437,195.98711936203017,-24.44900376113594,54.897394462212006,0.0,0.0,0.0,0.0,0.0,0.0,0.0,0.0
-379.59609160506244,-1493.2292791750297,487.98099623177137,-728.613224929245,-411.5387108951734,101.12749652907553,-209.03560081326498,1290.941666819333,100.0,221.22232885746513,16.79910034811428,0.0,89.96414450251919,1859.3105804320624,-987.3744782409212,100.0,352.78247065387404,-196.8041215185599,0.0,34.0463194603914,0.0,0.0,0.0,0.0,0.0,0.0,0.0,139.13525429771363,-1290.941666819333,251.30311276058083,184.37411242091784,-16.79910034811428,22.964010712243095,13.318287596243607,-1823.8412487910734,987.374478240912,230.7951377879131,-72.20590912349621,196.80412151829216,-26.564644229082433,69.6433337660886,0.0,0.0,0.0,0.0,0.0,0.0,0.0,0.0
-313.0676406247379,-1571.058498099215,539.36917400582,-455.5054014949871,-1283.9867481696183,104.12547507858505,-148.93098545191458,1297.395654901436,100.0,-148.28551689210585,9.013464761769683,0.0,94.18475742742848,1747.0700306688193,-1085.9169474486798,100.0,35.4089978895513,-197.31403769646363,0.0,30.75167053421074,0.0,0.0,0.0,0.0,0.0,0.0,0.0,150.5960515659836,-1297.395654901436,262.1878070869457,-232.52298694762985,-9.013464761769683,20.54655364942448,4.5628174920314155,-1738.976416289016,1085.9169474486885,217.0261305535131,-595.8585622582871,197.31403769672625,-28.4756956743999,72.30966038100468,0.0,0.0,0.0,0.0,0.0,0.0,0.0,0.0
-124.05205952613939,-1740.6015794836496,591.8071494856986,1428.2717567734207,1046.6994500340422,105.32056404076116,-8.42611234744874,1299.9527978288165,100.0,132.74076308927195,1.2137648935345169,0.0,88.5204996912069,1858.7134234015093,-1184.6374276935355,100.0,-8.917490250968285,-197.51607224192185,0.0,24.95845487776952,0.0,0.0,0.0,0.0,0.0,0.0,0.0,15.792677694826786,-1299.9527978288165,271.82340337728715,1151.799573406115,-1.2137648935345169,17.97085620916107,10.021778352171463,-1738.0127654829944,1184.6374276935442,202.3558403406763,1164.516704994303,197.51607224218787,-30.16744003258168,70.36228100214184,0.0,0.0,0.0,0.0,0.0,0.0,0.0,0.0
86.95625053174605,-1850.420362790182,644.3869807878086,48.992561264748744,-100.64908403178151,104.69207094391038,104.23646218069278,1298.6091055288543,100.0,-640.9369879272997,-6.587828889194043,0.0,76.88546593204735,1787.5123793152502,-1283.3818791362826,100.0,-519.7333849035044,-197.40990990732712,0.0,24.14545761794199,0.0,0.0,0.0,0.0,0.0,0.0,0.0,-118.96356591037855,-1298.6091055288543,280.13569257349,-489.65197533880024,6.587828889194043,15.25675526249529,9.139059016122012,-1805.3128860785505,1283.3818791362912,186.89725117096197,1560.114783313437,197.40990990732712,-31.626848244332848,77.12752602551014,0.0,0.0,0.0,0.0,0.0,0.0,0.0,0.0
276.6228569203992,-1940.4417263242908,696.1982698535924,-1319.8306431782,-756.5106779072232,102.25087788637836,153.78751612024888,1293.366674650039,100.0,-64.55578250573623,-14.379143263824972,0.0,77.91492184335537,1782.7914733931198,-1381.9962245339318,100.0,-110.94550488022719,-196.9957163445224,0.0,22.176880965026562,0.0,0.0,0.0,0.0,0.0,0.0,0.0,-154.9648393501985,-1293.366674650039,287.0606571375118,663.7719122527917,14.379143263824972,12.425153602446812,10.52988454021917,-1735.3371792495402,1381.9962245339402,170.7694181923394,237.33475619461387,196.995716344519,-32.842680599569576,86.81863656939962,0.0,0.0,0.0,0.0,0.0,0.0,0.0,0.0
379.3534423111547,-2085.7482009792056,746.3439256158335,1416.919746792466,-574.8769931873323,98.03925311751243,319.43472913024317,1284.2336852904373,100.0,819.9933044812348,-22.148020947420264,0.0,88.14211292626169,1843.7707011584112,-1480.3265896562245,100.0,-80.80268325731026,-196.27413784603505,0.0,10.31858660105258,0.0,0.0,0.0,0.0,0.0,0.0,0.0,-204.21336029874686,-1284.2336852904377,292.544964085872,961.732117519641,22.148020947420264,9.497858960043573,19.279168490330488,-1763.2029119043698,1480.326589656233,154.0965507696228,697.4509110131487,196.27413784603505,-33.805573300638656,82.37951675378581,0.0,0.0,0.0,0.0,0.0,0.0,0.0,0.0
529.0375396025562,-2250.1776978894154,793.9556967598999,-199.0821922259778,-189.10943599370057,92.13011918038433,346.65528461001736,1271.2243882337657,100.0,250.6532389678597,-29.882339666371536,0.0,82.8144078578455,1686.891341414179,-1578.219543385391,100.0,-870.4885398868032,-195.24630033666654,0.0,18.64889378589331,0.0,0.0,0.0,0.0,0.0,0.0,0.0,-345.1276788441144,-1271.2243882337657,296.54637573645766,-18.04123528274829,29.882339666371536,6.497416050906963,21.623744629390846,-1722.2747446258254,1578.219543385382,137.00705587943028,-533.5556997237393,195.24630033666654,-34.508110578110944,88.7482016993128,0.0,0.0,0.0,0.0,0.0,0.0,0.0,0.0
575.1995287863784,-2359.6406936018006,838.209205136582,1019.0398450185785,-190.9899016330678,84.62579028808818,426.3100680816001,1254.3590827129901,100.0,371.0360762045545,-37.57003107165701,0.0,82.57723730439655,1730.9538161174396,-1675.522337124404,100.0,-1208.4476649015835,-193.91380761659775,0.0,4.135046262648363,0.0,0.0,0.0,0.0,0.0,0.0,0.0,-470.7795376100539,-1254.3590827129901,299.0340750042865,-231.47339845695853,37.57003107165701,3.4469329459378173,31.496526599586655,-1737.609329390213,1675.5223371243949,119.63254917701845,-11.516228133338018,193.91380761659775,-34.944881803719525,89.2657878315278,0.0,0.0,0.0,0.0,0.0,0.0,0.0,0.0
719.2924585265897,-2447.77505859177,878.3382195292229,-368.355167554526,-1624.4099844856191,75.65620079539826,533.204595798029,1233.664084736136,100.0,852.4061721396419,-45.199099569822465,0.0,67.30777834026343,1656.5068758852096,-1772.0831431404267,100.0,-129.18449615266695,-192.27873885890517,0.0,1.3930811836153927,0.0,0.0,0.0,0.0,0.0,0.0,0.0,-560.5110221248242,-1233.664084736136,299.9889027409283,-145.85513378152314,45.199099569815644,0.3699031032675748,28.556318283102293,-1664.4732164241793,1772.0831431404179,102.10684135129425,-455.02443456194896,192.27873885890176,-35.1125231606035,92.71832266351254,0.0,0.0,0.0,0.0,0.0,0.0,0.0,0.0
970.2620671702958,-2529.3360145341167,913.6479226306841,-1593.2992513055838,-483.20559687490004,65.37665543908759,621.5678694430112,1209.1716860237552,100.0,-182.9199434439522,-52.75764104042992,0.0,68.98805108985778,1663.1125453578065,-1867.7512914712047,115.43509242532909,-2039.875937591379,-190.34364536527733,35.00974354992266,14.904095672384944,0.0,0.0,0.0,0.0,0.0,0.0,0.0,-656.3156478125666,-1209.1716860237552,299.40350528970544,104.71378185590254,52.757641040423096,-2.7099755678568727,34.10368489795501,-1676.3943799736226,1867.751291471196,100.0,-24.976432918389264,190.34364536527391,0.0,88.522121409654,0.0,0.0,0.0,0.0,0.0,0.0,0.0,0.0
952.4459127311399,-2587.7640644254384,943.5269415180038,-1639.3428968245616,-1817.5726117335716,53.96514030058313,727.5111287477711,1180.920103622098,100.0,-1531.711465753253,-60.23386141090896,0.0,66.23388036821171,1681.7120363640622,-1962.3775050249997,132.8581520154109,-182.44672181094188,-188.11154658507462,34.63733453432326,20.22214459299193,0.0,0.0,0.0,0.0,0.0,0.0,0.0,-663.694096641075,-1180.9201036220984,297.28239112027234,-215.26492446349323,60.23386141090896,-5.768983217786285,34.701975857686165,-1637.033813374238,1962.377505024991,100.0,-483.27036398971245,188.11154658533042,0.0,94.79948059350076,0.0,0.0,0.0,0.0,0.0,0.0,0.0,0.0
952.210837810122,-2785.268867129829,967.457933322009,-249.66809840222368,-581.4071967112341,41.61924105049252,770.168254767781,1148.9534202706268,100.0,209.0546577940404,-67.61609505941806,0.0,45.23131061031834,1573.8737957443689,-2055.814132507122,150.02815279739423,-30.776390864756422,-185.58592540412747,33.9981642416781,3.350810345293771,0.0,0.0,0.0,0.0,0.0,0.0,0.0,-815.2258326038138,-1148.9534202706268,293.64189610639676,422.0299720873936,67.61609505941806,-8.783560736149525,37.31991401151229,-1609.4449925942317,2055.81413250713,100.0,799.0652087234571,185.58592540387508,0.0,96.41962931112415,0.0,0.0,0.0,0.0,0.0,0.0,0.0,0.0
1055.205670906549,-2924.5510772739112,985.0265428053682,633.9884554608,2505.8247775506925,28.552721834251997,1001.4374226739742,1113.3215156169244,100.0,307.466189750852,-74.89282301767389,0.0,44.78029686667054,1584.668764668347,-2147.9153788096314,166.81285909560813,491.01836866551366,-182.7707227091696,33.09715527604425,5.852439249776237,0.0,0.0,0.0,0.0,0.0,0.0,0.0,-986.8238768276835,-1113.3215156169244,288.5100577143579,-363.3511642946826,74.89282301766707,-11.730491193602859,55.48923237091715,-1574.6827368604409,2147.9153788096396,100.0,1985.6230109180478,182.77072270893086,0.0,98.88965873139922,0.0,0.0,0.0,0.0,0.0,0.0,0.0,0.0
1341.4879276513739,-3007.4812370770574,995.9285767523726,1467.7339082366507,1030.690824903952,14.99182403444081,940.7903664995376,1074.0799883862942,100.0,-309.20024184755334,-82.05269094458117,0.0,38.94413810448653,1498.2896230066906,-2238.5375325047235,183.08300260037743,-472.34071674945767,-179.6703312401405,31.941246805966017,15.220625584838526,0.0,0.0,0.0,0.0,0.0,0.0,0.0,-961.0727142987455,-1074.0799883862946,281.92639907090347,610.426874806115,82.05269094458117,-14.587078648244756,67.78879759652884,-1538.3450164984663,2238.5375325047153,100.0,1010.9763803109138,179.6703312399086,0.0,89.73912465554487,0.0,0.0,0.0,0.0,0.0,0.0,0.0,0.0
1421.3993214200598,-3006.082685873456,999.9752709488017,-21.531027672795062,-477.3307800243447,1.1713489945123001,1071.0069600928182,1031.2900696275565,100.0,-971.6532766905533,-89.08452684320082,0.0,38.004957094099254,1538.050818938452,-2327.5391900867407,198.71327793478974,308.80581888783695,-176.2895887348759,30.539341122102712,0.0,0.0,0.0,0.0,0.0,0.0,0.0,0.0,-1052.3752842590322,-1031.2900696275565,273.9416245737895,-107.51785753266972,89.08452684320082,-17.331322939625977,63.05574919498472,-1414.4351115900702,2327.5391900867326,100.0,1506.3753580905984,176.28958873463034,0.0,97.18800105669567,0.0,0.0,0.0,0.0,0.0,0.0,0.0,0.0
1451.0685132765211,-3104.4154410963315,997.0965585563096,-795.0812756528421,-640.2385258047025,-12.66940746936939,1106.7980127123324,985.0185271703299,100.0,1022.2951948648051,-95.97735849302808,0.0,33.77495355733631,1387.9985658021853,-2414.781476613144,213.5833077007327,-1148.8013191957646,-172.63377038052113,28.902235075756835,7.55465155256234,0.0,0.0,0.0,0.0,0.0,0.0,0.0,-1088.3315579838363,-985.0185271703303,264.6172293891518,-743.1067895413616,95.9773584930349,-19.942089124147344,66.61801690302518,-1438.5534141368337,2414.781476613136,100.0,439.7320690123843,172.6337703805143,0.0,98.95219543403459,0.0,0.0,0.0,0.0,0.0,0.0,0.0,0.0
1619.0800930272044,-3100.100070369251,987.3422832907909,678.7831787698235,-46.76401817005399,-26.29079837657855,1223.452008796404,935.3375614429533,100.0,51.28745334835344,-102.72043057084147,0.0,36.268198892067566,1366.8272172160107,-2500.1282623998486,227.57856957183867,581.8970699140937,-168.70858058325666,27.042536926337277,14.047905367776387,0.0,0.0,0.0,0.0,0.0,0.0,0.0,-1177.87731366408,-935.3375614429538,254.02502584321633,-490.79456204619646,102.72043057084147,-22.399270246936993,71.53213971477443,-1405.8274912952484,2500.1282623998563,100.0,1578.0334010253625,168.70858058303838,0.0,96.54654208537308,0.0,0.0,0.0,0.0,0.0,0.0,0.0,0.0
1704.6293527068412,-3207.476366811971,970.8813363990353,146.01952997794228,2648.0962983066092,-39.45697497051469,1328.7608031044044,882.3246928135827,100.0,115.82559736448616,-109.30322143289231,0.0,27.29779266077133,1352.0714463147438,-2583.4463754330372,240.5912782932778,-2433.7014095022323,-164.5201440659639,24.974569238256805,13.738119517389269,0.0,0.0,0.0,0.0,0.0,0.0,0.0,-1214.0927674901548,-882.3246928135832,242.24659035584065,874.7183284918481,109.30322143289231,-24.6839421967654,78.37417834291004,-1274.080327032764,2583.4463754330445,100.0,438.4315755179864,164.52014406595708,0.0,80.86357333618454,0.0,0.0,0.0,0.0,0.0,0.0,0.0,0.0
1636.2493587990325,-3144.6209485365202,947.9987323765438,1141.0421201358088,920.920113273296,-51.93997034230733,1367.783727665469,826.0626406302074,100.0,444.43072187533403,-115.71545953202985,0.0,25.614402463115766,1283.1369108732733,-2664.6058091659133,252.52121579564624,-902.5122532353487,-160.0749963122962,22.714258574776807,20.684120572491743,0.0,0.0,0.0,0.0,0.0,0.0,0.0,-1315.948066025677,-826.0626406302076,229.37263517536402,-119.03814664189781,115.71545953202985,-26.778509450824828,73.82562688288881,-1201.4114923526522,2664.6058091659206,100.0,1245.3172983612387,160.0749963122962,0.0,78.83333127534777,0.0,0.0,0.0,0.0,0.0,0.0,0.0,0.0
1843.1519192919798,-3265.472247252713,919.0906740592912,-694.5833353663795,432.9829389668771,-63.52364658365673,1390.6983065059733,766.6391941484126,100.0,-665.5466019753374,-121.94713944572413,0.0,11.206177265328979,1133.8998815935038,-2743.479925376184,263.276503029762,317.7047648852408,-155.38007336881265,20.279012838894346,12.356273411228548,0.0,0.0,0.0,0.0,0.0,0.0,0.0,-1409.4904442288127,-766.639194148413,215.5023097534085,957.9576721706792,121.94713944572413,-28.666840587857507,74.61898406284688,-1162.844721862516,2743.479925376191,100.0,779.9237557694732,155.38007336881947,0.0,84.44562147603816,0.0,0.0,0.0,0.0,0.0,0.0,0.0,0.0
1872.2741253914587,-3474.6803464571644,884.6576925352867,1202.2716050755002,-1289.9395236430814,-74.00743712571682,1468.737653094162,704.1470755482203,100.0,753.9886929487045,-127.98853748775969,0.0,19.828032299346912,1143.5598829384153,-2819.9456517677218,272.7743075780575,-620.112865051625,-150.44270102214568,17.687587205370505,29.618489400887697,0.0,0.0,0.0,0.0,0.0,0.0,0.0,-1456.7414395905432,-704.1470755482203,200.74243714007872,-42.45034070321708,127.98853748775628,-30.33439252502177,90.23725740591146,-1086.7757711772135,2819.945651767728,100.0,56.31367230559931,150.44270102213886,0.0,75.15563785410946,0.0,0.0,0.0,0.0,0.0,0.0,0.0,0.0
1980.279874890747,-3389.463055576839,845.2959806555381,1706.3590716831754,-956.8092704493915,-83.2098194659369,1461.207721653489,638.6837952537785,100.0,-593.7538369583501,-133.8302268807388,0.0,17.567547865676797,957.6967708191349,-2893.8836740080915,280.94148159285623,-522.040492061949,-145.27058336793516,14.959939676759575,33.947347447711465,0.0,0.0,0.0,0.0,0.0,0.0,0.0,-1495.0123011640023,-638.6837952537787,185.2066912805692,-46.22928143796912,133.83022688073538,-31.768322522203363,91.2768480170689,-1007.996477499875,2893.883674008098,100.0,946.2299439135808,145.27058336813298,0.0,64.08447725001207,0.0,0.0,0.0,0.0,0.0,0.0,0.0,0.0
1878.0809003242064,-3443.400350196996,801.6870702011375,178.50751325178976,539.8022956028581,-90.9714581557489,1586.0230136119271,570.3514997816442,100.0,-1317.1025078920275,-139.46309246572127,0.0,8.284485788029842,867.8618632840688,-2965.1786219022974,287.71512514841845,-510.7526016172386,-139.8717907906689,12.117077375828842,28.471053053917263,0.0,0.0,0.0,0.0,0.0,0.0,0.0,-1509.2567481136946,-570.3514997816442,169.01472154920083,81.7629792518278,139.46309246572469,-32.95758709125849,86.9436676847388,-923.713310229824,2965.178621902291,100.0,955.6045604220617,139.87179079067573,0.0,65.71894170449991,0.0,0.0,0.0,0.0,0.0,0.0,0.0,0.0
2008.17436493811,-3454.031852400277,754.5860314420146,-643.5680688688387,-289.9928312950715,-97.15796362733272,1581.8246909081515,499.25681235510547,100.0,1331.671209727449,-144.87834492438992,0.0,0.0,827.9872913214093,-3033.719249412182,293.0430706680681,-189.33424389948357,-134.25474736891147,9.180894758002864,31.064418009748124,0.0,0.0,0.0,0.0,0.0,0.0,0.0,-1653.2172238948697,-499.25681235510547,152.29123126340815,-301.53426985324245,144.87834492438992,-33.89302704764205,90.95802506008978,-851.194591840276,3033.719249412176,100.0,-717.7863046132057,134.25474736909564,0.0,56.50504045305873,0.0,0.0,0.0,0.0,0.0,0.0,0.0,0.0
1951.083084949312,-3445.5494217093874,704.8083994071073,1209.811922944432,-507.0522183893013,-101.662219094124,1625.8144138792154,425.5106665331548,100.0,191.12166695456835,-150.06753449407597,0.0,4.588540832766673,755.0408229433649,-3099.3986082407637,296.8842846955665,-211.25863167267084,-128.42821773268042,6.174004990131721,41.325995906390105,0.0,0.0,0.0,0.0,0.0,0.0,0.0,-1618.4259191794881,-425.5106665331548,135.16501727449008,800.8188241379253,150.0675344940828,-34.56743805073728,90.7677746325144,-733.4521756491591,3099.3986082407578,100.0,-471.4742170082218,128.42821773285095,0.0,59.181325277475665,0.0,0.0,0.0,0.0,0.0,0.0,0.0,0.05261529589251448
2081.8350654690275,-3408.3682655950784,653.2160532322271,243.6558729359433,856.3216518777176,-104.40623523347995,1666.9699339741262,349.22813311382265,100.0,-641.6567448655928,-155.02256415260604,0.0,5.534461250256283,598.8476750574807,-3162.11421471041,299.20918391645955,104.6298456279709,-122.40129338644238,3.1195657939409216,48.609262572418025,0.0,0.0,0.0,0.0,0.0,0.0,0.0,-1670.7646964016735,-349.2281331138231,117.7679780317899,-301.53085402039665,155.02256415260263,-34.975626088277494,87.80659413633205,-677.629272780954,3162.114214710415,100.0,827.6599499152906,122.40129338661973,0.0,52.56155751324256,0.0,0.0,0.0,0.0,0.0,0.0,0.0,0.06117642553970558
2023.426237427235,-3536.581063864843,600.7022930788861,2220.330207400565,779.7118718444221,-105.34250053923529,1638.920198615334,270.5282405819214,100.0,-806.124766066132,-159.73570225229878,14.045817478123439,4.812423015652494,594.2626078381744,-3221.768209674647,299.99986299555025,148.67993459539548,-116.18337852331479,0.0411010956077007,47.23808738530727,0.0,0.0,0.0,0.0,0.0,0.0,0.0,-1676.989235707774,-270.52824058192164,100.23409775978081,-230.79372260132345,159.73570225229878,-21.06863000023587,88.70877720014258,-605.3318551296777,3221.768209674652,100.0,1238.4574885312918,116.18337852347167,0.0,46.65143016582547,0.0,0.0,0.0,0.0,0.0,0.0,0.0,0.07113055202541568
2058.82387983532,-3455.6374408948523,548.1763730109975,1982.5074995062016,-452.6465152981905,-104.45480396463608,1713.4451963312029,189.53378938128685,117.30158542859918,1184.9802881298547,-164.1995945842507,34.98283308061822,0.4673625761376581,414.963836853286,-3278.267511214014,299.2502324757913,160.6762181604867,-109.78417535113522,-3.0376801450020707,53.5968305994291,0.0,0.0,0.0,0.0,0.0,0.0,0.0,-1770.6172921707368,-189.53378938128708,100.0,-735.0707555075257,164.1995945842507,0.0,100.0,-457.0829384959292,3278.267511214009,100.0,-234.20025475287986,109.78417535098515,0.0,42.77900865037587,0.0,0.0,0.0,0.0,0.0,0.0,0.0,0.0827043323764731
2006.4406689305117,-3516.7191068821553,496.5477576363717,-819.0803651394992,808.3019284758211,-101.7585156090081,1709.2142662694826,106.37116030149718,134.70401953514352,736.6386033188257,-168.4072758534603,34.58179653038286,14.597719244949621,379.112594359815,-3331.5239598776575,296.9660656765636,1323.4699275229518,-103.21366895285337,-6.093066530158637,64.78535121585537,0.0,0.0,0.0,0.0,0.0,0.0,0.0,-1712.7025467365738,-106.37116030149741,100.0,-2706.5667101045483,168.4072758534569,0.0,92.92132155600096,-313.53084345119817,3331.523959877653,100.0,-836.1081278572789,103.21366895286019,0.0,39.45756195262547,0.0,0.0,0.0,0.0,0.0,0.0,0.0,0.09616130339314856
1884.8221027350098,-3438.8050562425283,446.71037510272697,-737.7024849625275,150.98796590732718,-97.30032059164984,1814.0951184180126,21.170117277846202,151.83917878655538,-936.5593269343856,-172.35218054764573,33.914426431996816,6.4639717684772755,331.8080105000697,-3381.454456244187,293.16495423014885,-173.32432231975048,-96.48211170763716,-9.101526838854852,56.46838151655287,0.0,0.0,0.0,0.0,0.0,0.0,0.0,-1812.17149592409,-21.17011727784643,100.0,-682.0024330388367,172.35218054764573,0.0,85.78285692485821,-229.61443489507712,3381.4544562441824,100.0,19.163433261211082,96.48211170763716,0.0,36.81661143739922,0.0,0.0,0.0,0.0,0.0,0.0,0.0,0.11180788242357734
1861.5363536610587,-3377.6045659982624,399.52713910108787,-1131.9130135756052,260.60030123600427,-91.15741071738483,1683.9233876975547,-65.9363950875429,168.57509584107044,-239.10765116136417,-176.0281531812086,32.9858625718245,5.591922539981583,114.14673050918638,-3427.9810905869404,287.8761725988369,133.27729174144565,-89.60000729188096,-12.039891253763244,69.17307749614015,0.0,0.0,0.0,0.0,0.0,0.0,0.0,-1858.1341938828366,65.93639508754268,100.0,34.04468847625708,176.0281531812086,0.0,89.9825490826157,-136.7180561481306,3427.981090586936,100.0,1383.1882834965083,89.60000729188096,0.0,25.959831192128572,0.0,0.0,0.0,0.0,0.0,0.0,0.0,0.1300003445350054
1850.84450299359,-3386.1305333684804,355.8150078716955,243.72828467331715,1245.523218195874,-83.43614793316647,1734.8886181974628,-154.81245896763767,184.78287814197134,-314.27441475079263,-179.42945790042927,31.803256333898275,14.878356682536221,77.05627744685219,-3471.031264441494,281.14045261609454,-544.170468064042,-82.57809429049757,-14.885529804816144,70.05141313589274,0.0,0.0,0.0,0.0,0.0,0.0,0.0,-1766.1142707011006,154.8124589676372,100.0,-1757.6775374712236,179.42945790042927,0.0,91.04963711852976,-72.58156913971276,3471.0312644414903,100.0,-648.2322666618165,82.57809429049757,0.0,29.902843839665447,0.0,0.0,0.0,0.0,0.0,0.0,0.0,0.1511529349531471
1810.0745423042565,-3324.4802327122047,316.33083890953515,-1003.6328006224971,1199.9286463627732,-74.27022271449374,1817.685166514023,-245.31939539172583,200.3377005904806,61.85022016219591,-182.55078743339425,30.375715623158044,20.281393102612274,-15.114943526127478,-3510.5378038856607,273.00966978817974,289.9115592398597,-75.4273294405948,-17.616526655125995,72.16955298949696,0.0,0.0,0.0,0.0,0.0,0.0,0.0,-1810.429086642543,245.3193953917256,100.0,-1540.503315896359,182.55078743339425,0.0,86.73936586804625,-0.9388411868037223,3510.5378038856643,100.0,-762.2647505461582,75.4273294405948,0.0,19.710335317362215,0.0,0.0,0.0,0.0,0.0,0.0,0.0,0.1757473014911758
1751.9894473117124,-3380.4726144513124,281.7582842895132,-790.8750617172177,-1056.911518105701,-63.81833927013446,1752.2211826285152,-337.31598063499644,215.1197668929034,-1671.2799541689776,-185.38727137126784,28.714234720432046,18.570378577035324,-131.6132188292067,-3546.4390643552274,263.5464437721698,434.72276168251113,-68.15887053500546,-20.211848886968937,75.80516987969614,0.0,0.0,0.0,0.0,0.0,0.0,0.0,-1804.0536495862038,337.3159806349961,100.0,-498.9610258841526,185.38727137126784,0.0,82.34945363839755,130.69095427615557,3546.43906435523,100.0,465.0493782426919,68.15887053501228,0.0,19.0075196155701,0.0,0.0,0.0,0.0,0.0,0.0,0.0,0.2043434617462395
1708.913862734471,-3249.2178876531916,252.69595351313365,-2344.429209297491,-711.4843392532407,-52.261467644314905,1716.6922791464667,-430.65866657893923,229.01523217817254,-1963.1103953857235,-187.93448376789627,26.831609609399862,21.971183941356518,-181.69612296968035,-3578.679026831888,252.82365610733228,-353.23421255870585,-60.78405901210317,-22.651508487924303,85.42559198421863,0.0,0.0,0.0,0.0,0.0,0.0,0.0,-1714.3136781657859,430.6586665789389,100.0,39.49608786452586,187.93448376789797,0.0,87.34683246267312,142.5658979114015,3578.6790268318905,100.0,2792.7631575464657,60.78405901209635,0.0,16.64437240753036,0.0,0.0,0.0,0.0,0.0,0.0,0.0,0.23759255478829303
1715.1931617533264,-3237.713581816065,229.64704883230638,359.02028680970716,-547.0650092175492,-39.79971029512171,1790.7025106530511,-525.2018046985654,241.9170797801823,-294.93335375685206,-190.18845004602895,24.74233942764144,17.31731503245153,-317.5666670829319,-3607.2073852532776,240.9238889140706,72.40926667313744,-53.314402259038616,-24.91671628961413,90.77148071957342,0.0,0.0,0.0,0.0,0.0,0.0,0.0,-1748.3701130348575,525.2018046985652,100.0,-99.77181506631496,190.18845004602724,0.0,80.16601325444574,264.7268469331839,3607.20738525328,100.0,1189.363141251941,53.314402258970404,0.0,5.920032056728166,0.0,0.0,0.0,0.0,0.0,0.0,0.0,0.2762516676992083
1615.1126375139877,-3232.882600424542,213.01065251020583,-1603.1174014057444,1406.7887027363804,-26.648837403272694,1699.9557938327177,-620.797873327066,253.72594543234456,1306.9354419411331,-192.14565319857627,22.46251480075756,34.95273909190068,-313.3822281309061,-3631.979625008718,227.93878888332407,-451.15795084853914,-45.761555655817574,-26.990026673486085,87.4698954685675,0.0,0.0,0.0,0.0,0.0,0.0,0.0,-1817.9138464264718,620.7978733270656,100.0,-13.820382795169053,192.14565319857627,0.0,60.73712664004648,359.81306559623874,3631.97962500872,100.0,482.0418122976855,45.76155565575618,0.0,3.3249146073128433,0.0,0.0,0.0,0.0,0.0,0.0,0.0,0.3212010745647914
1525.808105337923,-3068.883526246785,203.07481687674647,-121.60363360111091,989.5655696803192,-13.036550900237671,1657.7377568113875,-717.2977078432511,264.3508825267819,59.41857551936664,-193.80303927720604,20.009693919557776,31.224641454783047,-474.3336433517287,-3652.9570923981987,213.96836145469433,-835.6426005598206,-38.137304389019846,-28.855471929174712,91.25800948224898,0.0,0.0,0.0,0.0,0.0,0.0,0.0,-1718.5920810835134,717.2977078432508,100.0,-972.0345387769271,193.80303927720604,0.0,68.22116449218456,472.0449859910857,3652.957092398197,100.0,-419.38896417953146,38.137304389067594,0.0,6.775685709666721,0.0,0.0,0.0,0.0,0.0,0.0,0.0,0.37346428045426916
1481.6035717990276,-2938.609664527528,200.01157682148312,123.03977401619136,-1183.6628924819547,0.8014580963074991,1704.509306097738,-814.5507334225634,273.71006254446974,-718.398021669467,-195.15802215709016,17.402767314719085,44.0037699664886,-598.1481096246899,-3670.1070549461847,199.12020061922976,-165.04827942003772,-30.453545062539433,-30.498685230669764,91.35026388404064,0.0,0.0,0.0,0.0,0.0,0.0,0.0,-1701.3588454753717,814.5507334225631,100.0,1116.5390710981717,195.15802215709016,0.0,65.64663348916261,556.9663382360014,3670.1070549461856,100.0,435.5793478117937,30.45354506258036,0.0,8.108315682510867,0.0,0.0,0.0,0.0,0.0,0.0,0.0,0.43423132679181164
1329.0092041735347,-2918.1825895848506,203.87397108056547,-540.378480907159,75.76964726656115,14.625590176991352,1694.5310424187035,-912.4051999885628,281.73140526193924,-1471.5207722306218,-196.2084875723292,14.661812370362384,48.52523471518986,-649.2071261436979,-3683.4027524762027,183.50866027856478,318.7008902916301,-22.722267134322465,-31.907011283196454,90.31276422232068,0.0,0.0,0.0,0.0,0.0,0.0,0.0,-1622.7079850503449,912.4051999885623,100.0,69.52447632254689,196.2084875723292,0.0,62.90824285473555,619.549697837452,3683.402752476203,100.0,788.2560617560586,22.72226713434293,0.0,10.013027188997903,0.0,0.0,0.0,0.0,0.0,0.0,0.0,0.5048858887870696
1138.6682241949395,-2886.7197665632484,214.59512389292945,-2401.7777542121794,248.0109809755345,28.196486205511064,1588.0635032108369,-1010.708418998232,288.35313388095517,-311.24057739483646,-196.9527964148432,11.807938697000395,42.337812267867186,-802.8493659770915,-3692.823438866429,167.25397354225953,889.4797916417144,-14.955534208645531,-33.06960378863977,95.86795312237157,0.0,0.0,0.0,0.0,0.0,0.0,0.0,-1662.180203117479,1010.7084189982317,100.0,-984.6046454832538,196.9527964148432,0.0,49.621433564490744,770.4263181678456,3692.8234388664296,100.0,-107.31164993892378,14.955534208652352,0.0,8.600430721006312,0.0,0.0,0.0,0.0,0.0,0.0,0.0,0.5870367819374844
1138.3248790695013,-2741.923717188185,231.9894029264799,-786.4884101477674,-421.2121973080525,41.279171723195134,1577.0997940201496,-1109.3070016915885,293.52425080581867,377.25616287779985,-197.3897872925079,8.863125554754276,52.76142470438812,-865.5570102170304,-3698.3544144211864,150.48132674610056,795.7293848512023,-7.165465212501658,-33.9775089788877,96.59217618613206,0.0,0.0,0.0,0.0,0.0,0.0,0.0,-1636.8131843475144,1109.3070016915883,100.0,-1158.841824449994,197.3897872925079,0.0,42.30423976900515,844.6440545031671,3698.3544144211864,100.0,50.07488894275241,7.165465212494837,0.0,5.927858407107282,0.0,0.0,0.0,0.0,0.0,0.0,0.0,0.682554595010387
996.9710787726599,-2671.414598566479,255.75563342523265,-986.3615549825852,-774.7221746886748,53.647125434642646,1587.8892224794913,-1208.047098433932,297.20493040406785,-35.09583352237655,-197.51877834041807,5.8500525789065705,67.64437746903586,-885.797569178091,-3699.9870488078122,133.3198953228657,133.08430040355006,0.6357845144111707,-34.62373457373218,85.44187456175419,0.0,0.0,0.0,0.0,0.0,0.0,0.0,-1588.9917264373084,1208.0470984339318,100.0,-865.5795751325627,197.51877834041807,0.0,43.404007475606015,965.1203290717474,3699.9870488078122,100.0,-601.4170197832289,-0.6357845144111707,0.0,5.248538843080144,0.0,0.0,0.0,0.0,0.0,0.0,0.0,0.7936142836436554
918.8071503246432,-2576.382124941553,285.48231292579425,-1265.0291505047785,-113.8636290301315,65.08620133060617,1477.4936877579846,-1306.7746387771715,299.3668257257066,318.3443682971813,-197.33956828604505,2.791925111497733,65.46921716600134,-982.3060307212035,-3697.7187945231153,115.90184895085292,395.4561493998,8.436042186324357,-35.00330363239328,96.36491126045499,0.0,0.0,0.0,0.0,0.0,0.0,0.0,-1524.2719180496847,1306.774638777171,100.0,-569.1626928881954,197.33956828604846,0.0,43.649230326310075,956.7489523599489,3697.7187945231153,100.0,91.1399350145092,-8.436042186331179,0.0,3.3441737339581405,0.0,0.0,0.0,0.0,0.0,0.0,0.0,0.9227446944279201
756.9824750715308,-2518.5070784119484,320.65473625253645,-309.34447679430434,-706.5976283466284,75.39833653723349,1454.9040754124633,-1405.3355718657895,299.99328681875136,-456.56855145166446,-196.85243676182722,-0.2877045158868441,68.97081175177338,-1082.3772671302286,-3691.5531908684084,100.0,11.473254009890184,16.223136565502045,0.0,85.98001890608641,0.0,0.0,0.0,0.0,0.0,0.0,0.0,-1396.8443229570382,1405.3355718657892,100.0,186.99605604561157,196.85243676182722,0.0,27.95067711712893,1031.3952407481597,3691.5531908684093,101.63866635794535,1410.936662211423,-16.223136565495224,35.11329288348307,13.771717047595088,0.0,0.0,0.0,0.0,0.0,0.0,0.0,0.0
588.8085626188968,-2301.7125777481983,360.66390742509645,615.4322607536824,1488.3282135235822,84.4049806934197,1416.3740622065347,-1503.5761068121483,299.07948895972254,732.5213900296853,-196.0581438701763,-3.365118371616518,82.1923211536429,-1106.901223857391,-3681.4998584269106,100.0,1569.0437711686513,23.984916953677384,0.0,95.96277697022308,0.0,0.0,0.0,0.0,0.0,0.0,0.0,-1317.2541240221733,1503.5761068121478,100.0,47.24397165039136,196.0581438701729,0.0,24.58178806930273,1194.500850493956,3681.4998584269115,119.1665613904969,-377.12041202540263,-23.984916953677384,34.95285523894637,10.75314120535859,0.0,0.0,0.0,0.0,0.0,0.0,0.0,0.0
511.81732061064827,-2252.2407773528107,404.81708417218374,-777.2566849532118,787.1846230940037,91.95018747599136,1316.4330767390218,-1601.3429526661926,296.6324698115095,-3.0227459912714494,-194.95792899676076,-6.416615588948389,85.59630477376885,-1183.61614914415,-3667.574484052139,100.0,110.75548275708002,31.70927215163374,0.0,88.81753691684817,0.0,0.0,0.0,0.0,0.0,0.0,0.0,-1332.5929817504882,1601.342952666192,100.0,378.9512498490774,194.95792899675735,0.0,21.35426173406998,1190.5690476307136,3667.57448405214,136.54684412949715,1027.6906682418598,-31.709272151640562,34.52322631784881,19.435640980795082,0.0,0.0,0.0,0.0,0.0,0.0,0.0,0.0
366.13987521433376,-2175.6205515312317,452.3497724778487,1162.0526326866075,355.5936262958403,97.9033147465168,1362.3803962091545,-1698.483557605062,292.67107522243487,345.9293125300246,-193.55350887677787,-9.418694899501077,76.90619313635734,-1296.713137391394,-3649.798796390715,100.0,256.2895591378003,39.38414935708124,0.0,93.89509433716626,0.0,0.0,0.0,0.0,0.0,0.0,0.0,-1241.406291449342,1698.4835576050616,100.0,-1260.136316435246,193.55350887677446,0.0,15.519267873205056,1249.6696931550377,3649.798796390717,153.6456594015843,976.5857987144068,-39.38414935707442,33.82771493019163,11.035961682536097,0.0,0.0,0.0,0.0,0.0,0.0,0.0,0.0
319.0257180940035,-2024.1776631227215,502.4389634795833,-2124.7439408627324,-400.09793411319947,102.16128656559363,1136.4492506024344,-1794.8463469694038,287.22581408394933,873.5627274915737,-191.8470749163123,-12.348235629563646,93.26242257049394,-1355.6596545031778,-3628.2005319777772,100.0,-205.7918059042015,46.99757297139513,0.0,84.60734187578062,0.0,0.0,0.0,0.0,0.0,0.0,0.0,-1148.6768571557716,1794.8463469694034,100.0,645.4251207214531,191.8470749163157,0.0,30.537935415647674,1308.9429636728592,3628.2005319777754,170.33131977008816,1019.0699550150543,-46.99757297134056,32.871677594039994,11.235408161328674,0.0,0.0,0.0,0.0,0.0,0.0,0.0,0.0
217.35474270355616,-1894.5754125443214,554.2173835267428,-560.4974022368749,687.2295661000169,104.6503779101306,1107.6212160209138,-1890.2809597749115,280.3386233647807,199.60726685372833,-189.8412897724745,-15.182675765130114,79.3549765837243,-1372.7828439594134,-3602.813391957901,100.0,-476.3663215652832,54.53766328576876,0.0,83.52495478672797,0.0,0.0,0.0,0.0,0.0,0.0,0.0,-1060.860681879223,1890.280959774911,100.0,806.2207084615261,189.8412897724745,0.0,11.832360614305763,1345.4905492683029,3602.8133919578986,186.4753197328331,751.4762519685848,-54.537663285693725,31.662477281802524,12.84255812951585,0.0,0.0,0.0,0.0,0.0,0.0,0.0,0.0
-34.682207183793786,-1725.8400154855042,606.7885106655926,-2825.8641229775494,2347.4827846530534,105.32749119155994,1003.6113114022584,-1984.6384833301854,272.0625451311329,427.6348539795697,-187.5392831994202,-17.900185714510144,89.45603479270902,-1447.2743165248019,-3573.6769894990557,100.0,736.7971867305414,61.992655018138976,0.0,75.57357093052158,0.0,0.0,0.0,0.0,0.0,0.0,0.0,-1047.3747487428527,1984.6384833301852,100.0,968.5042253269444,187.5392831994168,0.0,10.591664592850094,1422.534514491204,3573.6769894990584,201.95332541411688,-2347.769229569799,-61.99265501805712,30.20942671411973,30.537473547760708,0.0,0.0,0.0,0.0,0.0,0.0,0.0,0.0
-140.18338641159636,-1548.9655832877443,659.2420975465582,733.4348985329161,983.4904525915817,104.18090247320833,997.7504984712854,-2077.7716855946005,262.46131804038873,-715.0350095067461,-184.9446471643023,-20.47983643006745,94.35338169065375,-1541.2389178957853,-3540.8367879816838,100.0,413.3708976824812,69.35091567112977,0.0,64.21328483831861,0.0,0.0,0.0,0.0,0.0,0.0,0.0,-895.6920382333027,2077.7716855946,100.0,644.8203449794289,184.94464716429547,0.0,4.970399303936155,1469.9601478993407,3540.836787981687,216.64613212867187,359.92996008434716,-69.3509156710411,28.523716637342318,37.93603727986551,0.0,0.0,0.0,0.0,0.0,0.0,0.0,0.0
-282.9711217526023,-1467.8384721478894,710.6699319810913,-1031.0560813152292,-194.95947778679692,101.23046446508397,889.9906872289056,-2169.5352449138745,251.608886454445,-777.3209890324068,-182.0614302424906,-22.901760594383518,96.8027545747399,-1563.904708905934,-3504.3440300592674,100.0,1077.8627325151035,76.60096368291761,0.0,59.25723224200894,0.0,0.0,0.0,0.0,0.0,0.0,0.0,-907.7753385172862,2169.535244913874,100.0,13.409692147913006,182.0614302424906,0.0,6.156104920111906,1614.505024717678,3504.344030059271,230.4405824429005,492.00466683636137,-76.60096368291761,26.61832963740906,38.79184347403518,0.0,0.0,0.0,0.0,0.0,0.0,0.0,0.0
-343.573836611723,-1293.9697317530172,760.1815622605045,269.7682563657838,1477.6169122943531,96.52726278248622,848.7568288920158,-2259.785976774656,239.58883095326857,-38.61946928153827,-178.89413130083767,-25.14730562953389,95.06590520326706,-1656.7307095256272,-3464.2556577011787,100.0,282.57966495645746,83.73148634301742,0.0,48.97443131636506,0.0,0.0,0.0,0.0,0.0,0.0,0.0,-805.302383958662,2259.785976774656,100.0,1660.2267888762822,178.8941313008445,0.0,9.161974701746281,1551.9931105230362,3464.255657701175,243.23043766287853,-425.6898125086809,-83.73148634301742,24.50794015384716,42.07675548240824,0.0,0.0,0.0,0.0,0.0,0.0,0.0,0.0
-494.5411429549651,-1114.0848555914952,806.9197149594886,-1775.3451681696959,-450.6291114563908,90.15273141968464,664.4341294404989,-2348.383057224396,226.49372463461185,-1025.8934998930408,-175.4476924770438,-27.199177350767627,99.63593981908355,-1684.1642598960227,-3420.6342233425025,100.0,189.05139921753062,90.73135744367846,0.0,46.94334731985331,0.0,0.0,0.0,0.0,0.0,0.0,0.0,-739.2297415560199,2348.3830572243955,100.0,1889.1676306901622,175.44769247703698,0.0,0.0,1680.7304235244414,3420.6342233424984,254.91719603731187,-476.4415970812115,-90.73135744367846,22.20880146363669,41.67198508670475,0.0,0.0,0.0,0.0,0.0,0.0,0.0,0.0
-733.3857176219781,-1033.1657839889274,850.0751382713312,478.27525916012746,154.31165244479416,82.21724275387885,602.0490639397507,-2435.188242607959,212.4244201573631,-509.90589890592616,-171.7274914686368,-29.04157315873448,92.21687128268107,-1649.8739500724218,-3373.547792279496,100.0,1399.505521877237,97.58965464116727,0.0,43.231821058898625,0.0,0.0,0.0,0.0,0.0,0.0,0.0,-656.4448249417412,2435.1882426079583,100.0,1078.869393245784,171.7274914686368,0.0,3.8916106762354694,1682.8798224568973,3373.547792279492,265.4108513740275,-601.9252112228514,-97.58965464116045,19.738620505892186,46.68057401479966,0.0,0.0,0.0,0.0,0.0,0.0,0.0,0.0
-808.34268407433,-938.2845932889163,888.9006138686528,949.8533992502234,-126.80329655531182,72.8581964934051,571.025336109144,-2520.066085277952,197.48927301942553,302.472893397167,-167.73933314167607,-30.66030374397542,95.8651282142543,-1667.2317798238214,-3323.069836462982,100.0,-354.81839420945676,104.29567649850014,0.0,44.990930241896635,0.0,0.0,0.0,0.0,0.0,0.0,0.0,-557.5968589452627,2520.066085277951,100.0,1170.5864113025677,167.73933314167607,0.0,10.068473684453739,1747.1143547384656,3323.0698364629775,274.63058622745285,-2044.1897549850069,-104.29567649849332,17.116421510844475,51.733058615946575,0.0,0.0,0.0,0.0,0.0,0.0,0.0,0.0
-951.0884104038328,-792.1430290664753,922.7238946800737,673.8064704188974,1683.5261297450033,62.23764065789567,475.860760966809,-2602.8841449423035,181.80330705207692,511.0810118030446,-163.48944047304485,-32.04290236665841,96.61152620892592,-1775.0940950820905,-3269.279119855394,100.0,749.3552255446934,110.8389591835953,0.0,49.457556781137896,0.0,0.0,0.0,0.0,0.0,0.0,0.0,-444.8146801585161,2602.884144942303,100.0,-444.28637599784963,163.48944047304485,0.0,0.4190869765229195,1714.589344087373,3269.279119855389,282.50539431847915,-1744.3831603408569,-110.8389591835953,14.362399483740091,68.25794634239688,0.0,0.0,0.0,0.0,0.0,0.0,0.0,0.0
-909.5439205158102,-636.2429761680947,950.959344570553,549.2935720935668,1167.6320383861612,50.539465784459026,312.1805324940014,-2683.5131953192767,165.4873285578047,-455.00214061653196,-158.98444484036872,-33.17872086983954,93.5288936505057,-1719.3045400191425,-3212.2595755303487,100.0,-1195.1457804716745,117.20929279665143,0.0,36.65952776898449,0.0,0.0,0.0,0.0,0.0,0.0,0.0,-408.01334806451604,2683.5131953192767,100.0,628.5739105975847,158.9844448403619,0.0,4.149163472421502,1776.8155628564057,3212.259575530354,288.97462739310294,-112.69168437647522,-117.20929279665143,11.49776467192737,65.64032455848994,0.0,0.0,0.0,0.0,0.0,0.0,0.0,0.0
-1145.4142941815203,-407.7442577131352,973.1180783891442,-667.1263245596606,603.9481198471037,37.96622093845656,261.6136520210479,-2761.827425777421,148.66699591413692,958.3510603242323,-154.23137567464892,-34.059011686811544,81.24128849295236,-1819.0530334137693,-3152.100174706581,100.0,-601.2436043145124,123.39673730128197,0.0,32.507120418306165,0.0,0.0,0.0,0.0,0.0,0.0,0.0,-284.7993362881265,2761.8274257774206,100.0,-1530.3729789506835,154.2313756746421,0.0,12.449241060008601,1758.6638874584603,3152.1001747065866,293.988462308183,299.3943745382819,-123.39673730127515,8.544579213007069,71.36592228540856,0.0,0.0,0.0,0.0,0.0,0.0,0.0,0.0
-1243.9340263906704,-335.2717403292504,988.8164268134267,1290.494747396848,-731.4174502295492,24.735606660577787,243.12599985722068,-2837.704637645936,131.47185180894638,-724.4349164187362,-149.23764949183806,-34.67699521095497,81.20208774632577,-1866.3397993451576,-3088.8947879204343,100.0,-1250.7045406480495,129.39163803458996,0.0,26.418450490923153,0.0,0.0,0.0,0.0,0.0,0.0,0.0,-223.05737090751248,2837.7046376459357,100.0,-371.7466108094977,149.23764949183806,0.0,20.59370866418918,1749.7314515289897,3088.8947879204406,297.5082847470346,-257.70473933992093,-129.39163803475367,5.52558722210847,72.1017903696177,0.0,0.0,0.0,0.0,0.0,0.0,0.0,0.0
-1347.91417666894,-74.43886539515343,997.7825794253376,-2023.7315311475732,639.7591456740271,11.076705571514367,98.12409039468938,-2911.026434888999,114.03432556054427,-814.0891284975854,-144.01105832009762,-35.027912009238236,92.00028890089449,-1742.2368441441636,-3022.742038553736,100.0,59.237642057649964,135.1846407719745,0.0,22.146620799120463,0.0,0.0,0.0,0.0,0.0,0.0,0.0,-33.42673627800153,2911.026434888999,100.0,1014.7874131106582,144.01105832009762,0.0,14.178799478237977,1778.8522429598584,3022.7420385537425,299.50698660964395,542.1967478942747,-135.18464077215185,2.464039626871113,80.13171194385166,0.0,0.0,0.0,0.0,0.0,0.0,0.0,0.0
-1409.3905534593846,107.36559996312178,999.8612909962674,279.01493598236016,-95.66437914483245,-2.7739840987919706,-39.47079441768623,-2981.6784088466347,100.0,-1421.6561161002621,-138.55975754186375,0.0,83.63813415762004,-1833.7353963322867,-2953.7451489454606,100.0,439.6047308244431,140.76670632312243,0.0,8.57634542481215,0.0,0.0,0.0,0.0,0.0,0.0,0.0,36.331291793738465,2981.6784088466343,103.51128679377135,-18.569623514995968,138.55975754185692,35.10905947724609,16.859648966177378,1717.1445703748989,2953.7451489454547,299.96917478714533,-909.4029033573258,-140.7667063232998,-0.6164849008123952,90.01825877235186,0.0,0.0,0.0,0.0,0.0,0.0,0.0,0.0
-1474.044306534345,239.6323806647825,995.0165694940688,606.9511503702427,-754.6673962010143,-16.576643380352607,-96.46483148004762,-3049.5503167537972,100.0,-463.726286502618,-132.89225316819056,0.0,72.8987852224289,-1856.5353527944571,-2882.0117793273375,100.0,431.8004210740048,146.1291246365795,0.0,13.091246371285871,0.0,0.0,0.0,0.0,0.0,0.0,0.0,125.435567721112,3049.5503167537972,121.02985678579928,253.9321206376647,132.89225316819739,34.91981265343064,23.291445954824447,1740.945291154178,2882.011779327345,298.89128971266894,466.1269915506716,-146.1291246363885,-3.692261537191257,86.36723547822345,0.0,0.0,0.0,0.0,0.0,0.0,0.0,0.0
-1591.7774241313223,445.0118970417936,983.3322992702275,-551.8402596066721,2075.4839742075924,-30.092284929494895,-258.9979611357784,-3114.5362537591827,100.0,-679.0743216211775,-127.01738856635302,0.0,76.32587646443437,-1766.8772486235107,-2807.6538598348043,100.0,-137.33539594688864,151.26352838989988,0.0,14.72053695947273,0.0,0.0,0.0,0.0,0.0,0.0,0.0,212.66459397747988,3114.5362537591823,138.38646421552846,-628.941455047499,127.0173885663462,34.46162903228753,24.661774554849615,1788.829130661922,2807.653859834811,296.2816327755349,-704.0250868061105,-151.26352838969524,-6.739602024655937,97.54866418748307,0.0,0.0,0.0,0.0,0.0,0.0,0.0,0.0
-1798.5039299049117,566.0044497386252,965.0107886369597,-777.2590369791726,973.5513565948779,-43.08689099607477,-233.4401819286636,-3176.5348181753034,100.0,-1778.0588708533076,-120.94433066083184,0.0,57.445074278992436,-1790.1732200258039,-2730.7874158552227,100.0,601.3504812204178,156.1619060465614,0.0,13.017072007911166,0.0,0.0,0.0,0.0,0.0,0.0,0.0,254.44433086802516,3176.5348181753034,155.44743624625823,-150.71507041619753,120.94433066083866,33.73803733938132,31.553673277247654,1789.5772626558185,2730.7874158552295,292.1603023876608,161.92577882387923,-156.1619060465614,-9.7350371081086,88.08485575103738,0.0,0.0,0.0,0.0,0.0,0.0,0.0,0.0
-1754.5784877242295,581.3680823591036,940.3692669823672,-222.2845771897505,-2337.391674913442,-55.33546534394418,-421.36340236755547,-3235.449269701971,100.0,-731.1127427057024,-114.68255563002685,0.0,66.99479880542971,-1728.7931211719012,-2651.5323869861477,100.0,-1323.842047468645,160.81661435704063,0.0,5.771506059982757,0.0,0.0,0.0,0.0,0.0,0.0,0.0,412.26035189432827,3235.4492697019705,172.08137689305076,681.6121888893201,114.68255563002685,32.754610354681546,40.41352670903761,1671.351347634942,2651.532386986155,286.55903919457216,96.28427362512866,-160.8166143570338,-12.655497284686987,92.81502308969964,0.0,0.0,0.0,0.0,0.0,0.0,0.0,0.0
-1820.564072571156,727.8127804160778,909.8343920746277,114.96068021938868,188.48100335304707,-66.62592896818978,-441.97335923776427,-3291.18768037634,100.0,370.9988152361416,-108.24183411936701,0.0,62.20097526781975,-1757.0118799967513,-2570.0124398859352,100.0,-644.9993176948351,165.2203902839119,0.0,3.6077458147453605,0.0,0.0,0.0,0.0,0.0,0.0,0.0,468.2152247171304,3291.18768037634,188.16017897593036,-133.44837851293647,108.24183411937383,31.518921993497315,42.71144477176295,1768.1162120069519,2570.0124398859425,279.5209816231297,434.4214838419316,-165.2203902839051,-15.478490474770865,97.9545909795317,0.0,0.0,0.0,0.0,0.0,0.0,0.0,0.0
-1860.6658679803766,919.9996491240979,873.9348626589709,-439.6127920071251,90.72177964556545,-76.76279215508998,-602.862548751971,-3343.6630780139544,100.0,-410.95268937944184,-101.63221599587814,0.0,51.14242061764033,-1706.9326833334956,-2486.3547753087987,100.0,1054.639629533574,169.366362335752,0.0,0.0,0.0,0.0,0.0,0.0,0.0,0.0,0.0,658.9895076871925,3343.6630780139544,203.56001074413558,-1277.9613761431062,101.63221599588496,30.040488975531474,48.21081481406692,1716.7747013948085,2486.354775308791,271.1003336486365,768.7081313130352,-169.36636233552008,-18.182275245913218,92.27820321254401,0.0,0.0,0.0,0.0,0.0,0.0,0.0,0.0
-1910.9271260382998,1078.7047947619353,833.2922642573442,1149.1469178612056,-659.8408356813889,-85.57053930622999,-708.9941198712577,-3392.793581916957,100.0,-805.4983030664971,-94.86401466699817,0.0,48.77752150553712,-1698.7486418336887,-2400.689929625385,100.0,149.4677047680841,173.24806128886848,0.0,3.287954217139036,0.0,0.0,0.0,0.0,0.0,0.0,0.0,672.4129147158468,3392.7935819169566,218.16226957295237,-1395.6694444233688,94.86401466699817,28.33069753153694,56.4906786881293,1663.706083629914,2400.6899296253778,261.361947340037,159.96419825031467,-173.24806128886848,-20.746028255700253,93.97265108902255,0.0,0.0,0.0,0.0,0.0,0.0,0.0,0.0
-1883.9675433637897,1220.4621562064133,788.6103066718368,1489.1299564300095,1247.4896150770098,-92.89666791793366,-679.3403284543067,-3438.502530637773,100.0,-620.9078026323687,-87.94779098715935,0.0,50.72211924498204,-1664.8004151194334,-2313.151571138583,100.0,1101.3099448324692,176.85943028170186,0.0,5.066061074178588,0.0,0.0,0.0,0.0,0.0,0.0,0.0,717.6015976025514,3438.5025306377725,231.8544953881533,700.3242391279861,87.94779098715935,26.40271571129091,58.72866296758304,1626.7246291200152,2313.1515711385755,250.38082339825007,254.80056226427905,-176.8594302817155,-23.15000462372481,96.23968869287168,0.0,0.0,0.0,0.0,0.0,0.0,0.0,0.0
-1937.6028300951616,1353.0076890734804,740.6626395401795,-1064.518407123419,1167.6772281193632,-98.6143290997353,-867.3063544740925,-3480.71860159882,100.0,-1329.145673591061,-80.89433677979059,0.0,45.479747914061576,-1609.9100764351927,-2223.8762915123743,100.0,-1229.9917404944563,180.1948342657215,0.0,12.60787538581755,0.0,0.0,0.0,0.0,0.0,0.0,0.0,866.7583782207935,3480.71860159882,244.5312367832335,-1881.8994227634141,80.89433677979059,24.27139196952197,59.85460218808354,1607.0914479221103,2223.876291512366,238.24153353427766,-71.78138886387501,-180.1948342657215,-25.3756899979399,100.0,0.0,0.0,0.0,0.0,0.0,0.0,0.0,0.0
-2009.3888542879529,1495.7767782991607,690.279456911832,728.1228178896708,-56.289185813836866,-102.62452391028603,-919.3453926635009,-3519.3759223816637,100.0,1977.077262782193,-73.71465799780253,0.0,36.099384876727086,-1566.9436002787556,-2133.003392639177,100.0,727.285077636908,183.2490687983409,0.0,3.8702830930073624,0.0,0.0,0.0,0.0,0.0,0.0,0.0,929.0259412206258,3519.3759223816637,256.09486315905315,687.8855898984534,73.71465799780253,21.953140809563223,72.44802368070573,1563.3442517366761,2133.003392639169,225.0375691356669,-458.69022379870444,-183.2490687980885,-27.405943143873372,92.84237474604109,0.0,0.0,0.0,0.0,0.0,0.0,0.0,0.0
-2080.3095307717263,1631.4204370714674,638.3331227809971,1712.0925440879648,919.7019163050709,-104.85781748270313,-931.586598585516,-3554.4141735119388,100.0,-246.39341058455784,-66.41995755012658,0.0,25.58394118541893,-1484.0701713826381,-2040.6746692782544,100.0,-171.57986735223176,186.01736816257585,0.0,11.446239767872463,0.0,0.0,0.0,0.0,0.0,0.0,0.0,1028.286003665398,3554.4141735119383,266.4563166310809,1070.6982005922628,66.41995755012658,19.46581636619328,74.94071204052987,1434.8235408877424,2040.6746692782465,210.87062123760862,1941.6831948693164,-186.01736816257585,-29.225127958751926,84.67313512165077,0.0,0.0,0.0,0.0,0.0,0.0,0.0,0.0
-1960.2668046182064,1792.0728735606883,585.7230664644088,-101.81736459332456,-1199.241448479022,-105.27554126183702,-1065.4774039990164,-3585.778682579659,100.0,-557.9990167414155,-59.02161782165422,0.0,28.487278154077153,-1466.96792134251,-1947.0341878043205,100.0,-254.36807147727905,188.4954128057518,0.0,10.995741600525811,0.0,0.0,0.0,0.0,0.0,0.0,0.0,1015.6922425316387,3585.778682579659,275.53579791345084,318.3319747472535,59.02161782166104,16.828574901180673,76.44056193994076,1473.2561137218572,1947.0341878043291,195.84979734401162,122.34970728585267,-188.4954128060076,-30.819233893870148,84.08388675937567,0.0,0.0,0.0,0.0,0.0,0.0,0.0,0.0
-2013.4671050380693,1943.3562380493966,533.3602093542677,-1277.4494812896921,897.9651588469983,-103.87046253259314,-1168.9846420890105,-3613.4205095480474,100.0,-328.0382927134508,-51.531182911924134,0.0,18.308495335412342,-1303.377898931826,-1852.228061411688,100.0,-934.3394909054598,190.67933607707573,0.0,14.213310682040724,0.0,0.0,0.0,0.0,0.0,0.0,0.0,1178.8916071800581,3613.4205095480474,283.26338089740113,621.1314730231743,51.53118291191731,14.06172727008709,79.94339683614248,1408.1075737755896,1852.2280614116796,180.0907811302538,-1820.1702262556012,-190.67933607733494,-32.175983857396346,88.1514837041851,0.0,0.0,0.0,0.0,0.0,0.0,0.0,0.0
-1987.4541581124786,2026.061519691262,482.15119269063075,2328.4634294570287,162.85235898572296,-100.66690965307544,-1212.4049033095055,-3637.2965231177914,100.0,186.28660266324346,-43.960340622577405,0.0,17.69852468819297,-1391.8508970721105,-1756.4042221244656,100.0,569.7425130103625,192.56573026226874,0.0,17.85734772740507,0.0,0.0,0.0,0.0,0.0,0.0,0.0,1164.01085328464,3637.296523117791,289.57955119093185,248.39394414564595,43.960340622577405,11.186582497354038,73.93304328350136,1371.448186681088,1756.4042221244572,163.7149414991868,-1437.9862615693685,-192.56573026253136,-33.284928767230895,77.86818648851931,0.0,0.0,0.0,0.0,0.0,0.0,0.0,0.0
-1969.6287599234324,2107.332765803271,432.98267944286954,235.43049628431845,-561.4182779178964,-95.72035081776903,-1281.2199977570763,-3657.3694680275526,100.0,-378.5831304344549,-36.32090421996509,0.0,15.488775598942945,-1286.4932597322647,-1659.7121899688857,100.0,1069.3663286203855,194.1516519006109,0.0,20.04968733105522,0.0,0.0,0.0,0.0,0.0,0.0,0.0,1303.8418969405423,3657.3694680275526,294.4356644720671,-46.02517572811166,36.32090421997191,8.225283663608423,91.90554698573685,1289.1114986894918,1659.7121899688773,146.84839785206998,-624.193378216811,-194.1516519006109,-34.13752802507673,86.25954165435402,0.0,0.0,0.0,0.0,0.0,0.0,0.0,0.0
-1870.066722895297,2252.3017394553194,386.70600210663474,891.8481999404594,-3426.861504103649,-89.11643364959843,-1362.0602520297098,-3673.608023185713,100.0,-1943.3759153357744,-28.62479400225311,0.0,3.2873833467726534,-1187.4765141885568,-1562.3028396676887,100.0,661.7764367185066,195.4346263775085,0.0,27.824544203024498,0.0,0.0,0.0,0.0,0.0,0.0,0.0,1409.4571571605034,3673.608023185713,297.79432112568554,-93.08592549759055,28.62479400225311,5.200637369561036,81.81757725926047,1185.6606646670534,1562.30283966768,129.62104877328213,-975.4256186249938,-195.43462637777452,-34.727215292310945,70.05931774565217,0.0,0.0,0.0,0.0,0.0,0.0,0.0,0.0
-1925.8930574162569,2448.227506177979,344.12242223335113,2312.120467321557,1190.1477485076157,-80.96950224628671,-1405.07336829308,-3685.98685054267,100.0,-450.2732432775872,-20.8840186993325,0.0,6.947975085522441,-1142.5307525721887,-1464.328165220686,100.0,1448.0732813845543,196.41265178714434,0.0,21.119385824583624,0.0,0.0,0.0,0.0,0.0,0.0,0.0,1486.0367390947927,3685.98685054267,299.6296542786549,1764.4869137615603,20.8840186993325,2.135938089786862,91.47072046819058,1106.61419711258,1464.3281652206952,112.16557160945264,-382.84312734792366,-196.41265178714093,-35.04944906109557,65.66767843812396,0.0,0.0,0.0,0.0,0.0,0.0,0.0,0.0
-1748.7834401680393,2512.06621274585,305.9692569175031,-63.722326951115065,337.8140953631032,-71.42061735963125,-1481.2917211170343,-3694.4866346273966,100.0,-425.3505813786046,-13.110656734797885,0.0,8.22061627036624,-960.3868382890689,-1365.9410427389353,105.38359935218617,179.91543712850103,197.0842020535224,35.10174763083114,35.87293955841026,0.0,0.0,0.0,0.0,0.0,0.0,0.0,1361.1974194516984,3694.4866346273966,299.9275290149286,1423.4418245015843,13.110656734797885,-0.9452112309753602,100.0,1019.3130288506802,1365.9410427389444,100.0,1105.1019637432205,-197.08420205352581,0.0,70.12561867624986,0.0,0.0,0.0,0.0,0.0,0.0,0.0,0.0
-1770.7917364156328,2668.966858298294,272.90711245566143,237.7187295274598,-1037.958325475563,-60.63511398685279,-1535.341168543972,-3699.0941126866082,100.0,228.7604508269328,-5.3168373793391766,0.0,6.664615678008965,-1088.055741443332,-1267.294991902321,122.89130823662913,-718.2121684695829,197.44822931435465,34.8837082213187,44.77306111899297,0.0,0.0,0.0,0.0,0.0,0.0,0.0,1518.4689431254124,3699.0941126866082,298.685651236358,-1771.7735267908358,5.3168373793391766,-4.019080957089329,90.36917471252293,905.3849830133589,1267.2949919023301,100.0,-1570.4043211389971,-197.44822931435465,0.0,60.28814148138361,0.0,0.0,0.0,0.0,0.0,0.0,0.0,0.0
-1662.915025029611,2741.163787991309,245.50844622139937,-1551.2452815169274,-1202.0890566552453,-48.79973866338105,-1593.5611975803101,-3699.8020953794758,100.0,-905.887605404007,2.485278175354324,0.0,19.315764164642413,-897.3484819070502,-1168.5439364131132,140.2227184912681,891.3814674654566,197.50416555476477,34.397010074684715,48.27316327720895,0.0,0.0,0.0,0.0,0.0,0.0,0.0,1545.9425460732275,3699.8020953794758,295.913585330809,-600.5672604249617,-2.485278175354324,-7.061997517116083,97.30193157347537,829.0142594536408,1168.5439364131223,100.0,-1198.215169641345,-197.50416555476136,0.0,59.02235783169842,0.0,0.0,0.0,0.0,0.0,0.0,0.0,0.05261529589251448
-1658.1272314635698,2841.9219479602066,224.2476548023268,-712.8901649953946,3065.447100012427,-36.119416023931024,-1633.6314531912628,-3696.6094779956097,100.0,-524.2101376056587,10.283515792580147,0.0,9.045170955234838,-760.0178505446675,-1069.8419638190144,157.24435133678304,1084.1014825431785,197.2519234938818,33.64540152263288,50.572199021906556,0.0,0.0,0.0,0.0,0.0,0.0,0.0,1598.6291893512505,3696.6094779956097,291.63268051152204,680.3478138126377,-10.283515792580147,-10.050525727070863,98.43295416682096,740.1479067224543,1069.8419638190235,100.0,328.3821606529233,-197.2519234938818,0.0,45.01367381353804,0.0,0.0,0.0,0.0,0.0,0.0,0.0,0.06117642553970558
-1632.761022643372,2833.9780802066775,209.49286001915044,1294.8549323981536,373.3532141841374,-22.81370061671595,-1668.5543074612929,-3689.52124217881,100.0,1333.4025360666772,18.0657073865882,0.0,2.280671161803421,-698.9960848979816,-971.3430850805665,173.82511376107345,666.9648725804217,196.69189672102732,32.634671118464524,57.58393259774256,0.0,0.0,0.0,0.0,0.0,0.0,0.0,1647.8739932532005,3689.52124217881,285.87590639500513,376.68437767089813,-18.0657073865882,-12.961649277748677,100.0,707.8568853248926,971.343085080558,100.0,-513.871315261045,-196.6918967210256,0.0,43.71625249937462,0.0,0.0,0.0,0.0,0.0,0.0,0.0,0.07113055202541568
-1462.4220234423665,3000.709494579884,201.49953504841733,1079.9945170071362,610.0997225868537,-9.112975407544184,-1762.6371241216425,-3678.5484481538942,100.0,-499.7577037620647,25.819709909249013,0.0,5.572454254288912,-598.3844574272615,-873.2009942580618,189.83730813906908,852.7975217023129,195.82495908182864,31.372603056228883,45.74749499672693,0.0,0.0,0.0,0.0,0.0,0.0,0.0,1743.7560410741535,3678.5484481538942,278.6875990837806,-962.0977819978236,-25.819709909249013,-15.772947996048003,100.0,564.1663255567812,873.2009942580532,100.0,314.87187459760776,-195.8249590815626,0.0,42.422754640738425,0.0,0.0,0.0,0.0,0.0,0.0,0.0,0.0827043323764731
-1367.2352966144135,3030.106876503135,200.40608100999776,575.45128872345,1964.0987225044046,4.745537206304391,-1730.5928855459404,-3663.708217468722,100.0,819.1603955095422,33.53342429764325,0.0,7.778368451896194,-511.31225217646914,-775.5688286929322,205.1576157027998,569.6985136247381,194.65246331364597,29.86891722033775,65.28087516485601,0.0,0.0,0.0,0.0,0.0,0.0,0.0,1704.8233087727378,3663.708217468722,270.1231197095282,-96.59492031363925,-33.53342429764325,-18.462770515129705,90.67588298779395,555.4302127356848,775.5688286929237,100.0,116.3185883934915,-194.65246331338335,0.0,40.0658686977187,0.0,0.0,0.0,0.0,0.0,0.0,0.0,0.09616130339314856
-1322.1983987805945,3073.056520714684,206.2314306088661,542.5936223247027,558.2141015636898,18.521882803774474,-1811.6586378790535,-3645.0237062783544,100.0,-379.4218919267996,41.19481435298894,0.0,9.644486421854767,-364.908129169747,-678.5989300578069,219.66804628745103,1282.6461766305508,193.17623893641496,28.13519432735731,69.74030816799082,0.0,0.0,0.0,0.0,0.0,0.0,0.0,1785.0313389268413,3645.0237062783544,260.2484280663758,662.8768296476449,-41.19481435298894,-21.01040102357871,89.79266109692828,405.0774583027168,678.5989300578159,100.0,-69.16387786192331,-193.17623893615405,0.0,29.179920991876074,0.0,0.0,0.0,0.0,0.0,0.0,0.0,0.11180788242357734
-1222.7647217621231,3264.93444426125,218.87472032313877,570.5631556106607,2309.3042166525424,31.977529651783527,-1782.505930062881,-3622.524069213043,100.0,754.3256687171788,48.7919255214797,0.0,16.757733006415556,-393.83949596773596,-582.4426066481878,233.25684703890468,-1363.4747225663118,191.3985893968396,26.184786736502872,74.17784267571643,0.0,0.0,0.0,0.0,0.0,0.0,0.0,1788.227497616585,3622.5240692130433,249.13957461804085,111.56941231123028,-48.79192552148652,-23.396218809320004,86.54934839593862,318.56082219946234,582.4426066481967,100.0,-589.7370142869008,-191.3985893965821,0.0,29.08353510667097,0.0,0.0,0.0,0.0,0.0,0.0,0.0,0.1300003445350054
-1108.9368993901517,3374.1895302657017,238.11703681428787,-2591.2851612770414,-199.67070110620398,44.87949878361178,-1800.519837699972,-3596.2444138863925,100.0,775.4649993009389,56.31290354777775,0.0,19.956503476705983,-223.33584236537658,-487.24989728639605,245.81936308429923,485.02000351773177,189.32228847421982,24.0327156157349,74.48860971703829,0.0,0.0,0.0,0.0,0.0,0.0,0.0,1768.96067977671,3596.2444138863925,236.8821147911206,-498.05289754391765,-56.31290354777093,-25.601849369585636,91.83176769662164,326.55956234460325,487.24989728638775,100.0,-687.0830155458366,-189.32228847447732,0.0,22.833838297312838,0.0,0.0,0.0,0.0,0.0,0.0,0.0,0.1511529349531471
-986.8457118654886,3234.8608813078904,263.6252073211588,-13.029264696875202,157.72999381873433,57.004397933471864,-1863.4116524053109,-3566.2257461147374,100.0,-188.79591448751626,63.74601297181016,0.0,26.05234269161612,-172.19709767391902,-393.1693372065315,257.25884353710404,663.8894161893033,186.95057595335186,21.69555525542961,78.01847644131765,0.0,0.0,0.0,0.0,0.0,0.0,0.0,1887.2723673155656,3566.2257461147374,223.5704500654285,-1183.5389104467436,-63.74601297181016,-27.61030592312082,81.47377472286479,57.41283896472096,393.16933720652344,100.0,1107.048115112504,-186.95057595335186,0.0,24.519901234520546,0.0,0.0,0.0,0.0,0.0,0.0,0.0,0.1757473014911758
-777.0678227789061,3300.0537594296757,294.9575684087063,53.29882441120901,762.9629386880356,68.14228948131529,-1775.9516197156047,-3532.5149059331443,100.0,7.678916274908261,71.07965544066246,0.0,19.22786810321319,-68.7179450474132,-300.34772628549047,267.4871866292319,-1315.1713520360279,184.28715256775035,19.191305420602873,79.31825965796807,0.0,0.0,0.0,0.0,0.0,0.0,0.0,1877.9528467474943,3532.5149059331447,209.307100935964,-814.6432749288181,-71.07965544066246,-29.406120234789057,81.27607669217612,85.84572294887082,300.3477262854826,100.0,-902.5830153537554,-184.28715256774694,0.0,12.932893225411679,0.0,0.0,0.0,0.0,0.0,0.0,0.0,0.2043434617462395
-734.4573736468391,3324.1921792481094,331.57161318793015,2061.2036994639266,-6.184312836828667,78.10032543605075,-1811.1482356181418,-3495.1644945079393,100.0,-336.86412891435566,78.3023878058907,0.0,20.667119000755072,35.831032427618844,-208.92989998178825,276.4256182314953,-254.94068392836527,181.33617422618443,16.53925272475817,85.37499954185925,0.0,0.0,0.0,0.0,0.0,0.0,0.0,1753.518646293416,3495.1644945079393,194.20191734585137,-733.0109079656984,-78.3023878058907,-30.975461745005077,75.77342751831458,-35.460514184294404,208.9298999817803,100.0,-623.7308071964266,-181.33617422618272,0.0,16.95857284066619,0.0,0.0,0.0,0.0,0.0,0.0,0.0,0.23759255478829303
-606.514531757919,3402.4178804309863,372.8333845985331,-443.6947860344827,523.047224114157,86.70608651854678,-1845.7106035378579,-3454.2327920597595,100.0,406.5809870843884,85.40293997914432,0.0,31.2207259653005,200.01748547399893,-119.05850333958779,284.00529853675914,667.295542597359,178.10224552770364,13.759822093010143,93.64773264345337,0.0,0.0,0.0,0.0,0.0,0.0,0.0,1890.6372199661812,3454.2327920597595,178.37123267116766,394.0209931178674,-85.40293997914432,-32.30624408653,72.52505288538352,-125.16235438338401,119.05850333958006,100.0,-766.8944072315351,-178.10224552770705,0.0,8.49911003562767,0.0,0.0,0.0,0.0,0.0,0.0,0.0,0.2762516676992083
-432.41835901548126,3500.095692764405,418.0284521135485,-214.79007255225667,-98.68240319270399,93.81056753076251,-1796.3896511635126,-3409.7836669252215,100.0,-183.71621940663658,92.37023251756682,0.0,28.742879899865926,284.0783622060856,-30.87376841055766,290.1678522333835,-1635.3118771076572,174.5904125765469,10.874419458419027,98.2642309759406,0.0,0.0,0.0,0.0,0.0,0.0,0.0,1758.576314182885,3409.7836669252215,161.93696777323015,-1256.212985074003,-92.37023251756682,-33.3882181682695,56.82517326095558,-229.5175249254976,30.873768410565617,100.0,-299.57124578146306,-174.59041257678223,0.0,14.100656038698544,0.0,0.0,0.0,0.0,0.0,0.0,0.0,0.3212010745647914
-405.41855567166886,3521.9313055290804,466.37428180878464,-63.43993858417605,754.9511914925074,99.29075731887679,-1727.6975946729904,-3361.886475899109,100.0,425.8222877860942,99.1933939120031,0.0,36.175610268652164,340.16429064945333,55.4867045590488,294.86581808579365,484.90764783903046,170.8061551095568,7.905266903101449,94.09271437248086,0.0,0.0,0.0,0.0,0.0,0.0,0.0,1746.0523070140189,3361.8864758991094,145.0256920186058,452.74658913723897,-99.19339391200992,-34.21305110919562,60.90076901550744,-350.85212580913384,-55.48670455904062,100.0,906.9153105669682,-170.8061551095568,0.0,14.306063977415986,0.0,0.0,0.0,0.0,0.0,0.0,0.0,0.37346428045426916
-207.63986340639931,3506.3567596363087,517.0337856144615,2950.630685825823,-889.3838814465084,103.05176866055717,-1747.4803161246343,-3310.6159560125366,100.0,457.49768361111364,105.8617775499306,0.0,30.91303057613383,465.87074811335106,139.8881618348953,298.06301445971735,-761.1499586276273,166.7553779434479,4.8752315136104585,92.68886825833793,0.0,0.0,0.0,0.0,0.0,0.0,0.0,1722.6251586220721,3310.615956012537,127.7676484983851,-249.96659865122524,-105.8617775499306,-34.77439041447653,56.14387288585346,-406.5533458596668,-139.88816183488757,100.0,239.11969779000515,-166.7553779434445,0.0,6.4075931253691705,0.0,0.0,0.0,0.0,0.0,0.0,0.0,0.43423132679181164
-68.53570958791303,3555.1625241565534,569.1298151493428,-523.7257951639862,513.9196558195749,105.02848119791167,-1700.6757955025432,-3256.0521079160253,100.0,637.4063771925921,112.36497832869418,0.0,61.22369153795998,472.39241101203106,222.1989064593174,299.73481797696604,1192.3295702868922,162.44440176350054,1.8076492689141332,96.25167130636162,0.0,0.0,0.0,0.0,0.0,0.0,0.0,1708.4199683341067,3256.0521079160258,110.29575095406912,-108.24082640261963,-112.36497832869418,-35.06791289954862,52.457197772640434,-568.3327702063899,-222.1989064593099,100.0,-171.89779874577567,-162.44440176372223,0.0,6.9709670665213395,0.0,0.0,0.0,0.0,0.0,0.0,0.0,0.5048858887870696
44.51803551447075,3546.285256333788,621.7603491826061,8.064901191823317,-9.481003880721346,105.18666897000344,-1660.9659849846707,-3198.2800710493993,107.25543986467201,-1992.3061533236285,118.69284889068922,35.0913579853578,56.92539818803375,598.0229020799087,302.2905037464684,299.86835315369495,-1482.8059004874478,157.8799532598248,-1.2738546829194775,99.85970445344097,0.0,0.0,0.0,0.0,0.0,0.0,0.0,1708.6859278671025,3198.2800710493993,100.0,165.37088051275532,-118.6928488906824,0.0,53.61221376365909,-565.7061076255416,-302.2905037464609,100.0,-536.445912592157,-157.87995326003625,0.0,0.14718915311583025,0.0,0.0,0.0,0.0,0.0,0.0,0.0,0.5870367819374844
162.887708837077,3440.291433360778,674.0141117588573,1275.087131124065,-1097.340462132895,103.52359302090917,-1682.7495006541983,-3137.389990793302,124.75075252679889,-606.8383097952403,124.83551545730734,34.844545108305454,61.904306921109324,670.5541746751284,380.0379816871234,298.46259156162694,-278.2387068051793,153.06915463149267,-4.345547975053421,91.31178264654217,0.0,0.0,0.0,0.0,0.0,0.0,0.0,1647.8398258703255,3137.389990793302,100.0,257.0923739370801,-124.83551545730052,0.0,48.95320724196222,-690.4652430429719,-380.03798168713024,100.0,-322.61551584487677,-153.06915463149608,0.0,4.945965865393755,0.0,0.0,0.0,0.0,0.0,0.0,0.0,0.682554595010387
327.01272621735615,3520.470849976162,724.9863505648214,-761.0780671589916,-613.6280854553502,100.06804882367703,-1634.4904749012621,-3073.476877809645,142.05544594986986,488.7517497180261,130.78339323577893,34.32937511097549,69.33842219571628,797.797227178506,455.32002595046106,295.5283597485478,468.99500917336525,148.01951247355532,-7.383773797974982,98.2809198452539,0.0,0.0,0.0,0.0,0.0,0.0,0.0,1679.6132895155854,3073.476877809645,100.0,-923.9651907375446,-130.78339323578575,0.0,39.90869476717481,-793.0160236800648,-455.32002595045424,100.0,-175.59899975286555,-148.0195124733575,0.0,7.355213432418223,0.0,0.0,0.0,0.0,0.0,0.0,0.0,0.7936142836436554
526.5461706463043,3459.990254690873,773.794502341921,140.9714288615632,534.5680819847848,94.87986769861436,-1505.124413638187,-3006.6404597904275,159.03624711566363,169.01660097050694,136.5272013741651,33.549815602481914,68.87750955911105,839.6897166826063,528.0191691784685,291.08825585707314,-416.0949354863857,142.73890606316286,-10.365133093655174,90.46718172452861,0.0,0.0,0.0,0.0,0.0,0.0,0.0,1608.8425112990392,3006.6404597904275,100.0,-660.571463277588,-136.52720137417873,0.0,34.320795472592685,-871.701570912626,-528.0191691784619,100.0,-179.13438577693,-142.73890606296845,0.0,8.018379413060392,0.0,0.0,0.0,0.0,0.0,0.0,0.0,0.9227446944279201
514.2941339584331,3489.556261760757,819.5934741045114,-599.7834054842627,876.3441238096175,88.04888085862785,-1548.9471321966564,-2936.985025846263,175.56237747943624,-34.718053017544435,142.05797744359188,32.511870401928036,81.91914345914097,1009.7314839768228,598.0219742778083,285.17647558384715,295.99654128884936,137.23557506611996,-13.266664764664426,84.90431767770325,0.0,0.0,0.0,0.0,0.0,0.0,0.0,1578.215186626548,2936.985025846263,100.0,-1177.7802375541683,-142.0579774435987,0.0,34.72040867681904,-923.1038901726989,-598.021974277802,100.0,-1903.2152389757312,-137.23557506611996,0.0,9.93469213866572,0.0,0.0,0.0,0.0,0.0,0.0,0.0,0.0
753.8783757770732,3334.445152094388,861.5902755758236,825.1045804679285,529.0295575554524,79.69336401921623,-1529.9905392969386,-2864.6192637774748,191.5065601678444,-167.12500667499057,147.36709142283644,31.2235332995661,74.25218146091706,1025.5600830381416,665.2192114228687,277.8385488195645,223.6312676002376,131.51810667990048,-16.066022510273115,81.47999033235995,0.0,0.0,0.0,0.0,0.0,0.0,0.0,1462.7035008975831,2864.6192637774748,100.0,-923.1352335920451,-147.36709142283644,0.0,31.5430852148232,-983.5664252817537,-665.2192114228628,100.0,280.2976862286039,-131.5181066799039,0.0,17.613336226894766,0.0,0.0,0.0,0.0,0.0,0.0,0.0,0.0
835.9934370144919,3360.8918428864613,899.0577494870267,-1254.2897712136114,-145.00426625206956,69.95798950256983,-1439.1288371130104,-2789.656090481604,206.74600020856707,136.99797382345196,152.44625916376435,29.69472649220279,86.25549509230949,1056.6149820684352,729.5060284940166,269.1309889980915,528.290481174364,125.59542223359813,-18.741646927670388,78.68898010580382,0.0,0.0,0.0,0.0,0.0,0.0,0.0,1466.7697159164984,2789.656090481604,100.0,-513.3934629645285,-152.44625916376435,0.0,19.770444405502626,-1081.5620198973982,-729.5060284940107,100.0,-1173.852196660572,-125.59542223342419,0.0,17.323459817710603,0.0,0.0,0.0,0.0,0.0,0.0,0.0,0.0
1017.4877558014689,3328.996885857264,931.3471620049531,677.1481793368241,-2348.8127748775923,59.01132129709879,-1368.6349266673988,-2712.212475761993,221.163330242327,-423.8460684715335,157.28755531847128,27.937224166958003,76.26702405559334,1151.9314817322654,790.7821146850226,259.1208578552439,1058.9518237816833,119.47676326814872,-21.272931552911132,80.38862731363551,0.0,0.0,0.0,0.0,0.0,0.0,0.0,1383.2864158232046,2712.212475761994,100.0,-0.6158946703635593,-157.28755531846446,0.0,14.044504616691205,-1147.2531763715851,-790.7821146850279,100.0,-213.0762911037118,-119.47676326814872,0.0,21.22495534817851,0.0,0.0,0.0,0.0,0.0,0.0,0.0,0.0
1080.4040375472657,3295.940983281722,957.8994352904315,-123.5810375992412,-1586.497235897516,47.042896440469804,-1274.8489517826567,-2632.4092598123975,234.64751443385586,1152.3794171048974,161.88342570456825,25.96456182155876,87.65612350449189,1219.900952354222,848.9518570243881,247.88524894925968,121.19516250630113,113.17167711598472,-23.64038156257621,68.36832224014347,0.0,0.0,0.0,0.0,0.0,0.0,0.0,1385.6982433342944,2632.409259812398,100.0,337.197563888393,-161.88342570456825,0.0,17.138243111293207,-1168.483511270516,-848.9518570243931,100.0,-1284.7204796972721,-113.17167711599154,0.0,13.858081666594183,0.0,0.0,0.0,0.0,0.0,0.0,0.0,0.0
1139.1414127412984,3253.098892109371,978.2548277001179,291.18288620374415,84.3348076412417,34.25994326518037,-1210.9558841186938,-2550.3709646623056,247.09470362030166,937.3491050283803,166.2266990935359,23.791932020158555,85.72243539073423,1282.3706664666217,903.9244895663396,235.51069392064798,-148.63597519176892,106.69000200375422,-25.825763914314166,72.88785224719501,0.0,0.0,0.0,0.0,0.0,0.0,0.0,1343.1484564642242,2550.370964662306,100.0,1959.3931473525163,-166.2266990935359,0.0,18.317124233147354,-1311.5923936275378,-903.9244895663446,100.0,-9.404351987953987,-106.6900020037474,0.0,25.593748068313175,0.0,0.0,0.0,0.0,0.0,0.0,0.0,0.0
1231.6065044952766,3016.4239777238636,992.0608940231425,-1409.0729229153897,-375.1921835235703,20.883793324841804,-1124.920992307718,-2466.2255998773353,258.40903511108337,-39.37632878218892,170.31059839988302,21.436067386908917,90.51493442579442,1370.100080777608,955.6142350187042,222.0924960641541,-592.0107116907946,100.04185170101664,-27.812247769528256,72.97471459145842,0.0,0.0,0.0,0.0,0.0,0.0,0.0,1104.9855549397041,2466.2255998773353,100.0,-717.6924095110701,-170.3105983998762,0.0,5.71732903855551,-1340.0839217551352,-955.6142350187083,100.0,-336.9165998401513,-100.04185170101664,0.0,24.215406462428998,0.0,0.0,0.0,0.0,0.0,0.0,0.0,0.0
1413.974418819682,3043.6663864019188,999.0785879243285,-1875.2959528746453,258.90774953586515,7.146049130060419,-1096.6436146854164,-2380.104462817762,268.5033709795105,1389.1499549915795,174.1287512560757,18.915111738780297,91.5732796770618,1362.7320929937548,1003.9404385866678,207.73399634535699,-292.0472997014838,93.23759973935239,-29.58453411698727,66.61621927519006,0.0,0.0,0.0,0.0,0.0,0.0,0.0,1080.4456552808974,2380.104462817762,100.0,-1214.6216223462818,-174.1287512560757,0.0,7.094539087815624,-1440.898710955645,-1003.9404385866715,100.0,-97.1638828276707,-93.23759973922279,0.0,38.941382466191726,0.0,0.0,0.0,0.0,0.0,0.0,0.0,0.0
1389.7293414895153,2961.4549132461148,999.1864009327471,-1152.6863889966228,-470.7066021764763,-6.715425953404974,-1085.2499880615148,-2292.141933766899,277.29996916016796,-722.6379935060208,177.6751999553585,16.248480349987915,93.36184129155077,1474.0079860813491,1048.8276938235858,192.54577751471672,389.3688861598537,86.28786322512269,-31.128973598977154,59.59880153828998,0.0,0.0,0.0,0.0,0.0,0.0,0.0,1052.5731711156188,2292.1419337668995,100.0,-989.8542747681586,-177.67519995535167,0.0,2.232518965032591,-1465.4044568691343,-1048.8276938235817,100.0,-398.52980138459543,-86.2878632252523,0.0,36.225639347221815,0.0,0.0,0.0,0.0,0.0,0.0,0.0,0.0
1439.7291650574484,2995.876067529903,992.3824663106952,381.8392967249565,-1928.196668126252,-20.46062621059832,-878.5614769023032,-2202.4752662490314,284.73108218357123,-324.04271842532523,180.94441074853876,13.456710424224525,96.1238117351995,1456.8941443188203,1090.2059602924237,176.64481244863606,-1866.2624391206987,79.20348627427984,-32.43367163255371,55.047053571253855,0.0,0.0,0.0,0.0,0.0,0.0,0.0,886.5528876041051,2202.475266249032,100.0,363.6556365404266,-180.94441074853876,0.0,2.530409305832592,-1532.1381161687752,-1090.20596029242,100.0,930.6997665606502,-79.20348627438898,0.0,44.831429735804264,0.0,0.0,0.0,0.0,0.0,0.0,0.0,0.0
1524.9333882233445,2865.0652428313974,978.7845913754854,-796.8793455360321,-1128.9228978072333,-33.851559177153376,-852.6510542607266,-2111.244372863963,290.7394789369162,421.51831694461123,183.93128247826098,10.561302926288363,98.4518991882587,1567.1961545438967,1128.0106728543483,160.15356327661442,-1028.9302930458416,71.99552309026103,-33.488580016311715,50.117321563677,0.0,0.0,0.0,0.0,0.0,0.0,0.0,823.801867818077,2111.2443728639632,100.0,1741.2917811747498,-183.93128247826098,0.0,8.02086946102257,-1549.6931520965818,-1128.0106728543515,100.0,-458.5077267932877,-71.99552309035653,0.0,45.76253346725737,0.0,0.0,0.0,0.0,0.0,0.0,0.0,0.0
1717.80614194961,2762.54925736201,958.6282177144146,945.4300190550225,-907.2816506523964,-46.656366380389045,-764.1897117857144,-2018.5916069725604,295.27888543253977,564.6171832760558,186.63115453873843,7.58455699126614,91.0490894197844,1684.0402292156136,1162.1828424137861,143.19903823263866,220.22624330962344,64.6752207161012,-34.285574317137275,38.55768606454603,0.0,0.0,0.0,0.0,0.0,0.0,0.0,762.6431395352248,2018.5916069725608,100.0,677.3086590956967,-186.63115453874184,0.0,12.674282364306656,-1583.0268230961499,-1162.1828424137889,100.0,-1023.4485481990066,-64.67522071618987,0.0,48.03831436906335,0.0,0.0,0.0,0.0,0.0,0.0,0.0,0.0
1763.575653569312,2647.4659607486633,932.2623446109417,-815.3738240652638,467.2446804358219,-58.65333787326222,-649.9006503021029,-1924.6615405737007,298.31434118950176,-204.77488873319885,189.03981414788632,4.549398186546227,87.82936409561997,1664.9019153600996,1192.6691479628653,125.91181349450218,-549.7915679469236,57.25400148483004,-34.81851644096835,41.12536600609788,0.0,0.0,0.0,0.0,0.0,0.0,0.0,681.1306073579673,1924.6615405737011,100.0,501.5099331161042,-189.03981414788632,0.0,3.214475337929958,-1685.3051052398691,-1192.669147962868,100.0,-2181.4449229790307,-57.25400148483004,0.0,65.47438979189582,0.0,0.0,0.0,0.0,0.0,0.0,0.0,0.0
1916.105711111586,2488.099604549606,900.1434862662485,-959.116467431013,2374.079468306195,-69.6347510501738,-617.0604200075364,-1829.6007387194168,299.82246848359136,-422.3171856148065,191.15350292129392,1.4792019493458497,91.37953452383412,1709.705187739783,1219.422019781578,108.42502754441453,-207.3687321713237,49.743445196434095,-35.08330190564706,34.58382701098798,0.0,0.0,0.0,0.0,0.0,0.0,0.0,541.8761687874934,1829.6007387194172,100.0,1794.5795360118195,-191.15350292129733,0.0,9.365797050908183,-1685.067164394322,-1219.4220197815757,100.0,1239.0833260269449,-49.743445196434095,0.0,53.3861425538388,0.0,0.0,0.0,0.0,0.0,0.0,0.0,0.0
1936.4698119094573,2409.7490581800453,862.8277674444613,-52.66108174784222,-227.32193013007418,-79.41046727848743,-456.9972459532974,-1733.557530820159,299.7916523921149,-1328.081413706732,192.96892273591766,-1.602386440463306,81.32862843261562,1646.9687709347597,1242.3997136638177,100.0,639.8001334960554,42.155271049207386,0.0,35.319165729706874,0.0,0.0,0.0,0.0,0.0,0.0,0.0,487.73005074391557,1733.5575308201592,100.0,551.4208583763678,-192.96892273591425,0.0,20.397866025188595,-1744.297011295379,-1242.3997136638159,109.12664420410536,548.3023320422842,-42.155271049207386,35.07789145181256,65.07616622155992,0.0,0.0,0.0,0.0,0.0,0.0,0.0,0.0
1807.1592088379614,2250.901635560065,820.9612944020605,283.87852123181574,-647.2094154365027,-87.81122406984196,-442.0459827633355,-1636.6817791969377,298.22213024684265,218.69706470103011,194.48324087684114,-4.671633965742501,90.6564397860234,1762.7641140122946,1261.5663760535485,100.0,-142.91886132308605,34.50131935350555,0.0,17.137079787683856,0.0,0.0,0.0,0.0,0.0,0.0,0.0,431.5891017162986,1636.681779196938,100.0,93.40127978318833,-194.48324087684114,0.0,15.821313709849598,-1746.9839154232957,-1261.5663760535467,126.60802661611189,1062.8006630762025,-34.50131935351237,34.80232674836337,78.77025334214548,0.0,0.0,0.0,0.0,0.0,0.0,0.0,0.0
2051.072580010775,2232.389780524536,775.2689678249735,1299.3680252782804,-1486.647893085858,-94.6915657907573,-316.9198456260748,-1539.124645241654,295.125989806185,271.3387066394395,195.69409445723522,-7.704902653177328,84.16139708695596,1734.903034782071,1276.8920999893649,100.0,526.4985977182562,26.793533056600154,0.0,16.0952039735581,0.0,0.0,0.0,0.0,0.0,0.0,0.0,315.9457782345809,1539.1246452416544,100.0,-1617.2695804544314,-195.69409445723522,0.0,17.560347931762365,-1761.8112512526795,-1276.8920999893635,143.8844858937253,-648.3892098640229,-26.793533056600154,34.25873007154223,73.01128123239023,0.0,0.0,0.0,0.0,0.0,0.0,0.0,0.0
1930.1712724532026,1992.390347148335,726.5419314726271,-1086.4080703922275,880.5651145042464,-99.93236216664116,-283.1971457318633,-1441.0383535503654,290.52707616067676,1135.751216703939,196.59959410530405,-10.67883162238843,80.52465924044932,1760.8622648381436,1288.352971770229,100.0,-13.27465210979426,19.043939107282313,0.0,24.062778365197207,0.0,0.0,0.0,0.0,0.0,0.0,0.0,241.63843565248854,1441.0383535503656,100.0,-1880.890811892145,-196.59959410530405,0.0,14.572199322809862,-1767.3936469424937,-1288.3529717702281,160.82296646550242,415.3136288812743,-19.043939107282313,33.451287960113234,83.68777684602065,0.0,0.0,0.0,0.0,0.0,0.0,0.0,0.0
2023.105154049729,1949.9161865401861,675.6238738505995,-149.5668779494406,-1353.8844185247171,-103.44287097286895,-92.77670260840182,-1342.5759543975641,284.4608080887425,1658.8206948065597,197.19832691226884,-13.570517000990776,75.1681093692681,1855.789631215635,1295.9311082695417,100.0,441.42428367815796,11.264629689492267,0.0,18.839310491658,0.0,0.0,0.0,0.0,0.0,0.0,0.0,145.4536116102773,1342.5759543975646,100.0,-929.5823811368392,-197.19832691226884,0.0,7.5385396817530435,-1773.5494846680251,-1295.9311082695422,177.29301572100837,-781.0524066980429,-11.264629689478625,32.386218972490184,82.62439534139797,0.0,0.0,0.0,0.0,0.0,0.0,0.0,0.0
2069.9040095255764,1838.2556178803345,623.3964200926498,1504.0124987552201,1023.4397957972124,-105.1623092001239,-43.059098557318606,-1243.8910849221447,276.9739052770892,63.52168918078643,197.48935863768224,-16.35768832002441,77.64054001289972,1761.9807573173218,1299.6146848393169,100.0,-237.78128905184644,3.467743354101458,0.0,0.32237024161119443,0.0,0.0,0.0,0.0,0.0,0.0,0.0,47.68348839160989,1243.891084922145,100.0,-1760.577718083644,-197.48935863767883,0.0,17.988731420116096,-1811.2079608757765,-1299.6146848393169,193.16778869854,-373.8614542655273,-3.467743354108279,31.07172579427626,88.09407273898071,0.0,0.0,0.0,0.0,0.0,0.0,0.0,0.0
2051.2009294568516,1696.4574377079136,570.7638669857267,-670.1547438074283,-303.96342716118966,-105.06090548537145,55.39730784014557,-1145.1377293975568,268.12402850654746,488.2805317731518,197.472235165975,-19.018880031078993,75.4997172195057,1827.1415162046628,1299.3979537609343,100.0,52.931286556004125,-4.334553921617044,0.0,12.555676976624891,0.0,0.0,0.0,0.0,0.0,0.0,0.0,-84.49315154709814,1145.137729397557,100.0,-283.5975818938778,-197.472235165975,0.0,28.149897467570607,-1849.600744621047,-1299.397953760934,208.32502498836334,-1421.5260244279193,4.3345539216102225,29.51793206464771,93.09904289640703,0.0,0.0,0.0,0.0,0.0,0.0,0.0,0.0
1969.9685280361487,1589.260918265441,518.6375254446622,-37.028683373889635,-191.37601420935084,-103.1404155923849,166.93546076100083,-1046.4699789603944,257.97933557449846,-288.1427773250441,197.14698321585502,-21.53359682443977,69.45209456909382,1811.576791247839,1295.281253213669,100.0,1910.6210523558002,-12.130087717389415,0.0,9.35935425855646,0.0,0.0,0.0,0.0,0.0,0.0,0.0,-208.75137403931578,1046.4699789603947,100.0,1263.2288020308968,-197.14698321585843,0.0,32.076179730486395,-1761.3264528503348,-1295.2812532136686,222.6479903277666,110.89700746265521,12.130087717375773,27.73680440880355,96.32272029897058,0.0,0.0,0.0,0.0,0.0,0.0,0.0,0.0
2055.089202860949,1413.2139674227392,467.919941540138,-383.84080847511314,645.3937154519804,-99.43409201006318,239.26079658108804,-948.0417911721845,246.617956373966,1967.3523115771022,196.5141102987559,-23.882471474761786,56.70808416159826,1843.516290986634,1287.2710067470084,100.0,1287.561780496768,-19.9066941664114,0.0,1.5589843246802548,0.0,0.0,0.0,0.0,0.0,0.0,0.0,-225.9164519913897,948.0417911721848,100.0,-1905.948388787788,-196.51411029875248,0.0,34.17996031641241,-1751.6550662203574,-1287.2710067470093,236.0263756362042,-844.9568297613791,19.906694166384113,25.742060276265875,96.26313967497872,0.0,0.0,0.0,0.0,0.0,0.0,0.0,0.0
1983.7181345602883,1301.469949835234,419.48926928630965,143.08295630511225,-3390.876766558218,-94.00610820025577,318.8851224770956,-850.0067497896457,234.12739117208235,730.3738129593082,195.57460392636244,-26.047413998787334,60.63293555000405,1808.2261090026902,1275.3797132575833,100.0,-232.90470834285998,-27.6522389353795,0.0,2.565185169358811,0.0,0.0,0.0,0.0,0.0,0.0,0.0,-386.419155912578,850.0067497896462,100.0,-303.6058742234212,-195.57460392636244,0.0,48.45671567447121,-1745.8031963089145,-1275.3797132575824,248.35714656655784,1994.8334869827136,27.6522389353795,23.54906229521717,96.16876683843533,0.0,0.0,0.0,0.0,0.0,0.0,0.0,0.0
1861.862436587386,1115.6882954523298,374.18406576681116,-1192.8379073559688,745.2383942643951,-86.95044746036274,369.74797251863026,-752.5178251181749,220.60383672212407,179.74343463888658,194.32993007057917,-28.011750976386622,44.28483344305153,1711.5325418241314,1259.6259274863396,100.0,570.2306931877911,-35.35463615860863,0.0,0.0,0.0,0.0,0.0,0.0,0.0,0.0,0.0,-412.461018175672,752.5178251181751,100.0,-2404.7788851084943,-194.32993007057746,0.0,52.91709953240713,-1752.45667299001,-1259.6259274863382,259.54533702964545,-482.4129968676789,35.354636158656376,21.17469995647241,99.3751502101629,0.0,0.0,0.0,0.0,0.0,0.0,0.0,0.0
1867.0904617645635,1078.6382643923184,332.7887718652595,235.71963956611853,-100.45555280988708,-78.38927564143773,556.778079476782,-655.7271353225395,206.15144539908601,281.9547934719057,192.78203087459815,-29.760353961640504,46.62607698971813,1758.0117990416902,1240.0342310663996,100.0,-1456.258008675876,-43.0018672961819,0.0,0.0,0.0,0.0,0.0,0.0,0.0,0.0,0.0,-508.15501523171093,655.7271353225398,100.0,-786.2236727683373,-192.78203087459644,0.0,50.94676683533531,-1727.6842151183005,-1240.0342310663978,269.50478058062197,836.677593496513,43.0018672961819,18.637259538021453,100.0,0.0,0.0,0.0,0.0,0.0,0.0,0.0,0.0
1742.3583042438888,825.3896663949179,296.0201299953857,1074.6815310915508,-979.9518484204083,-68.47082589695532,604.4037527987717,-559.7857090672657,190.88152306462126,1145.9796487191948,190.93332162429874,-31.279755995524994,39.9069788521367,1705.987763441415,1216.635194166778,100.0,127.10993435312503,-50.58199988735396,0.0,7.730283053988861,0.0,0.0,0.0,0.0,0.0,0.0,0.0,-611.9412974237508,559.7857090672659,100.0,-1875.6263273064997,-190.93332162429704,0.0,58.42620232593694,-1704.3330111050227,-1216.6351941667758,278.15877403443994,729.4154299672175,50.58199988736078,15.956283272433325,93.72099475833721,0.0,0.0,0.0,0.0,0.0,0.0,0.0,0.0
1752.4918371007916,653.4068020885255,264.5147740022501,-961.2575564263955,599.9229269959358,-57.36683208693904,678.0473202505453,-464.8432498570048,174.91167183901717,-128.47053713577395,188.7866869780828,-32.55825532233786,31.92707040880078,1681.0146239460043,1189.4653277918046,100.0,781.5608069879158,-58.083206169528694,0.0,10.046362081963089,0.0,0.0,0.0,0.0,0.0,0.0,0.0,-668.4560994165198,464.84324985700505,100.0,-1535.2265254173437,-188.7866869780811,0.0,59.93615551164838,-1654.452391044183,-1189.4653277918019,285.44066819951695,491.4651364472468,58.083206169528694,13.152418841232247,93.47104179935856,0.0,0.0,0.0,0.0,0.0,0.0,0.0,0.0
1768.1377936970382,554.5084716567601,238.81820611018668,-1933.3534884782966,-2046.7958190793772,-45.26955527730934,785.3982177241769,-371.0479024446414,158.36488438220138,2004.4550447743877,186.3454764662862,-33.586005511387924,36.9155040081222,1629.9328412577331,1158.567026810682,100.0,-280.13630831275464,-65.4937815337189,0.0,6.506991414724748,0.0,0.0,0.0,0.0,0.0,0.0,0.0,-814.762206651029,371.04790244464175,100.0,56.22885896736818,-186.3454764662862,0.0,62.20489837404927,-1555.574221824993,-1158.5670268106787,291.2943811800342,-662.2590838799783,65.49378153380758,10.2472603556879,98.16375531510346,0.0,0.0,0.0,0.0,0.0,0.0,0.0,0.0
1651.9321533709144,322.0611574613145,219.3753517771375,17.53382191057426,508.72935121147634,-32.388454818679975,918.8770855541013,-278.54602167161295,141.36859665921833,-96.88837141787133,183.6134992651921,-34.355091289906454,27.784569443967204,1586.9901358444095,1123.988503806071,100.0,-552.3443822431886,-72.8021627885073,0.0,8.553216056487948,0.0,0.0,0.0,0.0,0.0,0.0,0.0,-845.5056816217198,278.5460216716132,100.0,454.7012141875797,-183.6134992651921,0.0,70.95210332114537,-1569.478240431124,-1123.9885038060747,295.6748302936453,535.1716022850928,72.8021627885073,7.263182048656063,85.8352636762691,0.0,0.0,0.0,0.0,0.0,0.0,0.0,0.0
1518.9761515373725,258.4195342611382,206.52285599414438,1143.5567695057046,-2424.4737714942366,-18.946561644335418,952.9560573128391,-187.4819441011814,124.0537064853612,-341.70583767549374,180.59501825207178,-34.85958950274011,20.018286290496775,1525.0228089554741,1085.7837138449622,100.0,74.2030406214667,-79.99694620188848,0.0,3.1681256459912355,0.0,0.0,0.0,0.0,0.0,0.0,0.0,-999.3290420946287,187.48194410118163,100.0,-503.2412013793896,-180.59501825207008,0.0,77.80568098611073,-1484.9410363026086,-1085.7837138449659,298.5482792781546,-666.5428411208393,79.99694620188166,4.223165958160848,91.77440003291639,0.0,0.0,0.0,0.0,0.0,0.0,0.0,0.0
1338.9456758492017,58.12077563692746,200.48325441639543,-2281.2670136630823,-1649.4321900943467,-5.176616581809412,1080.21223388883,-97.9977628008719,106.55356540966656,-500.5073193794442,177.2947433547995,-35.095614730048936,17.760063714833585,1496.7875146656013,1044.012270289115,100.0,875.4696785924841,-87.06690529614207,0.0,11.245775818970628,0.0,0.0,0.0,0.0,0.0,0.0,0.0,-1077.2440547530207,97.99776280087212,100.0,-274.2925700324804,-177.2947433548029,0.0,79.54874520303389,-1498.9767552497021,-1044.012270289119,299.8925981131398,581.3471680125792,87.06690529614207,1.1506249300714444,84.88501743453892,0.0,0.0,0.0,0.0,0.0,0.0,0.0,0.0
1328.1058792826075,-19.34083682389931,201.36112025028308,803.8218723172452,-452.4573487947436,8.682959458385824,1032.555516856616,-10.23310562566212,100.0,-383.4855870999502,173.71782420217073,0.0,10.616775018728292,1435.9654216331658,998.7393517765659,100.0,-333.70749944522913,-94.00100836478941,0.0,15.070900864866093,0.0,0.0,0.0,0.0,0.0,0.0,0.0,-1141.4501381251953,10.233105625662347,110.99704829913964,-827.4417597042441,-173.71782420217073,35.06134921097143,85.88151696675656,-1424.6764495684804,-998.7393517765704,299.69743345548136,2079.779327957333,94.00100836491902,-1.9307776972104307,73.67564316137171,0.0,0.0,0.0,0.0,0.0,0.0,0.0,0.0
1287.8696124012379,-308.7636788638125,209.14125361153526,-343.57132651402253,-230.45557097731333,22.392193642441214,1211.8828198127787,75.67508265224205,100.0,-398.58159525108135,169.86984208820445,0.0,21.318728847376676,1390.0591950720986,950.0356005192534,100.0,-111.45410026590184,-100.78843568614275,0.0,24.535835282063125,0.0,0.0,0.0,0.0,0.0,0.0,0.0,-1080.9425010582295,-75.67508265224183,128.46296765465533,352.8740719329096,-169.86984208820445,34.75705684322833,86.07078450221731,-1400.6991258867408,-950.035600519258,297.96428837618674,-175.10534982639456,100.78843568627235,-4.997310337205363,68.40809129431308,0.0,0.0,0.0,0.0,0.0,0.0,0.0,0.0
1146.5676139547456,-495.24984517151194,223.68894470493387,-1860.2343812693846,296.10127757645586,35.71371624366719,1264.6795109940267,159.59275402704452,100.0,95.41069146251402,165.75680126407178,0.0,6.075180170517214,1329.4169480519377,897.977012075482,100.0,-323.87682221002024,-107.41859640613484,0.0,27.059404507830255,0.0,0.0,0.0,0.0,0.0,0.0,0.0,-1258.9426874273986,-159.59275402704407,145.70967794855972,-34.11028947929708,-165.75680126407178,34.18508115069912,94.41360017106376,-1319.6497636639524,-897.9770120754774,294.70651078440835,1108.5191508601213,107.4185964059916,-8.025355925432223,76.20265627359855,0.0,0.0,0.0,0.0,0.0,0.0,0.0,0.0
1034.8452813886481,-594.4154056264629,244.7523062687638,-172.74156753183433,-1224.623889211619,48.41687060127299,1358.4932582749896,241.38896642295867,100.0,1597.6081162065714,161.38511956875618,0.0,8.25316727211272,1190.499704587358,842.644816769216,100.0,402.0401270149364,-113.88114506335569,0.0,32.48970796585369,0.0,0.0,0.0,0.0,0.0,0.0,0.0,-1311.0718325058558,-241.38896642295845,162.60435272278949,869.0480638054464,-161.38511956875277,33.34982723464847,89.9730814295118,-1211.8257005650037,-842.6448167692215,289.94919062781156,913.3150472405794,113.88114506320221,-10.991593807488016,68.59117652537766,0.0,0.0,0.0,0.0,0.0,0.0,0.0,0.0
848.4514685935912,-732.1490547882191,271.96663489870264,1675.8687782417178,730.2522655728694,60.28170684515601,1390.771530013793,320.9360880114675,100.0,4.653123653271223,156.76161841503585,0.0,5.831729632962416,1180.7740980931242,784.1253529412811,100.0,-801.5973086239103,-120.16599773256871,0.0,26.15894496486431,0.0,0.0,0.0,0.0,0.0,0.0,0.0,-1408.1017287200534,-320.9360880114673,179.01687673958918,182.33008612947856,-156.76161841503585,32.2577278476065,92.20686909431782,-1140.8886096274764,-784.1253529412866,283.72896666100456,1150.8266679516635,120.165997732405,-13.873179344313371,65.0519139074097,0.0,0.0,0.0,0.0,0.0,0.0,0.0,0.0
733.7057542975652,-844.0751006582749,304.8607257366165,-1599.1467615334745,247.95317691600815,71.1027902371103,1439.752091672423,398.1099963633885,100.0,423.4069457357748,151.89351214548992,0.0,0.0,1061.8845163301132,722.5099322301041,100.0,677.543150228986,-126.26334775856208,0.0,49.07056098438044,0.0,0.0,0.0,0.0,0.0,0.0,0.0,-1418.8792166915237,-398.1099963633883,194.82084807095384,-666.606746466075,-151.89351214548992,30.917193851176563,98.07628515173806,-1110.259892676304,-722.50993223011,276.09374427021896,-932.0104213041668,126.26334775855867,-16.64791985139516,55.10984816001784,0.0,0.0,0.0,0.0,0.0,0.0,0.0,0.0
693.144947416012,-1147.54025045025,342.86503118800994,504.5655737766498,-340.32623498990574,80.69275818816152,1574.5225788859432,472.79027212496703,100.0,604.1768441237116,146.7883967759292,0.0,11.334789010411367,990.5097772352161,657.8946970924019,100.0,392.9752673620061,-132.16368105892684,0.0,43.99746931112227,0.0,0.0,0.0,0.0,0.0,0.0,0.0,-1479.271989409864,-472.79027212496703,209.89455158979263,752.9995339685581,-146.7883967759292,29.338549439344774,100.0,-978.7260820444703,-657.8946970924078,267.1023265274255,-615.0285274299398,132.16368105892684,-19.29444551690608,54.87342347568185,0.0,0.0,0.0,0.0,0.0,0.0,0.0,0.0
598.0683964758166,-1201.5497789396707,385.32152240335915,607.5708772026567,802.1634994248939,88.88556436497254,1502.6357581937493,544.8603869158617,100.0,-75.24014769859264,141.45423814217907,0.0,11.262301729926683,954.3866052064095,590.3804707859838,100.0,-520.2335133615725,-137.85779096847364,0.0,61.13978808527337,0.0,0.0,0.0,0.0,0.0,0.0,0.0,-1568.8861530523584,-544.8603869158617,224.12189636548416,-21.17940670185476,-141.45423814217907,27.53395262614049,90.99750649389172,-937.134308024177,-590.3804707859776,256.8239613153422,588.1948127851717,137.85779096847364,-21.792373982454762,45.81098296097188,0.0,0.0,0.0,0.0,0.0,0.0,0.0,0.0
407.64932222799143,-1249.4010284971273,431.4950827758106,-1048.3654478120575,742.8759532811102,95.53935371285775,1587.7601485425218,614.207885155754,100.0,1639.9529097235313,135.8993594709716,0.0,3.6353934194093145,831.5936178307097,520.0726000488171,100.0,545.1590560718165,-143.3367926056428,0.0,47.93493444494722,0.0,0.0,0.0,0.0,0.0,0.0,0.0,-1568.320721665204,-614.207885155754,237.39330974434546,-842.3453821057751,-135.8993594709682,25.51730161005338,99.9164153285337,-867.9497162974421,-520.072600048811,245.33780801117982,-1283.1567460321985,143.33679260564622,-24.122467318897947,26.169333442733922,0.0,0.0,0.0,0.0,0.0,0.0,0.0,0.0
376.7757003609473,-1357.363926010482,480.5862361815557,1023.9795518653369,1045.424432292101,100.53891861813327,1675.778220256976,680.7245595359775,100.0,491.5239032928821,130.13242839250438,0.0,1.5346091029208644,746.360029919269,447.0807907198159,100.0,-174.15302906118768,-148.5921367359765,0.0,69.17800851697206,0.0,0.0,0.0,0.0,0.0,0.0,0.0,-1618.8008802687646,-680.7245595359775,249.60658122926938,-174.95067226101924,-130.13242839250097,23.304127736310107,100.0,-806.1038866680951,-447.08079071980956,232.7323278364768,661.2245317675428,148.5921367359765,-26.266780188281018,26.28311607521549,0.0,0.0,0.0,0.0,0.0,0.0,0.0,0.0
45.18639613112907,-1566.5355622358506,531.7449895786564,-89.38379229796183,-680.4127725062563,103.79769367952463,1646.3136820381933,744.3066198622328,100.0,24.627660266064595,124.16244341584616,0.0,14.499491922283251,689.4105095005033,371.5189365578483,100.0,-801.9921271174553,-153.61562311203897,0.0,72.19444538519384,0.0,0.0,0.0,0.0,0.0,0.0,0.0,-1650.1362288433893,-744.3066198622325,260.66764965931793,1497.5921547877647,-124.16244341584957,20.91147588139478,96.04344772562851,-637.4344292878777,-371.5189365578417,219.10460256829236,85.00563735662809,153.61562311203556,-28.208798050813044,37.998417609177466,0.0,0.0,0.0,0.0,0.0,0.0,0.0,0.0
60.856371037430506,-1702.2555721621068,584.0855502854321,1169.1001053960924,-25.056748638555746,105.25925455310698,1701.4723412758374,804.8548550050275,100.0,852.312277457147,117.99871988795985,0.0,14.288173929905248,589.6343776691206,293.5049415260671,100.0,-717.0633523811921,-158.39941326878943,0.0,77.27500063034687,0.0,0.0,0.0,0.0,0.0,0.0,0.0,-1719.1067872347203,-804.8548550050275,270.4913276267507,-263.7036126428882,-117.99871988796326,18.357773181026573,86.78809211613577,-523.2221279035323,-293.50494152606007,204.5595868587281,1030.8756041973743,158.39941326878602,-29.933564352474207,23.178201865063865,0.0,0.0,0.0,0.0,0.0,0.0,0.0,0.0
-168.6776075059405,-1914.3856613997784,636.7016631148563,-379.4185830753877,-1047.3247996101725,104.89829491611374,1712.7494160066612,862.2747877051152,100.0,-829.4783823773378,111.6508754583856,0.0,1.1009783277557457,536.4774745172086,213.1605358188474,100.0,-1554.4012206685607,-162.93604275441453,0.0,70.29604206783557,0.0,0.0,0.0,0.0,0.0,0.0,0.0,-1781.8667021243111,-862.2747877051152,279.00195755239736,397.7397660700774,-111.6508754583856,15.662687112584024,96.78292392332327,-441.43520124581556,-213.16053581885512,189.20929992108265,-149.32554005675001,162.93604275441453,-31.427795713696156,23.411008536883852,0.0,0.0,0.0,0.0,0.0,0.0,0.0,0.0
-152.56351001776306,-1946.424906249904,688.6823018086882,-949.0702719863762,-626.5425857713149,102.72106463554792,1823.6254862277924,916.4768219923444,100.0,482.79615167273505,105.12881507227121,0.0,13.141738086212413,439.71246687976975,130.61108591848756,100.0,-826.1883588514295,-167.21843277763355,0.0,86.10253970881996,0.0,0.0,0.0,0.0,0.0,0.0,0.0,-1715.895021527708,-916.476821992344,286.13399436652287,188.09596546128546,-105.12881507227803,12.846974024994324,86.43884295273894,-381.05576411661514,-130.6110859184953,173.1719628079183,300.5110599848797,167.21843277785865,-32.67998423210855,19.244050066336964,0.0,0.0,0.0,0.0,0.0,0.0,0.0,0.0
-361.46678285057754,-2240.5409332114964,739.1274430808734,-34.36298171304372,1084.3008564674358,98.76526155431804,1728.012140252351,967.3763829879767,100.0,128.4382249360374,98.44271551478869,0.0,21.07904440680383,219.25740632267147,45.98539897783144,100.0,-826.0003436956899,-171.2399012531273,0.0,82.7173449916382,0.0,0.0,0.0,0.0,0.0,0.0,0.0,-1755.8750358391976,-967.3763829879767,291.83251030767883,-1614.903205909951,-98.44271551478869,9.93231928259263,78.93646406819904,-321.556658619937,-45.985398977839395,156.57108792531963,-892.8292389293531,171.2399012533558,-33.68048611107568,14.98994337821581,0.0,0.0,0.0,0.0,0.0,0.0,0.0,0.0
-410.9297100116704,-2124.890074484076,787.1636501488854,572.9495639866786,-819.3970164181337,93.099378768581,1767.4022668837824,1014.8940488722283,100.0,-155.9520092720095,91.60300953205251,0.0,23.188121777744197,231.86690140854844,-40.58447816565899,100.0,-27.084143817289146,-174.99417322806494,0.0,84.01912805968855,0.0,0.0,0.0,0.0,0.0,0.0,0.0,-1822.525612885572,-1014.8940488722278,296.0536179517866,1435.694868607634,-91.60300953205251,6.941170254141866,72.09547025240323,-156.36182247991218,40.584478165666724,139.53452779552322,443.58403542739836,174.99417322830368,-34.42159593209993,13.867788886521716,0.0,0.0,0.0,0.0,0.0,0.0,0.0,0.0
-660.0733330037627,-2356.393420214391,831.959195930831,-1192.500783669122,-1322.1997645355236,85.82151869844893,1783.9817163130892,1058.9556748111704,100.0,-994.8338995572476,84.62036955199437,0.0,31.395705335524823,176.71795568745685,-128.96346503099198,100.0,216.05899125972442,-178.4753906732965,0.0,81.3186399912413,0.0,0.0,0.0,0.0,0.0,0.0,0.0,-1784.8480623005298,-1058.9556748111704,298.76480821346513,747.1414972954381,-84.62036955199437,3.8965634332234345,77.09008596508201,-188.80445974707956,128.96346503099994,122.19349039390595,525.3875282240589,178.47539067353864,-34.89760599841489,9.525261203386675,0.0,0.0,0.0,0.0,0.0,0.0,0.0,0.0
-738.7917868558231,-2443.6572833303653,872.7384640562866,284.3968274395377,-1856.6121191803632,77.05769448430544,1786.6417511851532,1099.4925086496564,100.0,-963.4468047524069,77.50569103148337,0.0,37.46160015555139,54.786729220932926,-219.01365826832057,100.0,-152.21924227343013,-181.67812162399798,0.0,90.12406058933972,0.0,0.0,0.0,0.0,0.0,0.0,0.0,-1732.1202274492923,-1099.492508649656,299.94520071649015,-946.6172181305853,-77.50569103148337,0.8219470214521607,70.2124226224883,-41.88015930263488,219.01365826831227,104.68152864377174,-1419.4470020377248,181.6781216239997,-35.104850293116954,9.08515787091324,0.0,0.0,0.0,0.0,0.0,0.0,0.0,0.0
-763.3841671516079,-2648.940624693011,908.7953783433485,-1604.277246548877,-474.0129336511177,66.95964812244995,1781.0969456053422,1136.4412981896453,100.0,-1879.0163935729595,70.27007545567358,0.0,24.681439582620087,-4.84033198131597,-310.594546838238,112.86648814859673,59.515658369332165,-184.59736865553168,35.04173271329442,100.0,0.0,0.0,0.0,0.0,0.0,0.0,0.0,-1810.2881489431206,-1136.4412981896448,299.5857046051195,637.9075891567015,-70.27007545567358,-2.2589996590886585,67.18512126440933,121.99504527321923,310.59454683822946,100.0,-1405.2584850660203,184.59736865553168,0.0,12.792650111014717,0.0,0.0,0.0,0.0,0.0,0.0,0.0,0.0
-956.1945566943223,-2709.4235640362635,939.5056282160467,167.34451983032045,139.46015567961012,55.70222311384498,1794.4799323294353,1169.7443898866536,100.0,-31.895029856775636,62.924813015335985,0.0,46.72811395309222,-139.84221062586948,-403.56323126018003,130.31541299709045,637.0192158269601,-187.22857668122515,34.70873936228642,92.97196083765719,0.0,0.0,0.0,0.0,0.0,0.0,0.0,-1772.1016246378438,-1169.7443898866536,297.6890885578056,416.7223762739866,-62.924813015335985,-5.322548533417262,65.23506283449257,208.27554786150202,403.5632312601713,100.0,697.5206056258997,187.22857668122515,0.0,0.0,0.0,0.0,0.0,0.0,0.0,0.0,0.0,0.0
-1154.7360300548091,-2759.917107792752,964.3374783840661,-1292.3966581153945,-760.928905722626,43.480337122354626,1721.4870110712413,1199.3498188102303,100.0,25.274659754815048,55.48136499024395,0.0,48.961935442024895,-289.1740062768257,-497.77464658750137,147.53086207748555,522.6460559290208,-189.56764005998195,34.10843480614602,93.75930272394336,0.0,0.0,0.0,0.0,0.0,0.0,0.0,-1786.9140650866132,-1199.3498188102303,294.26995946406896,643.4382105917916,-55.48136499024395,-8.34510551668501,53.383724355365224,329.1999653638673,497.7746465874926,100.0,1257.8943229509891,189.56764005998195,0.0,8.910982822172576,0.0,0.0,0.0,0.0,0.0,0.0,0.0,0.0
-1200.6633411700905,-2806.0789775348344,982.8609756196522,-454.7168936445496,-1358.6344639531376,30.5056070550728,1756.866115324485,1225.2113897281433,100.0,434.9874595820859,47.951345865419626,0.0,42.35244696726458,-339.7192575590329,-593.0817887615472,164.3802496916227,-557.1162445761936,-191.61090900255942,33.245442322390204,94.76250386902534,0.0,0.0,0.0,0.0,0.0,0.0,0.0,-1748.1910973532656,-1225.2113897281433,289.35464992876314,-92.20106091758112,-47.951345865419626,-11.303392225272262,49.74514110301464,407.87859692651955,593.0817887615383,100.0,167.86399644323296,191.61090900255942,0.0,11.225152816948103,0.0,0.0,0.0,0.0,0.0,0.0,0.0,0.0
-1357.5430317885669,-2940.81909273571,994.7553932201212,471.9299106656206,1169.8096064324795,17.002685003318447,1771.512060368572,1247.288749187735,100.0,159.12616448670974,40.34650520820833,0.0,62.67023297114234,-384.19540606131346,-689.3359439914279,180.73380938322504,-823.513068887087,-193.3551952665715,32.126408293584774,86.10155414653126,0.0,0.0,0.0,0.0,0.0,0.0,0.0,-1718.7722793861094,-1247.288749187735,282.98101547011106,-905.9747663533199,-40.34650520820833,-14.174625256505635,38.8411557613701,507.8884326293951,689.3359439914188,100.0,-741.4678427157585,193.3551952663123,0.0,3.316149646968323,0.0,0.0,0.0,0.0,0.0,0.0,0.0,0.0
-1363.3396404368223,-3013.085196771649,999.8147842582389,-1298.4900361211396,-897.8870146812437,3.2053684844709096,1761.4008087802836,1265.5474484819838,100.0,-277.6634973056457,32.678709334870746,0.0,58.0918177403485,-516.1193449575577,-786.3869208015983,196.46559334117504,-646.4738540201603,-194.79777713131,30.759951019971936,99.36350052462772,0.0,0.0,0.0,0.0,0.0,0.0,0.0,-1703.7339961352561,-1265.5474484819838,275.1981429734202,267.60933081868416,-32.678709334870746,-16.936691656243,42.76453213697536,513.4575521938687,786.3869208016068,100.0,1872.6751421752372,194.7977771313083,0.0,2.3018294252912495,0.0,0.0,0.0,0.0,0.0,0.0,0.0,0.0
-1544.4356552025547,-3124.5844466613257,997.9515474681858,1450.1813823961925,-1570.7233990118857,-10.647447665577374,1656.9801393474945,1279.958997402001,100.0,-419.3747685850485,24.959922794544127,0.0,68.63391628166805,-619.2633460149456,-884.0832843851624,211.45444239328623,560.0309270951323,-195.93640364460953,29.15659434497826,89.2078807152417,0.0,0.0,0.0,0.0,0.0,0.0,0.0,-1674.4414143875988,-1279.9589974020005,266.0659726458188,-463.88700105894145,-24.959922794544127,-19.56831922297198,31.513417510315627,562.8035089046206,884.083284385171,100.0,1159.6536197032178,195.93640364460782,0.0,10.567089952903466,0.0,0.0,0.0,0.0,0.0,0.0,0.0,0.0
-1688.5196894192077,-3113.990398745693,989.1979440252898,-1550.0351056302088,717.1792752175475,-24.315907657716593,1628.0652700580997,1290.500908692126,100.0,-373.54775826625655,17.20218970043561,0.0,74.72111425361794,-711.987651656948,-982.2725928972256,225.58491912012926,-624.1600759440644,-196.76929813542472,27.328686605463872,98.2582418211479,0.0,0.0,0.0,0.0,0.0,0.0,0.0,-1649.7883813980006,-1290.500908692126,255.6548363835526,180.5836224823679,-17.20218970043561,-22.049240336801716,36.44912491919773,716.66988585804,982.2725928972343,100.0,469.7944575366148,196.7692981351587,0.0,5.507854070701459,0.0,0.0,0.0,0.0,0.0,0.0,0.0,0.0
-1688.1381111252101,-3181.1609176071283,973.7055389570994,-349.3180332857514,-2891.2820342573877,-37.563347753489325,1647.2356695685914,1297.1567331382143,100.0,19.380631225287743,9.417614936487553,0.0,72.64777299216125,-831.4153727385656,-1080.801635319594,238.74819690246213,274.98136364663253,-197.29516098502359,25.290305530260184,85.32595994272809,0.0,0.0,0.0,0.0,0.0,0.0,0.0,-1595.4176810794413,-1297.1567331382143,244.04491610714976,-1629.298124560603,-9.417614936487553,-24.36034805161583,25.361967702080488,812.1333971840436,1080.8016353196026,100.0,21.04829613248512,197.29516098475415,0.0,19.688125763549074,0.0,0.0,0.0,0.0,0.0,0.0,0.0,0.0
-1701.801832482627,-3311.465013109185,951.7425768575467,-338.96183777251963,-1691.243181994655,-50.16039400014165,1603.1695162504934,1299.9160852343916,100.0,436.4688470133865,1.6183452694531297,0.0,70.56453140418726,-891.2898026623942,-1179.5166705256802,250.84289805523667,-309.6018395536237,-197.5131716564374,23.057149819799605,81.58111826771547,0.0,0.0,0.0,0.0,0.0,0.0,0.0,-1513.2319676540071,-1299.9160852343916,231.32562623607552,461.689398579216,-1.6183452694531297,-26.48384324823354,20.585085879254652,930.8944096322468,1179.5166705256709,100.0,1733.4271728661656,197.5131716561748,0.0,22.88892473619906,0.0,0.0,0.0,0.0,0.0,0.0,0.0,0.0
-1681.4299530874728,-3276.7929354875223,923.6893373426003,-901.0485415126811,-148.16120014493436,-61.88893374561076,1517.98442062381,1298.7746593882198,100.0,-527.7770921060426,-6.183449604566249,0.0,90.10598918454842,-967.0121169407648,-1278.2636671724829,261.77587459324104,-365.06525524503445,-197.42298997350758,20.64641824174913,82.52965644546646,0.0,0.0,0.0,0.0,0.0,0.0,0.0,-1474.0407074528973,-1298.7746593882198,217.59492505883014,693.4357508711628,6.18344960457307,-28.403371715282617,6.269612872534676,949.8225737760604,1278.2636671724915,100.0,83.66525278959159,197.4229899737736,0.0,22.38961257971932,0.0,0.0,0.0,0.0,0.0,0.0,0.0,0.0
-1856.550972856468,-3474.505315985262,890.0315506658324,-239.20337722612317,157.83492703183583,-72.54589216934846,1438.2782648268806,1293.734236638987,100.0,1100.8979382272253,-13.975596049197065,0.0,85.48176670036712,-1033.7914612034879,-1376.8885440455874,271.4629256152666,-498.70635557811056,-197.02475665297243,18.076677173774556,81.44014570834605,0.0,0.0,0.0,0.0,0.0,0.0,0.0,-1485.3351944857534,-1293.734236638987,202.95856030196688,-1767.8933023362424,13.975596049197065,-30.104150102018536,19.7923105507264,1033.6071610243048,1376.8885440455958,100.0,-123.8587181702701,197.02475665323846,0.0,23.008274527686854,0.0,0.0,0.0,0.0,0.0,0.0,0.0,0.0
-1964.4034644862777,-3429.26030117999,851.3519874997041,-644.1091779372812,-1564.7135439680983,-81.94674843842392,1397.1185355934279,1284.8026818786375,100.0,508.59097115271993,-21.745935483111225,0.0,83.14458964859585,-1136.133239250117,-1475.2374104818045,279.82944578183907,599.5988849808577,-196.31909308331842,15.36771761360228,81.07619456256411,0.0,0.0,0.0,0.0,0.0,0.0,0.0,-1379.0536950300336,-1284.8026818786375,187.5292547083348,1027.1845247510123,21.745935483104404,-31.573079773096282,11.7024594106338,1143.641171462609,1475.237410481813,100.0,828.5880637927016,196.31909308331842,0.0,34.531058250100074,0.0,0.0,0.0,0.0,0.0,0.0,0.0,0.0
-2035.3246911218196,-3371.599198489375,808.3203685021299,1123.4339466069025,1383.543073576791,-89.92873061003877,1288.1704250881198,1271.9939315796814,100.0,147.515798675621,-29.48234335189909,0.0,94.11619807086042,-1157.6337556506585,-1573.156806494571,286.8109998922112,-1138.9350417803507,-195.30710035626726,12.540402757591096,75.48589219828722,0.0,0.0,0.0,0.0,0.0,0.0,0.0,-1302.6216305899854,-1271.9939315796814,171.4258378968872,-448.608850005279,29.48234335189909,-32.798847688403896,12.959752368954362,1225.3226425707044,1573.1568064945795,100.0,454.1706888180397,195.30710035626385,0.0,29.630790600355546,0.0,0.0,0.0,0.0,0.0,0.0,0.0,0.0
-1936.5268911268988,-3451.2019198717353,761.6817683799211,1044.9217890408738,805.2405994263745,-96.35363396027401,1320.2603585721708,1255.3279720492314,100.0,1150.866345281462,-37.172748046709785,0.0,92.29077872955354,-1272.8109879437095,-1670.4939422273192,292.35381913549475,-281.5704249067653,-193.99035754837996,9.61650732171563,69.68815314613478,0.0,0.0,0.0,0.0,0.0,0.0,0.0,-1318.5537769941736,-1255.3279720492314,154.7723311900209,-366.9491908187763,37.172748046709785,-33.772013531045815,7.792504828534925,1210.5779054720776,1670.4939422273274,100.0,-767.6648947581805,193.99035754837655,0.0,33.132893321003934,0.0,0.0,0.0,0.0,0.0,0.0,0.0,0.0
-1879.587957505865,-3405.898751557749,712.2437152280522,-1640.411131535991,-552.2647425730452,-101.11021394148281,1154.8670079266685,1234.8308082430958,100.0,1324.00095385481,-44.8051497403344,0.0,92.35038956417318,-1371.0423366288103,-1767.0969363612166,296.4152151940219,-1911.2421391576902,-192.37091925714367,6.618549842429218,63.39019442743418,0.0,0.0,0.0,0.0,0.0,0.0,0.0,-1176.5586902610269,-1234.8308082430958,137.69699245677344,-481.5071328881254,44.8051497403344,-34.48508241244326,2.2624773787035384,1281.4137683641243,1767.0969363612078,100.0,-697.00550232105,192.37091925714367,0.0,35.740242796369756,0.0,0.0,0.0,0.0,0.0,0.0,0.0,0.0
-2008.8076800185402,-3611.844124446927,660.8622085142633,518.9511079864633,2112.8654012228185,-104.11611233643782,1166.605245417829,1210.5344231885992,100.0,949.6633995785305,-52.36763911137359,0.0,88.91401338006365,-1383.5452919040035,-1862.8150531051729,298.96390900969686,352.9780153901345,-190.4513123950369,3.5696192489618284,50.689194776578745,0.0,0.0,0.0,0.0,0.0,0.0,0.0,-1145.343477194726,-1210.5344231885992,120.33132832800477,-1108.8056003050792,52.36763911136677,-34.932562594621785,0.0,1377.8021052669635,1862.815053105164,100.0,392.88966501497725,190.45131239504371,0.0,38.704542047403855,0.0,0.0,0.0,0.0,0.0,0.0,0.0,0.0
-2002.486765954322,-3467.094422499488,608.4268978018895,106.85479940697064,-642.3348739839685,-105.31928325599097,1056.0184134631436,1182.4767280794235,100.0,-34.71511523892673,-59.84841592702878,0.0,99.38795976762871,-1475.6187019733854,-1957.498937398576,299.98027168132955,860.4257716969414,-188.23453224665172,0.4931970426963517,46.100088672378604,0.0,0.0,0.0,0.0,0.0,0.0,0.0,-1057.09318254765,-1182.4767280794235,102.80908139106566,244.50085839736744,59.84841592702878,-35.11100778512059,9.517710254156885,1458.8898606566017,1957.498937398567,100.0,129.75087503790292,188.23453224665514,0.0,48.14833262328336,0.0,0.0,0.0,0.0,0.0,0.0,0.0,0.0
-1922.7099761512118,-3554.631132467704,555.8456788351804,-1224.4008772204518,-746.7204421204542,-104.69889429294369,930.3294689028617,1150.7015031203687,114.73479983584437,-1506.8199474564847,-67.23580745583376,35.019043678799804,99.66716648295727,-1430.9175404593364,-2051.0008479594167,299.45647563766283,870.2348796201409,-185.72403779493357,-2.5870235468670444,41.076716166358864,0.0,0.0,0.0,0.0,0.0,0.0,0.0,-995.5418622127562,-1150.7015031203687,100.0,747.421975153153,67.23580745583376,0.0,11.762724048922076,1494.588589211313,2051.000847959408,100.0,-285.65447306670535,185.72403779493698,0.0,54.05811538472185,0.0,0.0,0.0,0.0,0.0,0.0,0.0,0.0
-1961.104947363926,-3496.7330358085956,504.028973699536,-414.48536267947134,-838.7481504484049,-102.26568722565901,938.8809684090153,1115.2583292143163,132.16520021689678,-820.0288001171816,-74.5182866813434,34.65737854212293,82.06970271907207,-1620.601578844045,-2143.1748878144176,297.39655492182965,515.7638451226546,-182.9237463239224,-5.647320036773067,45.58170568769857,0.0,0.0,0.0,0.0,0.0,0.0,0.0,-935.7947799072068,-1115.2583292143167,100.0,-1127.959280286168,74.5182866813434,0.0,6.9125539324591365,1585.7210841002702,2143.174887814409,100.0,-575.1476931041225,182.92374632416113,0.0,59.815468617985665,0.0,0.0,0.0,0.0,0.0,0.0,0.0,0.0
-2005.5863220531182,-3440.2817773316174,453.87396723918755,810.5690223710144,-2312.3762504922934,-98.06179202944861,817.6742670551463,1076.2025105979915,149.3478785950405,-336.5554877564347,-81.68449028826672,34.02879775838528,99.52856718154383,-1566.9000259838188,-2233.8772319513528,293.8163741229546,-44.97816696108657,-179.83802730634125,-8.66412339057888,24.43725871008177,0.0,0.0,0.0,0.0,0.0,0.0,0.0,-773.2637274743021,-1076.202510597992,100.0,-1621.6545275090618,81.68449028827354,0.0,5.22365158440825,1597.8926215117067,2233.8772319513605,100.0,-404.43291231948365,179.8380273063549,0.0,62.82069992801161,0.0,0.0,0.0,0.0,0.0,0.0,0.0,0.0
-1952.649944783866,-3501.4384186362395,406.2490726722421,704.0845853336737,-423.8750547327345,-92.15999741302795,727.6305646358251,1033.594988547262,166.15050165742247,139.13076105735115,-88.72323639389606,33.13814237603836,86.58226725432017,-1613.5642081072087,-2322.9663517383533,288.7435061941769,113.32230094267857,-176.4716955859467,-11.61419953656491,31.242586529950465,0.0,0.0,0.0,0.0,0.0,0.0,0.0,-751.7939923934116,-1033.594988547262,100.0,1476.4908176907052,88.72323639389606,0.0,6.794650237505008,1641.62905112212,2322.9663517383615,100.0,-159.4121695760566,176.47169558570113,0.0,62.519261544949146,0.0,0.0,0.0,0.0,0.0,0.0,0.0,0.0
-1906.4877101157997,-3470.4666363700303,361.9788953745521,-621.8184575610644,-491.92026644789166,-84.66249051218398,686.4569939023795,987.5022462865668,182.4436631074537,-734.1283364677992,-95.62354199518722,31.992271824893947,94.81469685106691,-1708.017687086299,-2410.303235760044,282.21702009808143,171.70392331559015,-172.83000386356662,-14.474828306125573,25.849570546544903,0.0,0.0,0.0,0.0,0.0,0.0,0.0,-679.8048340595002,-987.5022462865672,100.0,-922.7503197985789,95.62354199518722,0.0,1.2951691179655391,1694.7598318345113,2410.3032357600364,100.0,249.9109467261576,172.83000386332787,0.0,67.95518825794146,0.0,0.0,0.0,0.0,0.0,0.0,0.0,0.0
-1878.1993762086431,-3420.909718375969,321.8299551782538,-657.9119760288268,333.25203799378187,-75.69908756172254,640.3565337366674,937.9962052509482,198.10188029429037,275.948817958041,-102.3746401068388,30.60001108806219,92.29898765167968,-1711.3422164789247,-2495.751606725825,274.2871799150031,-1443.32174175271,-168.91863450247,-17.223978414413637,30.189718065782756,0.0,0.0,0.0,0.0,0.0,0.0,0.0,-544.6067847518989,-937.9962052509482,100.0,544.753276534243,102.3746401068388,0.0,7.008262097748112,1680.9447752134467,2495.7516067258166,100.0,1149.4032569776653,168.9186345022381,0.0,76.3103425075763,0.0,0.0,0.0,0.0,0.0,0.0,0.0,0.0
-1815.680042305079,-3299.3483546216316,286.4974143975474,703.0231644437401,-433.4299065781238,-65.42498618095124,413.8824248983166,885.1541128624349,213.0045606241551,-318.25306837279896,-108.9659965613464,28.972082735774052,86.62285262796664,-1646.2715018238468,-2579.1781341120814,265.0150577315343,-92.04766148331714,-164.74369066061627,-19.84047713542168,13.203058368789714,0.0,0.0,0.0,0.0,0.0,0.0,0.0,-440.2010714593776,-885.1541128624353,100.0,882.3488633480292,108.96599656135322,0.0,21.869063349902856,1691.1542110182959,2579.178134112073,100.0,-1027.9374190315525,164.7436906606299,0.0,80.9655166172812,0.0,0.0,0.0,0.0,0.0,0.0,0.0,0.0
-1762.300095387306,-3302.257684011083,256.5930413803721,657.2190042440945,-1653.699119742846,-54.01807819121444,336.10651574062086,829.0584219959949,227.03693031062298,-123.13619284014692,-115.38732644642096,27.121024344937297,87.51097938762578,-1777.4413316191142,-2660.4526422062145,254.47206329059586,53.813598079480016,-160.31168676868901,-22.30417336485644,8.237121741031649,0.0,0.0,0.0,0.0,0.0,0.0,0.0,-404.5316980952239,-829.0584219959949,100.0,110.3569075939842,115.38732644642096,0.0,16.29762072122031,1830.443627336022,2660.4526422062213,100.0,649.3285346058269,160.31168676847074,0.0,84.43138099309024,0.0,0.0,0.0,0.0,0.0,0.0,0.0,0.0
-1608.4495673969939,-3303.5282357495103,232.6346179921989,549.2549508474121,624.6382231403663,-41.67586949219668,279.53155996709467,769.796662323087,240.09091831104732,55.10120858757816,-121.6286101531,25.061091940404054,74.58053600825365,-1728.106239752111,-2739.448313228091,242.73939402550158,-278.85013875920663,-155.6295383637712,-24.59609281500505,18.22930505938839,0.0,0.0,0.0,0.0,0.0,0.0,0.0,-207.2893989392701,-769.7966623230873,100.0,597.0186296037602,121.62861015309318,0.0,24.609924233269794,1784.1702165790218,2739.4483132280975,100.0,-92.11584901067454,155.62953836376437,0.0,85.89882252981563,0.0,0.0,0.0,0.0,0.0,0.0,0.0,0.0
-1622.9077564474892,-3175.6630059338845,215.03697443689418,-213.83504570652576,-143.8671299033399,-28.61206032897229,178.69010730363837,707.4613037335255,252.06598864145835,-5.967183789889816,-127.68010900953868,22.808150201271786,67.72215478238425,-1830.0310842343692,-2816.0418852118864,229.90740971359483,-803.781236457171,-150.70455129956827,-26.698584146092088,11.643431025290369,0.0,0.0,0.0,0.0,0.0,0.0,0.0,-200.85516162825087,-707.4613037335259,100.0,-604.2075499326083,127.68010900953868,0.0,24.26963519602777,1829.6797599779543,2816.041885211893,100.0,-98.0356240425715,150.70455129956827,0.0,89.3026901379327,0.0,0.0,0.0,0.0,0.0,0.0,0.0,0.0
-1588.588572326796,-3081.4021123767047,204.1048066431323,-961.5197494376253,697.6649848503507,-15.052845160588788,101.39976765946703,642.1496120488518,262.86991465979463,127.82987166327324,-133.53238047756463,20.379550278374268,61.59508187085969,-1784.535387811653,-2890.113844339562,216.07493656561334,56.95514040035391,-145.54441034641286,-28.59545490914485,16.98298131549342,0.0,0.0,0.0,0.0,0.0,0.0,0.0,-156.35297105509312,-642.1496120488518,100.0,1046.0430152250258,133.53238047756804,0.0,30.844647455154348,1775.3743207671255,2890.1138443395685,100.0,27.381088269635256,145.54441034641968,0.0,100.0,0.0,0.0,0.0,0.0,0.0,0.0,0.0,0.0
-1477.809418135114,-2999.4208125911096,200.02740058024472,2102.7830900778226,141.71868421611634,-1.2329961965178882,-14.460769304348949,573.9634972522863,272.4194893543009,-529.2545607621262,-139.17629288609987,17.79399616339049,56.02774192334577,-1741.0673791646411,-2961.5486114258747,201.34850611036194,-3971.886003714286,-140.1571672001637,-30.272096252935086,10.613161119416876,0.0,0.0,0.0,0.0,0.0,0.0,0.0,-26.286420659808257,-573.9634972522867,100.0,1827.749893741968,139.17629288609987,0.0,40.983329697470765,1859.807077926679,2961.54861142588,100.0,902.5757538043467,140.1571672001637,0.0,89.20611855388638,0.0,0.0,0.0,0.0,0.0,0.0,0.0,0.0
-1297.3020368895945,-2986.1187157328636,202.87535484985568,-19.23383485663635,1819.6138245356565,12.60820158734191,-81.84624971459978,503.00935447210804,280.64116616676176,-1502.2606070896545,-144.60303967981986,15.071400639057515,54.73163214392641,-1773.3375112847596,-3030.2347222639182,185.84153473646836,403.3947392960283,-134.55122791848453,-31.715595434820614,0.7400744395341858,0.0,0.0,0.0,0.0,0.0,0.0,0.0,31.3181429356663,-503.00935447210804,100.0,-982.387940466976,144.60303967981645,0.0,46.50065648989168,1823.9706472923099,3030.234722263924,100.0,563.5117485099681,134.5512279186687,0.0,87.72098007945598,0.0,0.0,0.0,0.0,0.0,0.0,0.0,0.0
-1222.624681995485,-2887.727232600458,212.59935830026313,-479.1499930068619,828.2151383383598,26.231093569113,-189.55073004668432,429.3978979665644,287.47162541523807,-319.68153302575047,-149.80415316110907,12.232731919868911,60.210220239284,-1811.4953539136986,-3096.0650015498286,169.6734502100235,292.8249277819282,-128.73533980526645,-32.91483526901402,0.0,0.0,0.0,0.0,0.0,0.0,0.0,0.0,220.0456852625754,-429.39789796656464,100.0,40.9374493628836,149.80415316110907,0.0,57.66514491422072,1866.8555718788377,3096.065001549823,100.0,-1211.8823943759662,128.7353398052528,0.0,96.30888898066195,0.0,0.0,0.0,0.0,0.0,0.0,0.0,0.0
-1173.638785882094,-2842.956034510596,229.03104382865286,-295.26385995148416,-1913.9262829768995,39.399805001645234,-236.77510745452912,353.243988369406,292.858261953968,-1248.2445516061691,-154.77151770188584,9.29985216415389,49.88604268394465,-1880.3998851134852,-3158.936730115169,152.9687718952839,-149.91794930361152,-122.71857775976287,-33.8605797459914,0.0,0.0,0.0,0.0,0.0,0.0,0.0,0.0,384.1494207416357,-353.2439883694062,100.0,-1146.6891805128544,154.77151770188584,0.0,47.15949909678829,1789.0183036189437,3158.9367301151633,100.0,279.2949125818632,122.7185777599334,0.0,93.31671888733824,0.0,0.0,0.0,0.0,0.0,0.0,0.0,0.0
-960.6916360339621,-2603.7497940962544,251.88590358793653,-205.01100935923319,-1439.8919209812107,51.88632508641376,-392.62923070999113,274.66645346550126,296.7595903147032,490.4270227091169,-159.49738240745546,6.29534910159208,40.55203703046477,-1679.1154223219685,-3218.7518052062496,135.85615176214725,635.9299373633064,-116.5103301183899,-34.5455451643015,6.934352547178954,0.0,0.0,0.0,0.0,0.0,0.0,0.0,376.25476630523,-274.66645346550126,100.0,342.6406330799429,159.49738240745546,0.0,54.25771432981553,1775.5315193295273,3218.751805206244,100.0,-348.8283545971956,116.51033011854679,0.0,98.83029415225386,0.0,0.0,0.0,0.0,0.0,0.0,0.0,0.0
-877.0736027371029,-2593.695343237822,280.7682151226023,731.9578851509311,-786.9529114121406,63.474454886312515,-489.5114255210579,193.787902776309,299.1455642092497,-1445.1591508247486,-163.97437321088773,3.242362072572007,33.58754131496134,-1679.8779836689828,-3275.4168935600405,118.46738356615782,1518.9233520635855,-110.12028400446525,-34.96445622628897,7.002757533699292,0.0,0.0,0.0,0.0,0.0,0.0,0.0,533.4547679577461,-193.78790277630924,100.0,-192.0791779565647,163.97437321088432,0.0,62.10327810688484,1722.15742810882,3275.416893560045,100.0,-410.4709529024933,110.12028400461531,0.0,91.86891010039618,0.0,0.0,0.0,0.0,0.0,0.0,0.0,0.0
-807.1273754720172,-2427.6039849337753,315.17789313954745,-802.377215519902,-355.1316965617343,73.96355072069753,-556.7086812175623,110.73453624447416,299.99780793255786,-1213.8548860524675,-168.19550437890484,0.1644038193288111,39.737933203457196,-1701.329464759365,-3328.843577038006,100.93638783187642,763.4721227193984,-103.55841021306105,-31.60262026941524,9.836144501943087,0.0,0.0,0.0,0.0,0.0,0.0,0.0,542.0475140963574,-110.73453624447438,100.0,-1428.107971159097,168.19550437890143,0.0,70.69977376058232,1725.3547554294641,3328.8435770380106,100.0,-613.2635796733746,103.55841021319748,3.511466396667373,87.94868103556746,0.0,0.0,0.0,0.0,0.0,0.0,0.0,0.0
-737.8928574087927,-2356.5606610406944,354.5191482783549,-1363.4259899091387,1063.1226837322174,83.17199822833828,-653.3486600421974,25.63594731598573,299.3097578841936,979.5782872601785,-172.1541894122845,-2.9148205986865605,37.87242044371778,-1617.1239490553774,-3378.9484905905547,100.0,-1166.4176650401305,-96.83494765298292,0.0,12.606278266075252,0.0,0.0,0.0,0.0,0.0,0.0,0.0,668.8400250125363,-25.63594731598596,100.0,328.0967096052598,172.1541894122879,0.0,76.28407477965372,1647.5231678723846,3378.9484905905497,116.60181954317423,-1683.5291921070325,96.83494765286014,34.99328409691209,100.0,0.0,0.0,0.0,0.0,0.0,0.0,0.0,0.0
-576.445632943597,-2191.275538301353,398.1108029579498,-653.4756153392377,2144.888385762397,90.94035694446916,-763.6837389367261,-61.375079272654375,297.0867131182568,-938.7852617819783,-175.84425132307388,-5.971596370588088,24.192609217492553,-1637.1526708396677,-3425.653452336786,100.0,-2031.135317676294,-89.96038736977653,0.0,10.56505651754244,0.0,0.0,0.0,0.0,0.0,0.0,0.0,807.7636598456331,61.37507927265415,100.0,-1582.4661301492279,175.8442513230773,0.0,70.02283981301018,1637.2979067605825,3425.653452336782,134.01216712063382,-59.81578244317802,89.96038736977653,34.60297888616694,89.63021600043264,0.0,0.0,0.0,0.0,0.0,0.0,0.0,0.0
-421.8602262972315,-2170.210653400335,445.19808568502447,377.39234059901406,1104.8254431631813,97.13412094720809,-829.1186398673359,-150.16277468694625,293.34579453243396,-220.71460433754908,-179.2599322733929,-8.98238157493438,19.4989333067222,-1596.4761969556032,-3468.8855855567062,100.0,2159.986344181866,-82.94545617712174,0.0,9.163785378177305,0.0,0.0,0.0,0.0,0.0,0.0,0.0,823.3509048138482,150.16277468694602,100.0,309.27980753042334,179.2599322733929,0.0,78.82924200159715,1561.3235702707934,3468.885585556702,151.16056818118625,-1408.2943788252635,82.94545617712174,33.94617699022973,88.29847691305784,0.0,0.0,0.0,0.0,0.0,0.0,0.0,0.0
-193.23888548794025,-1959.509543369068,494.96569961065416,982.7368231394529,909.0130598465191,101.64604777123714,-874.282859331094,-240.58859784310346,288.1158130104924,-1491.4664887734084,-182.39590255906535,-11.92398848909022,24.719865094873935,-1574.990075828297,-3508.5774324053646,100.0,-850.7286100584679,-75.80109991785548,0.0,12.257682766211813,0.0,0.0,0.0,0.0,0.0,0.0,0.0,897.2989747149536,240.58859784310323,100.0,-154.1183262772421,182.39590255906535,0.0,84.63901021074426,1583.5794702019477,3508.577432405361,167.91495340056872,-543.6433235761695,75.80109991785548,33.02793680389044,74.1604133548345,0.0,0.0,0.0,0.0,0.0,0.0,0.0,0.0
-172.4728269795016,-1838.1892841652927,546.5519390584351,115.49959520551987,13.469899116887518,104.39801526752319,-946.840678461679,-332.51145158251745,281.4370475337244,444.841227809581,-185.24726892635897,-14.773762170707698,13.900243870736007,-1517.4509304754563,-3544.6670591716293,100.0,-298.4754078395713,-68.5384663850732,0.0,26.87730521701148,0.0,0.0,0.0,0.0,0.0,0.0,0.0,977.8270454079653,332.5114515825172,100.0,1038.0005859059447,185.24726892635726,0.0,89.55034937540789,1544.8537476221068,3544.667059171626,184.14628798850828,-2072.049691665953,68.5384663850732,31.855330202857033,82.00563803850947,0.0,0.0,0.0,0.0,0.0,0.0,0.0,0.0
74.9010955231264,-1758.0218314174165,599.063609602334,-629.461552706379,1459.992054905864,105.34237425569188,-1078.4591716630018,-425.7879028346299,273.36093497022637,-676.6765571953891,-187.80958220711796,-17.50975493596968,9.363706470356048,-1426.8821671717774,-3577.09815291729,100.0,-910.5670007663582,-61.16888792744248,0.0,27.623518983388106,0.0,0.0,0.0,0.0,0.0,0.0,0.0,993.9041604877563,425.78790283462956,100.0,77.80005352432568,187.80958220712137,0.0,90.46710819670231,1435.2590793402242,3577.098152917293,199.72956545703425,-161.10886231097993,61.168887927449305,30.437388079334653,70.23322322302683,0.0,0.0,0.0,0.0,0.0,0.0,0.0,0.0
104.48815328124755,-1538.1250663929743,651.5914933591397,1517.1662061250106,-2225.947243939363,104.46277354996994,-1177.7041175176207,-520.2724064246344,263.94967393112165,1285.5984865891196,-190.0788442610974,-20.110895390847077,10.866474271571212,-1377.947063076437,-3605.820109345717,100.0,-1727.3271298493103,-53.703863766579616,0.0,37.48135406206798,0.0,0.0,0.0,0.0,0.0,0.0,0.0,1135.7940743304353,520.2724064246341,100.0,-964.1141484589707,190.0788442610974,0.0,94.39174552190732,1401.9912401087342,3605.820109345719,214.5447703645994,-898.4772570200801,53.70386376656597,28.78503079012006,71.52354829463916,0.0,0.0,0.0,0.0,0.0,0.0,0.0,0.0
171.68388023113909,-1508.2894373035085,703.2260917205962,413.4614236843183,-544.3056160957531,101.77444307322219,-1210.1577932588566,-615.8175321769128,253.27574574464015,-1512.6072641694554,-192.05151421449045,-22.557150713564482,0.3593122581819763,-1345.907811475176,-3630.788111762957,100.0,190.0221622772301,-46.15504205408115,0.0,26.514344112595648,0.0,0.0,0.0,0.0,0.0,0.0,0.0,1192.572665285965,615.8175321769124,100.0,-1662.9813454345003,192.05151421448875,0.0,98.44047637556605,1278.4053963139881,3630.788111762959,228.4778026214036,1942.7028809024625,46.15504205408115,26.910984052896936,61.36254607691825,0.0,0.0,0.0,0.0,0.0,0.0,0.0,0.0
387.55695122909935,-1260.5256484252957,753.0733729460342,1074.5545942997237,111.26945889206809,97.32393015703735,-1187.2430018450546,-712.2741949596741,241.42135623730996,961.5352136712795,-193.7245139851359,-24.829680938442635,15.357489675274671,-1369.177530260005,-3651.963201008074,100.0,502.69267592098913,-38.534201696279524,0.0,42.75307093871458,0.0,0.0,0.0,0.0,0.0,0.0,0.0,1297.277869607493,712.2741949596738,100.0,-46.448137572396035,193.7245139851359,0.0,96.76476079110475,1296.993697223299,3651.963201008076,241.42135623730877,-198.0912008611631,38.534201696231776,24.82968093844306,67.56266571243856,0.0,0.0,0.0,0.0,0.0,0.0,0.0,0.0
610.8249413138814,-1154.6874689084711,800.2702519526696,53.47181607180943,521.3643649644848,91.18829359431345,-1416.3404132726787,-809.4918873119688,228.47780262140492,919.2831672365548,-195.0952330849094,-26.910984052896936,1.389736568823173,-1175.277801009416,-3669.312336243601,100.0,-1272.3281839574236,-30.853233974601153,0.0,63.58270934630967,0.0,0.0,0.0,0.0,0.0,0.0,0.0,1287.5781422286298,809.4918873119684,100.0,849.6039306456703,195.0952330849094,0.0,92.9188995928606,1229.2649295202393,3669.3123362436017,253.2757457446391,-771.0703182112309,30.853233974553405,22.557150713564482,49.57952038750338,0.0,0.0,0.0,0.0,0.0,0.0,0.0,0.0
724.3127252548892,-1060.7929740286409,843.9995342772705,839.4095232730626,2341.0593531730765,83.47376939729884,-1354.7337891386817,-907.318914290054,214.5447703645996,843.6998443666937,-196.16153269381925,-28.785030790119635,5.385447039597783,-1142.3600690004903,-3682.808446511259,100.0,387.8986302541671,-23.124123991117358,0.0,50.78378753803773,0.0,0.0,0.0,0.0,0.0,0.0,0.0,1419.6097093223918,907.3189142900536,100.0,-202.85487022429948,196.16153269381925,0.0,90.14909851051723,1062.8247046878007,3682.8084465112574,263.94967393112154,-1960.0102447095503,23.124123991144643,20.110895390847077,51.87819932361302,0.0,0.0,0.0,0.0,0.0,0.0,0.0,0.0
732.7060672361811,-952.7639786246425,883.5040654607095,656.2388103862827,-1483.7897423406503,74.31393136578322,-1478.5344809005794,-1005.6026301666279,199.72956545703448,1214.0474439828643,-196.92174899681618,-30.43738807933508,9.219533618963268,-1053.7133835919847,-3692.430472972489,100.0,-1353.5465480565558,-15.358931967432454,0.0,60.91014441609981,0.0,0.0,0.0,0.0,0.0,0.0,0.0,1468.465792213317,1005.6026301666276,100.0,1335.2264061470134,196.92174899681447,0.0,92.10160306383688,1068.5230487128,3692.4304729724895,273.36093497022625,1441.709620875606,15.358931967452918,17.50975493596968,46.27574284467331,0.0,0.0,0.0,0.0,0.0,0.0,0.0,0.0
881.0157454828052,-795.7087792454142,918.0998408646471,800.3384513423055,-311.58350166917273,63.86737831122048,-1513.5840855997367,-1104.1896766136772,184.1462879885098,-428.811303878698,-197.37469578008927,-31.855330202857886,10.987916565012128,-971.4351317354611,-3698.1634017679085,100.0,633.3714234418898,-7.569774426117419,0.0,64.55536922998591,0.0,0.0,0.0,0.0,0.0,0.0,0.0,1490.5686300263628,1104.1896766136767,100.0,-95.80728415383419,197.37469578008586,0.0,100.0,913.4520773156416,3698.1634017679085,281.43704753372367,-926.0568599990535,7.569774426117419,14.773762170708551,40.06826588406664,0.0,0.0,0.0,0.0,0.0,0.0,0.0,0.0
994.4429615243945,-623.2762273521538,947.1878489292835,1764.523266883632,-675.3365799492224,52.3149879845181,-1574.2711904341695,-1202.9262219972395,167.91495340057025,-1041.6287037996733,-197.51966628185642,-33.027936803890015,1.9242136881372343,-960.2603980997476,-3699.998287444378,100.0,1412.6458234338038,0.23119471531799718,0.0,72.37870553956013,0.0,0.0,0.0,0.0,0.0,0.0,0.0,1550.5906918992673,1202.9262219972393,100.0,609.1951929588606,197.51966628185642,0.0,94.5622271557129,862.3723589594823,3699.998287444378,288.1158130104918,-291.105403134726,-0.23119471531799718,11.923988489091073,33.59324167449824,0.0,0.0,0.0,0.0,0.0,0.0,0.0,0.0
1167.8150346651971,-377.58788040006044,970.2644428110801,-662.0348125538976,-10.531179240305164,39.85678525189314,-1547.133618535935,-1301.6582014106525,151.16056818118787,-1167.6218307898057,-197.35643429569677,-33.946176990229304,5.74349205270224,-798.2393737512956,-3697.9322669131666,100.0,-163.0787068688113,8.03180310893822,0.0,63.793416121653294,0.0,0.0,0.0,0.0,0.0,0.0,0.0,1555.1018566676369,1301.6582014106523,100.0,-1286.0966253704566,197.35643429569677,0.0,92.52243221166438,836.6784619835181,3697.9322669131666,293.34579453243384,-321.6624374532586,-8.031803108945041,8.982381574935232,30.980155976123207,0.0,0.0,0.0,0.0,0.0,0.0,0.0,0.0
1310.347485099089,-295.24963208298396,986.9300608197839,1275.8155936333287,-49.98082254473303,26.708478747227105,-1674.8554375940114,-1400.2315570718358,134.01216712063405,-82.21598938233683,-196.8852545225866,-34.60297888614562,7.257710221257025,-651.3828998441508,-3691.9685639174077,100.0,-485.7614752491344,15.81987896972123,0.0,71.63379418579645,0.0,0.0,0.0,0.0,0.0,0.0,0.0,1662.2768123539383,1400.2315570718356,100.0,-359.89606299927914,196.8852545225866,0.0,86.02870187801611,635.7970418267782,3691.968563917408,297.08671311825697,-16.534522557496985,-15.819878969734873,5.971596370580414,28.282690071237145,0.0,0.0,0.0,0.0,0.0,0.0,0.0,0.0
1469.0841011321534,-191.52884744555774,996.8961446640446,-288.42713515636774,-199.28801410115454,13.097725966218263,-1725.971207949879,-1498.492478709404,116.60181954317449,-614.2861127569165,-196.10686217466537,-34.99328409691209,16.697061042463883,-657.9551738490532,-3682.116484001892,100.0,337.47907284145697,23.583270067990725,0.0,87.43206738510702,0.0,0.0,0.0,0.0,0.0,0.0,0.0,1665.72507488899,1498.4924787094037,100.0,1795.2368909786696,196.10686217466537,0.0,73.4573357110502,650.7388650173722,3682.116484001893,299.3097578841936,340.0969206783117,-23.583270067997546,2.9148205986865605,21.33646173110185,0.0,0.0,0.0,0.0,0.0,0.0,0.0,0.0
1433.7574340707383,77.97879007296702,999.9901357190347,115.89895087001423,-247.90832573895054,-0.7398085293209533,-1681.0235986793691,-1596.2876435626608,100.0,771.2740067278196,-195.02247182658493,-3.511466396692313,17.963729042223648,-541.3478777038782,-3668.39139999303,100.0,-8.578504862670684,31.30986269120058,0.0,84.55446054275586,0.0,0.0,0.0,0.0,0.0,0.0,0.0,1721.0926615703602,1596.2876435626604,100.93638783187474,171.28919477548948,195.02247182658493,31.602620269390087,83.04759801550018,546.8224831611933,3668.3913999930314,299.99780793255786,-150.65268091764665,-31.30986269120058,-0.1644038193288111,17.378801141904553,0.0,0.0,0.0,0.0,0.0,0.0,0.0,0.0
1460.5609249603967,124.1245932754465,996.1584628077484,2280.250928462592,907.8122958766537,-14.564533545795939,-1753.1311898269632,-1693.4644556208118,100.0,1156.3913063435518,-193.63377552165161,0.0,17.696356985868423,-493.77489153636577,-3650.814728011657,100.0,509.5161868827816,38.987600545849546,0.0,79.91582807481358,0.0,0.0,0.0,0.0,0.0,0.0,0.0,1696.311457531253,1693.4644556208116,118.46738356615757,37.949019667420316,193.63377552165502,34.96445622628897,80.542873676167,522.3049735071417,3650.8147280116586,299.14556420924987,-1682.0853215641123,-38.9876005458359,-3.242362072572007,15.777897379754021,0.0,0.0,0.0,0.0,0.0,0.0,0.0,0.0
1639.6868363339559,322.02891617804073,985.4674697638009,-124.27465362431917,1060.2846552662502,-28.1370796804282,-1762.8129850464393,-1789.8712837282264,100.0,121.26247197680527,-191.94294013097078,0.0,14.150327069158731,-419.4737635860302,-3629.413894056097,100.0,241.51196899652746,46.60450356962201,0.0,91.78326557086262,0.0,0.0,0.0,0.0,0.0,0.0,0.0,1779.9321054913344,1789.871283728226,135.8561517621456,224.6283954527189,191.94294013097078,34.54554516430193,74.90243759011662,342.80086213860346,3629.4138940560993,296.75959031470325,503.9640121558111,-46.60450356961519,-6.295349101592933,12.442495528813723,0.0,0.0,0.0,0.0,0.0,0.0,0.0,0.0
1642.1315830036776,467.73819836192797,968.1022667153609,-2070.4549497488983,-1209.9728424302198,-41.22244390364358,-1783.4553457727025,-1885.3576981841657,100.0,-294.394785028519,-189.9526039724526,0.0,32.36691635823545,-310.77133361147685,-3604.2222912076363,100.0,280.5462970613124,54.148686624675975,0.0,89.10407242010217,0.0,0.0,0.0,0.0,0.0,0.0,0.0,1740.7626719210905,1885.3576981841654,152.96877189528368,-1355.2160461933238,189.9526039724526,33.860579745990975,75.49190536184935,318.7211875130413,3604.222291207639,292.85826195396845,1593.2025110763693,-54.14868662466915,-9.299852164141953,11.929711768283088,0.0,0.0,0.0,0.0,0.0,0.0,0.0,0.0
1739.1160104112098,677.5157016041322,944.3635249797368,826.3744908723868,-636.6716262281409,-53.594058539456455,-1744.858472727189,-1979.7747054678143,100.0,-1457.0908507482704,-187.6658726942219,0.0,33.53008059972346,-154.021415702798,-3575.2792275251745,100.0,-1019.7477838939901,61.60837804280163,0.0,89.53941945730381,0.0,0.0,0.0,0.0,0.0,0.0,0.0,1760.648322482976,1979.774705467814,169.6734502100246,670.3996586595827,187.6658726942253,32.91483526901402,60.893468142289095,158.23189895675176,3575.279227525172,287.4716254152381,-1666.5986018765618,-61.6083780427266,-12.232731919868911,7.280742953152837,0.0,0.0,0.0,0.0,0.0,0.0,0.0,0.0
1827.0975606088703,722.8959205552784,914.6622710637454,774.4019200141099,808.5696734376779,-65.03771419111274,-1775.91695850205,-2072.974980722305,100.0,-1176.406561452602,-185.08631442817205,0.0,35.364675088845296,-140.46643668196285,-3542.629864710364,100.0,1400.2647342124114,68.97193799327624,0.0,97.22523251304614,0.0,0.0,0.0,0.0,0.0,0.0,0.0,1766.812186222341,2072.9749807223047,185.84153473646688,435.58582695834843,185.08631442816522,31.71559543484065,59.11945909982042,117.97459065234624,3542.629864710361,280.6411661667619,-471.95583999648136,-68.97193799318075,-15.071400639067747,10.710538613987444,0.0,0.0,0.0,0.0,0.0,0.0,0.0,0.0
1802.2781440473304,924.2644445183885,879.5127699095174,-381.2545389915351,85.72310820931989,-75.35526868822672,-1811.8788383793117,-2164.8130976351154,100.0,-384.5679298926518,-182.21795422311743,0.0,45.72284430986397,-44.65949499409635,-3506.3251476389287,100.0,1442.4162049067518,76.22787664559837,0.0,93.66478991688341,0.0,0.0,0.0,0.0,0.0,0.0,0.0,1837.9065713027385,2164.8130976351154,201.3485061103617,-986.2029264686726,182.21795422311743,30.272096252935512,49.686752635011054,39.077071764997825,3506.325147638932,272.41948935430173,-421.5286994752035,-76.22787664548923,-17.793996163389636,6.964077226323834,0.0,0.0,0.0,0.0,0.0,0.0,0.0,0.0
1834.1447061516235,1038.6719013140964,839.5236206094794,-84.93727198381521,507.41786605969367,-84.36807783684628,-1810.6062581700783,-2255.1457553559176,100.0,-665.678097178054,-179.0652677637786,0.0,49.376514890062765,171.9102857288562,-3466.421724868164,100.0,-599.9749353939025,83.36487209755887,0.0,96.76400454652567,0.0,0.0,0.0,0.0,0.0,0.0,0.0,1773.6344085981143,2255.1457553559176,216.074936565612,556.0656552531577,179.0652677637854,28.59545490914485,57.19018256477524,-173.6816855007529,3466.4217248681675,262.86991465979474,-371.47180564471006,-83.36487209743609,-20.379550278374268,5.570289041348126,0.0,0.0,0.0,0.0,0.0,0.0,0.0,0.0
1947.842696118283,1173.2183649538772,795.3872187644582,-1029.5302771852823,-246.08203917139235,-91.9200885697785,-1864.564466192292,-2343.832002098061,100.0,168.4994780480406,-175.63317438708054,0.0,57.23198323950966,181.94121758627742,-3422.981860244553,100.0,-38.51808786947544,90.37178804145242,0.0,87.2429777085066,0.0,0.0,0.0,0.0,0.0,0.0,0.0,1797.5150512969344,2343.832002098061,229.90740971359463,-1083.5326318737964,175.63317438708737,26.698584146092514,45.07328236643889,-194.9907009834288,3422.981860244557,252.06598864145943,-201.64632761846335,-90.37178804145242,-22.808150201271786,9.707850786229086,0.0,0.0,0.0,0.0,0.0,0.0,0.0,0.0
1960.9118755531224,1422.654728370851,747.8677679399026,-716.722398007355,-1391.7687063365531,-97.88054094065444,-1798.0695161274643,-2430.7334550745777,100.0,679.1402116619577,-171.9270294066814,0.0,68.606421255706,341.2207462753776,-3376.0733357495565,100.0,970.1290625004103,97.23769114128118,0.0,97.23470697026423,0.0,0.0,0.0,0.0,0.0,0.0,0.0,1763.366961814841,2430.7334550745773,242.7393940255024,-382.6121331153354,171.92702940668823,24.596092815004624,44.90957949176318,-297.70803749889797,3376.0733357495524,240.0909183110475,-420.11996834716854,-97.23769114128118,-25.06109194040448,9.791563922697145,0.0,0.0,0.0,0.0,0.0,0.0,0.0,0.0
1991.8261529910824,1481.3196556598803,697.7880477968191,-949.7587475542559,1711.036874228323,-102.14623217912276,-1766.7499448807152,-2515.714516425615,100.0,1762.0770320592112,-167.95261575599397,0.0,61.18441347528189,443.5983899788183,-3325.7693457350733,100.0,571.1135583548867,103.95186809198094,0.0,93.07077545665958,0.0,0.0,0.0,0.0,0.0,0.0,0.0,1775.7750046663243,2515.7145164256144,254.4720632905957,378.6480245646328,167.95261575599397,22.304173364869655,40.25077807449773,-407.0756734077579,3325.769345735069,227.03693031062207,-381.50060122465476,-103.95186809197412,-27.121024344953923,2.4413521999400043,0.0,0.0,0.0,0.0,0.0,0.0,0.0,0.0
2028.967673307644,1610.7813580597697,646.0151680018317,-37.892529666348764,-336.50919230660406,-104.6433036033659,-1792.8636026515849,-2598.642584800442,100.0,-147.8844273937932,-163.71613496523878,0.0,68.34150032310234,432.5350501490066,-3272.148382713639,100.0,642.5046910656749,110.50384233654313,0.0,92.02965220689735,0.0,0.0,0.0,0.0,0.0,0.0,0.0,1721.5284930362939,2598.6425848004415,265.01505773153417,671.5704320896907,163.71613496523196,19.84047713542253,31.623214608958502,-464.2971553241204,3272.148382713634,213.00456062415645,-1049.8010941800571,-110.50384233654313,-28.972082735774052,16.414377610242834,0.0,0.0,0.0,0.0,0.0,0.0,0.0,0.0
2117.388296088765,1889.0532608245067,593.4455545815024,820.2328424614848,-951.1948540599917,-105.32851945344987,-1675.9838302107623,-2679.388262263732,100.0,-943.0507017132152,-159.22419748460243,0.0,77.23927562667375,539.6953951722301,-3215.2941148815735,100.0,2121.664238333114,116.88339041317477,0.0,95.45045397075086,0.0,0.0,0.0,0.0,0.0,0.0,0.0,1708.315451414643,2679.388262263732,274.2871799150023,-1234.4745142897216,159.22419748460243,17.223978414413637,25.072993094529885,-572.9721471430162,3215.294114881569,198.1018802942906,-1179.256943048615,-116.88339041317477,-30.600011088062615,11.33013167151888,0.0,0.0,0.0,0.0,0.0,0.0,0.0,0.0
1951.5515931360471,1926.1508259738866,540.9894286759894,-910.1190245962175,702.4073070802876,-104.19001549973927,-1662.1430166450364,-2757.8255562033946,100.0,-911.2219050029648,-154.4838123696195,0.0,69.34361282855147,582.506738176806,-3155.2952555661755,100.0,203.40180790787826,123.08055790757862,0.0,83.96122552926603,0.0,0.0,0.0,0.0,0.0,0.0,0.0,1669.1941019250473,2757.8255562033946,282.2170200980813,-170.44217708675774,154.48381236961268,14.474828306125573,19.003974152816756,-648.453176041046,3155.2952555661695,182.44366310745522,419.1872786167494,-123.08055790757862,-31.99227182489352,19.0448151521947,0.0,0.0,0.0,0.0,0.0,0.0,0.0,0.0
1980.613595101661,1934.112375032792,489.5550464360132,-48.53198802435372,1330.936919627053,-101.24750446804654,-1580.7558639332076,-2833.832075924858,100.0,-429.303739354109,-149.50237634446012,0.0,86.34187553115167,759.1141348871588,-3092.245424800667,100.0,742.7545059157649,129.08567498546972,0.0,77.64737892684919,0.0,0.0,0.0,0.0,0.0,0.0,0.0,1645.3896836262259,2833.832075924858,288.7435061941773,276.2381492189172,149.50237634446012,11.61419953656491,26.711150010843447,-721.7315156505855,3092.2454248006734,166.1505016574227,-280.3568608747355,-129.0856749854629,-33.13814237603836,17.95000018241765,0.0,0.0,0.0,0.0,0.0,0.0,0.0,0.0
1983.176785357004,2237.153162473544,440.0329729428021,631.8801890912891,-293.3218151302958,-96.55193472110739,-1535.7124688601386,-2907.289223625025,100.0,-148.47081209895123,-144.28766226031257,0.0,79.88223935935888,837.9644529252653,-3026.243003242955,100.0,-238.31167860104074,134.88937148103105,0.0,79.0836599576625,0.0,0.0,0.0,0.0,0.0,0.0,0.0,1588.0580507045952,2907.2892236250245,293.8163741229546,591.454763629381,144.28766226031257,8.664123390584848,22.615569247611013,-909.7069772532132,3026.243003242961,149.34787859503936,1468.7215096313219,-134.88937148103787,-34.028797758405744,21.216592303425347,0.0,0.0,0.0,0.0,0.0,0.0,0.0,0.0
1910.795701519132,2283.5541896424256,393.28066244160306,17.63714043182631,-1629.3645367994532,-90.1846081096204,-1522.1422451555145,-2978.0823794479998,100.0,250.24951639233223,-138.84780696707367,0.0,84.66995398436559,896.4331747228701,-2957.390978665968,100.0,964.821384081232,140.48259151779575,0.0,75.60828816321845,0.0,0.0,0.0,0.0,0.0,0.0,0.0,1559.0193211964652,2978.0823794479993,297.39655492182965,-1972.1538723309277,138.84780696706684,5.647320036774772,1.1277502122573058,-908.7059887157255,2957.390978665974,132.16520021689843,-434.9588266676085,-140.48259151797993,-34.6573785421225,26.711401558457318,0.0,0.0,0.0,0.0,0.0,0.0,0.0,0.0
1862.6977652941323,2453.5137836416507,350.1076118756152,255.52619179753037,1070.6067763007673,-82.25577226347468,-1497.1707681494483,-3046.1010803337085,100.0,-495.5916486440083,-133.19129861647752,0.0,85.23166754719432,1026.3852393529123,-2885.796785259334,100.0,-19.112220798403428,145.85660763905025,0.0,73.71117007105681,0.0,0.0,0.0,0.0,0.0,0.0,0.0,1535.6239669756744,3046.101080333708,299.4564756376627,653.489474572392,133.19129861647752,2.5870235468670444,18.101555961760337,-942.3059555726844,2885.7967852593406,114.73479983584461,-278.2630661650086,-145.8566076392549,-35.019043678799804,23.30851801389381,0.0,0.0,0.0,0.0,0.0,0.0,0.0,0.0
1865.7939546989421,2414.8014119650106,311.26134478084697,-745.7557834495981,1200.6972173242093,-72.9027116999319,-1447.8920871012122,-3111.2391923804425,100.0,870.9248461397488,-127.32696341807468,0.0,91.70837781657532,1040.9727909046992,-2811.5721359929767,102.8090813910654,1146.1125769304385,151.0030344259576,35.11100778512059,64.33844642529482,0.0,0.0,0.0,0.0,0.0,0.0,0.0,1348.3272979903675,3111.2391923804425,299.98027168132955,-312.5291814092077,127.32696341807468,-0.4931970426963517,5.528774560329539,-1091.866780376149,2811.5721359929694,100.0,-1012.8747240948121,-151.0030344261486,0.0,34.657448408853334,0.0,0.0,0.0,0.0,0.0,0.0,0.0,0.0
1787.558443015531,2574.0027161509793,277.41446822486427,-727.8027557763028,44.6560741485564,-62.287370799123494,-1376.1628358413686,-3173.3950764523165,100.0,267.86240333347905,-121.26395186677883,0.0,95.20402802896064,1162.078275052462,-2734.8328483042533,120.33132832800453,-208.78692040571536,155.9138415819075,34.932562594621785,63.89922822865579,0.0,0.0,0.0,0.0,0.0,0.0,0.0,1380.1507137820186,3173.395076452316,298.9639090096967,-1111.5473226673578,121.26395186678565,-3.569619248962681,5.068835868222268,-1225.9262324101417,2734.8328483042606,100.0,405.83868293380306,-155.91384158170285,0.0,46.57059686323321,0.0,0.0,0.0,0.0,0.0,0.0,0.0,0.0
1797.6915085513945,2727.5719833771677,249.1530268932878,764.6283820204803,460.4647564300353,-50.59354980343585,-1319.580487977119,-3232.471746773278,100.0,-558.605508441135,-115.01172446482542,0.0,94.92332099237585,1228.1840715378535,-2655.698663380704,137.69699245677458,57.41232393637233,160.58136646200865,34.48508241244326,62.18772494898845,0.0,0.0,0.0,0.0,0.0,0.0,0.0,1313.3495335726404,3232.471746773278,296.4152151940219,883.8544905393019,115.01172446483224,-6.618549842429218,7.911176878284504,-1218.85324844118,2655.698663380712,100.0,-1530.0532469148982,-160.58136646178355,0.0,34.767233981687546,0.0,0.0,0.0,0.0,0.0,0.0,0.0,0.0
1698.1268132071457,2889.379964657544,226.96635596811961,-1119.2423788105452,634.0112773153919,-38.02372239284665,-1254.976030867515,-3288.3770222601943,100.0,-316.1324304171194,-108.5800369598951,0.0,85.41978844534867,1271.245631727485,-2574.2930593201854,154.77233119002065,-926.0545236617645,164.99832603054074,33.772013531045815,38.73420098260316,0.0,0.0,0.0,0.0,0.0,0.0,0.0,1323.6798959341177,3288.3770222601943,292.35381913549486,-331.8425647353047,108.5800369598951,-9.616507321713925,2.620212159079227,-1289.0803735065554,2574.2930593201927,100.0,978.8080124048349,-164.99832603053392,0.0,46.86203864080728,0.0,0.0,0.0,0.0,0.0,0.0,0.0,0.0
1648.9025956201074,2920.8992164051606,211.23860849124225,-580.8053514268101,-82.71574526390168,-24.79552993635366,-1183.8636060729393,-3341.023670358833,100.0,168.95751368092078,-101.97892512290764,0.0,100.0,1271.9199864234379,-2490.743058460196,171.42583789688564,-333.0009894072043,169.1578282252135,32.79884768840475,51.8260166643408,0.0,0.0,0.0,0.0,0.0,0.0,0.0,1146.2812503364044,3341.023670358833,286.8109998922118,181.00638841227465,101.97892512290764,-12.540402757591096,5.082569540488305,-1345.3143083744224,2490.7430584602043,100.0,-1282.8620703374997,-169.15782822520669,0.0,49.76554160312431,0.0,0.0,0.0,0.0,0.0,0.0,0.0,0.0
1509.5193586527203,2891.4705736140077,202.24210391317342,290.1164969886315,-1145.6632603760181,-11.13801312193715,-1106.8492788534702,-3390.3295431583683,100.0,-1336.7256231054023,-95.21868908807846,0.0,98.82965663541408,1421.6585649616422,-2405.1790291768457,187.52925470833463,-346.14165522131543,173.05338271019082,31.573079773095856,36.24326121227698,0.0,0.0,0.0,0.0,0.0,0.0,0.0,1104.6739305143772,3390.329543158368,279.8294457818392,-479.01925321267754,95.21868908808528,-15.36771761360228,2.4569158628879073,-1464.2689315373082,2405.179029176854,100.0,366.1096329743589,-173.05338271019082,0.0,62.25872116837752,0.0,0.0,0.0,0.0,0.0,0.0,0.0,0.0
1373.9669411719221,2998.9082069892966,200.13261299427478,-752.6095634964645,2423.612288380575,2.712353788632811,-1053.3975501437358,-3436.2177055719903,100.0,385.4682044433662,-88.30987728128093,0.0,88.43208472472107,1535.9565883235232,-2317.734482462786,202.95856030196666,166.29130909628202,176.67891100425095,30.104150102000204,31.7885546109894,0.0,0.0,0.0,0.0,0.0,0.0,0.0,1008.9039851801762,3436.2177055719903,271.46292561526593,-499.05045856205845,88.30987728128093,-18.076677173752387,17.993760218715444,-1485.8457101499744,2317.734482462778,100.0,938.8972738412849,-176.67891100400539,0.0,65.35204930241818,0.0,0.0,0.0,0.0,0.0,0.0,0.0,0.0
1320.2822599183392,3071.8194667998578,204.9466606983898,494.6808349879086,-159.98193262068753,16.515757413813787,-892.156375483287,-3478.6165553835945,100.0,-31.880927818104965,-81.26326996081389,0.0,85.01524625459895,1475.604589585938,-2228.5458636015264,217.5949250588311,195.2326486348943,180.0287559651747,28.403371715282617,33.764830310902866,0.0,0.0,0.0,0.0,0.0,0.0,0.0,928.7912192318038,3478.6165553835945,261.77587459324116,-849.0039181159261,81.26326996081389,-20.64641824174828,18.128301674050697,-1501.9941508631134,2228.5458636015187,100.0,-1831.7135135658305,-180.0287559651747,0.0,69.10023465833521,0.0,0.0,0.0,0.0,0.0,0.0,0.0,0.0
1181.7749004723862,3121.968008365623,216.60089377817752,-211.78814854232542,-1384.5957932702618,30.03319752194102,-832.9401686590244,-3517.459934973295,100.0,177.415784799702,-74.08986239572414,0.0,91.28347114370551,1559.715868385438,-2137.752339263188,231.32562623607535,872.333284485951,183.0976906169917,26.483843248233967,30.65743152159778,0.0,0.0,0.0,0.0,0.0,0.0,0.0,896.8669611285006,3517.4599349732944,250.84289805523682,-693.4863478885563,74.08986239572414,-23.057149819799605,9.128868682761402,-1634.7804887281868,2137.75233926318,100.0,-564.6745256666293,-183.0976906169917,0.0,64.6484492681008,0.0,0.0,0.0,0.0,0.0,0.0,0.0,0.0
994.9875911606871,3349.641201833437,234.8935240021578,-11.578964834070575,-990.7614202648961,43.0306252215226,-761.2912864681563,-3552.6872345473435,100.0,1514.1134852283408,-66.80084770978056,0.0,86.27924661422752,1521.6409676867488,-2045.4955803539015,244.0449161071486,-289.48541953356084,185.88092630591746,24.360348051615404,28.834659743575667,0.0,0.0,0.0,0.0,0.0,0.0,0.0,777.3966106223255,3552.687234547343,238.74819690246335,-555.198681608436,66.80084770978056,-25.29030553025933,9.628043906067568,-1603.1319300422488,2045.4955803538935,100.0,-274.65453704993024,-185.88092630592428,0.0,69.2431466127674,0.0,0.0,0.0,0.0,0.0,0.0,0.0,0.0
953.8362184542009,3329.313411974243,259.50782203459,1523.272809913546,-161.44548596487311,55.282995421148655,-710.3800181966925,-3584.243486711452,100.0,-356.47432413967124,-59.4075994158743,0.0,87.30321994634073,1641.7451762937199,-1951.919540957691,255.65483638355244,-1213.1295742937834,188.3741201726923,22.04924033680257,24.890863455757934,0.0,0.0,0.0,0.0,0.0,0.0,0.0,703.996891810163,3584.243486711452,225.58491912012946,-585.3444778126953,59.4075994158743,-27.3286866054643,18.718768317317508,-1636.1288314238773,1951.9195409576828,100.0,-138.84910499071339,-188.37412017243992,0.0,77.12996144464465,0.0,0.0,0.0,0.0,0.0,0.0,0.0,0.0
802.1258529468303,3365.0934758136364,290.01760147307056,-1065.6563525800602,1200.8535255344032,66.57816339201361,-649.5520177394906,-3612.0794522399074,100.0,874.5901100588333,-51.92165366905101,0.0,84.10701400071285,1621.3006509950842,-1857.1702337157662,266.06597264581785,787.1294534481194,190.5733819277043,19.568319222960042,20.794346849590596,0.0,0.0,0.0,0.0,0.0,0.0,0.0,642.8278472730173,3612.0794522399074,211.4544423932876,205.104345590388,51.92165366905101,-29.15659434494202,18.61587922279195,-1621.9495180609374,1857.170233715758,100.0,717.7007948005598,-190.57338192770771,0.0,85.13015993283058,0.0,0.0,0.0,0.0,0.0,0.0,0.0,0.0
726.192566614108,3458.971202524241,325.8945980900421,1076.9746150021028,-609.5153822478824,76.72055796696668,-541.2565725353813,-3636.151696906667,100.0,-1201.2955183100057,-44.35469126635326,0.0,77.15443090131643,1736.0717421959698,-1761.3955019937036,275.1981429734208,4.2013718859925575,192.47527992384107,16.936691656242147,10.148284448530275,0.0,0.0,0.0,0.0,0.0,0.0,0.0,519.221957427576,3636.151696906667,196.46559334117526,-590.9841908650372,44.35469126635326,-30.759951019971936,31.862227086191538,-1740.3909637883946,1761.3955019937125,100.0,460.5249214168225,-192.4752799241037,0.0,85.98766512073982,0.0,0.0,0.0,0.0,0.0,0.0,0.0,0.0
612.8615682142191,3432.0496779080936,366.5176165096693,-119.95451098370609,538.6356812966847,85.534567773432,-534.7352761113468,-3656.422659258537,100.0,-1266.9324491467105,-36.71851942000785,0.0,61.18178271793009,1712.4414900340612,-1664.7447891921151,282.981015470111,283.2392796258239,194.0768465085307,14.174625256504783,6.406048600206055,0.0,0.0,0.0,0.0,0.0,0.0,0.0,517.8768926872318,3656.422659258537,180.73380938322524,318.16935117655504,36.71851942000785,-32.126408293604385,27.874456690567527,-1761.4625857549006,1664.7447891921067,100.0,-1613.2497440749194,-194.07684650879332,0.0,87.84520029769658,0.0,0.0,0.0,0.0,0.0,0.0,0.0,0.0
445.04612805519963,3530.185951124712,411.18328594915897,-787.5724735005474,1144.972586059339,92.86758187289195,-430.89231536625397,-3672.860709224698,100.0,1257.6259882135964,-29.025053334285076,0.0,63.114270409326984,1731.570256520415,-1567.3689055605096,289.3546499287626,428.60979374830094,195.37558265565053,11.303392225273114,3.514654150365552,0.0,0.0,0.0,0.0,0.0,0.0,0.0,387.2805769266003,3672.860709224698,164.38024969162427,-956.3476049771302,29.025053334285076,-33.24544232239063,35.29948278141568,-1822.8047571593447,1567.3689055605012,100.0,1894.1864790869056,-195.37558265591315,0.0,99.02813058626177,0.0,0.0,0.0,0.0,0.0,0.0,0.0,0.0
304.13801286155774,3431.7894897393444,459.11823879330586,260.8385689605896,-1029.9039611103785,98.59263215523356,-308.0941192579756,-3685.440197471121,100.0,271.6407561922223,-21.28629761323282,0.0,59.20106203092641,1645.046551059711,-1469.4197928785454,294.2699594640686,222.13101684770663,196.36946186465366,8.345105516685862,10.536220016740732,0.0,0.0,0.0,0.0,0.0,0.0,0.0,205.9652235532137,3685.440197471121,147.5308620774858,42.9494017663076,21.286297613225997,-34.10843480614645,41.26250768576189,-1868.5861777396372,1469.419792878537,100.0,612.428826822146,-196.36946186465366,0.0,84.34918633425654,0.0,0.0,0.0,0.0,0.0,0.0,0.0,0.0
286.4883363298102,3480.9641670631827,509.49250113526995,1741.3079115498815,-839.3330933802463,102.6105917398769,-223.57745486591136,-3694.141495422843,100.0,-766.8631493265441,-13.51432752923074,0.0,64.70886432456697,1733.0814765263617,-1371.0502873715982,297.68908855780535,-774.172806773222,197.0569333223773,5.322548533418114,5.259131155898916,0.0,0.0,0.0,0.0,0.0,0.0,0.0,134.12475313626732,3694.141495422843,130.3154129970921,704.9986299337288,13.51432752923074,-34.708739362244216,50.19849503287729,-1794.0558329429812,1371.0502873715895,100.0,132.77584890308617,-197.05693332264332,0.0,93.97152074220253,0.0,0.0,0.0,0.0,0.0,0.0,0.0,0.0
61.10342813146419,3449.791072073018,561.433863431944,-1068.5593410314648,-687.5283584421572,104.85189131640709,-94.43017930277597,-3698.951025891686,100.0,-786.1008779450208,-5.721270181143154,0.0,60.97932364199595,1849.6086608340843,-1272.4138812306667,299.58570460511953,386.085182859274,197.43692432421767,2.258999659087806,0.0,0.0,0.0,0.0,0.0,0.0,0.0,0.0,72.101319778112,3698.951025891686,112.86648814859697,-1574.8247677340837,5.721270181143154,-35.04173271329442,51.386326181416976,-1884.813820434462,1272.413881230676,100.0,470.19459558221115,-197.43692432421767,0.0,100.0,0.0,0.0,0.0,0.0,0.0,0.0,0.0,0.0
