pos_x,pos_y,pos_z,vel_x,vel_y,vel_z,blue_p0_pos_x,blue_p0_pos_y,blue_p0_pos_z,blue_p0_vel_x,blue_p0_vel_y,blue_p0_vel_z,blue_p0_boost,blue_p1_pos_x,blue_p1_pos_y,blue_p1_pos_z,blue_p1_vel_x,blue_p1_vel_y,blue_p1_vel_z,blue_p1_boost,blue_p2_pos_x,blue_p2_pos_y,blue_p2_pos_z,blue_p2_vel_x,blue_p2_vel_y,blue_p2_vel_z,blue_p2_boost,orange_p0_pos_x,orange_p0_pos_y,orange_p0_pos_z,orange_p0_vel_x,orange_p0_vel_y,orange_p0_vel_z,orange_p0_boost,orange_p1_pos_x,orange_p1_pos_y,orange_p1_pos_z,orange_p1_vel_x,orange_p1_vel_y,orange_p1_vel_z,orange_p1_boost,orange_p2_pos_x,orange_p2_pos_y,orange_p2_pos_z,orange_p2_vel_x,orange_p2_vel_y,orange_p2_vel_z,orange_p2_boost,Target_Goal_Value
24.835707650561634,3542.0890387392005,600.0,-438.7687632429138,-2841.2116199699585,205.4720360603926,8.267105141564649,1300.0,100.0,-33.305254958594254,-0.9895966728709027,68.49253822517355,53.38050806824957,1807.0301460675234,-1199.9999999999998,300.0,-1764.3116908762659,-385.27720102398007,-0.3909483860968521,100.0,0.0,0.0,0.0,0.0,0.0,0.0,0.0,18.218433650856426,-1300.0,100.00000000000003,1334.6750098528419,0.9895966728709027,-8.526512829121202e-13,48.28029011252366,-1722.1197794208774,1199.9999999999995,100.0,-1896.0398015649935,385.27720102397325,0.0,0.0,0.0,0.0,0.0,0.0,0.0,0.0,0.0,-0.04904089407128572
228.0327441838933,3449.882594770806,701.6150659599624,1043.5334726978708,579.7472869225476,198.7313874893573,248.53312564871092,1292.5816803020225,134.07989613444354,423.32058108690876,-29.658464572710272,67.49083924527284,60.49322819378048,1825.91766939831,-1392.4488685930542,297.0750128237102,1261.8884051268867,-384.13395724416773,-11.671092943491317,79.89404499844544,0.0,0.0,0.0,0.0,0.0,0.0,0.0,-185.55927333475094,-1292.5816803020225,100.0,-996.3278451622816,29.658464572710272,0.0,38.599758919423905,-1801.9620972293797,1392.4488685930532,100.0,-453.48625502778873,384.1339572441609,0.0,10.142207416619865,0.0,0.0,0.0,0.0,0.0,0.0,0.0,-0.057020426354371746
477.9899991883423,3573.8577493116427,796.5630305246066,2104.8256296685113,-773.5388076826302,178.95170481145328,347.0268436937813,1270.3707463818027,167.16295967726174,127.85399416740461,-59.140916367848604,64.51504187227741,77.0458791204123,1827.4227344042267,-1583.7556193999192,288.38560679465536,-639.7694126341878,-380.7110106630023,-23.000807915053656,95.26004339161067,0.0,0.0,0.0,0.0,0.0,0.0,0.0,-344.57098619869737,-1270.3707463818027,100.0,-703.0326068274684,59.140916367848604,0.0,34.243595918152145,-1737.9518903039227,1583.7556193999194,100.0,834.3355389329008,380.7110106629989,0.0,3.901939061449772,0.0,0.0,0.0,0.0,0.0,0.0,0.0,-0.06629832272038531
715.6429937959845,3336.5419161853883,878.6142298045149,1239.4539423999458,-843.3258603133459,147.43075965862204,516.2595951135067,1233.4990124862293,198.28151526230332,-647.202248488922,-88.27238718311264,59.65218779773977,81.22934511292873,1777.3033032250453,-1772.7849127103004,274.1859459248812,1188.8178208308466,-375.02867529012065,-33.65775220465622,89.29745895313658,0.0,0.0,0.0,0.0,0.0,0.0,0.0,-506.39421611041445,-1233.4990124862293,100.0,-74.60492421668278,88.27238718311946,0.0,20.800667513482928,-1677.1038114866506,1772.7849127103,100.0,-785.3012331365551,375.02867529012065,0.0,9.910612813523969,0.0,0.0,0.0,0.0,0.0,0.0,0.0,-0.07708584232989273
958.8564407307687,3331.2518027233,942.3851740578991,-423.5074180507934,590.9038002048123,106.23668371414055,691.1864233032895,1182.1852996631874,226.52534912925927,-877.3915428233067,-116.87999176748008,53.04451487974177,84.99084516651337,1612.8384933775121,-1958.4149247401515,254.89136847390515,1492.8037395909837,-367.1206738298838,-43.33021155844648,69.59079680252128,0.0,0.0,0.0,0.0,0.0,0.0,0.0,-684.9382626996874,-1182.1852996631874,100.0,2209.17433777502,116.8799917674869,0.0,23.451031081826162,-1600.2806591386916,1958.4149247401501,100.0,1510.6049343594987,367.120673829877,0.0,25.85971236529643,0.0,0.0,0.0,0.0,0.0,0.0,0.0,-0.08962861870232462
1238.902614490962,3279.1779191192454,983.6917657063543,2441.475020302996,506.73417307171576,58.072275806250104,883.2109173062593,1116.7341371339662,251.06833275942844,-339.37319948785955,-144.79395383565816,44.885296703787105,82.46411134117409,1548.1799162823643,-2139.54400526965,231.06623835788758,-597.6575176074027,-357.0339375486742,-51.735267780693164,72.52392432604879,0.0,0.0,0.0,0.0,0.0,0.0,0.0,-905.7147390188761,-1116.7341371339667,100.0,-1780.0028554926746,144.79395383566498,0.0,11.493192489743564,-1540.6312311059603,2139.5440052696504,100.0,-601.2378337308428,357.0339375486674,0.0,30.679649572371822,0.0,0.0,0.0,0.0,0.0,0.0,0.0,-0.10421225282987544
1397.925026489977,2961.115454991369,999.8238236146958,710.1235766340199,-831.1306402530522,6.097667635243624,1055.485205321264,1037.533955017163,271.19258702894956,-173.8123055941037,-171.84861363193022,35.4131893552065,91.08082546136791,1474.825565732638,-2315.097215558022,203.40743757745636,-1478.011692157021,-344.8283277540486,-58.62707405473316,59.190824759061364,0.0,0.0,0.0,0.0,0.0,0.0,0.0,-1036.545308447716,-1037.533955017163,100.0,719.7405064297413,171.8486136319234,0.0,5.216968657743072,-1443.6185805796567,2315.097215558021,100.0,668.3298737373127,344.8283277540486,0.0,46.43896273584024,0.0,0.0,0.0,0.0,0.0,0.0,0.0,-0.12116881635704835
1585.5925538542333,2922.9890240278082,989.7229017269772,1855.3327093641883,958.5452752663491,-46.277016725398425,1205.3606658642375,945.0547791296408,286.3094800811151,612.4543397353932,-197.8834110637422,24.90525075927053,91.78983609276268,1390.1463612979983,-2484.0327077349266,172.72398250855468,233.35700835627108,-330.57628053848475,-63.804045930839806,62.97107027307588,0.0,0.0,0.0,0.0,0.0,0.0,0.0,-1123.2792622519155,-945.0547791296408,100.0,-387.62956088873807,197.8834110637422,0.0,2.1464511023866404,-1332.6044511354773,2484.032707734925,100.0,714.5344115152432,330.5762805384711,0.0,41.84109662868603,0.0,0.0,0.0,0.0,0.0,0.0,0.0,-0.14088441290426768
1751.4774676416478,2705.722679106059,954.0517351383874,-980.3889216117932,-1420.2179454528004,-95.61540366433405,1255.3756471703653,839.8454415451122,295.9768447326959,-97.02107007625273,-222.74383857059547,13.668836772403381,90.39549242772017,1226.5780962487988,-2645.3479078089213,139.91336027719052,-2075.795804434174,-314.36237689602194,-67.11475764551537,40.46990563526883,0.0,0.0,0.0,0.0,0.0,0.0,0.0,-1259.686650951537,-839.8454415451122,100.0,-562.2803053117707,222.7438385706023,0.0,4.235380369742648,-1208.5314349650562,2645.3479078089213,100.0,542.6650440247329,314.3623768960015,0.0,40.967711993876016,0.0,0.0,0.0,0.0,0.0,0.0,0.0,-0.16380796970808742
1907.7619051527877,2550.648220221078,895.1507571526761,309.2274643012104,-1010.8126524596673,-138.68033513520004,1473.0912025703133,722.5303234647088,299.9119118073479,-904.6626674940694,-246.28235807323108,2.032611062794274,97.82474156139814,1096.4865911647178,-2798.0854655989715,105.93527737609222,53.739386843425336,-296.2828407632787,-68.46237130566138,34.0809304790101,0.0,0.0,0.0,0.0,0.0,0.0,0.0,-1430.7542013162135,-722.530323464709,100.0,936.29996381139,246.28235807322767,0.0,14.226858749384856,-1111.1213032714575,2798.0854655989715,100.0,-367.0029243527881,296.2828407632787,0.0,69.02119203818765,0.0,0.0,0.0,0.0,0.0,0.0,0.0,-0.1904614597650274
1930.9834710490654,2253.3691885188223,816.8845402995591,182.2836630109282,961.8967777404328,-172.6462629578583,1593.7334694583712,593.805649729491,297.99958109775923,-1475.568448390303,-268.35927656133777,-9.663068259743,91.06904973440649,891.9484246186354,-2941.338936278219,100.0,-889.6537622775509,-276.4449679635072,0.0,25.186342612769785,0.0,0.0,0.0,0.0,0.0,0.0,0.0,-1515.6595589626331,-593.805649729491,100.0,-537.318641578438,268.35927656133435,0.0,14.451833141652976,-902.9355042048379,2941.3389362782177,128.21641162713402,-1130.0510702451897,276.4449679635345,67.80746938453312,81.71027390832423,0.0,0.0,0.0,0.0,0.0,0.0,0.0,-0.22145178723886091
1995.6932402285831,2184.0581057042064,724.3882365238605,-25.10552224616049,-1450.5277587156331,-195.28463684164933,1648.4683051657232,454.4353569656878,290.29578803195363,-81.72600337936387,-288.843575123492,-21.076104074848843,83.84113686293034,714.8564134778048,-3074.2581598119878,100.0,227.57387094669923,-254.9664894427542,0.0,26.875047127253104,0.0,0.0,0.0,0.0,0.0,0.0,0.0,-1589.3662336222658,-454.43535696568756,100.0,888.798176106369,288.8435751234954,0.0,12.445501869919841,-781.7070177090682,3074.2581598119878,161.54277420865745,176.62823369789066,254.96648944274057,65.16920767934039,87.44015794205978,0.0,0.0,0.0,0.0,0.0,0.0,0.0,-0.25748460676394874
2030.4024854617294,1734.9282679409994,623.7306529472302,-2667.750314422874,851.5112216851071,-205.1101225727689,1691.7949307952715,305.2465598837971,277.0258675691937,990.2757481332594,-307.61368649926567,-31.87266654850248,79.67633851745394,627.2188122565685,-3196.054306364933,100.0,757.6944560527329,-231.97487257719558,0.0,16.152929490863205,0.0,0.0,0.0,0.0,0.0,0.0,0.0,-1688.4578805790836,-305.24655988379754,100.0,286.5203361385761,307.61368649925544,0.0,20.722936284796976,-569.4268950668283,3196.054306364933,193.06901853664465,267.0752378931468,231.97487257718876,60.624755006637514,89.43627972935306,0.0,0.0,0.0,0.0,0.0,0.0,0.0,-0.2993803913123313
2009.5231049694103,1545.5411168106398,521.516069255689,-843.4218612580389,-1160.0762865950128,-201.47805679339172,1748.5976863453282,147.12464263750758,258.5779631813191,-463.12441835430263,-324.5582165390897,-41.73695761287064,60.45608219930623,386.5060977039166,-3306.0045577345663,100.0,944.0923580665873,-207.60656469833293,0.0,4.916550116085414,0.0,0.0,0.0,0.0,0.0,0.0,0.0,-1741.2481850408901,-147.12464263750826,100.0,26.072618065202278,324.55821653911016,0.0,37.39678133602371,-418.4628544310751,3306.0045577345663,221.8730060073361,1086.2510282822482,207.60656469833975,54.30703602433283,88.91746275833165,0.0,0.0,0.0,0.0,0.0,0.0,0.0,-0.348093114492442
1977.1590341695442,1251.381913667128,424.4509220107242,-2153.5711701395758,-516.357692595742,-184.6267442332021,1747.3181769406638,-18.991995626469816,235.49167370596936,116.99584446904169,-339.57660529019904,-50.38044801929033,56.493366170320165,177.85760844995258,-3403.4563970284626,100.0,-1813.9520146064917,-182.00618332477688,0.0,2.281023975711581,0.0,0.0,0.0,0.0,0.0,0.0,0.0,-1838.822232114728,18.991995626470043,100.0,-1665.1193528083218,339.57660529019904,0.0,46.30435927187382,-337.278750593875,3403.456397028462,247.11222368095434,-280.1259580970186,182.0061833247837,46.40084320249386,93.64530205236356,0.0,0.0,0.0,0.0,0.0,0.0,0.0,-0.4047319726783238
1929.3243489768392,981.9562045286026,338.9037863101327,223.3140408885822,-503.22541170979264,-155.6618222149885,1806.4656488053568,-192.1175098442974,208.4422701497796,-720.5767963590665,-352.57972378532656,-57.550316781787245,48.152517789475056,45.15717403683455,-3487.8314811273885,100.0,-152.24422949996773,-155.32565790730587,0.0,6.454563134792796,0.0,0.0,0.0,0.0,0.0,0.0,0.0,-1720.6715030124476,192.11750984429693,100.0,1096.234995196254,352.57972378531804,0.0,48.39127124632886,-48.837674811673885,3487.831481127388,268.0484276771497,399.77298517599326,155.32565790730587,37.13743166729273,93.07742397617567,0.0,0.0,0.0,0.0,0.0,0.0,0.0,-0.4705866415856499
1730.632638770302,716.8211252454477,270.48752499474233,-964.4246028196142,451.6179760888673,-116.48371830014753,1846.5322936859213,-371.2244596861003,178.22094409803125,65.4835992214123,-363.4904029923939,-63.03684615850344,32.37442956469878,-120.81950982659494,-3558.6290729526345,100.0,899.0840748327621,-127.72332817971801,0.0,10.419915076488778,0.0,0.0,0.0,0.0,0.0,0.0,0.0,-1646.0847768038657,371.2244596861012,100.0,417.5488001779672,363.4904029924178,0.0,69.67549499877862,161.52263270802422,3558.6290729526345,284.06923671383186,1005.0531348209178,127.72332817971801,26.787755018217467,100.0,0.0,0.0,0.0,0.0,0.0,0.0,0.0,-0.5471566423907612
1612.2715042901052,404.1219945688195,223.69102115456644,1794.3984336051722,-847.758123168648,-69.66296067569488,1826.9046588694637,-555.2499070606331,145.71166546224268,-85.89548719607478,-372.24389178621834,-66.67955586874498,24.10857761128493,-276.55505698342984,-3615.4290131681946,100.0,-1852.0116871147543,-99.3630044670499,0.0,13.196976323514294,0.0,0.0,0.0,0.0,0.0,0.0,0.0,-1817.8938469758912,555.2499070606333,100.0,1378.8360304420746,372.24389178621664,0.0,68.19577862965662,338.41099118076744,3615.429013168194,294.7060441811399,-270.22117136089804,99.3630044670499,15.654539970044539,87.12601456041808,0.0,0.0,0.0,0.0,0.0,0.0,0.0,-0.6361854860638709
1547.817450216686,38.72511590537695,201.58465646088007,-1521.665591788244,-491.01205529659416,-18.271522336380315,1816.0358786853417,-743.1017242869457,111.865326473615,284.6099960837512,-378.788241224147,-68.37189712061942,18.141005840540245,-492.86241056081093,-3657.8942136817927,100.0,-926.4679418524734,-70.41299552776763,0.0,14.326225474612473,0.0,0.0,0.0,0.0,0.0,0.0,0.0,-1734.576533192236,743.1017242869455,100.0,270.0826415867459,378.78824122413675,0.0,85.09598843441415,545.2318187433693,3657.8942136817923,299.64772482468845,-61.26397124593865,70.41299552776081,4.063431635241841,82.36582013402126,0.0,0.0,0.0,0.0,0.0,0.0,0.0,-0.7397003733882802
1193.1133384673678,-276.953878800297,205.61885928768783,-2106.0179403415523,-2549.276565420777,34.318735202751895,1621.5427650310214,-933.6650754962143,100.0,442.9881780645758,-383.0846128450696,0.0,24.760414761118934,-669.5727879133202,-3685.77265814667,100.0,619.3066150425454,-41.04510969910507,0.0,26.1285018222206,0.0,0.0,0.0,0.0,0.0,0.0,0.0,-1700.2587931816697,933.6650754962151,122.32807179279072,1496.058005247977,383.0846128450713,68.06436914952968,85.54165846593268,627.7319945746254,3685.77265814667,298.7497351193606,1371.28578432751,41.04510969910507,-7.646531553811258,77.44036440661584,0.0,0.0,0.0,0.0,0.0,0.0,0.0,-0.8600583546412884
1042.9729509516924,-486.9498711048835,235.52894015177662,-1323.9888889630129,-3204.3726965171077,84.65729428364597,1588.20003406081,-1125.809032798847,100.0,-137.37715577384165,-385.1075091624398,0.0,6.865278041362799,-831.0356255718118,-3698.8988975918487,100.0,109.51217313141399,-11.433635273808704,0.0,29.501061769204163,0.0,0.0,0.0,0.0,0.0,0.0,0.0,-1599.0635459431444,1125.8090327988473,155.8683768225448,1006.3536451109348,385.10750916243296,65.76596710919333,94.97395989181,844.4676368627512,3698.8988975918487,292.0383411488814,1155.4186788178504,11.433635273808704,-19.13283467548382,73.36489946933628,0.0,0.0,0.0,0.0,0.0,0.0,0.0,-1.0
861.3167117393338,-786.5943487714629,289.3524583463559,-931.3939893398418,-183.54796825692176,129.44137421806118,1535.468882597637,-1318.3932879522006,100.0,-400.4263707912969,-384.84492498295936,0.0,16.233641452240498,-1034.5714790480547,-3697.195032304819,100.0,-111.65645691996588,18.245693840901822,0.0,34.200559466668274,0.0,0.0,0.0,0.0,0.0,0.0,0.0,-1499.4342524796773,1318.3932879521997,187.77453899463788,-531.2368065388364,384.84492498295253,61.54391896454996,95.5570255297952,1018.2556093658743,3697.195032304819,279.7098503262378,2460.3737845176734,-18.245693840901822,-30.059504836435735,59.14104152833565,0.0,0.0,0.0,0.0,0.0,0.0,0.0,0.0
621.328843976957,-1097.9999350162134,363.55798032005214,-1632.4293970513831,-2136.977674358872,165.73263117875683,1385.6748288353451,-1510.2749196974542,100.0,-854.0052681942188,-382.29841865333356,0.0,6.6330789720837755,-1159.5373940257161,-3680.671174139519,100.0,531.7559216583413,47.81674104358672,0.0,42.30823861206939,0.0,0.0,0.0,0.0,0.0,0.0,0.0,-1324.4658933230055,1510.2749196974548,217.11330715709062,421.204780538078,382.29841865333356,55.5217190824078,97.62950902297119,1159.9978847986706,3680.671174139519,262.1248694270221,1104.5300291133901,-47.81674104358672,-40.1069383356662,45.67614575053791,0.0,0.0,0.0,0.0,0.0,0.0,0.0,0.0
384.9745622488483,-1345.6700954213363,453.2767817905228,-1237.4524267914271,-480.9886677249426,191.1499468971502,1320.9414703110795,-1700.3151766038436,100.0,-671.9440925846493,-377.4831028120434,0.0,10.557436708448733,-1299.9480968533553,-3649.4253865059586,100.0,603.619128742547,77.10401234869096,0.0,61.20487283388176,0.0,0.0,0.0,0.0,0.0,0.0,0.0,-1297.3371708815164,1700.3151766038438,243.02652610346925,149.447999601108,377.4831028120366,47.87551603704898,98.51315743310815,1338.1270806232058,3649.4253865059586,239.79775688748956,543.1150682962664,-77.10401234869096,-48.98124903178015,35.16317671269945,0.0,0.0,0.0,0.0,0.0,0.0,0.0,0.0
144.62059044820944,-1658.6988940871338,552.622291304812,1257.1832912674906,-598.2976382307936,204.02565704127312,1095.3559034454381,-1887.3862351663954,100.0,-2118.3997891052113,-370.4275547009388,0.0,7.677864615071703,-1366.4860284975753,-3603.643102397644,100.0,82.4265779955374,105.93369788293103,0.0,68.68651990410338,0.0,0.0,0.0,0.0,0.0,0.0,0.0,-1094.1861532888013,1887.3862351663952,264.7562375026288,-399.1437082210939,370.4275547009388,38.82896028702447,98.45937855095758,1422.2434107799234,3603.643102397644,213.38157788625722,503.1058645239409,-105.9336978829242,-56.422864474924666,25.68955640907218,0.0,0.0,0.0,0.0,0.0,0.0,0.0,0.0
-176.38721133700813,-2007.8405242945946,655.0763161240385,-1473.120612003698,298.68994997330446,203.51496891963848,969.5542998933736,-2070.377893050184,100.0,321.7146939236943,-361.17364656927975,0.0,15.645058252575248,-1515.0429197712372,-3543.5960239105893,100.0,-1899.3292299933455,134.13470338701245,0.0,70.61967949868774,0.0,0.0,0.0,0.0,0.0,0.0,0.0,-1016.2951744694367,2070.3778930501835,281.6668500826989,486.47659627656424,361.17364656927975,28.64666242791799,86.98131445072801,1525.4074793448408,3543.5960239105893,183.6490022715765,1191.3205196677632,-134.13470338700563,-62.21411836767828,24.15985243044709,0.0,0.0,0.0,0.0,0.0,0.0,0.0,0.0
-437.3403872889728,-2082.4411015670303,753.9167096317008,297.9035164910738,-1991.780545382021,189.6513894680288,809.3518931206414,-2248.2041577590144,100.0,-633.2208160624981,-349.7762971762245,0.0,28.553306895236723,-1534.1556193034887,-3469.640509784912,100.0,-88.82935662891214,161.53966560122853,0.0,83.47903129158597,0.0,0.0,0.0,0.0,0.0,0.0,0.0,-808.121350519372,2248.2041577590126,293.2637305942804,1419.1178703939754,349.77629717621767,17.62645336635927,90.69593517925713,1687.616788025185,3469.640509784913,151.46970406735784,377.2029014115549,-161.53966560123536,-66.18561727633931,21.1685371278843,0.0,0.0,0.0,0.0,0.0,0.0,0.0,0.0
-609.2135679230148,-2336.986860738404,842.6584204307117,-949.8226855438531,168.7819178405016,163.34452681425944,621.1630946572318,-2419.80969162704,100.0,-386.53677417256404,-336.3031458670048,0.0,33.83915681525148,-1732.8795255248406,-3382.215460538383,100.0,-957.9922424860115,187.98594550880352,0.0,84.61054299679428,0.0,0.0,0.0,0.0,0.0,0.0,0.0,-684.0195864087002,2419.8096916270397,299.20767176955997,52.01330317930058,336.30314586699114,6.090672804199642,75.72068113801019,1699.8561763063763,3382.215460538383,117.78492361949495,177.17946236426883,-187.98594550878988,-68.22119536712457,7.717552214976299,0.0,0.0,0.0,0.0,0.0,0.0,0.0,0.0
-774.7079937022796,-2617.5003725864667,915.478985303618,804.2829924145673,1412.560832717138,126.32040966330237,460.41781115939636,-2584.1760748845213,100.0,-486.5690075847371,-320.8341511565777,0.0,31.6338759030374,-1757.6417556945062,-3281.839713742939,116.42006356355128,-193.43381545098737,213.31659354234262,68.2613122419022,87.01363680471226,0.0,0.0,0.0,0.0,0.0,0.0,0.0,-492.18778031853515,2584.1760748845218,299.3248140913944,614.9476583012313,320.8341511565709,-5.623259156431288,66.60744306706137,1686.3627941073412,3281.8397137429383,100.0,-293.8484056609218,-213.31659354234262,0.0,6.438752222089514,0.0,0.0,0.0,0.0,0.0,0.0,0.0,0.0
-1096.972932647191,-2833.8378874379214,967.6005488695719,-334.21463117983933,-1461.9024189673314,81.00824022829329,314.23050855840717,-2740.3278496285743,100.0,233.09610292601604,-303.46111620351166,0.0,53.23939905539759,-1749.956714487162,-3169.1089649023015,150.14476599302498,562.9262685399556,237.38128102567316,66.30479448723946,88.07824926393917,0.0,0.0,0.0,0.0,0.0,0.0,0.0,-268.79744990020123,2740.327849628574,293.61173116189207,431.26263651743244,303.46111620351166,-17.172711507848533,53.059206831943726,1796.4014777054683,3169.1089649023015,100.0,-503.5554636159907,-237.38128102566634,0.0,0.0,0.0,0.0,0.0,0.0,0.0,0.0,0.0,0.0
-1308.6150233129952,-2897.9405308034193,995.6033451136236,1121.5980626009832,-815.4808827137322,30.381011000175135,130.32538547214725,-2887.3383088300316,100.0,122.35306337767824,-284.28714398971806,0.0,52.34549002779556,-1802.6188193789378,-3044.6922322042255,182.4027404476222,670.3650319375038,260.0371923226294,62.4088699965597,90.08425345228,0.0,0.0,0.0,0.0,0.0,0.0,0.0,-102.23326251334271,2887.3383088300316,282.2355299241118,600.7064352785626,284.2871439897249,-28.219864249840043,31.974008697385614,1853.5764527201422,3044.6922322042255,100.0,385.2745655051467,-260.0371923226294,0.0,8.406370565323606,0.0,0.0,0.0,0.0,0.0,0.0,0.0,0.0
-1499.8308136646494,-3043.571019413662,997.6500728428073,201.8517915316579,164.0418086517343,-22.23955729550198,-21.102745014621675,-3024.3349960206533,100.0,611.7956085117096,-263.4260254398555,0.0,65.7996399825244,-1794.7635335896584,-2909.3278861278554,212.25044531121506,587.2621261758025,281.14987239879156,56.687494061615524,89.32928153465275,0.0,0.0,0.0,0.0,0.0,0.0,0.0,121.13614535888743,3024.334996020654,265.52896280540733,-75.48622282508823,263.4260254398487,-38.441589581357505,40.223810317272395,1805.621110843637,2909.327886127855,100.0,-570.3245791847212,-281.14987239879156,0.0,19.834607959685215,0.0,0.0,0.0,0.0,0.0,0.0,0.0,0.0
-1653.9582546003267,-3249.6690524256846,973.6064434930195,-1847.5564834501904,-2025.0345257478875,-73.40095827110872,-294.6346476001654,-3150.504883021923,100.0,-982.1443660591767,-241.00156411115904,0.0,74.83427836328748,-1748.7130721320593,-2763.8192674691136,238.81483904412667,16.71510876472098,300.59402476573496,49.308016194806754,86.01913746717052,0.0,0.0,0.0,0.0,0.0,0.0,0.0,296.77920957688644,3150.504883021923,243.98069475159915,35.96565726062735,241.00156411117268,-47.53890334725753,27.348783105064204,1708.3547863970355,2763.8192674691136,100.0,-1284.9185771216116,-300.59402476573496,0.0,19.984535669861142,0.0,0.0,0.0,0.0,0.0,0.0,0.0,0.0
-1752.260478602339,-3382.1724382590173,925.0499919826509,-2154.9017574043146,218.14167384889515,-119.74642347297731,-438.3549326904077,-3265.0991949874133,100.0,-816.5137910573535,-217.14684146224045,0.0,79.54704170825727,-1746.5848863566505,-2609.0299197896184,261.3189165362103,1010.22247348203,318.25425507264754,40.48628517741747,82.64877343844728,0.0,0.0,0.0,0.0,0.0,0.0,0.0,461.0144775038815,3265.0991949874133,218.22100983997393,447.5490956520184,217.14684146223362,-55.24571028650172,18.427464187130933,1748.466918995106,2609.0299197896184,100.0,848.6733575833046,-318.25425507264754,0.0,20.439920055334216,0.0,0.0,0.0,0.0,0.0,0.0,0.0,0.0
-1868.0220529381759,-3450.4212521548043,855.1665725209988,411.3702201533488,1137.6898168640514,-158.23516448263092,-567.2713676532072,-3367.437854123742,100.0,-1922.2219539191592,-192.0034270602264,0.0,89.22303092479441,-1668.7479874267376,-2445.8784645829082,279.10443640668007,-166.87345415758614,334.0257559321162,30.480335510430052,81.9770976816125,0.0,0.0,0.0,0.0,0.0,0.0,0.0,622.5840806712206,3367.4378541237425,189.00337555084928,-68.23947497256881,192.0034270602332,-61.33658728441077,16.973015856240448,1707.8257891587746,2445.8784645829087,100.0,161.2852184972803,-334.0257559321162,0.0,27.13819024080096,0.0,0.0,0.0,0.0,0.0,0.0,0.0,0.0
-2043.1376311897793,-3544.977427094569,768.5413304209239,-759.0473553827997,35.12825655077222,-186.34188314210462,-734.1667746916501,-3456.91351571816,100.0,19.148180960979744,-165.72053841417983,0.0,90.70839872212527,-1605.9212601411666,-2275.3331495721195,291.6511744800884,-483.5662113249896,347.8149289156295,19.582839938474308,65.67133552295486,0.0,0.0,0.0,0.0,0.0,0.0,0.0,799.3295721638355,3456.91351571816,157.18240394039688,2191.480088963798,165.72053841417983,-65.63337696988171,16.425230714884222,1636.1614288040807,2275.3331495721204,100.0,664.2736721944902,-347.8149289156363,0.0,37.53357447867026,0.0,0.0,0.0,0.0,0.0,0.0,0.0,0.0
-1950.2921120923424,-3514.6571060944493,670.8578645367808,-460.29171895381864,-116.25165748822155,-202.22245976874547,-901.5628329065388,-3532.99517252035,100.0,200.43141358958792,-138.4541554205498,0.0,100.0,-1523.391257674034,-2098.406102493044,298.59214027674534,-8.813472864586629,359.53994002843274,8.112548809565112,55.81540687262102,0.0,0.0,0.0,0.0,0.0,0.0,0.0,896.8283933465248,3532.99517252035,123.68885434759363,-204.64418356626766,138.4541554205498,-68.01039879562254,9.209361855853022,1564.1151186242894,2098.406102493044,100.0,-1181.2026985477746,-359.53994002843956,0.0,53.35766392666354,0.0,0.0,0.0,0.0,0.0,0.0,0.0,0.0
-2019.042944223093,-3496.3272463523667,568.5253186854152,-598.6803428974792,108.99482269064265,-204.83494833234204,-1103.5282855271607,-3595.2313060876654,110.4975911970864,-823.0371020415987,-110.36609467618746,68.39812517804027,99.71615864110468,-1420.6287188457572,-1916.1473244644394,299.72431143718796,1652.1514873517788,369.1312053657839,-3.5950333316938554,49.79342625171071,0.0,0.0,0.0,0.0,0.0,0.0,0.0,1143.8634075218067,3595.231306087666,100.0,-127.8987176475755,110.36609467618746,0.0,2.32284606843167,1438.8708177110718,1916.1473244644399,100.0,57.92385603730281,-369.1312053657839,0.0,60.405161383389604,0.0,0.0,0.0,0.0,0.0,0.0,0.0,0.0
-1970.9847846020832,-3516.661304725244,468.25786908456314,1606.7630799497067,-2172.353587763571,-194.00793993812783,-1248.6264750085247,-3643.2525663916504,144.37698354543244,440.95500780336465,-81.62304915252662,66.78521517018027,96.39880558530909,-1339.1308032583981,-1729.6384585928545,295.01457210015974,1159.0335963527673,376.53180406964,-15.197461209017149,37.69879458724059,0.0,0.0,0.0,0.0,0.0,0.0,0.0,1243.622279836933,3643.2525663916504,100.0,484.6542739529957,81.62304915252662,0.0,10.827815772583596,1282.3681691743745,1729.638458592855,100.0,963.7483980387321,-376.53180406964,0.0,59.537174010010766,0.0,0.0,0.0,0.0,0.0,0.0,0.0,0.0
-1900.4726984385547,-3394.698728215596,376.6341982044241,-330.9599043659989,217.9854248590368,-170.45180919533664,-1335.635072809585,-3676.773963783317,176.95835481585038,-1229.4490832040003,-52.395598930193046,63.21884618293495,92.09202650083698,-1182.4077476715242,-1539.986370793121,284.6006815373055,475.90410957698964,381.69781613419786,-26.35536529485705,23.297324477072927,0.0,0.0,0.0,0.0,0.0,0.0,0.0,1286.2125365057973,3676.7739637833165,100.0,777.8056344074889,52.395598930193046,0.0,10.845690145986989,1188.5123230189758,1539.9863707931213,100.0,-417.5949944861168,-381.69781613419445,0.0,72.22925115431066,0.0,0.0,0.0,0.0,0.0,0.0,0.0,0.0
-1784.5058684088492,-3307.528285453763,299.66585854657075,-762.9483698633192,2592.301619828145,-135.71210558185982,-1456.2752022730801,-3695.5965603086056,207.2887040768211,1801.0956273367606,-22.85719886494917,57.80333405184024,81.16719220423919,-1055.4359887534322,-1348.3165809201864,268.78724471214156,2859.4407729633717,384.5985830563029,-36.74237832555349,17.689705569109485,0.0,0.0,0.0,0.0,0.0,0.0,0.0,1464.5151314645263,3695.596560308606,100.0,583.8706879161748,22.85719886495599,0.0,22.71135884596779,990.6416060286796,1348.3165809201869,100.0,-795.9347729577996,-384.5985830563063,0.0,81.5289851440735,0.0,0.0,0.0,0.0,0.0,0.0,0.0,0.0
-1695.3504216648764,-3270.478905033016,242.40284658426583,-1482.4123952496257,584.9016796864521,-92.06814786061102,-1652.6422078394696,-3699.608650336661,234.48087250193723,-1926.9601913946497,6.816850807149422,50.69708181226133,74.99759962975368,-852.6330656686913,-1155.7665831962327,248.03680262393436,-988.2352782958856,385.216889782846,-46.054681501966144,23.22828247714784,0.0,0.0,0.0,0.0,0.0,0.0,0.0,1595.8265169318831,3699.608650336661,100.0,-1708.3535136955811,-6.816850807149422,0.0,18.368797632610026,846.9759964033398,1155.766583196233,100.0,274.98507407830175,-385.2168897828426,0.0,71.2405229588089,0.0,0.0,0.0,0.0,0.0,0.0,0.0,0.0
-1637.8609397539615,-3202.2803562597464,208.60226568941005,650.1343973010762,1682.103227247403,-42.38347490420779,-1645.1324567892561,-3688.786423494294,257.7394926518091,-527.077821867739,36.4504448163575,42.10794643092072,70.72873040605626,-736.9934629124969,-963.479095574026,222.95630304278762,-33.07337053758772,383.5490668761412,-54.019891150370256,14.754726918334203,0.0,0.0,0.0,0.0,0.0,0.0,0.0,1667.574825601798,3688.786423494294,100.0,1101.757883536884,-36.4504448163575,0.0,37.238406332384564,644.4371921023838,963.4790955740264,100.0,304.12254407531407,-383.5490668761412,0.0,100.0,0.0,0.0,0.0,0.0,0.0,0.0,0.0,0.0
-1392.717267961518,-2907.440546959299,200.48181751793106,-1466.3127412426593,-547.8782132738297,10.082034948802061,-1750.0931083105593,-3663.1941059723536,276.38425286967095,2046.5517347377363,65.86771798333757,32.287159016276235,66.13568704023207,-504.24675796571466,-772.5952780992467,194.2793473651996,-4.327387475447324,379.60501229111173,-60.40502590997562,2.4379399852908765,0.0,0.0,0.0,0.0,0.0,0.0,0.0,1650.2129196494839,3663.194105972353,100.0,965.5337552525145,-65.86771798333757,0.0,29.270112244475474,599.3492764490381,772.595278099247,100.0,642.1203555430109,-379.60501229111344,0.0,92.80217418382723,0.0,0.0,0.0,0.0,0.0,0.0,0.0,0.0
-1210.8931987437513,-2867.773196948116,218.57429561597496,112.4728674253447,18.323892836397135,61.88604890413359,-1831.5333260732157,-3622.9835793653906,289.86979631010036,944.1333404629677,94.89408891850417,21.521976340818014,58.580787110767645,-344.8191920423518,-584.2479605184575,162.8447328672898,-379.26475358098,373.40813263401344,-65.02332140787487,6.165764428580031,0.0,0.0,0.0,0.0,0.0,0.0,0.0,1778.3825118255843,3622.983579365391,100.0,701.8613776224311,-94.89408891851099,0.0,51.13178976292384,330.3932046105771,584.2479605184599,100.0,-683.0197306757791,-373.40813263404584,0.0,100.0,0.0,0.0,0.0,0.0,0.0,0.0,0.0,0.0
-1004.7581640889457,-2603.327607875665,261.69262811744903,672.5259092251753,-495.419054182762,109.62963580466095,-1772.589992092914,-3568.3934793066824,297.8016725568118,-74.31294517533956,123.35729610242424,10.127278617306956,43.059166223875046,-214.5508954523032,-399.554919324513,129.57191799203787,-456.79993329136266,364.99520425228354,-67.73969309300064,0.13566337056949607,0.0,0.0,0.0,0.0,0.0,0.0,0.0,1768.1079058968076,3568.3934793066824,100.0,-1013.2119933961985,-123.35729610242424,0.0,55.39166982308997,156.2106086217818,399.5549193245132,100.0,-403.0253699635545,-364.99520425228525,0.0,97.40471727727244,0.0,0.0,0.0,0.0,0.0,0.0,0.0,0.0
-751.6643993383398,-2453.933530189315,327.00776312863513,1014.1922516649646,1389.9289322953678,150.18027458340498,-1775.6817904566046,-3499.7477792478917,299.94787524674973,1255.5416621724612,151.08842019869599,-1.5636407070678615,30.97952872911539,25.161591493204693,-219.61224413786567,100.0,-1168.8204799912903,354.4161549798929,0.0,14.074558967056227,0.0,0.0,0.0,0.0,0.0,0.0,0.0,1776.7905520354232,3499.7477792478917,100.0,797.3310513719855,-151.08842019869599,0.0,68.56878716006216,24.898164501312944,219.6122441378659,104.5658716922641,-496.2440250177308,-354.4161549798946,68.47468744190387,87.7841701774067,0.0,0.0,0.0,0.0,0.0,0.0,0.0,0.0
-458.9812154508245,-2174.270981501519,410.2342866348423,705.2394072421379,1052.0722653336338,180.87738319156585,-1854.6646578688462,-3417.453867788161,296.24562822645623,-85.71092444378678,177.92288653201695,-13.20882374127848,29.82567618667489,239.3061744544195,-45.48783279199506,100.0,916.5901587682654,341.7337678325123,0.0,2.580568987024833,0.0,0.0,0.0,0.0,0.0,0.0,0.0,1835.727443720395,3417.453867788161,100.0,447.13414251778204,-177.92288653202377,0.0,68.9516537766667,-214.85120239375544,45.48783279199324,138.57011021508117,-660.1522815770891,-341.7337678325464,67.20680596412109,81.38074526547955,0.0,0.0,0.0,0.0,0.0,0.0,0.0,0.0
-221.49845503133656,-2000.5679360033241,505.91159428814467,-729.8342387538119,-966.3725716221302,199.70688297156528,-1798.1400217968464,-3322.000130963015,286.80322174650973,1228.668060888125,203.70144178223427,-24.467650374917298,13.25418000977698,355.6245047620947,121.7849462726324,100.0,-190.0227986670211,327.02330841197977,0.0,22.037074124272735,0.0,0.0,0.0,0.0,0.0,0.0,0.0,1705.1767044306648,3322.0001309630156,100.0,719.4257899707713,-203.70144178222063,0.0,79.6732674590643,-432.9506067214513,-121.78494627263217,171.4461779602263,-1187.664657476933,-327.02330841197636,63.97313403029443,80.31575257726993,0.0,0.0,0.0,0.0,0.0,0.0,0.0,0.0
43.03621025057976,-1741.1819300252826,607.7621690163526,-66.16969255159489,-453.80893507280575,205.43334507171664,-1683.1729896214622,-3213.953053841361,271.89684498558137,-155.47101004511546,228.27109909797855,-35.010801372751246,1.628384054890228,462.69588494557263,281.2133866945221,100.0,599.0509308660381,310.37207823107565,0.0,23.836152943978373,0.0,0.0,0.0,0.0,0.0,0.0,0.0,1710.0319669086743,3213.953053841361,100.0,-115.55750056489046,-228.2710990979649,0.0,99.1340214924836,-640.8712715917577,-281.2133866945219,202.23245416208593,-2315.411031105733,-310.37207823107224,58.868256129810845,72.8528378658888,0.0,0.0,0.0,0.0,0.0,0.0,0.0,0.0
229.21991831464706,-1574.1222583903836,709.1034573765309,550.0384392721896,1876.4473605605212,197.6810485977137,-1637.3914980128918,-3093.953858631618,251.96250755237824,497.71453641428934,251.4860460209843,-44.52989092011563,12.510403623388342,767.4400508988748,431.851335561669,100.0,540.8003783113037,291.8788966088823,0.0,39.7598117889767,0.0,0.0,0.0,0.0,0.0,0.0,0.0,1658.8979389105086,3093.9538586316185,100.0,-194.52974784833827,-251.48604602099795,0.0,90.71646745062245,-792.5603210557069,-431.85133556166875,230.0284441896979,-633.3875216951367,-291.8788966089062,52.04148928662477,59.47660094356729,0.0,0.0,0.0,0.0,0.0,0.0,0.0,0.0
491.66228815978866,-1204.7526351113927,803.2863208905788,-392.63932612125586,749.7069305782645,176.95863216672308,-1582.0110235783059,-2962.7146992486346,227.5832862604994,-1454.2755966417587,273.2085098328116,-52.746486868446425,6.369196504357928,815.7749698429658,572.8048085034045,100.0,205.61978313222994,271.6535142121279,0.0,48.96109013995383,0.0,0.0,0.0,0.0,0.0,0.0,0.0,1579.6928101833134,2962.714699248635,100.0,-435.0224045947857,-273.2085098328116,0.0,100.0,-990.2136333809547,-572.8048085034043,254.02111889923233,-257.30031765886054,-271.6535142121313,43.69251555545077,58.47354705102725,0.0,0.0,0.0,0.0,0.0,0.0,0.0,0.0
778.4685982051665,-931.5269940812115,884.1312949799151,-992.8664903283374,244.6427061203451,144.62572144256967,-1516.3367397852778,-2821.014434925373,199.47227020641208,713.4360556359093,293.3095751885662,-59.420254839940014,9.19798338233731,1079.0565451874254,703.2372951798666,100.0,2008.5404101548652,249.8159617230192,0.0,59.06940384210489,0.0,0.0,0.0,0.0,0.0,0.0,0.0,1466.2352167805107,2821.0144349253733,100.0,71.86125737893462,-293.3095751885594,0.0,100.0,-1023.0874487100208,-703.2372951798677,273.50869563218595,47.720228264340676,-249.81596172304648,34.0655413472885,34.04539445984767,0.0,0.0,0.0,0.0,0.0,0.0,0.0,0.0
1052.3280825333204,-619.2857999355226,946.3340319627916,1226.051213254395,-51.19042574091111,102.80372226364705,-1360.3304898370914,-2669.694007951458,168.45170300482258,-649.1385285062483,311.6699491848726,-64.35598797723713,5.455612816109587,1236.7790722528184,822.3747236829231,100.0,272.4181969283609,226.49583749810176,0.0,73.62142647749752,0.0,0.0,0.0,0.0,0.0,0.0,0.0,1362.423618204923,2669.694007951458,100.0,-359.7216041458944,-311.66994918487944,0.0,93.8388437198437,-1190.3725966863065,-822.3747236829242,287.92116526815056,1290.5204248210941,-226.49583749809494,23.44215442317818,20.045554328742753,0.0,0.0,0.0,0.0,0.0,0.0,0.0,0.0
1203.9485199454905,-275.4191593141405,985.8133264528483,749.5334676328844,1514.471745565111,54.236632347715386,-1229.1294538142786,-2509.6514529701963,135.42893226839038,-971.7267989404752,328.18066932257125,-67.40931671903581,11.612775085768261,1343.6143054407394,929.5100543864669,100.0,164.0120782550639,201.83153844693607,0.0,74.00464727048718,0.0,0.0,0.0,0.0,0.0,0.0,0.0,1231.8899827827156,2509.6514529701967,100.0,-2224.0736178650172,-328.1806693225644,0.0,93.6816666775203,-1386.171204953154,-929.5100543864669,296.8369649184873,-2201.732899480181,-201.8315384469429,12.133087488349474,32.231835435278036,0.0,0.0,0.0,0.0,0.0,0.0,0.0,0.0
1479.599269642349,53.923422263772004,999.9788887435906,1883.907170442418,-502.6622649860743,2.1110039041889195,-1063.2174533448078,-2341.8365674520896,101.369869806411,1151.303212651792,342.7437501612508,-54.79217402077644,15.106144376116653,1455.5715044955357,1024.0074759832146,100.0,541.9153183115395,175.96943869389406,0.0,81.85589402335823,0.0,0.0,0.0,0.0,0.0,0.0,0.0,993.1315116840557,2341.83656745209,100.0,1018.8909979022679,-342.7437501612508,13.698757570390683,81.40589010093737,-1432.5362709566161,-1024.0074759832146,299.9953085867603,1190.6619799042528,-175.9694386939077,0.469129300396105,26.471466457271582,0.0,0.0,0.0,0.0,0.0,0.0,0.0,0.0
1574.9217410354684,291.134789392817,987.901297206229,982.4188514847765,249.2552350955802,-50.15313034989504,-890.7328211222298,-2167.245274973824,100.0,538.6017333524717,355.27276482944217,0.0,17.52243520725997,1507.3834162311516,1105.306178805933,100.0,951.8716839475167,149.0630208982293,0.0,91.5423153007543,0.0,0.0,0.0,0.0,0.0,0.0,0.0,899.0414371771961,2167.2452749738245,132.7292611717374,-859.0188227727555,-355.272764829449,67.5691954973469,75.7537175708419,-1567.3249834477053,-1105.3061788059317,297.3038151256893,-433.5683005712451,-149.06302089823612,-11.208550859434752,14.582768139178977,0.0,0.0,0.0,0.0,0.0,0.0,0.0,0.0
1693.3417609957903,629.5015330102708,950.3729788950593,-1428.3224786863832,2558.869184175284,-99.12665014462107,-790.5299182461167,-1986.9137147546653,100.0,400.391174068684,365.69335793802793,0.0,31.73420126442335,1563.3132728749176,1172.9236830397672,100.0,157.840509339959,121.27196538722274,0.0,90.88823146362756,0.0,0.0,0.0,0.0,0.0,0.0,0.0,769.8210785289434,1986.9137147546655,165.87106545771843,-863.8368720484362,-365.6933579380245,64.67106910009619,70.8923435691641,-1586.2594218474078,-1172.9236830397663,288.8412103738614,-859.5872859176632,-121.27196538722274,-22.558382343977712,17.01535203462215,0.0,0.0,0.0,0.0,0.0,0.0,0.0,0.0
1829.1553829731572,932.4576486805283,889.856217340706,-1903.8483139347147,977.1776680500903,-141.59633685862786,-570.0658260703378,-1801.9120925268899,100.0,524.7265594833272,373.9436868541429,0.0,40.55916443109724,1699.3106039982524,1226.4587020738477,100.0,16.061757892662172,92.76120250850681,0.0,90.838470862482,0.0,0.0,0.0,0.0,0.0,0.0,0.0,576.9477834336498,1801.9120925268903,197.0861495261754,76.23472408548025,-373.9436868541429,59.88132222490776,61.199360454242374,-1763.3753058523953,-1226.4587020738472,274.85502443504765,-200.83291322684204,-92.76120250852046,-33.24838403778415,11.845415612170743,0.0,0.0,0.0,0.0,0.0,0.0,0.0,0.0
2016.188665625235,1066.96161330826,810.3215988099532,66.92541201968311,-3.870417967868889,-174.7756971222435,-405.2714789782144,-1613.33832923316,100.0,394.5812185390338,379.97478871570024,0.0,55.94154024323511,1731.8887973747476,1265.593523999189,100.0,-1207.2295807378919,63.699933825157586,0.0,95.41640113993505,0.0,0.0,0.0,0.0,0.0,0.0,0.0,412.7616191035652,1613.3383292331603,225.46147617103853,-650.4412871076295,-379.97478871570024,53.340054353639204,45.891719613684046,-1784.8301825277067,-1265.5935239991895,255.7543514544102,115.42549635660862,-63.699933825150765,-42.965874762155636,9.527601801565941,0.0,0.0,0.0,0.0,0.0,0.0,0.0,0.0
1996.450391011763,1508.8964115111864,716.9874967907592,393.6529553779269,93.30918397909272,-196.4877884022752,-203.05234695642014,-1422.3115452436864,100.0,-389.6605958023316,383.75087100943006,0.0,59.841675877132296,1724.3875335550983,1290.0958971194996,100.0,788.0249329898572,34.260627962726176,0.0,87.95077181552298,0.0,0.0,0.0,0.0,0.0,0.0,0.0,216.36342900299812,1422.3115452436869,250.16707072671463,-705.4472782610251,-383.75087100942665,45.23859673270891,36.38998257729245,-1743.4829399754412,-1290.095897119499,232.09788366721813,-463.69796583064385,-34.260627962719354,-51.42661915956111,16.963030587529545,0.0,0.0,0.0,0.0,0.0,0.0,0.0,0.0
2013.5519920833344,1652.6254476005372,615.9776874763915,537.6557301801017,78.420344031789,-205.3080511345746,-25.810788795759308,-1229.9654187620754,100.0,2131.867969451593,385.249523986638,0.0,73.87432074595633,1789.0233800891756,1299.8204082850457,100.0,177.7535510105588,4.617997067266515,0.0,90.69861457754811,0.0,0.0,0.0,0.0,0.0,0.0,0.0,11.995815014133669,1229.9654187620758,270.4802977206245,-776.5607763302173,-385.2495239866346,35.813915958606515,31.179082372956106,-1733.6719897919577,-1299.8204082850457,204.57756972260944,-763.0890166637823,-4.617997067266515,-58.38314154134167,15.618354406714339,0.0,0.0,0.0,0.0,0.0,0.0,0.0,0.0
1960.4903878793764,1948.0711077241956,513.9195605581185,1404.5795667841628,-614.3707182117475,-200.65777599675187,195.35425411638133,-1037.4414578354579,100.0,-152.4447172827466,384.4618536580026,0.0,85.25085899193269,1842.7840624326846,1294.7093458696422,100.0,-852.1541882104918,-25.052040051073163,0.0,84.43520807457206,0.0,0.0,0.0,0.0,0.0,0.0,0.0,-147.27147775589174,1037.4414578354583,285.8069978681052,233.71465187872403,-384.461853658006,25.341682735392794,20.836569226487548,-1821.7031762077352,-1294.7093458696427,173.9983752743392,288.0023692002453,25.052040051079985,-63.63196451993218,22.158847860085356,0.0,0.0,0.0,0.0,0.0,0.0,0.0,0.0
1890.6477835569142,2191.2554242060555,417.5092872577193,-2649.6694021413623,941.0979835854482,-182.8420738064446,319.42445111610954,-845.8822258971693,100.0,1692.939111556234,381.3925345756485,0.0,82.14665386091774,1789.554981726003,1274.793042269284,100.0,1171.4427308109975,-54.57340193567234,0.0,80.84498966119227,0.0,0.0,0.0,0.0,0.0,0.0,0.0,-285.600487336813,845.8822258971695,295.698867155295,-1159.3305105377058,-381.3925345756468,14.128208541909544,13.697826558609334,-1735.0124601094547,-1274.793042269284,141.2547378386314,398.17736203704726,54.57340193567234,-67.01956069628324,23.005685662960445,0.0,0.0,0.0,0.0,0.0,0.0,0.0,0.0
1900.168355458474,2469.7153228087864,333.072475511105,477.5738560083539,699.9810232081086,-153.02985678950563,529.0840583722942,-656.4245610461077,100.0,1108.712402574958,376.0597820917991,0.0,100.0,1739.5493074956878,1240.189693889818,100.0,14.006982349044392,-83.77088946622052,0.0,69.6018612537227,0.0,0.0,0.0,0.0,0.0,0.0,0.0,-481.6145976359835,656.4245610461079,299.86656967404787,-79.87264876344909,-376.0597820917684,2.50148606033747,8.179024946833326,-1737.1893901830517,-1240.189693889818,107.30440461153201,-240.33071278148213,83.77088946622735,-68.44684331667288,35.3342175923609,0.0,0.0,0.0,0.0,0.0,0.0,0.0,0.0
1666.667657669251,2670.4861178137817,266.1491383084113,-248.04011488122114,-1347.496624370258,-113.17714467385144,721.4507625969426,-470.19282930394877,100.0,2.174461430669794,368.4952442566015,0.0,84.75990068503943,1671.4279189686852,1191.1046596919646,126.85958151375904,-1245.3708810434932,-112.47122560520438,67.87206454746368,55.59357697255799,0.0,0.0,0.0,0.0,0.0,0.0,0.0,-730.4783201094649,470.19282930395127,298.1882006601446,381.4112611681952,-368.4952442566015,-9.198404567715954,7.734850425777852,-1649.665933058072,-1191.1046596919637,100.0,-380.5213387141089,112.47122560519756,0.0,42.690150895192744,0.0,0.0,0.0,0.0,0.0,0.0,0.0,0.0
1635.6691003106316,2842.1523202603976,221.13020597703007,-1850.8425618893864,1871.7705749767197,-65.89872759954574,906.3598407431541,-288.2922518898697,100.0,-234.6104556697992,358.74381399820436,0.0,100.0,1545.71754204664,1127.8292424565757,160.23792832416785,-333.5421453958463,-140.50408373750315,65.31203659396908,50.90147719388799,0.0,0.0,0.0,0.0,0.0,0.0,0.0,-767.4968456188367,288.29225188986993,290.7128521920125,-108.12340922591659,-358.74381399823505,-20.629243041741745,19.262184414138076,-1620.5369295822054,-1127.8292424565757,100.0,477.75322298766014,140.50408373749633,0.0,44.98774158817417,0.0,0.0,0.0,0.0,0.0,0.0,0.0,0.0
1482.2605594502318,3067.2175370669815,200.9694313264185,-202.6477459399939,-95.13044016030562,-14.296606214471979,996.1959066363594,-111.80234611307401,100.0,664.8105150155675,346.8633626982137,0.0,94.67073047839813,1481.9074044145157,1050.7389600029119,191.85432345583177,-873.981757916855,-167.70309850016247,60.84163994551716,42.57454443859182,0.0,0.0,0.0,0.0,0.0,0.0,0.0,-976.8478783327726,111.80234611307219,277.65917725372765,671.7722142035655,-346.8633626982137,-31.456678802229305,11.946321645715631,-1413.1675974274383,-1050.7389600029132,100.0,246.70975041101883,167.70309850016247,0.0,70.22827537870236,0.0,0.0,0.0,0.0,0.0,0.0,0.0,0.0
1301.9746370067687,3148.4802952298346,206.98958994633654,-1144.0018734174862,-827.5419439844609,38.2435347677918,1181.2500573606947,58.22948119082571,100.0,-991.9202865116347,332.92439674544767,0.0,91.10237071071228,1370.9269770003011,960.2913166196508,220.78399140554518,-327.4987217311025,-193.90685310361732,54.591633130823,40.19026129915083,0.0,0.0,0.0,0.0,0.0,0.0,0.0,-1160.3040422274337,-58.2294811908273,259.4089941632692,42.124432932628224,-332.92439674544767,-41.364010741668835,9.04096991935611,-1400.7080946886108,-960.2913166196527,100.0,-750.4334987005359,193.90685310361732,0.0,69.43461336792662,0.0,0.0,0.0,0.0,0.0,0.0,0.0,0.0
1146.7649670965975,3270.0405435228836,238.79569111807842,-991.2482142911671,-1018.6502243514997,88.2744659040128,1308.7350158608397,220.79414965880824,100.0,-353.60561089915336,317.0096391044035,0.0,86.5092439904138,1285.390670764478,857.0230879344317,246.18074309563514,736.6538103200401,-218.95983728469218,46.74482804771671,26.336536046292824,0.0,0.0,0.0,0.0,0.0,0.0,0.0,-1296.3094313708605,-220.794149658808,236.49611843568272,-536.5526802261297,-317.0096391044308,-50.06145067130831,23.0823050956655,-1302.2261926006688,-857.0230879344317,100.0,463.8917474472248,218.95983728467854,0.0,77.11366480521423,0.0,0.0,0.0,0.0,0.0,0.0,0.0,0.0
811.4285170291431,3283.752245541154,294.30089368774156,-1204.0876483271954,300.6249380011445,132.51359038992035,1396.5752562771938,374.9268939450442,100.0,-739.0971966706252,299.21353838326127,0.0,81.83972167615282,1120.06026985171,741.5471353352757,267.30172679597285,-438.19339769662406,-242.7133702066294,37.53074273864428,16.948088250941076,0.0,0.0,0.0,0.0,0.0,0.0,0.0,-1374.7362362629651,-374.92689394504396,209.59074874771892,-449.02846344290765,-299.2135383832374,-57.29459958855557,18.436924690152303,-1058.027492772457,-741.5471353352759,100.0,642.8565592162488,242.7133702066567,0.0,84.17851560466951,0.0,0.0,0.0,0.0,0.0,0.0,0.0,0.0
547.4842479116382,3420.5324187944925,369.86342652617645,-1188.9369379934833,-1835.702013300504,168.05831965951683,1543.858321186442,519.7129892710966,100.0,816.5054621780848,279.6417083134952,0.0,79.0124486970987,930.7374217354293,614.5487688492335,283.5291564418168,-385.2183927537675,-265.0264828283764,27.218888017293352,17.305523921038077,0.0,0.0,0.0,0.0,0.0,0.0,0.0,-1581.80280360469,-519.712989271095,179.4798637124847,441.3504005523714,-279.6417083134952,-62.85188881512241,35.060840383854256,-900.1128068934572,-614.5487688492321,100.0,846.5175588639181,265.0264828283764,0.0,90.0594937835901,0.0,0.0,0.0,0.0,0.0,0.0,0.0,0.0
336.8567159635107,3480.5393625405018,460.52553003974765,-1405.184264359367,-51.283420411675706,192.57651613193815,1639.1063476126963,654.2931800026072,100.0,588.7283177871211,258.4103009692444,0.0,55.21614537657154,777.4647565167231,476.7816800632752,294.38838179698485,755.1936523921808,-285.76675450772314,16.110884311912628,10.409290920092857,0.0,0.0,0.0,0.0,0.0,0.0,0.0,-1631.0019645471841,-654.293180002607,147.04420285592732,-2130.9240366510107,-258.4103009692683,-66.57076835380067,33.78193695846027,-804.3915739997371,-476.7816800632752,100.0,157.32708229127354,285.7667545077027,0.0,90.18601529445432,0.0,0.0,0.0,0.0,0.0,0.0,0.0,0.0
95.23969563194899,3433.6081973484675,560.3387414574327,-1003.5693396062113,-1242.0318900366033,204.45950790035624,1641.7597122487425,777.8687790356864,100.0,-234.2486007635614,235.64531744427882,0.0,48.51295589733854,674.2867978749651,329.06346922417947,299.56177191239385,898.9707029207756,-304.8110988718315,4.531639306419777,5.7180698425288785,0.0,0.0,0.0,0.0,0.0,0.0,0.0,-1709.4521885729816,-777.8687790356878,113.23250509864668,186.3438183030496,-235.64531744428564,-68.34246145496216,50.444841107156094,-563.4603546083123,-329.0634692241815,100.0,1359.982055869577,304.8110988718315,0.0,81.85551916969634,0.0,0.0,0.0,0.0,0.0,0.0,0.0,0.0
-166.90752661109138,3495.0897424673362,662.7541814882785,-1784.5550008481073,210.08587481519953,202.9276358636639,1781.3513152391122,889.7064077299387,120.96624173587165,537.0502136390803,211.48186007923186,68.11514632261584,44.092556663056,474.02479085482685,172.27079306251903,298.8980057905885,-917.7737514365756,-322.046494292822,-7.180155567662041,0.0,0.0,0.0,0.0,0.0,0.0,0.0,0.0,-1795.976501041993,-889.7064077299397,100.0,-70.17293828603897,-211.48186007923186,0.0,53.94174886653406,-441.64091882393035,-172.27079306252108,100.0,494.4950311626576,322.0464942928254,0.0,99.42066703248179,0.0,0.0,0.0,0.0,0.0,0.0,0.0,0.0
-468.7475639559336,3388.256204208597,761.0522351157399,-1500.8089316927403,-69.65592076983512,188.08140821011136,1797.5777924986328,989.1423482582272,154.55172868826543,258.77384482005596,186.06333067545165,65.89547189521198,39.96623889503327,198.77827002713457,7.334162136752639,292.41649850551244,-749.4280315626576,-337.37065463196245,-18.681931812151333,5.485596202341398,0.0,0.0,0.0,0.0,0.0,0.0,0.0,-1743.6023203943305,-989.1423482582272,100.0,-700.431139289268,-186.06333067547212,0.0,66.2373545424215,-255.46505591770358,-7.334162136752866,100.0,836.871495490762,337.37065463193176,0.0,89.48825972872878,0.0,0.0,0.0,0.0,0.0,0.0,0.0,0.0
-673.5888297451842,3502.679016109702,848.783434593028,20.862926007236524,1015.4299320408859,160.89490594016524,1709.8218507852262,1075.5864825435083,186.54158457208342,513.8068837231697,159.54057945489467,61.748363365126835,27.944285320378548,71.43507350298492,-164.7675814266322,280.3068333140842,845.1215344222152,-350.69263627294504,-29.637263946853807,5.10288674993372,0.0,0.0,0.0,0.0,0.0,0.0,0.0,-1817.8177206435523,-1075.5864825435078,100.0,-1093.7089326465127,-159.54057945488785,0.0,75.66198345929763,-80.68524423995203,164.76758142663198,100.0,-231.06889297509142,350.69263627294504,0.0,100.0,0.0,0.0,0.0,0.0,0.0,0.0,0.0,0.0
-844.6507628034586,3375.5030409051105,920.1916177120827,-2206.998613446268,-879.466207702676,123.15187209924375,1823.5608969324965,1148.5257944064647,216.0001102050096,-1370.3209114638526,132.0710098157565,55.7951231250334,12.595318919274465,-206.219627112804,-343.01307302416546,262.92321637024486,-592.0200089411729,-361.93337784061384,-39.72570991170414,17.168635876803766,0.0,0.0,0.0,0.0,0.0,0.0,0.0,-1844.3100403580386,-1148.5257944064638,100.0,-149.54192816798013,-132.07100981574968,0.0,83.58323211109983,143.03853873132888,343.0130730241673,100.0,927.9434279037077,361.93337784061214,0.0,76.36367014805948,0.0,0.0,0.0,0.0,0.0,0.0,0.0,0.0
-1078.8825794885413,3269.358762049422,970.5915973619944,-855.3132429915479,-909.7980184496032,77.32867799318342,1777.0824485642895,1207.5274141399386,242.06564748995757,-107.57897885086436,103.81764419770889,48.20988268854663,15.747705433776208,-276.79890008384336,-526.344487022736,240.7741162403768,-1459.0930299109245,-371.02616940336304,-48.65218395595164,22.76810991103958,0.0,0.0,0.0,0.0,0.0,0.0,0.0,-1797.7819212398886,-1207.5274141399382,100.0,-1224.5312225851956,-103.81764419771571,0.0,90.76746936806538,270.6678251330892,526.3444870227379,100.0,1337.7104695115102,371.02616940332894,0.0,76.95392647912252,0.0,0.0,0.0,0.0,0.0,0.0,0.0,0.0
-1273.0829332002231,3127.16961474093,996.6765629682311,-380.5413513575502,-282.89358408994076,26.431845130155125,1758.5728083342271,1252.241187441623,263.9757828039109,-915.6910349008638,74.94815659969618,39.214509365711194,7.122265896491827,-421.8158158726738,-713.6738145905585,214.5073912629427,1188.7649853581618,-377.91704837332077,-56.15558785850027,24.134532609982415,0.0,0.0,0.0,0.0,0.0,0.0,0.0,-1725.935019850153,-1252.2411874416234,100.0,580.5350084052259,-74.94815659969618,0.0,93.9913873412952,439.84000285178473,713.673814590556,100.0,-543.573983541275,377.91704837328666,0.0,64.16983324613395,0.0,0.0,0.0,0.0,0.0,0.0,0.0,0.0
-1495.409482134751,2895.624649948245,996.7350447900892,-1684.4521778943,-444.5416565857272,-26.199216706534116,1625.7919290797772,1282.4017534593163,281.08964749862923,516.5592679271822,45.63387749253252,29.072116672684842,7.687994595854187,-627.6167623892491,-903.8893206550777,184.8913397751632,-760.58326095697,-382.56511975595856,-62.0164480174175,37.15935088572443,0.0,0.0,0.0,0.0,0.0,0.0,0.0,-1714.811430153965,-1282.4017534593163,100.0,343.8384754228173,-45.63387749253934,0.0,91.49619599230164,683.0749605263039,903.8893206550752,100.0,-723.8284293895833,382.56511975592616,0.0,45.718700675429766,0.0,0.0,0.0,0.0,0.0,0.0,0.0,0.0
-1596.099314413752,2810.8158624187413,970.7632057564373,-571.0058261276481,-193.66442882398815,-77.11131263388438,1659.8200863330858,1297.8301196162242,292.90666322642414,-617.6370192237187,16.04877703153761,18.079368295104814,0.0,-797.4028991908892,-1095.8621416678873,152.7922274851799,-1400.5525042633285,-384.9427988476475,-66.06333502463528,57.65340204287219,0.0,0.0,0.0,0.0,0.0,0.0,0.0,-1624.4548361090738,-1297.8301196162242,100.0,1.524278985360752,-16.04877703153761,0.0,89.32208430063649,796.93098247964,1095.862141667887,100.0,726.2524501068867,384.9427988476475,0.0,49.324454366727366,0.0,0.0,0.0,0.0,0.0,0.0,0.0,0.0
-1815.8603563290626,2616.1281997809674,920.4650932211232,-2915.4232919475044,-255.41432819034753,-122.96403143836756,1471.194751963603,1298.4347238702912,299.08118379263766,97.53430279542272,-13.63156739649412,6.557800713338224,1.477298063439454,-905.4857617527289,-1288.4529850213155,119.148949311177,-589.3769366172489,-385.0359749415088,-68.17787795414723,65.16143575283898,0.0,0.0,0.0,0.0,0.0,0.0,0.0,-1643.5068994326316,-1298.4347238702912,100.0,458.22592591116404,13.63156739649412,0.0,93.91051945522761,996.2433333120538,1288.4529850213153,100.0,-33.39089245057892,385.0359749414747,0.0,37.76741281791905,0.0,0.0,0.0,0.0,0.0,0.0,0.0,0.0
-1949.232828275444,2424.618776415243,849.140834120033,343.0544607953368,-879.549004552623,-160.74891445657784,1378.5693918442942,1284.2119781033998,299.4326052625106,1269.349771867445,-43.23101316457269,-5.155581698338096,7.359431306070373,-1095.693059514712,-1480.5188903578385,100.0,-654.1887139024993,-382.84409506956194,0.0,74.93529756478151,0.0,0.0,0.0,0.0,0.0,0.0,0.0,-1351.1826779029825,-1284.2119781034003,100.0,-802.7157955927487,43.231013164565866,0.0,87.67955965426304,1143.3864827623759,1480.5188903578405,115.05443317457166,-355.5937758408004,382.84409506956536,68.29822669645537,30.113370928394612,0.0,0.0,0.0,0.0,0.0,0.0,0.0,0.0
-1929.0723259268639,2172.41611612737,761.4701091961768,-7.131719154137954,2722.0029137669144,-187.98684460175593,1203.5226962441184,1255.2462894156147,293.95064860311436,306.4143599256204,-72.57389775142201,-16.718164006475718,19.92687807430236,-1295.2309907069773,-1670.9200126463688,100.0,-2442.417177671273,-378.3801672842196,0.0,82.25654357802203,0.0,0.0,0.0,0.0,0.0,0.0,0.0,-1305.1395960427494,-1255.2462894156156,100.0,556.0385399968425,72.57389775142883,0.0,91.21686429313537,1282.2508085130953,1670.9200126463686,148.81747542050135,-1448.8052814270952,378.3801672842196,66.42086106622202,22.548394654538356,0.0,0.0,0.0,0.0,0.0,0.0,0.0,0.0
-1986.6227923590232,1967.896686711223,663.2051128406802,788.9603105003562,-372.75424896953155,-202.89070457630487,1172.5213773468822,1211.7095591981038,282.79566034374625,-53.5863790858275,-101.48608123810163,-27.7917421613148,19.61474991202283,-1347.7950516416934,-1858.5263867701035,100.0,-1388.5234358912658,-371.6706834602451,0.0,82.22824351638516,0.0,0.0,0.0,0.0,0.0,0.0,0.0,-1079.0523477778818,-1211.7095591981038,100.0,429.0166817770353,101.48608123810845,0.0,79.98444894434994,1332.334905347891,1858.5263867701033,181.15261277059295,-80.25028362250055,371.6706834602451,62.60069376745179,14.981734941722562,0.0,0.0,0.0,0.0,0.0,0.0,0.0,0.0
-1978.1619821837967,1719.8499763945508,560.7931438681762,3509.6235940012357,775.9551134350295,-204.48263204551665,1009.1089415610501,1153.8601629575523,266.2939224605091,-740.3033622805816,-129.79597976833247,-38.05241542186138,25.672565481196877,-1539.3196958110734,-2042.2246334805468,100.0,-990.7213347571258,-362.7554620744536,0.0,93.06340664774854,0.0,0.0,0.0,0.0,0.0,0.0,0.0,-1016.249546833569,-1153.860162957552,100.0,1365.5082506876606,129.79597976833247,0.0,72.15503300071418,1539.7174670070585,2042.2246334805463,211.11404660391997,-141.57568942049124,362.7554620744502,56.94946420370499,17.968180681185775,0.0,0.0,0.0,0.0,0.0,0.0,0.0,0.0
-2013.4949501390486,1401.9732886187537,460.9535895543954,-290.5360823023216,-647.460268081411,-192.6581785032988,871.3850826987712,1082.0414169464789,244.92810867035303,1001.4328809190511,-157.33558383984246,-47.20006041105805,38.50074670655455,-1561.8047854814647,-2220.9245669200573,100.0,-9.979031882199934,-351.6874118968303,0.0,91.007566016296,0.0,0.0,0.0,0.0,0.0,0.0,0.0,-850.1968549020074,-1082.0414169464789,100.0,1353.091362406825,157.33558383982881,0.0,67.31315390174109,1514.1791861415784,2220.9245669200573,237.8254088230263,50.34414452347164,351.68741189683715,49.6324701150256,10.024664654227802,0.0,0.0,0.0,0.0,0.0,0.0,0.0,0.0
-1904.29602567527,1069.9088822763485,370.23705758319863,692.2188360293103,-2252.58140056496,-168.19316227885793,638.2574913777244,996.6795406994565,219.32316628674954,-214.18654666344366,-183.94145538267594,-54.967109686022866,50.78263231853386,-1745.1455458253283,-2393.565664499622,100.0,1051.425939284777,-338.53221799487073,0.0,92.38186041262074,0.0,0.0,0.0,0.0,0.0,0.0,0.0,-696.4246647718026,-996.6795406994565,100.0,1228.9660986878187,183.9414553826964,0.0,57.94810586666647,1655.3395925502869,2393.5656644996216,260.50539550839005,-195.73919041248473,338.53221799487073,40.86373264022086,9.93679013303495,0.0,0.0,0.0,0.0,0.0,0.0,0.0,0.0
-1831.1281306662768,779.8074217131974,294.5955818500506,-355.3697900495274,-813.2720368010393,-132.69276605129846,532.8694963935302,898.2811275669033,190.2280365909159,321.62909175945686,-209.4556977081652,-61.12637805150271,54.87522066034178,-1789.5616204417502,-2559.123360735357,100.0,74.94590408536283,-323.3679519161615,0.0,96.87013666099324,0.0,0.0,0.0,0.0,0.0,0.0,0.0,-577.0126624263188,-898.2811275669046,100.0,-33.30267165847374,209.4556977081652,0.0,43.70141535715078,1762.5403951345302,2559.1233607353565,278.49061995787974,-456.0644170297951,323.3679519161615,30.899736225929928,7.432022887503285,0.0,0.0,0.0,0.0,0.0,0.0,0.0,0.0
-1750.042510715723,602.185921531346,238.99210149827803,-908.8271416357793,-495.9308564797317,-88.48621865086216,380.46470336527454,787.4301382579288,158.49374839537964,127.8274712865155,-233.7268925711146,-65.49770769763597,67.54443234234813,-1711.2859990310076,-2716.615127691952,100.0,-1138.2935839403854,-306.2846083594877,0.0,92.88375405140363,0.0,0.0,0.0,0.0,0.0,0.0,0.0,-324.07115742700023,-787.4301382579304,100.0,131.56114830847343,233.7268925711112,0.0,38.02201316429073,1743.1382801433224,2716.615127691952,291.25501666272197,-1270.2580654213932,306.2846083594877,20.03192648951881,4.060517055413117,0.0,0.0,0.0,0.0,0.0,0.0,0.0,0.0
-1548.8656411176894,240.0605610135938,207.07483579473546,-590.4359070431963,893.5929187725661,-38.473971217069334,137.959285629562,664.7844352345614,125.0485255603476,241.90939271117372,-256.61099878518485,-67.95323779285944,77.10627815641172,-1845.3702064361005,-2865.1063059477365,100.0,503.46382653744627,-287.38357108809396,0.0,93.22191942730814,0.0,0.0,0.0,0.0,0.0,0.0,0.0,-117.98720474566504,-664.7844352345617,100.0,25.63268697218234,256.6109987852087,0.0,21.509850361268548,1826.793154837935,2865.1063059477365,298.42522865616814,-535.065438670423,287.3835710881008,8.578185472132986,8.592761938564895,0.0,0.0,0.0,0.0,0.0,0.0,0.0,0.0
-1331.0648907898608,-120.64616206008651,200.9379195480417,-1359.976393443759,-1841.5813436548358,14.062605308694458,-0.16664594830934476,531.071878524488,100.0,1010.1923407243926,-277.9722070576179,0.0,83.4426002209276,-1789.835081084346,-3003.715651476611,100.0,370.9915869254394,-266.77701125168824,0.0,84.72130591381033,0.0,0.0,0.0,0.0,0.0,0.0,0.0,-25.70868032146933,-531.0718785244867,109.12936343517494,-1122.295474314581,277.97220705761447,68.42114439675278,17.28189039403428,1728.0208795493156,3003.7156514766107,299.7915281568978,-577.614652972087,266.77701125169506,-3.1264663702756934,18.1938679590051,0.0,0.0,0.0,0.0,0.0,0.0,0.0,0.0
-1157.2673827947851,-331.487086601947,220.98400410211627,-319.0799281702846,551.3306378959578,65.6765153519936,-229.4357476866566,387.0860061223557,100.0,1513.5773368668695,-297.6837459708088,0.0,80.47062641900504,-1786.4278686674638,-3131.6205655279687,100.0,762.9907924656163,-244.5872216893008,0.0,74.00412810424842,0.0,0.0,0.0,0.0,0.0,0.0,0.0,251.13326686140957,-387.0860061223559,143.04021972094068,1262.3167826442723,297.6837459707849,66.88774130120166,6.867838929097497,1793.7802605605402,3131.620565527968,295.31395107972475,-1.3878912427242085,244.58722168930763,-14.739669472282912,41.09883901346281,0.0,0.0,0.0,0.0,0.0,0.0,0.0,0.0
-882.4188597333356,-739.2769140897458,265.8978388389683,1057.5073015852786,-2205.971799426016,112.98130072950869,-453.59953693098123,233.68132461494042,100.0,-1182.231828426096,-315.6286343267743,0.0,92.05802561908285,-1748.7230313789773,-3248.0619764671064,100.0,-449.26147947696904,-220.94589116323505,0.0,61.369629391045535,0.0,0.0,0.0,0.0,0.0,0.0,0.0,430.06491957761216,-233.68132461494042,175.69215509922267,512.1092134762043,315.62863432675044,63.39788035004972,12.611201415347944,1714.992153167335,3248.061976467106,285.12346597996503,-89.25783311561986,220.94589116322823,-25.921739132400887,31.580408300864523,0.0,0.0,0.0,0.0,0.0,0.0,0.0,0.0
-813.8457346882356,-1005.2992853076803,332.73256654392867,2805.460485309736,869.8382024310257,152.8732307334235,-602.7696336739098,71.76823797871384,100.0,302.4556626475237,-331.70037539049986,0.0,98.95738404792617,-1715.2524881126374,-3352.3488446040797,100.0,496.3036992031698,-195.99332283185504,0.0,49.49658164996446,0.0,0.0,0.0,0.0,0.0,0.0,0.0,647.6904449715946,-71.76823797871407,206.130104647395,399.65977733539376,331.70037539049986,58.05363952862862,0.0,1705.8178146915577,3352.3488446040797,269.5181432399875,756.0899450838951,195.99332283185504,-36.3456012470121,48.97665410900326,0.0,0.0,0.0,0.0,0.0,0.0,0.0,0.0
-437.297965125906,-1196.150853670924,417.10307067814267,828.232560610883,-593.0191088295715,182.734942085213,-771.8457874504332,-97.69235535435678,100.0,576.7529609336668,-345.8035889113762,0.0,96.69326404253805,-1658.9926835701285,-3443.8622632763745,100.0,198.66131049161368,-169.8776015985618,0.0,50.5530799973138,0.0,0.0,0.0,0.0,0.0,0.0,0.0,734.6973825292448,97.69235535435655,233.46376224444748,-1522.7773829107969,345.8035889113796,51.01133719562611,6.257571601443986,1618.2113912086766,3443.8622632763745,248.9544365487565,-925.47249093505,169.8776015985618,-45.70635918602491,53.759108598477255,0.0,0.0,0.0,0.0,0.0,0.0,0.0,0.0
-305.6458003340134,-1469.4409621009754,513.473688783271,651.5231927567664,-438.21154718770913,200.60716766695236,-938.6931411910474,-273.6947650982362,100.0,-645.9662694584546,-357.85457717202405,0.0,92.97348406607225,-1556.7903364165115,-3522.059131846902,100.0,917.4860907936602,-142.7537152787204,0.0,39.70008764073745,0.0,0.0,0.0,0.0,0.0,0.0,0.0,828.1442034409564,273.69476509823596,256.89362191085655,-3.009161573122583,357.85457717199165,42.47695979119115,0.0,1547.1664717079843,3522.059131846902,224.03383168995975,452.8181399230084,142.7537152787204,-53.730211980070095,62.19620691988442,0.0,0.0,0.0,0.0,0.0,0.0,0.0,0.0
98.64241941404529,-1787.8463558276023,615.5214147541966,-277.1869923909884,-1286.2417459276764,205.31728667691425,-1089.9675561411,-455.19447753844497,100.0,690.5872214173803,-367.78182170568584,0.0,93.88734883365072,-1438.5067149729232,-3586.47537881931,100.0,735.3090650078843,-114.78263480049918,0.0,20.235145811624115,0.0,0.0,0.0,0.0,0.0,0.0,0.0,1187.5758954245166,455.1944775384445,275.7343632559564,1565.3833187396363,367.78182170565174,32.700136759999054,8.576435616044236,1362.987656612121,3586.4753788193098,195.48525315996966,-585.6706264312811,114.78263480049918,-60.182462963918795,78.40443284937217,0.0,0.0,0.0,0.0,0.0,0.0,0.0,0.0
341.2196539970221,-2010.3505298583407,716.550759789305,-724.1920468485511,278.19980920895773,196.55626186037068,-1244.1526499720992,-641.1143543614006,100.0,216.16800213561532,-375.526407733272,0.0,83.91556308170017,-1290.3666762571,-3636.72871594257,100.0,-537.7912824545308,-86.13035889766024,0.0,13.159761648611617,0.0,0.0,0.0,0.0,0.0,0.0,0.0,1266.4059723192543,641.1143543614003,289.43489701148474,1362.6607508368556,375.5264077332379,21.966838921941587,17.66247447409882,1339.3957304816881,3636.72871594257,164.1437432198038,-1885.7504203531812,86.13035889766024,-64.87438462371699,80.13592693094337,0.0,0.0,0.0,0.0,0.0,0.0,0.0,0.0
584.4353406909863,-2236.6511887019724,809.933052432375,-363.56376367954454,219.97256360845313,174.8989158602899,-1382.7198207775768,-830.3510250995246,100.0,-505.05599748382906,-381.0423738027788,0.0,72.85876972626887,-1173.7971639072691,-3672.5209069601474,100.0,1185.770064899208,-56.96692896442528,0.0,12.21347343788506,0.0,0.0,0.0,0.0,0.0,0.0,0.0,1410.9979676303774,830.3510250995221,297.59448432200963,856.402663429775,381.0423738027481,10.591013862380976,26.528536585065396,1158.0767825346586,3672.5209069601474,130.9260370160665,-714.4118789108018,56.96692896441846,-67.66873885253545,88.903027161274,0.0,0.0,0.0,0.0,0.0,0.0,0.0,0.0
781.3720575538215,-2392.1357349305736,889.5413546383693,1669.3033551238113,-1680.9015670668236,141.76621632910667,-1440.1742119803655,-1021.7814352551239,100.0,-393.94935198294775,-384.2969845543439,0.0,70.61704547901341,-1060.0848360249518,-3693.639537539513,103.1962518045261,356.1856220242885,-27.465419918160023,68.48379114758032,12.675406789311133,0.0,0.0,0.0,0.0,0.0,0.0,0.0,1468.1759609184353,1021.7814352551214,299.97445830505967,-497.9197119972389,384.296984554378,-1.0945969944944522,34.52907179533625,1050.99845860008,3693.639537539513,100.0,-66.74147135942803,27.465419918160023,0.0,81.73789926204586,0.0,0.0,0.0,0.0,0.0,0.0,0.0,0.0
1023.4759167984543,-2634.1727635246716,950.1524584341148,-44.203653658218514,-2764.8977094244106,99.3320443266606,-1600.0140911400858,-1214.269511242237,100.0,-177.17391045622662,-385.27092499369473,0.0,47.79950856233228,-916.9030798931958,-3699.9592758780905,137.22505066971505,732.8314605275688,2.19908694055448,67.29570133372135,8.196557219712105,0.0,0.0,0.0,0.0,0.0,0.0,0.0,1527.7274403985518,1214.2695112422346,296.50520502683173,-122.51355848285812,385.27092499369473,-12.748191029647842,46.361671720667026,906.9541848772499,3699.9592758780905,100.0,-989.3456057199325,-2.19908694055448,0.0,95.74536321545384,0.0,0.0,0.0,0.0,0.0,0.0,0.0,0.0
1252.101191914173,-2828.032322387096,987.7895876312507,108.20319403809776,822.6096228227175,50.38056305442694,-1708.2867650546111,-1406.6729025922828,100.0,117.14872187690275,-383.95841511945946,0.0,48.206558542919375,-678.5795352231518,-3691.442616504358,170.16502157644607,754.1511395625031,31.850542975303142,64.13922088567617,0.9943620420212147,0.0,0.0,0.0,0.0,0.0,0.0,0.0,1603.0334762476061,1406.6729025922846,287.28819970082714,24.837987438677374,383.95841511945946,-24.0289021119753,46.53462172380439,732.4215481220529,3691.4426165043583,100.0,-345.4760169970683,-31.850542975303142,0.0,92.73762471639176,0.0,0.0,0.0,0.0,0.0,0.0,0.0,0.0
1419.5881101821537,-3083.3599520517882,999.9833194703135,4.51149741814902,-763.5366095231507,-1.8764548433574646,-1756.728559643558,-1597.8497614108599,100.0,330.8883738105544,-380.3672442259574,0.0,36.84190986664699,-562.1763118322525,-3668.140102859909,201.05267459982514,578.0880625252596,61.31297700177811,59.10667645171401,9.682976354194837,0.0,0.0,0.0,0.0,0.0,0.0,0.0,1790.5328009319896,1597.8497614108596,272.5930385508691,-954.527283226314,380.3672442259574,-34.606770888924814,65.13438060397684,603.0276394314898,3668.140102859909,100.0,-91.19034024217711,-61.31297700177811,0.0,92.78994374451874,0.0,0.0,0.0,0.0,0.0,0.0,0.0,0.0
1587.4692503600463,-3156.991649016242,985.9336067753218,-1249.3048850002958,797.4346253834551,-54.01035601048363,-1758.891290089826,-1786.6655188519112,100.0,1195.15974431696,-374.5187246761452,0.0,33.717207159753535,-350.3312398538913,-3630.1900273415285,228.98454984986262,151.21083876185537,90.41153961619557,52.34526931122801,13.887523470768617,0.0,0.0,0.0,0.0,0.0,0.0,0.0,1762.770089677845,1786.6655188519107,252.84955315612922,114.45147836354863,374.5187246761452,-44.17239605523747,61.426684225795256,344.1836856112112,3630.1900273415285,100.0,17.319106778550406,-90.41153961619557,0.0,95.64215665211107,0.0,0.0,0.0,0.0,0.0,0.0,0.0,0.0
1678.0632092146782,-3374.422054608169,946.5622701269906,-1998.6020491028353,1321.620739403902,-102.60056494542084,-1739.9956906366522,-1971.9996183932637,100.0,-377.9565030019853,-366.4475654204375,0.0,27.37304160570892,-204.61267856756797,-3577.8176105834223,253.1436435573954,-717.3088132690474,118.9735408664501,44.05276975600856,11.252302970025386,0.0,0.0,0.0,0.0,0.0,0.0,0.0,1842.4759885817134,1971.9996183932635,228.63523793255624,166.16831815876822,366.4475654204409,-52.44598430148841,83.3786797196636,184.57455235522457,3577.8176105834223,100.0,-596.9106414275568,-118.97354086645691,0.0,81.06207702013843,0.0,0.0,0.0,0.0,0.0,0.0,0.0,0.0
1797.9008186462797,-3427.975772923177,884.4525159723548,651.9980990822728,-299.0241375439359,-144.45901256871366,-1780.435727344055,-2152.7521659538456,100.0,959.4613448627445,-356.20166601040637,0.0,17.876717396848203,-54.07905876518096,-3511.3336648502864,272.82330532957155,46.0666700300592,146.82947510729264,34.471732334597505,24.389389940187744,0.0,0.0,0.0,0.0,0.0,0.0,0.0,1827.870834252552,2152.752165953845,200.6583584952667,-156.35886491351812,356.20166601039955,-59.18553423243537,86.4985363558257,78.2576197195033,3511.3336648502864,100.0,-526.36247862759,-146.82947510729264,0.0,77.30619360163458,0.0,0.0,0.0,0.0,0.0,0.0,0.0,0.0
1934.7301527911297,-3541.351273346507,803.6794489691273,-1804.4462149377534,-1095.4908491547212,-176.83930973108147,-1713.7542243432638,-2327.850457386443,100.0,835.57126117032,-343.84183233209114,0.0,2.085181888262218,207.2692219157075,-3431.132749473503,287.4479075832182,25.677168258577154,173.8140269582118,23.8824011629751,26.451325272746928,0.0,0.0,0.0,0.0,0.0,0.0,0.0,1726.286112658343,2327.8504573864425,169.7372349801262,466.50526496560474,343.84183233209114,-64.1939148768644,94.8102848511024,-204.461363366552,3431.132749473503,100.0,-1825.6719400267602,-173.81402695821862,0.0,72.6583606057377,0.0,0.0,0.0,0.0,0.0,0.0,0.0,0.0
1960.610596525259,-3646.098741278401,709.5426988782485,-394.2384188298979,-773.4410416474498,-197.616941506015,-1698.4743971133494,-2496.2553446075176,100.0,607.4988743457038,-329.4414157434335,0.0,5.4913161780287,338.94990575787654,-3337.690829277341,296.58968257783164,876.9666483313804,199.76705239310604,12.594512819931651,37.41620213642726,0.0,0.0,0.0,0.0,0.0,0.0,0.0,1722.782405661217,2496.255344607517,136.77630628471792,-178.40166553146673,329.4414157434403,-67.3246317431763,92.33903106942773,-347.77861408716444,3337.690829277341,100.0,-227.05979383375364,-199.76705239309922,0.0,64.38988318339358,0.0,0.0,0.0,0.0,0.0,0.0,0.0,0.0
2028.8761023786317,-3603.4867592352134,608.2187047144682,-1692.5477908806704,1160.8214265834727,-205.42865947672624,-1732.4179670834137,-2656.967402583384,100.0,-291.4979832213601,-313.085877759911,0.0,9.089720880770793,538.7316377519322,-3231.5624498915677,299.98123456713483,126.9792543609617,224.53452914023956,0.938236591996997,47.019074935754844,0.0,0.0,0.0,0.0,0.0,0.0,0.0,1718.7985688653018,2656.9674025833833,102.73967534656855,16.527221400242524,313.085877759911,-68.48611176453716,91.35330830798749,-556.3904452412019,3231.5624498915677,100.0,-607.2196326441315,-224.53452914023956,0.0,50.185468220978265,0.0,0.0,0.0,0.0,0.0,0.0,0.0,0.0
1984.9128882282353,-3513.330812571746,506.3554702603667,-1782.7761215926205,-166.80122119330463,-199.76192630140815,-1637.5033237895746,-2809.0328605737295,131.37709074413922,1486.695234426628,-294.87228286900745,67.64438179923488,2.617310519383971,712.4854171113443,-3113.3774467140356,297.52336109036327,-389.5272659301503,247.96947075102707,-10.745482935940913,51.63402548065081,0.0,0.0,0.0,0.0,0.0,0.0,0.0,1665.4578039712062,2809.0328605737295,100.0,298.0554108865988,294.8722828690006,0.0,86.08234627080371,-728.0219858465649,3113.3774467140356,100.0,-556.9949514108453,-247.96947075102025,0.0,39.129260276326775,0.0,0.0,0.0,0.0,0.0,0.0,0.0,0.0
1959.692990547975,-3418.4738691489506,410.6363795805445,180.18110822283916,-1483.1738936209604,-180.98854397921855,-1585.8893775168838,-2951.549262432649,164.5760809542888,314.6278631716973,-274.9087224865434,64.82406234082461,6.9306306994326565,866.1968843413081,-2983.8372070544,289.2879546315221,360.7513340761244,269.9327989142671,-22.114898465965496,61.590175581907765,0.0,0.0,0.0,0.0,0.0,0.0,0.0,1619.4892966113237,2951.549262432649,100.0,603.711849803741,274.90872248652977,0.0,93.91417181244056,-792.834063991637,2983.8372070544006,100.0,-969.3596966335497,-269.9327989142671,0.0,27.949793188812386,0.0,0.0,0.0,0.0,0.0,0.0,0.0,-0.04904089407128572
1957.9581836344385,-3384.2081261375656,327.3416911878634,-1033.18927043455,1306.4413524144288,-150.34025941985306,-1433.5044793782442,-3083.6708223751825,195.8862290775749,-466.2183328834658,-253.31367347118885,60.10764737179514,1.0760370547538542,1099.0525949919027,-2843.7105076419034,275.51589977344725,-124.05912175587048,290.2941688380952,-32.83745605181451,77.33914480250412,0.0,0.0,0.0,0.0,0.0,0.0,0.0,1481.8256936582181,3083.670822375182,100.0,-72.7263217045936,253.31367347118885,0.0,76.16489614054161,-1039.0321266981719,2843.710507641904,100.0,1453.0070452748635,-290.2941688380952,0.0,23.416736182570848,0.0,0.0,0.0,0.0,0.0,0.0,0.0,-0.057020426354371746
1807.2189279396455,-3276.531787792229,261.9364818202985,392.7853969711134,-256.6607119987839,-109.82794786916742,-1411.3192202983375,-3204.613444424811,224.39171729651403,680.2256107648748,-230.21529500490033,53.63309142517153,14.478645157080626,1179.9260067588423,-2693.828952200116,256.61002735464996,-377.2611215169354,308.93274280120295,-42.599522259140485,78.66209441693852,0.0,0.0,0.0,0.0,0.0,0.0,0.0,1378.2977767064967,3204.61344442481,100.0,197.54761849552096,230.21529500490033,0.0,77.7165732176975,-1088.4585259344651,2693.8289522001164,100.0,822.7759715264006,-308.93274280120977,0.0,22.099897696538967,0.0,0.0,0.0,0.0,0.0,0.0,0.0,-0.06629832272038531
1668.162794426269,-3245.997204028646,218.71207539243096,-3.8070297510387263,1014.0200117919449,-62.109676674954244,-1235.8600730089279,-3313.65937575315,249.25876373616296,51.220382673659515,-205.75066801243793,45.589774432113046,28.70443969085256,1327.928804569854,-2535.0820361651204,233.12333171894534,-364.5825557084038,325.73790728330323,-51.1155579032004,89.74767128987378,0.0,0.0,0.0,0.0,0.0,0.0,0.0,1162.0037031251181,3313.65937575315,100.0,-374.2582011478396,205.75066801243793,0.0,72.12629246385232,-1280.5646548802722,2535.0820361651204,100.0,63.03181402891937,-325.7379072832964,0.0,4.909577229489716,0.0,0.0,0.0,0.0,0.0,0.0,0.0,-0.07708584232989273
1444.058625776657,-3091.4148206735144,200.50448345121214,-1763.58013877659,-321.52790304257223,-10.31630590657528,-1144.3775388346248,-3410.1614662959205,269.76001047704096,1866.6690683943796,-180.0649816332293,36.212962383211504,47.685243716694444,1428.49859467391,-2368.411867836281,205.7427957018108,-362.74490886714375,340.6099294181604,-58.13647003351605,97.43385937889839,0.0,0.0,0.0,0.0,0.0,0.0,0.0,1132.5189908156758,3410.1614662959205,100.0,893.5094205589019,180.06498163323613,0.0,61.25872903047147,-1470.5600509707763,2368.411867836281,100.0,1105.005611289206,-340.60992941815357,0.0,13.109544154198037,0.0,0.0,0.0,0.0,0.0,0.0,0.0,-0.08962861870232462
1329.5107996569811,-2804.2855902108986,208.50833063709393,-885.2518214405495,-1495.698422678588,42.15393159268132,-909.408238525872,-3493.547009365782,285.2957986809972,214.70982515479704,-153.3106715739541,25.776925828455433,44.948506163573114,1528.5873432076835,-2194.8075772878287,175.26929647054908,489.28134378275104,353.4605488741454,-63.45689787062355,96.48188969899057,0.0,0.0,0.0,0.0,0.0,0.0,0.0,893.212974853871,3493.547009365782,100.0,-753.766249185943,153.31067157396092,0.0,49.350460498934936,-1533.8249323087364,2194.807577287829,100.0,-820.5165200564659,-353.4605488741454,0.0,6.338333324846825,0.0,0.0,0.0,0.0,0.0,0.0,0.0,-0.10421225282987544
1053.7881163683885,-2760.8969667229558,242.19847375170457,420.7189903841629,-1492.3929525086169,91.85839284129429,-725.8203632048277,-3563.321140469392,295.4117085353305,-431.8586050270511,-125.64651545477545,14.586917498770617,53.92968771080236,1619.413031889973,-2015.2994462223392,142.59417996983893,-1146.6908309431687,364.21350164833484,-66.9212195825051,88.53003004596098,0.0,0.0,0.0,0.0,0.0,0.0,0.0,729.336758035861,3563.321140469392,100.0,208.87644228800866,125.64651545476863,0.0,37.6700971060103,-1574.897183918563,2015.2994462223396,100.0,-713.33025299719,-364.21350164833484,0.0,6.6339528439218345,0.0,0.0,0.0,0.0,0.0,0.0,0.0,-0.12116881635704835
752.1898656401744,-2675.6793017191176,299.36445711068234,-761.6867120864418,-55.130892052254694,135.53590116420935,-599.614891624834,-3619.069774157808,299.8118509740364,-1730.8750639206232,-97.23669051912793,2.970243702831681,66.86046521369225,1730.7696057653854,-1830.952793603525,108.67318916716657,351.12839944403845,372.80497266768975,-68.42810420342254,91.39695694048156,0.0,0.0,0.0,0.0,0.0,0.0,0.0,568.1518414576542,3619.069774157808,100.0,-1453.5438964964537,97.23669051912793,0.0,38.974005092181045,-1654.8259001626795,1830.9527936035252,100.0,-44.31031857504422,-372.80497266768634,0.0,13.083054793462999,0.0,0.0,0.0,0.0,0.0,0.0,0.0,-0.14088441290426768
679.9970182414468,-2463.9457911384748,376.2555435195321,-552.716822502793,874.0295418034839,170.32071638855967,-366.21703936230614,-3660.4620614810915,298.3675223950446,44.001876794376074,-68.24979929815527,-8.733309340518645,69.85629571600498,1768.4922311246162,-1642.8616533548798,100.0,1529.337352641512,379.18397450918064,0.0,85.56566072402593,0.0,0.0,0.0,0.0,0.0,0.0,0.0,390.6423262069196,3660.4620614810915,100.0,-1795.5918207974582,68.24979929815527,0.0,25.501649699299744,-1719.534044257773,1642.8616533548802,125.50149130642146,-52.33753548699269,-379.18397450918064,67.93347555136968,16.50597059224094,0.0,0.0,0.0,0.0,0.0,0.0,0.0,-0.16380796970808742
290.61361107017547,-2046.7572704009433,467.8268051947476,-1918.8974225361935,1750.8920790742354,193.93055991798235,-222.47167979631243,-3687.2523534629254,291.12096922407386,791.8361128687261,-38.85786901279289,-20.181414205596298,81.07510393404081,1798.0066484420965,-1452.1422816449854,100.0,-66.08338605282029,383.31264999299265,0.0,83.13394293341983,0.0,0.0,0.0,0.0,0.0,0.0,0.0,197.52013262540112,3687.2523534629254,100.0,104.0548307721599,38.85786901279289,0.0,12.301413925183637,-1804.4717735113436,1452.1422816449858,158.93025642953333,1018.4139082847901,-383.31264999299606,65.45180145107338,10.759737578499452,0.0,0.0,0.0,0.0,0.0,0.0,0.0,-0.1904614597650274
115.29915854478521,-1815.0371166566088,568.0701282733082,-352.514059450908,302.0742266555044,204.81635810620446,-91.24927727602878,-3699.2816589427307,278.2841522120982,-545.6296600348893,-9.235330651324603,-31.039215293165228,89.76762224881361,1792.4927157978684,-1259.9265322913952,100.0,-622.7368698957775,385.16649685127163,0.0,81.1806523681139,0.0,0.0,0.0,0.0,0.0,0.0,0.0,41.228348031038166,3699.2816589427307,100.0,1405.7715460606619,9.235330651317781,0.0,13.341961906655635,-1841.2660703333233,1259.9265322913955,190.63531910912798,699.3863685430051,-385.16649685127163,61.05567055164158,22.171067546596124,0.0,0.0,0.0,0.0,0.0,0.0,0.0,-0.22145178723886091
-228.09591971312156,-1614.0579045576392,670.4084132586518,317.69876907655714,-433.96000321276574,202.26387906638365,54.826955418627946,-3696.478588133473,260.232546610562,1501.3743975212979,20.44201621838738,-40.98912331378699,98.01851382242309,1777.3130840258211,-1067.3551395978664,100.0,-783.8849308057456,384.7345131410066,0.0,61.80391887213426,0.0,0.0,0.0,0.0,0.0,0.0,0.0,-221.7142089317822,3696.478588133473,100.0,501.88907905987435,-20.44201621838056,0.0,10.684238463125364,-1742.463017464537,1067.3551395978666,219.68931032759002,-1338.839579831406,-384.73451314101,54.873669118214394,35.92665961171861,0.0,0.0,0.0,0.0,0.0,0.0,0.0,-0.25748460676394874
-437.1176342829345,-1256.7609071339928,768.1271073807285,-88.79800093825679,1074.2522404919964,186.44059438753288,318.6627048007031,-3678.859776295471,237.4941595684239,1110.877637956456,49.998046758817054,-49.74010473379991,84.35014904698855,1821.7005293225648,-875.5709484889383,100.0,703.771484692387,382.0192625368145,0.0,64.72632180713549,0.0,0.0,0.0,0.0,0.0,0.0,0.0,-414.1329173406858,3678.859776295471,100.0,-890.6547959726813,-49.998046758817054,0.0,10.095226058977516,-1739.542907750886,875.5709484889386,245.24240456758045,-1367.972555820271,-382.0192625368145,47.08661989988627,45.73525733082876,0.0,0.0,0.0,0.0,0.0,0.0,0.0,-0.2993803913123313
-607.2190340378639,-965.5889702600209,854.8147554505344,-1887.7306988130101,572.4564638024003,158.38469109815208,482.05562966830814,-3646.5297850118554,210.7340859907619,495.8800146731892,79.25735610315996,-57.03619446889121,95.73205918561597,1705.8106411329622,-685.7121321187469,100.0,-190.0576336908432,377.0368591165277,0.0,41.02955652372596,0.0,0.0,0.0,0.0,0.0,0.0,0.0,-516.5915579723485,3646.5297850118554,100.0,984.5808115085938,-79.25735610315996,0.0,15.723664649991978,-1809.5895793040463,685.7121321187471,266.5471770994351,-1.0267605496392207,-377.036859116526,37.92229308775518,41.63430499109403,0.0,0.0,0.0,0.0,0.0,0.0,0.0,-0.348093114492442
-885.1393513112184,-813.7463499849035,924.7836640739563,-441.4660332430401,1594.8821733647083,119.93695481580232,639.9072913081155,-3599.680481651565,180.73505459808842,-187.68888439339037,108.04630032269415,-62.66398282991574,78.53736839217606,1657.6462719689391,-498.905437205143,100.0,-425.45077730343905,369.8168717290315,0.0,38.102788191216945,0.0,0.0,0.0,0.0,0.0,0.0,0.0,-743.1372395761201,3599.6804816515655,100.0,441.2417166028649,-108.04630032269415,0.0,7.33026916969713,-1651.7817705498157,498.90543720514324,282.98046605865784,382.33657117599023,-369.8168717290332,27.64874406586017,60.49362052691949,0.0,0.0,0.0,0.0,0.0,0.0,0.0,-0.4047319726783238
-1110.4893464284255,-373.8440172472679,973.4430788790347,-1521.0221653924225,-217.06172616925244,73.61999332309438,848.1029924866485,-3538.589900702566,148.3745332116509,553.3715754205429,136.19402694384917,-66.45885772901309,86.29079856177546,1507.461643527598,-316.2594971758043,100.0,793.7285680185414,360.40214851424935,0.0,23.666508335258804,0.0,0.0,0.0,0.0,0.0,0.0,0.0,-870.1615660077802,3538.5899007025664,100.0,-360.28485300058605,-136.19402694384917,0.0,18.61604692608192,-1617.074659951975,316.25949717580454,294.0615998505496,-813.5720959514947,-360.40214851424935,16.56647282561778,72.0839910080052,0.0,0.0,0.0,0.0,0.0,0.0,0.0,-0.4705866415856499
-1433.6026129632646,-100.83885506039249,997.6003900959781,532.4119609061472,1699.6253792093107,22.472724871787477,964.4030380132833,-3463.6205937328664,114.59906293218192,1271.20800794354,163.5334888987245,-68.3098195620174,80.46406179800307,1467.6366496925953,-138.85825281046255,100.0,-700.2814568210329,348.84856261338996,0.0,26.753915529984713,0.0,0.0,0.0,0.0,0.0,0.0,0.0,-956.6180220503539,3463.620593732867,100.0,1065.5136779144277,-163.5334888987245,0.0,2.347063270056534,-1529.2332803888078,138.85825281046277,299.4664567327103,490.57301696266563,-348.84856261338996,4.999634379670397,81.24256061995459,0.0,0.0,0.0,0.0,0.0,0.0,0.0,-0.5471566423907612
-1589.5662094327279,259.98255042349956,995.6706039859123,-2128.486946854307,2219.5975138580184,-30.149009338455812,1175.1915922295184,-3375.217477771778,100.0,1489.7852767160055,189.90243589206784,0.0,74.58730280268188,1383.6004297574705,32.245480574461,100.0,-432.51129759351215,335.22468058173786,0.0,13.797052759084167,0.0,0.0,0.0,0.0,0.0,0.0,0.0,-1116.2262265600796,3375.2174777717782,119.60342806591186,-158.0391629811993,-189.90243589206784,68.16272793270699,23.687487670434436,-1407.032807371778,-32.24548057446077,299.03694533443945,-464.50594340231305,-335.22468058173786,-6.713442730746237,84.90147562929677,0.0,0.0,0.0,0.0,0.0,0.0,0.0,-0.6361854860638709
-1757.9059318682876,417.539936999624,967.780336415743,702.0331858576913,703.6152566926341,-80.7926264227558,1322.2097141718957,-3273.9051948805,100.0,1650.0958318869414,215.1443773006963,0.0,68.12262682764023,1275.193232800582,196.03626122234914,100.0,-65.82602605960233,319.61135546905666,0.0,6.930216756292571,0.0,0.0,0.0,0.0,0.0,0.0,0.0,-1299.071883386178,3273.9051948805,153.23252130696386,-265.24976857517686,-215.14437730068948,66.02188525234453,36.60577631076519,-1270.822599403221,-196.03626122234914,292.78562880905747,-249.4741237448602,-319.61135546905666,-18.230152502195835,90.69526555583718,0.0,0.0,0.0,0.0,0.0,0.0,0.0,-0.7397003733882802
-1792.1181738562202,812.312161724407,915.7595054205183,-790.4190209820297,-110.64373778734989,-126.13533042625477,1433.4166114907223,-3160.284998582086,100.0,15.74619689629003,239.1095108916761,0.0,61.89147091933949,1094.8136215295322,351.54204723366433,100.0,-250.30102191002243,302.10124698519735,0.0,1.7279375971827866,0.0,0.0,0.0,0.0,0.0,0.0,0.0,-1456.4133112231955,3160.284998582086,185.3045701261721,-1193.2399388860358,-239.10951089168293,61.94991089480652,39.055031159734035,-1126.140252821477,-351.54204723366433,280.8953573632804,-576.0980751203715,-302.10124698520076,-29.213632650750014,99.01521607084754,0.0,0.0,0.0,0.0,0.0,0.0,0.0,-0.8600583546412884
-1942.9318068419138,1022.7927089516188,843.021267815492,-1504.7556963873626,1746.4933628564454,-163.20212544382343,1500.5120908689616,-3035.031185628764,100.0,-425.70700756283713,261.6556118469316,0.0,53.35770168101839,1023.613159607534,497.8399652999958,100.0,420.2540719936127,282.79827159625484,0.0,0.0,0.0,0.0,0.0,0.0,0.0,0.0,0.0,-1493.786723799896,3035.0311856287644,214.88147120840068,880.8138305854914,-261.6556118469248,56.06590958786427,50.823567008298724,-1009.7667055594599,-497.8399652999956,263.7139199121244,1015.142433923437,-282.79827159625484,-39.342617790523775,90.26067093273463,0.0,0.0,0.0,0.0,0.0,0.0,0.0,-1.0
-1907.392047335217,1421.9844843202216,754.3380773785412,-384.557370862409,780.0585900849092,-189.5610091099968,1567.2241947340829,-2898.88709428284,100.0,-232.0815264148223,282.64887681870505,0.0,43.25327544837648,811.4359096182495,634.0617876394483,100.0,280.2789550757012,261.8169858164174,0.0,2.7738767835758322,0.0,0.0,0.0,0.0,0.0,0.0,0.0,-1629.5799750798953,2898.88709428284,241.09810398985042,-719.4532795405394,-282.6488768186982,48.541987615223405,59.945419640505506,-798.4658880512559,-634.0617876394483,241.7438712977365,753.4908617044118,-261.8169858164242,-48.32083640511584,90.81100608959771,0.0,0.0,0.0,0.0,0.0,0.0,0.0,0.0
-2075.530836586356,1630.8776685543598,655.5285577273148,-1310.9640127119872,2752.472034830108,-203.48253955107623,1671.9072281812707,-2752.660692859992,100.0,893.6947993711954,301.9647180060224,0.0,26.499768180468045,661.5668899659543,759.3990846296547,100.0,-193.01115056336812,239.28190635402075,0.0,12.786538329199118,0.0,0.0,0.0,0.0,0.0,0.0,0.0,-1718.5080430766316,2752.660692859992,263.18763532360856,1174.2171958852248,-301.9647180060156,39.59821872971162,66.64395709181296,-580.802325357417,-759.3990846296547,215.62783262471407,366.24136248556965,-239.28190635402075,-55.88567675140055,96.34375850126169,0.0,0.0,0.0,0.0,0.0,0.0,0.0,0.0
-1987.3521711170615,1930.4680034500172,553.0757345835708,3645.2008304711353,2506.4893354786477,-204.0533063967422,1770.3347418517942,-2597.2197847154457,100.0,-26.682885712707503,319.48850254085755,0.0,23.606754527014374,430.6459716086987,873.1080225592978,100.0,231.35297662817464,215.32677114822718,0.0,19.357508108435646,0.0,0.0,0.0,0.0,0.0,0.0,0.0,-1666.4859568623262,2597.219784715446,280.50394925086096,-1012.8198149723664,-319.48850254085073,29.496207024318437,75.71453188064343,-418.89463179945636,-873.1080225592978,186.12969467519696,89.95775553454081,-215.326771148234,-61.815868219289456,87.93441845808938,0.0,0.0,0.0,0.0,0.0,0.0,0.0,0.0
-1999.7877068227701,2137.2453419659682,453.7016757202702,1115.4574413453406,-307.0459897739761,-191.23586086515104,1787.0122910835655,-2433.4868581298124,100.0,1271.5258938020736,335.1162327942325,0.0,18.125657383148805,320.76254230219513,974.5137780251116,100.0,1124.7580684648026,190.09374568004205,0.0,18.700843518212714,0.0,0.0,0.0,0.0,0.0,0.0,0.0,-1886.4954913932584,2433.4868581298124,292.54054580982904,-301.1877437984174,-335.1162327942325,18.53143504596744,81.96970995411073,-290.8828308916018,-974.5137780251112,154.11227420145156,-199.68457535363342,-190.09374568004205,-65.93795346886964,71.36797355243382,0.0,0.0,0.0,0.0,0.0,0.0,0.0,0.0
-1942.156645891354,2267.8951044697624,363.92644703754956,811.7040943756581,-241.26388190224588,-165.87117282816791,1863.7032532923877,-2262.43361165869,100.0,1422.198765183573,348.7551635670502,0.0,8.297503361101809,134.11242163715048,1063.0145427764865,100.0,471.4237591937825,163.7325792694901,0.0,29.206270206734406,0.0,0.0,0.0,0.0,0.0,0.0,0.0,-1804.1383194318423,2262.4336116586906,298.9453560947012,373.8293678886089,-348.755163567057,7.0246209689466355,81.12790942056503,-102.31511339489134,-1063.0145427764865,120.51207664651622,-146.7021504684979,-163.73257926948327,-68.13136203519846,66.10930128718483,0.0,0.0,0.0,0.0,0.0,0.0,0.0,0.0
-1757.7516701800494,2488.2015912123834,289.6403222537904,453.13074322777084,-654.5530553941353,-129.6234536445465,1839.6628670412788,-2085.075187436243,100.0,-558.6566283353318,360.32435250007893,0.0,1.519120152946261,-40.22535842605572,1138.0850952402693,113.68809651992115,198.28996118804758,136.39971636450582,68.33193699894572,33.94247000202031,0.0,0.0,0.0,0.0,0.0,0.0,0.0,-1872.20223114698,2085.0751874362436,299.5310402259792,-323.8603927205338,-360.32435250007893,-4.687662370603789,96.98562194647761,-4.845695531595624,-1138.0850952402689,100.0,945.3359442325303,-136.39971636450582,0.0,60.14255135760329,0.0,0.0,0.0,0.0,0.0,0.0,0.0,0.0
-1742.1385949260314,2710.7310069808236,235.7173141103093,310.0844596015179,698.7170124057047,-84.8709650106926,1806.89655080613,-1902.4641466560724,100.0,140.7229834035229,369.75514043959834,0.0,4.971187929759722,-254.6319504125314,1199.2799175299983,147.48789461847196,625.9539690072642,108.25736809733826,66.53381156814291,50.735041214200606,0.0,0.0,0.0,0.0,0.0,0.0,0.0,-1759.2919235899838,1902.4641466560727,294.2804670179297,-87.39342707179958,-369.7551404395949,-16.262832186943683,97.14863850324396,293.09540181329567,-1199.2799175299983,100.0,464.5851874656124,-108.25736809733826,0.0,62.58451058060668,0.0,0.0,0.0,0.0,0.0,0.0,0.0,0.0
-1509.6750552564163,2891.217490488877,205.69538382808128,-958.6597907842145,-574.0943669651142,-34.54997800605298,1796.389662271051,-1715.6842229828922,100.0,699.0112340113399,376.9915589057098,0.0,4.924246851125587,-408.1320518104527,1246.2358394411872,179.89867788914376,-354.4989697311871,79.47254961721455,62.78958068109603,57.619391008123046,0.0,0.0,0.0,0.0,0.0,0.0,0.0,-1685.2764627358251,1715.6842229828924,283.34721506356976,580.025157316071,-376.9915589057098,-27.36231624731147,97.7584984890175,451.68886289004,-1246.2358394411872,100.0,-577.5704592583165,-79.47254961721455,0.0,39.65446000956769,0.0,0.0,0.0,0.0,0.0,0.0,0.0,0.0
-1376.3734414353512,3040.942367588892,201.54431070492865,-348.2195941796442,-389.63100818840985,18.037879608714604,1592.4639560981798,-1525.8438909662796,100.0,295.43478882148065,381.9906622460303,0.0,7.324082205937672,-577.2165905156983,1278.6741937414758,209.97243507753174,-1239.4951181188708,50.216088912902705,57.20876261109879,63.994465821784644,0.0,0.0,0.0,0.0,0.0,0.0,0.0,-1765.473574396011,1525.84389096628,267.0510805805159,-1569.2568619459155,-381.9906622460303,-37.66145606631795,87.98723800257909,625.6569103138686,-1278.6741937414758,100.0,-14.76008393497068,-50.216088912902705,0.0,38.88314845465163,0.0,0.0,0.0,0.0,0.0,0.0,0.0,0.0
-1128.7590804286315,3190.871087106113,223.5364522416806,-103.76560228763537,-1974.0691204739119,69.44224763785144,1620.5307512750408,-1334.0697876258148,100.0,578.7562273602259,384.72278250293584,0.0,15.502845819581253,-851.6135763339068,1296.402469964723,236.82951264244835,-1565.3367971077842,20.661613007341657,49.9545955709776,73.58933225984434,0.0,0.0,0.0,0.0,0.0,0.0,0.0,-1711.9344692097598,1334.069787625815,245.86872341262878,899.0719373026036,-384.72278250293925,-46.8590031249758,81.38529879601153,794.6207962540723,-1296.402469964723,100.0,1008.6365811305183,-20.661613007341657,0.0,29.27569686781134,0.0,0.0,0.0,0.0,0.0,0.0,0.0,0.0
-857.2072963044362,3374.121530429676,270.2288743995648,-578.7228280222661,696.1787826639352,116.29041623192535,1561.38032538612,-1141.500026248187,100.0,65.10768346519171,385.17170548328863,0.0,21.053893703762487,-923.3163302581197,1299.315456894355,259.68434450919455,179.39226737428385,-9.015482458835322,41.23926301646861,84.63790840130054,0.0,0.0,0.0,0.0,0.0,0.0,0.0,-1475.6318585480956,1141.5000262481872,220.4197247907042,1748.4389490135436,-385.1717054832852,-54.68593035129089,85.20470264630006,891.5841029573093,-1299.315456894355,100.0,1407.2833134541365,9.015482458828501,0.0,17.762463437955336,0.0,0.0,0.0,0.0,0.0,0.0,0.0,0.0
-752.9452476481134,3433.891387590167,338.55802444672287,248.0692248432524,-1301.1909060079302,155.50861392554822,1385.9731605890881,-949.2774420766549,100.0,-1361.782170141803,383.33476698372067,0.0,25.17967790806109,-1109.5304636910687,1287.3958669557155,277.86842977650343,-606.2924316549993,-38.63907414011237,31.31768730711599,80.14609568406209,0.0,0.0,0.0,0.0,0.0,0.0,0.0,-1401.1276016203606,949.2774420766552,191.44846466092807,72.86204422450055,-383.33476698372067,-60.91330112759607,68.07856359343724,993.5670601297137,-1287.3958669557155,100.0,-114.19160905647232,38.63907414011237,0.0,25.028989227373145,0.0,0.0,0.0,0.0,0.0,0.0,0.0,0.0
-347.0811141643231,3486.375822033284,424.04073478082495,-78.95413109010747,143.36064432477997,184.52368192484585,1401.9899366514387,-758.5428099772546,100.0,-498.7854475210145,379.22286860188876,0.0,29.40906513003891,-1219.8628031018643,1260.7144388118713,290.8498862821822,-103.4455694711744,-68.03335621755423,20.48007326011401,93.02934750798862,0.0,0.0,0.0,0.0,0.0,0.0,0.0,-1307.3168842896423,758.5428099772548,159.80234866690583,-198.1129807572995,-379.22286860188706,-65.35896565726432,61.02907419220122,1224.3008208169608,-1260.7144388118713,100.0,816.2877640402621,68.03335621755423,0.0,4.372564388327268,0.0,0.0,0.0,0.0,0.0,0.0,0.0,0.0
-278.2125103070239,3565.111032429757,521.0683695961468,416.38205208378423,349.6223960929342,201.4319025230384,1176.934702640654,-570.4280743327062,100.0,242.08107976894667,372.8604130391983,0.0,49.17216263808982,-1445.5755172954366,1219.4295175539992,298.24900808814294,1617.3503314231311,-97.02388374575321,9.043419696571107,94.84979366866574,0.0,0.0,0.0,0.0,0.0,0.0,0.0,-1197.5678220473353,570.4280743327065,126.40702164325715,201.3711559125352,-372.8604130391966,-67.89288882290158,47.87384057888542,1385.524166750699,-1219.4295175539992,100.0,183.00731588684698,97.02388374575321,0.0,6.394275865187023,0.0,0.0,0.0,0.0,0.0,0.0,0.0,0.0
81.83201374346022,3515.976906185781,623.2748150359445,2343.8955857960586,-353.27803630524386,205.1239045842425,1044.5053924715403,-386.0496313421306,107.76070737709756,296.0069863398661,364.2851592791254,68.44095369684638,54.644808089482076,-1469.4931703122613,1163.786114977774,299.849371830404,226.27482637929234,-125.4386079235519,-2.657752733401537,92.15063613134447,0.0,0.0,0.0,0.0,0.0,0.0,0.0,-1024.6867469365034,386.04963134213097,100.0,-272.33636147206823,-364.28515927912713,0.0,47.31637138474771,1458.6997797515396,-1163.786114977774,100.0,765.2888498344191,125.43860792352461,0.0,2.3027671554126585,0.0,0.0,0.0,0.0,0.0,0.0,0.0,0.0
295.8538998403312,3409.147358982578,723.9541685003942,206.9506057226667,-2254.935453719795,195.35745087868918,802.3881740858249,-206.5017035939478,141.70143670188278,-597.8238611737817,353.5479985009715,66.98712945184852,58.144378321358914,-1556.1069887711637,1094.114455522713,295.60416707472984,-164.96593593922512,-153.10889714456835,-14.28118623673953,93.51742439520885,0.0,0.0,0.0,0.0,0.0,0.0,0.0,-847.734623265793,206.50170359394804,100.0,-478.04514238763545,-353.5479985009732,0.0,43.33624757790013,1564.535416522917,-1094.114455522713,100.0,177.86478891103343,153.1088971446161,0.0,8.65426071314079,0.0,0.0,0.0,0.0,0.0,0.0,0.0,0.0
600.7003078388261,3472.060493134146,816.5007219518039,1411.921649603246,-680.3525578469998,172.7733315933432,668.2914875514955,-32.849846231473975,174.4224043508093,1236.1993566584028,340.7126520576446,63.57394026060888,67.05808377241932,-1696.7765531360446,1010.8280165037954,285.6375655158316,-1318.7404221130078,-179.8705377674787,-25.486896874040212,80.98995849048809,0.0,0.0,0.0,0.0,0.0,0.0,0.0,-712.6884560780368,32.84984623147443,100.0,2019.2983017597608,-340.71265205764803,0.0,34.41413323775911,1657.7617030259348,-1010.8280165037954,100.0,1533.8388527314555,179.87053776745825,0.0,13.067766321330517,0.0,0.0,0.0,0.0,0.0,0.0,0.0,0.0
798.8837195598227,3373.5661531790256,894.8423713195862,912.3493686035692,-921.0522271152036,138.85332122474324,550.9487906519043,133.87537675003682,204.96652621618748,-727.2175930106965,325.85529331177327,58.30122146928417,75.72094226076318,-1703.6173746121608,914.4210742659434,270.24108897121897,-204.6898900297606,-205.56470866765494,-35.94711904612552,84.26728220337934,0.0,0.0,0.0,0.0,0.0,0.0,0.0,-570.4868338633325,-133.8753767500366,100.0,525.861656179959,-325.85529331176986,0.0,14.826040613349823,1752.4951832470567,-914.4210742659416,100.0,-1609.6139126205776,205.56470866768905,0.0,16.57519145035659,0.0,0.0,0.0,0.0,0.0,0.0,0.0,0.0
1092.7224438801413,3317.8863284166428,953.839015429998,-1404.2440041348486,-1240.3401648173826,95.82295735751245,289.2422807654173,292.6845085459579,232.44039065034593,-629.6376467202418,309.0640955729907,51.32319942635419,84.19149767977969,-1703.7330245506332,805.4657708240527,249.86508240542122,-216.69406982865667,-230.0389237857746,-45.35589259587354,77.64028223919499,0.0,0.0,0.0,0.0,0.0,0.0,0.0,-351.907375084389,-292.68450854595744,100.0,474.9467238451342,-309.0640955729941,0.0,17.800956391222538,1843.7306350880706,-805.4657708240559,100.0,-36.972002335056686,230.0389237857712,0.0,28.053310394457693,0.0,0.0,0.0,0.0,0.0,0.0,0.0,0.0
1157.6268365256105,3158.35417702546,989.6198049699783,-452.86495086798936,-324.74786974633616,46.50552014474442,232.4592080360685,442.6350716277889,256.0403906417536,-57.70249531952729,290.43870881981434,42.84398038175809,88.96639591542923,-1782.1863368839647,684.6087183971028,225.10554139752963,-6.712144262551192,-253.1479370802731,-53.43801210351714,65.8989815941262,0.0,0.0,0.0,0.0,0.0,0.0,0.0,-158.8715021755484,-442.6350716277884,100.0,1097.9453889297215,-290.43870881981434,0.0,13.395574229933072,1817.7931696894873,-684.6087183970999,100.0,263.4469303817798,253.14793708022876,0.0,37.43456317357637,0.0,0.0,0.0,0.0,0.0,0.0,0.0,0.0
1460.3748492312932,2972.624243530493,999.8371141262271,1294.6518686243064,560.7792945791084,-5.863206906967093,-41.93865170986069,582.837161022863,275.0762292170574,456.9040768907726,270.08966831078396,33.11158040517512,95.92888716121988,-1788.213628801476,552.5671619872198,196.68667934693127,131.6247254367454,-274.7546045121703,-59.95707660983555,57.432122010487426,0.0,0.0,0.0,0.0,0.0,0.0,0.0,51.104886763995225,-582.837161022863,100.0,-262.3492762202004,-270.0896683107874,0.0,8.775141876067945,1788.0073720547337,-552.5671619872232,100.0,546.019769177027,274.7546045122624,0.0,40.163407878568975,0.0,0.0,0.0,0.0,0.0,0.0,0.0,0.0
1584.9247072825535,2858.7266562828863,983.8205714780472,988.5579124690071,-870.010914528059,-57.847241053350444,-234.805804362522,712.4587255940125,288.9911105390303,-349.0177528808053,248.1377385964879,22.41067094787411,90.18400397890501,-1834.951840350368,410.1247227775011,165.4397443242559,1105.6410718331722,-294.73069794829485,-64.72240431407542,56.735113113038786,0.0,0.0,0.0,0.0,0.0,0.0,0.0,218.78505678661614,-712.4587255940125,100.0,264.9389287108741,-248.1377385964879,0.0,0.0,1837.8031023306157,-410.12472277750135,100.0,-132.38565074392227,294.7306979481925,0.0,54.192614386792656,0.0,0.0,0.0,0.0,0.0,0.0,0.0,0.0
1774.73528359454,2657.4406964029977,942.6210439695164,-561.8877777717296,1032.6393005252726,-106.03583976994514,-336.74106063172485,830.7305059766504,297.3780261134092,-1078.3875737249082,224.71319682292005,11.054252239225661,92.54682147052513,-1758.146903859895,258.1267476100345,132.27870517189928,-1418.644305652648,-312.95766615061666,-67.59460999190182,38.98072034481837,0.0,0.0,0.0,0.0,0.0,0.0,0.0,387.5654718130756,-830.7305059766504,100.0,341.9176376790415,-224.71319682291664,0.0,1.4121552787186502,1765.711771958984,-258.12674761003495,100.0,-5.931538443945783,312.95766615067123,0.0,62.79508229974079,0.0,0.0,0.0,0.0,0.0,0.0,0.0,0.0
1887.8994078200988,2536.807559380663,878.9416881133418,1004.2993436863958,-2289.0942337500996,-147.26728416494552,-604.5006213130807,936.9505998682716,299.99165973515676,273.6943975035297,199.95505958190734,-0.6255019298515663,100.0,-1674.9082654323927,97.47529214341284,100.0,-453.0062033169554,-329.32733833750035,-6.849396637127967,42.18865954474605,0.0,0.0,0.0,0.0,0.0,0.0,0.0,612.034848200014,-936.9505998682712,100.0,-112.08131561380299,-199.95505958190734,0.0,10.562615717143544,1775.3397905579716,-97.4752921434133,101.82648196740843,801.0704716291855,329.32733833750035,61.64028535850491,72.92474887758523,0.0,0.0,0.0,0.0,0.0,0.0,0.0,0.0
1947.160863016375,2344.6349260377465,796.9605922497785,-1055.1333992388584,-757.7985034859353,-178.83632361574087,-695.1794067750377,1030.488627577004,296.7555629560019,-571.9680501407885,174.01025789510413,-12.286960247695617,92.1519824507315,-1613.9597744486807,-70.87623253708216,100.0,111.88789368796279,-343.7425661394707,0.0,27.283651452811704,0.0,0.0,0.0,0.0,0.0,0.0,0.0,702.1069275615702,-1030.488627577004,100.0,1061.9489478025816,-174.01025789510413,0.0,15.647274973283817,1618.3948741869845,70.87623253708603,135.87824474339294,-256.77234566154993,343.7425661394707,67.3814395838896,70.33901605381412,0.0,0.0,0.0,0.0,0.0,0.0,0.0,0.0
1975.587905944322,1986.1690276760569,702.0566465410102,-1271.992152536418,-3053.88380932857,-198.67167090729595,-869.293816762673,1110.7894731080814,287.76439119174734,80.01900589730155,147.03276522926444,-23.58902655393763,74.61897925433641,-1580.2197335284798,-245.9287180860773,100.0,1202.2548143332858,-356.11780014189947,0.0,16.18885927845306,0.0,0.0,0.0,0.0,0.0,0.0,0.0,945.9759379519128,-1110.7894731080814,100.0,789.0547200552163,-147.03276522925762,0.0,22.85965373478841,1569.3834992815227,245.92871808607697,168.88057346155392,-675.9357860327475,356.11780014190117,64.3022987051485,80.55642780675524,0.0,0.0,0.0,0.0,0.0,0.0,0.0,0.0
1962.0749074711455,1759.4851651649362,600.4566267400087,-197.1050713373961,477.15515867361205,-205.47190217730645,-1066.4744438475395,1177.376578586171,273.2811350634953,-345.8662081250975,119.18268371655358,-34.20111685846109,71.16290140207593,-1436.4486685815095,-426.6432882621938,100.0,-131.27031368293842,-366.37959759099203,0.0,10.751904719249534,0.0,0.0,0.0,0.0,0.0,0.0,0.0,1061.097693066933,-1177.376578586171,100.0,-1179.2915188938873,-119.18268371655358,0.0,23.608568263847715,1509.695753864598,426.64328826219344,199.86815423900967,251.48384437997038,366.37959759092723,59.34232383518278,97.04510006038413,0.0,0.0,0.0,0.0,0.0,0.0,0.0,0.0
1947.5883462835836,1482.0424315238388,498.8266470433294,15.106958865959541,-1312.9324607193405,-198.79084508966315,-1231.036394290824,1229.8547724623108,253.72942795570663,-300.22103838646444,90.62529400368248,-43.81282888073642,61.66021466265727,-1293.9363404763626,-611.9474643009085,100.0,895.2008773951866,-374.4670582516113,0.0,0.0,0.0,0.0,0.0,0.0,0.0,0.0,0.0,1204.450296735928,-1229.8547724623108,100.0,1828.6187790990664,-90.62529400368248,0.0,32.97689175731206,1349.6815105750704,611.9474643009081,227.93460431177823,-1068.734916251899,374.4670582517409,52.6465936029453,90.89342600107774,0.0,0.0,0.0,0.0,0.0,0.0,0.0,0.0
1948.2531040442586,1274.690593868059,403.83478735665153,-479.8541541479642,-34.859383851701295,-179.06685280179602,-1295.97372373986,1267.9126147210245,229.68115479403036,-1461.7992139702983,61.530074367860834,-52.14302127667523,50.8153953676978,-1203.7767776697292,-800.7415297068367,100.0,185.74197602117238,-380.33218582859035,0.0,8.572425732124085,0.0,0.0,0.0,0.0,0.0,0.0,0.0,1374.7646490271675,-1267.912614721024,100.0,969.9903272780523,-61.530074367860834,0.0,42.806961857815054,1231.8371321541704,800.741529706832,252.25898361438908,-60.82252356967956,380.33218582845734,44.41095725908269,100.0,0.0,0.0,0.0,0.0,0.0,0.0,0.0,0.0
1882.0463250768664,966.3432075429787,321.7135915874943,-706.9756782574484,-2099.7209522925477,-147.59404302417096,-1398.5208282926346,1291.3242451696005,201.83972448456365,2.2726423263418383,32.06969492189501,-58.94803698694133,48.20795753421138,-1074.5471622346067,-991.9050566925774,100.0,551.1513441778243,-383.9401728089109,0.0,4.1440086618504886,0.0,0.0,0.0,0.0,0.0,0.0,0.0,1488.232485263125,-1291.3242451696005,100.0,-780.9751687936966,-32.06969492189501,0.0,63.24680491614201,1142.3454141811735,991.9050566925815,272.12980717152993,-205.47986213286322,383.9401728089774,34.87630611049639,89.35175651313735,0.0,0.0,0.0,0.0,0.0,0.0,0.0,0.0
1755.594510962163,561.0233390457981,257.85114204162005,345.7190415999105,137.2868427717941,-106.43738921330879,-1545.2082000151863,1299.950723840584,171.0194952935546,-193.40331269262492,2.4189928762802992,-64.02883017465442,34.414035800072135,-985.3653982687861,-1184.3035555319077,100.0,106.55118521433337,-385.26960703166765,0.0,0.0,0.0,0.0,0.0,0.0,0.0,0.0,0.0,1526.989052259996,-1299.950723840584,100.0,144.1478441349193,-2.4189928762802992,0.0,56.752474050175984,931.4106831711206,1184.303555531903,286.9658559423319,-217.6009477561604,385.26960703166424,24.3215274806289,98.16687097176555,0.0,0.0,0.0,0.0,0.0,0.0,0.0,0.0
1606.1232295014202,312.0912748168793,216.43754008296833,-104.41123549534723,595.4939968196982,-58.29723488081811,-1606.5721805763317,1293.7408555526554,138.1219549725433,-1639.7835213305518,-27.246065059341618,-67.23678829065065,23.172928934494657,-752.6222998132798,-1376.7952073657868,100.0,1100.1111215150213,-384.3125987626536,0.0,9.520189956674702,0.0,0.0,0.0,0.0,0.0,0.0,0.0,1718.8784359474332,-1293.7408555526554,100.0,897.2020862575505,27.246065059341618,0.0,81.15185709223891,703.6867599427262,1376.795207365791,296.33317740277965,-1063.0039936950056,384.31259876258537,13.055347290878103,92.63954068099834,0.0,0.0,0.0,0.0,0.0,0.0,0.0,0.0
1471.9175533268105,-10.487593162258015,200.18998793736586,-758.6128544673988,309.3968925334799,-6.332120417191334,-1672.9442148026728,1272.7314937364085,104.10935235723484,617.4336525035665,-56.749426978065,-68.47807897138651,25.589137131713628,-624.2416414083895,-1568.2376405042137,100.0,-608.883921548553,-381.07482751630187,0.0,17.865905940008826,0.0,0.0,0.0,0.0,0.0,0.0,0.0,1795.2203487189008,-1272.7314937364085,100.0,348.3443253859059,56.749426978065,0.0,82.94746430677004,557.5827624762926,1568.2376405042135,299.95777860139395,653.4771405841298,381.0748275163701,1.4072998670425818,76.29858934176463,0.0,0.0,0.0,0.0,0.0,0.0,0.0,0.0
1245.012283295453,-152.95979726758145,210.17450939328194,520.5720206624073,178.20632496065627,46.04845299898983,-1737.8973086946476,1237.0473217219255,100.0,181.44984255325653,-85.91600058317681,0.0,20.104343379531464,-477.04957458435786,-1757.4947100089737,100.0,-788.2977083953845,-375.57550835040274,0.0,24.386048535462198,0.0,0.0,0.0,0.0,0.0,0.0,0.0,1671.9744096742622,-1237.0473217219255,130.023448287552,410.06680361944746,85.91600058317681,67.7163946236395,80.39131697065119,367.2813046641738,1757.4947100089735,297.7336404179235,706.8853203057099,375.57550835026973,-10.281910897436433,66.12887194784035,0.0,0.0,0.0,0.0,0.0,0.0,0.0,0.0
993.7808198988574,-575.3370086568559,245.73600654470005,2586.1281527951924,-1041.4947915403286,95.40772536752115,-1847.4424384576,1186.9001127861357,100.0,137.9856985467029,-114.57269230067368,0.0,3.8717997946549003,-219.34225520160635,-1943.443240322711,100.0,258.65829452579504,-367.8472778311584,0.0,30.423676295317655,0.0,0.0,0.0,0.0,0.0,0.0,0.0,1822.4249466110916,-1186.900112786137,163.27806692004793,173.92168718855828,114.57269230068732,64.9740144168949,82.12916194457074,220.19220327763892,1943.443240322711,289.72581860901795,-966.1310678103677,367.8472778312198,-21.67037708667948,69.45877989643941,0.0,0.0,0.0,0.0,0.0,0.0,0.0,0.0
816.1111169263097,-861.1552987434716,304.54124164741165,2407.5147404723607,916.2376335614385,138.50716832087045,-1774.1838240756488,1122.5874733513165,100.0,175.31619740975543,-142.54943453009673,0.0,6.5719929801654775,-104.19030506332304,-2124.979690929237,100.0,776.9653594834429,-357.9360003464626,0.0,42.65576590349643,0.0,0.0,0.0,0.0,0.0,0.0,0.0,1769.6594616434693,-1122.587473351315,194.68181020972838,-1182.392196750609,142.54943453004216,60.33115262055588,88.59321426037432,67.99336310760768,2124.979690929237,276.16854093568725,-706.4409385662098,357.9360003464558,-32.424987525088795,57.50534377366961,0.0,0.0,0.0,0.0,0.0,0.0,0.0,0.0
551.59765553214,-1151.53617005477,382.73192399125816,552.2154875110402,-2394.5162654912992,172.51896933402293,-1748.617412858417,1044.4910767934289,100.0,-853.0659512197099,-169.68019493700922,0.0,0.7840726448630368,171.23242873327436,-2301.0267054865994,100.0,-638.6340405294154,-345.9004959161052,0.0,50.682601300783155,0.0,0.0,0.0,0.0,0.0,0.0,0.0,1848.068737720223,-1044.4910767934289,223.31612269249462,785.6947682403063,169.6801949370706,53.92361234673814,96.53383633873777,-109.142297102341,2301.0267054866035,257.4583560313315,866.6135455604332,345.9004959161052,-42.231171236488194,45.71483394327994,0.0,0.0,0.0,0.0,0.0,0.0,0.0,0.0
236.72639859150274,-1396.8484936433588,475.1778575523523,-3483.5207212937694,-84.99524513537494,195.21156831448536,-1766.510297420068,953.0743983420093,100.0,-132.15424080641583,-195.80396179795798,0.0,7.239063121014972,362.160544013208,-2470.5395055661174,100.0,-1608.6887598345852,-331.81219111584596,0.0,64.12401926127733,0.0,0.0,0.0,0.0,0.0,0.0,0.0,1712.4900804568863,-953.0743983420093,248.34345440020772,708.0629688438341,195.8039617978966,45.938813326796435,86.58881296759807,-334.4493742790883,2470.539505566113,234.14253440506266,641.2140556961833,331.8121911158323,-50.80209860479698,43.136388811768136,0.0,0.0,0.0,0.0,0.0,0.0,0.0,0.0
40.08878637761927,-1641.142619303956,575.813540066687,-588.8156832222176,252.93211357956238,205.09607326675848,-1730.6480007504908,848.8799645142467,100.0,1046.2485221273823,-220.76569954947104,0.0,7.788530225074888,551.0696743045552,-2632.512091052671,100.0,141.20087267694714,-315.75469518480304,0.0,62.00744643113897,0.0,0.0,0.0,0.0,0.0,0.0,0.0,1738.1624427190695,-848.8799645142449,269.0317590898503,395.55889614642183,220.76569954950855,36.61030990811696,98.65292700587204,-537.2407548085224,2632.512091052671,206.90306084949458,82.83983053719396,315.7546951847553,-57.88707110364243,36.49116402508314,0.0,0.0,0.0,0.0,0.0,0.0,0.0,0.0
-177.4290070287757,-1932.739050600296,678.0361288064504,-1538.3212837275935,-892.7630908602816,201.52394850251255,-1699.8064875537752,732.5261334068441,100.0,928.3998396438665,-244.4172688709773,0.0,16.067359732527414,713.3679089231641,-2785.9832104091115,100.0,-109.71381713261565,-297.82330383387944,0.0,86.13650575067211,0.0,0.0,0.0,0.0,0.0,0.0,0.0,1676.5813366300176,-732.5261334068473,284.7759065022575,-1072.5073281794243,244.4172688709807,26.21095961940341,84.70934727096295,-695.0115033117444,2785.983210409111,176.53668647301862,-1055.4103676768318,297.82330383397493,-63.27885419599724,25.62376212360453,0.0,0.0,0.0,0.0,0.0,0.0,0.0,0.0
-561.6780428594031,-2306.0323779204687,775.138661988156,-1591.9149213866795,-1102.117095454364,184.7295659405421,-1551.7397153874629,604.7034249535973,100.0,50.252705633458845,-266.61830584029076,0.0,21.615336847654007,831.4886329089942,-2930.0420653731962,100.0,-601.9795536272471,-278.1244336978011,0.0,74.47609065541022,0.0,0.0,0.0,0.0,0.0,0.0,0.0,1544.74805445112,-604.7034249535973,295.1153823445995,802.0888544794764,266.61830584029417,15.044942123051328,67.78667975291265,-818.1012628058237,2930.0420653731926,143.9316238320498,521.3959952597412,278.1244336976988,-66.81973891777602,4.600800234019795,0.0,0.0,0.0,0.0,0.0,0.0,0.0,0.0
-662.6559526610475,-2419.93207930254,860.7501115723221,-2291.08363375206,-528.2695780259269,155.81482764978432,-1429.9224155350971,466.17042292727456,100.0,900.2826987368064,-287.23705494555475,0.0,23.51287353623311,1048.348676948779,-3063.8337162317744,100.0,860.8516937916113,-256.7749907897496,0.0,95.75786918330971,0.0,0.0,0.0,0.0,0.0,0.0,0.0,1487.0245149330722,-466.1704229272748,299.74775827439396,-1546.8672047338885,287.23705494555475,3.4388619989201175,66.95027583233548,-1028.8244494606533,3063.8337162317775,110.04156682765627,147.96963907530994,256.77499078983146,-68.40615484502152,13.66021502919352,0.0,0.0,0.0,0.0,0.0,0.0,0.0,0.0
-972.7339947938924,-2633.641753324381,929.2533949975627,290.3790272810693,-169.5256901248854,116.67686856965872,-1360.6161031363768,317.74927300608033,100.0,1253.241160986256,-306.15115100867456,0.0,44.67496533725756,1140.2295859479677,-3186.564155593651,124.1422047187441,200.90162705312878,-233.90167670397886,67.99169951521492,90.26706176869583,0.0,0.0,0.0,0.0,0.0,0.0,0.0,1324.042854720772,-317.7492730060808,298.5375378897357,-1549.1536624027992,306.1511510085654,-8.267804397690952,54.68902857523484,-1086.8803256070737,3186.5641555936477,100.0,488.1348990084007,233.90167670397886,0.0,1.8114806897358697,0.0,0.0,0.0,0.0,0.0,0.0,0.0,0.0
-1058.3493945973514,-2810.1038555733003,976.1539195359821,-882.4780266315054,-700.1785694978639,69.88358293048918,-1234.2250809925915,160.32080362206034,100.0,952.4045960122169,-323.24834538057416,0.0,59.12311828189574,1176.2021948362094,-3297.505020550137,157.61981987304688,469.36249596404537,-209.64023668571144,65.58849569368817,98.70635664832125,0.0,0.0,0.0,0.0,0.0,0.0,0.0,1257.949675770503,-160.3208036220608,291.5201199816813,-1585.287786085646,323.24834538063214,-19.732638575908936,44.36738906222069,-1324.9815185845416,3297.5050205501393,100.0,-414.819402961067,209.64023668567052,0.0,6.054575554936664,0.0,0.0,0.0,0.0,0.0,0.0,0.0,0.0
-1306.301829883392,-2984.205591491995,998.3744785781346,-704.8189080522445,914.7008780667238,18.50514125304869,-1130.46249881972,-5.180701452418361,100.0,1068.2813900649853,-338.4271720981212,0.0,56.737016276568994,1452.1648195851487,-3395.997915258178,189.41206268506178,-109.61201231791847,-184.13465402957627,61.26683678395949,89.10695203380703,0.0,0.0,0.0,0.0,0.0,0.0,0.0,1128.7360328063262,5.180701452414269,278.90076312414806,-1161.1110082370078,338.42717209806324,-30.620295606248078,48.250389363402626,-1363.114548455383,3395.997915258178,100.0,-1141.2546762436455,184.13465402959673,0.0,10.919999086312648,0.0,0.0,0.0,0.0,0.0,0.0,0.0,0.0
-1561.8606816712256,-3067.526442134404,994.4571513049452,-364.4473489953714,1282.7626131341776,-34.08744767610642,-1026.4524550367464,-177.7730477572527,100.0,521.905407470519,-351.5975500499229,0.0,72.15836749220779,1517.2451516018712,-3481.4583182930396,218.58901412948364,2778.774659600856,-157.536295588543,55.15313075500259,85.00844303046141,0.0,0.0,0.0,0.0,0.0,0.0,0.0,987.8711714307112,177.77304775725645,261.0485818869482,-1293.7639940863778,351.5975500499229,-40.61231291674204,42.780023796613534,-1503.2923477259574,3481.458318293039,100.0,-1485.124658836853,157.5362955884816,0.0,7.824029395646703,0.0,0.0,0.0,0.0,0.0,0.0,0.0,0.0
-1664.057234562087,-3216.9659298760866,964.6589588370745,-178.12253644126827,-1241.1036784815997,-84.44351323329897,-785.500002484869,-356.43195913058787,100.0,1272.3261035812288,-362.68131757680976,0.0,73.59919959514603,1622.7775918260925,-3553.379051581734,244.29725211812848,1203.6352053543294,-130.0030134638041,47.42620272415422,89.34463790745616,0.0,0.0,0.0,0.0,0.0,0.0,0.0,806.3878555376867,356.4319591305833,238.4857502819593,146.47062679197688,362.68131757687286,-49.416425282436194,33.853195460059965,-1544.0600175970467,3553.3790515817336,100.0,-147.90862541971478,130.00301346382457,0.0,6.843460201453938,0.0,0.0,0.0,0.0,0.0,0.0,0.0,0.0
-1785.69906647415,-3369.294943938363,910.9350007328769,-399.6883255868988,582.7541017520775,-129.25912610677642,-652.5443380612855,-540.0971564352559,100.0,-661.596697243607,-371.6126963337581,0.0,81.1780736600099,1671.2411834355514,-3611.3332903303026,265.7848139865804,208.06201799981523,-101.69820820655104,38.312064345392685,89.70821234789403,0.0,0.0,0.0,0.0,0.0,0.0,0.0,622.846350235897,540.0971564352598,211.87222824023453,-182.0124390270422,371.6126963336285,-56.775113545656666,16.682628923343966,-1718.5753684248996,3611.3332903303026,100.0,694.8646428040013,101.69820820655104,0.0,16.93409394210013,0.0,0.0,0.0,0.0,0.0,0.0,0.0,0.0
-2005.4850907354642,-3504.84974013301,836.8101782720471,33.37013926269947,1599.0948551306565,-165.59387355067315,-421.6144954401728,-727.6786499504536,100.0,1117.4880910407942,-378.338681662583,0.0,81.38301681127483,1777.2518700864498,-3654.9770960820338,282.42319130568814,650.4176148342378,-72.78985909238372,28.07730299758191,71.69440227282409,0.0,0.0,0.0,0.0,0.0,0.0,0.0,446.50663749514655,727.6786499504533,181.98645786865205,139.57187523565352,378.3386816627109,-62.47313701832695,13.555882152376896,-1785.2946966652964,3654.977096082034,100.0,1316.93701127478,72.78985909238372,0.0,19.35675516867063,0.0,0.0,0.0,0.0,0.0,0.0,0.0,0.0
-1903.082095368586,-3433.0269186511423,747.1479209331529,1531.551632055324,-181.57841117227463,-191.06378382717082,-273.10274097655713,-918.0632080855343,100.0,892.3415289437016,-382.81935715559143,0.0,91.50198007351,1763.1021617883673,-3684.0514578738057,293.725713672526,-43.223276677020976,-43.44952722178505,17.021284137624946,66.62101442841727,0.0,0.0,0.0,0.0,0.0,0.0,0.0,309.935067412443,918.0632080855339,149.7025941181185,-737.0667071923995,382.8193571555249,-66.34382924454414,6.640321725887443,-1789.16369535324,3684.0514578738052,100.0,14.326074737418821,43.44952722179187,0.0,38.67559027233895,0.0,0.0,0.0,0.0,0.0,0.0,0.0,0.0
-2011.2395706525017,-3517.6737180440077,647.8310902324884,2047.3927931438254,-1323.4036322825727,-203.99774180459303,-119.91134824693371,-1110.1209640262498,100.0,1401.3776960480886,-385.0281315463701,0.0,89.08041093056552,1791.2663906568803,-3698.3838293769895,299.36178375726695,353.17040817180555,-13.851337364278606,5.467394899411602,58.50632115905716,0.0,0.0,0.0,0.0,0.0,0.0,0.0,57.88030931615168,1110.1209640262496,115.96493586334665,-806.975245399574,385.0281315463735,-68.27397297318008,0.0,-1802.0906769301241,3698.3838293769895,100.0,-1491.5175623182029,13.851337364271785,0.0,44.40567428987534,0.0,0.0,0.0,0.0,0.0,0.0,0.0,0.0
-1963.833923048701,-3506.12348507185,545.375997253329,-1035.112435809283,2316.5869486154747,-203.54713307251984,110.58904958293662,-1302.7121211053604,118.2396947181324,-874.6319819457291,-384.9518965190646,68.20711174755502,84.23861656216943,1849.5798287526814,-3697.8891529005123,299.16654723268505,-721.0734048973438,15.829055412286834,-6.2464149384879875,50.34357124599519,0.0,0.0,0.0,0.0,0.0,0.0,0.0,-176.00961183234296,1302.7121211053557,100.0,-1180.5529713885023,384.95189651906117,0.0,0.0,-1781.2848157403569,3697.8891529005123,100.0,574.7544321020564,-15.829055412286834,0.0,45.951661921637324,0.0,0.0,0.0,0.0,0.0,0.0,0.0,0.0
-1975.5913072604812,-3485.716902407651,446.5048586955963,276.7357439086959,257.6012833352729,-189.7415226770545,326.3232488381902,-1494.6937171034974,151.91081656811025,-644.8338240039238,-382.59110450237927,66.14520125000695,79.96826971209939,1735.4295896510548,-3682.570364178974,293.14571474208805,399.7476842458866,45.41550819400072,-17.777517940454572,33.32119440485676,0.0,0.0,0.0,0.0,0.0,0.0,0.0,-282.2975279797212,1494.693717103497,100.0,-649.1231377863993,382.59110450237927,0.0,8.629557607251984,-1802.345248630069,3682.5703641789746,100.0,-162.01992242925485,-45.41550819398026,0.0,56.932694756347516,0.0,0.0,0.0,0.0,0.0,0.0,0.0,0.0
-1865.3285061976405,-3366.62017672755,357.7047431805301,-389.93994844516465,947.7354072932962,-163.48671531813523,467.6700355340438,-1684.9264073364716,184.06355369036424,879.3129926852944,-377.95976598418974,62.148552098155676,90.50760652275763,1709.2224770062207,-3652.518374950072,281.4753948637313,1621.6562875108343,74.73243556847137,-28.78863082240258,27.51952285059217,0.0,0.0,0.0,0.0,0.0,0.0,0.0,-377.9567782365957,1684.9264073364711,100.0,-25.558512053688673,377.95976598425455,0.0,10.645864353925678,-1857.4668421153806,3652.5183749500716,100.0,-36.624231321453635,-74.73243556848502,0.0,63.88638881448345,0.0,0.0,0.0,0.0,0.0,0.0,0.0,0.0
-1886.411529795454,-3386.198248346428,284.8019459377029,236.33330076746233,2401.0959556567946,-126.50532428270736,597.4999803428876,-1872.2812262737505,213.75744264724096,568.4159256186041,-371.0853663644309,56.334065767193096,88.50364071370137,1714.9751259693317,-3607.911533424736,264.4969429574897,834.7454111860202,103.60585166387409,-38.957679944565484,16.141387127106242,0.0,0.0,0.0,0.0,0.0,0.0,0.0,-613.7687761580403,1872.2812262737457,100.0,170.67275911876663,371.0853663643627,0.0,22.715908143020346,-1629.229803830357,3607.911533424736,100.0,-493.1287574629164,-103.60585166385363,0.0,82.18478302589945,0.0,0.0,0.0,0.0,0.0,0.0,0.0,0.0
-1684.4549755126964,-3156.5140822898934,232.57971772455295,2362.0865174600376,57.42156076590845,-81.22374846587576,828.3391297081419,-2055.64628756028,240.1239409946118,1286.109016809172,-362.0087028383159,48.87181523665873,70.44616693795838,1617.6220122262175,-3549.0145658518845,242.70697656435192,-338.98487611197424,131.86440269511195,-47.987221924171024,8.992176594241945,0.0,0.0,0.0,0.0,0.0,0.0,0.0,-720.4922333667535,2055.6462875602797,100.0,-815.0888827142853,362.0087028383841,0.0,28.669865118337952,-1568.7969100903463,3549.0145658518813,100.0,-952.780329279085,-131.8644026950642,0.0,89.19982436744976,0.0,0.0,0.0,0.0,0.0,0.0,0.0,0.0
-1530.8998969805514,-3110.152825823038,204.46442929917282,1945.7303471280613,389.82729327570496,-30.612973070121825,954.3087682458868,-2233.9333826791935,262.3918320369773,-775.2304974399578,-350.7836422794526,39.980070377644665,66.30731166529606,1468.9991374085027,-3476.177005459277,216.74284940703689,-1459.1765518931322,159.34038388955514,-55.613143816253796,3.8162691294950823,0.0,0.0,0.0,0.0,0.0,0.0,0.0,-950.5521685528936,2233.933382679189,100.0,150.29321705134066,350.783642279398,0.0,40.42241380842158,-1433.7838069806282,3476.177005459277,100.0,1220.785246981128,-159.34038388961653,0.0,92.51883771339143,0.0,0.0,0.0,0.0,0.0,0.0,0.0,0.0
-1363.7506070266104,-2918.782308144091,202.3007626181161,1411.5395461595915,-1369.6494181358116,22.00636073717476,1170.7395365021118,-2406.084439094814,279.9097828169199,1186.4879960054361,-337.4768015578047,29.918913586986378,57.36802013136227,1373.7675039316507,-3389.8311180941228,187.36400887532952,-1091.0249573983242,185.87073475727266,-61.61238838334555,0.0,0.0,0.0,0.0,0.0,0.0,0.0,0.0,-1025.3812463770882,2406.084439094814,100.0,675.6678692777041,337.4768015577979,0.0,47.86252588618653,-1441.0274112612412,3389.8311180941187,100.0,-312.68089337045126,-185.87073475714305,0.0,98.1632770555412,0.0,0.0,0.0,0.0,0.0,0.0,0.0,0.0
-1150.1464191729335,-2816.181023361792,226.2306787676847,-512.3856173847514,-503.5456351331004,73.18182756481065,1248.4791540063611,-2571.077799548858,292.1653955205761,-1201.481261398858,-322.16715219263506,18.982632410643134,53.37523654764705,1297.3824525988614,-3290.4893368740873,155.42978228732733,37.11304603124063,211.298006798595,-65.80947849125593,3.4075917248840186,0.0,0.0,0.0,0.0,0.0,0.0,0.0,-1264.4825224341587,2571.0777995488543,100.0,968.2697163897285,322.1671521926419,0.0,48.03492504736031,-1293.7193331661447,3290.4893368740877,100.0,386.7125806926242,-211.29800679858818,0.0,100.0,0.0,0.0,0.0,0.0,0.0,0.0,0.0,0.0
-1026.3962082755354,-2679.61329529418,274.68410370577135,-993.1742510314666,1529.9627450914932,119.55573607958314,1411.8075295955707,-2727.93428524462,298.80019504798906,1089.3299493686095,-304.9455516823218,7.491111670553892,29.330140566539974,1149.2809364062643,-3178.7412210731354,121.87424167557552,-729.2288700129916,235.4712979071246,-68.08164979247358,5.674817971405686,0.0,0.0,0.0,0.0,0.0,0.0,0.0,-1354.0417015338887,2727.9342852446193,100.0,-772.0662549447093,304.94555168233546,0.0,57.76094538820568,-1196.5628558835886,3178.741221073141,100.0,266.9841470252925,-235.4712979069609,0.0,88.95954197676487,0.0,0.0,0.0,0.0,0.0,0.0,0.0,0.0
-482.8392488835037,-2385.73573668933,344.4819429353132,-1461.1118847262992,1338.6499806610846,158.08543165896992,1410.5807077634427,-2875.7230069360317,299.6201143638093,1019.853282240548,-285.91420429785103,-4.219523125253204,34.69341391765961,1020.7997353303579,-3055.2499572901934,100.0,-319.3195005343904,258.24714792151326,0.0,7.861516973250536,0.0,0.0,0.0,0.0,0.0,0.0,0.0,-1581.5379289229581,2875.723006936028,100.0,889.1795287716536,285.9142042979465,0.0,61.183925602978796,-959.9550303413967,3055.2499572901934,112.3211177000982,48.08728125788605,-258.2471479215201,68.36244156787544,92.14166225740722,0.0,0.0,0.0,0.0,0.0,0.0,0.0,0.0
-459.3983104344563,-2155.835005607419,431.04466617777905,-172.48539772168527,855.2268921718905,186.2429290605388,1625.4985339979116,-3013.5668894348705,294.60117093319315,-843.7321789756834,-265.1860545344698,-15.806737410752305,21.858477006092482,797.6529000448483,-2920.748423664981,100.0,1283.8424476057594,279.4903900124882,0.0,19.32061931676364,0.0,0.0,0.0,0.0,0.0,0.0,0.0,-1578.2695293985694,3013.56688943487,100.0,806.3451794301341,265.18605453442206,0.0,85.10956926473905,-832.2009038575516,2920.748423664988,146.15608596306777,-1409.75114487749,-279.4903900125905,66.64364069403916,82.9402648382368,0.0,0.0,0.0,0.0,0.0,0.0,0.0,0.0
-166.3742319595603,-1966.171239905547,528.6927765253062,355.6515245658437,840.870066844044,202.18077693981513,1651.718506572422,-3140.647876750114,283.8901682078715,-607.9014146097734,-242.884116825378,-26.931606653986364,24.679388199274534,631.7326820781307,-2776.0348404985452,100.0,-1577.6225309477752,299.074952850965,0.0,28.53505645459569,0.0,0.0,0.0,0.0,0.0,0.0,0.0,-1681.8773831908632,3140.6478767501167,100.0,526.291344401809,242.88411682542574,0.0,89.53421979066997,-640.365104769036,2776.0348404985452,178.64099463054038,686.4697993661417,-299.0749528508627,62.97552187604879,75.0017635771592,0.0,0.0,0.0,0.0,0.0,0.0,0.0,0.0
127.43559929995513,-1713.550954421848,631.0194498854535,457.79382551647836,884.5510122847008,204.8532716226532,1703.1496208370222,-3256.211786968616,267.8004016440112,-29.193426898907546,-219.14074549383486,-37.26872985622833,8.033509596406159,471.27196292579185,-2621.9680330905194,100.0,786.5031685542408,316.8846087982047,0.0,29.712003661321162,0.0,0.0,0.0,0.0,0.0,0.0,0.0,-1706.2475979408289,3256.211786968616,100.0,-1000.1670174975629,219.14074549387578,0.0,93.6782844433389,-455.0654663392953,2621.968033090527,208.82566428976418,-266.10438819471824,-316.884608798307,57.46537711900274,72.81613338916617,0.0,0.0,0.0,0.0,0.0,0.0,0.0,0.0
420.290319687472,-1439.4092626786953,731.3108953425294,1917.3628677145618,-2264.52239792736,194.08506713196005,1763.8474725852404,-3359.572788065126,246.8024948503015,556.6943899786315,-194.09684927522449,-46.515747489423944,1.2057925929856745,322.80313625663484,-2459.462334906693,100.0,189.33318348130257,332.8136636774275,0.0,47.15566613848963,0.0,0.0,0.0,0.0,0.0,0.0,0.0,-1794.3440870459126,3359.5727880651284,100.0,-2248.6697241461866,194.09684927518356,0.0,87.00233623055652,-319.4690611802102,2459.4623349066933,235.827197223999,428.3300774584947,-332.8136636773047,50.274377450435566,61.35149378634256,0.0,0.0,0.0,0.0,0.0,0.0,0.0,0.0
487.1410501755358,-1151.3769426321003,822.9868560258852,237.39011219989663,323.4490929475555,170.58267987348643,1847.1813502716022,-3450.1174680793006,221.51063390774715,-452.0067988842493,-167.90105507223643,-54.40218547356977,7.257706434209007,178.46427223736168,-2289.4821613245467,100.0,-295.6252363878142,346.7675840305765,0.0,52.596367974637225,0.0,0.0,0.0,0.0,0.0,0.0,0.0,-1865.8976461805175,3450.1174680793006,100.0,993.1964408792123,167.90105507226372,0.0,100.0,-133.32287102428188,2289.4821613245394,258.8558020575181,204.11721642744808,-346.76758403069243,41.61285868845226,60.93314585880064,0.0,0.0,0.0,0.0,0.0,0.0,0.0,0.0
774.9847851119948,-771.5857741323485,900.0323486295085,1617.3255803694462,396.3359530174432,135.88813314288814,1824.163938747687,-3527.3084755045043,192.66460250556156,419.4446577273709,-140.70882590604924,-60.6973665090257,7.416321064441146,-57.43408357404093,-2113.036286160026,100.0,-1199.241919997594,358.6635581448263,0.0,62.10053291554694,0.0,0.0,0.0,0.0,0.0,0.0,0.0,-1741.4017010143239,3527.3084755045043,100.0,-462.3509000089973,140.70882590602196,0.0,100.0,35.33217793258379,2113.0362861600343,277.2378950520633,776.6176501399725,-358.66355814470353,31.734169146169506,46.101543528780596,0.0,0.0,0.0,0.0,0.0,0.0,0.0,0.0
954.2748842680053,-556.4872699014967,957.3923145713948,-91.58115542173675,2407.571389169138,92.27778289897287,1764.4263299617312,-3590.6877082840224,161.10814336312964,-36.73963510562771,-112.6815382958489,-65.21715735770968,10.477106807302416,-210.05208964661236,-1931.1718549422499,100.0,-1523.011745905778,368.43098750791114,0.0,74.09021773013153,0.0,0.0,0.0,0.0,0.0,0.0,0.0,-1792.47216084924,3590.6877082840233,100.0,-92.77772288596452,112.68153829586254,0.0,88.65268335761174,175.62123019135203,1931.17185494225,290.43580234480896,266.9712575594028,-368.4309875080339,20.92725922583952,37.23812096726956,0.0,0.0,0.0,0.0,0.0,0.0,0.0,0.0
1310.9736899830052,-255.20799643411698,991.303289198415,-302.6771474671898,-97.26938309729874,42.61296298263403,1817.0487455280615,-3639.879032489081,127.76427886365602,806.5667304663407,-83.98552454557375,-67.82935471695879,10.990792773901655,-420.95017775505914,-1744.9681704651566,100.0,-337.78964436000024,376.01190578966225,0.0,78.56436559998829,0.0,0.0,0.0,0.0,0.0,0.0,0.0,-1697.4242428589102,3639.879032489081,100.0,1619.9204578721128,83.98552454556693,0.0,98.43948799857996,431.8363308871466,1744.9681704651657,298.0634868399047,1234.502803580465,-376.01190578978844,9.508229656815956,30.976503406292125,0.0,0.0,0.0,0.0,0.0,0.0,0.0,-0.05156825150425344
1323.290405521197,91.43104398657506,999.5403277731236,-165.0885368393324,128.402720981916,-9.847750852371746,1666.4277174047288,-3674.590514544221,100.0,-794.7083968291975,-54.79108561846033,0.0,19.54488545089978,-548.1031695223129,-1555.5302874970948,100.0,151.92321526729359,381.36132284976156,0.0,85.07203424842373,0.0,0.0,0.0,0.0,0.0,0.0,0.0,-1707.9824056923205,3674.5905145442216,106.39168723216676,1146.0014315012438,54.79108561847397,68.45755214899789,78.50764334176138,642.3027464026272,1555.5302874970953,299.89783974402064,1213.0420344876366,-381.36132284963196,-2.1889144103630542,14.836544722804664,0.0,0.0,0.0,0.0,0.0,0.0,0.0,-0.05995901467146544
1510.017052610704,288.5363106471177,981.5629870959253,637.2346827960598,273.2398132914861,-61.66234048492811,1669.2950083885794,-3694.6161537525836,100.0,794.4354125424729,-25.27148045953936,0.0,23.368418699895805,-758.0999673374924,-1363.9824546610594,100.0,-977.9196669235392,384.44749173866285,0.0,88.88273052339821,0.0,0.0,0.0,0.0,0.0,0.0,0.0,-1599.5208277680724,3694.6161537525836,140.36069729610224,347.23560030376234,25.27148045953936,67.08337495945614,79.8722314252838,760.5218099541389,1363.9824546610507,295.88520646994374,186.79745267062856,-384.4474917389289,-13.822033011738313,7.2028907694865465,0.0,0.0,0.0,0.0,0.0,0.0,0.0,-0.06971505404010991
1766.634955233083,652.3510097628132,938.5507847115905,295.4544433728154,3277.554206622953,-109.4311808735199,1540.5127046819011,-3699.837104839126,100.0,234.10359905061,4.398102236402792,0.0,38.089348069507416,-827.4368787100196,-1171.4614424061783,100.0,758.9302202318385,385.25209710731815,0.0,90.74078542381316,0.0,0.0,0.0,0.0,0.0,0.0,0.0,-1484.1426625880827,3699.837104839126,173.14916213986552,1282.4083794744388,-4.398102236402792,63.74701765488737,69.09803756137514,901.8138712451585,1171.4614424061785,286.14295602637185,371.3795636276393,-385.25209710732156,-25.050858920017163,11.693118532300922,0.0,0.0,0.0,0.0,0.0,0.0,0.0,-0.08105851616218128
1951.077357862813,951.8150785888039,873.3258091738536,1319.8430056805614,-209.73732703788926,-150.02009403577972,1421.5409293867365,-3690.2223832564173,100.0,955.5204767342093,34.04158370959294,0.0,45.596806865841046,-1098.503276792297,-979.109796666475,100.0,-83.6965171540453,383.7703638994475,0.0,98.9572796254468,0.0,0.0,0.0,0.0,0.0,0.0,0.0,-1408.6616068577457,3690.2223832564173,203.79802337147177,-919.4252960911331,-34.04158370959294,58.54606825872551,51.16173348472585,1048.8368865259602,979.1097966664665,270.9560479894623,92.37278140929106,-383.7703638994458,-35.54695041734732,5.7905149706114205,0.0,0.0,0.0,0.0,0.0,0.0,0.0,-0.0942476934556249
1848.0489768868958,1217.9848894268553,790.1675590128712,588.049293358248,306.03054711086884,-180.76598668889915,1237.567773234624,-3665.829049067265,100.0,-641.554651727821,63.4830401019758,0.0,55.054968148478814,-1177.9127856926311,-788.0690582439463,100.0,-281.65882533751983,380.0110856912971,0.0,100.0,0.0,0.0,0.0,0.0,0.0,0.0,0.0,-1368.441580474847,3665.8290490672653,231.41080573022268,571.4411896073,-63.48304010195534,51.632653873733574,36.28457428734238,1205.5156807977246,788.0690582439466,250.7686974717693,-695.2644618172963,-380.01108569129883,-45.00329817338539,3.2237081132880867,0.0,0.0,0.0,0.0,0.0,0.0,0.0,-0.10958290556334815
2003.8567330544013,1480.7110878553553,694.5321590703885,-361.51847425938854,1554.0592706220662,-199.6515793886647,1207.404500601463,-3626.801868312877,100.0,1579.0591224577645,92.54774650488343,0.0,72.84360620192984,-1355.114334081497,-599.472988156966,100.0,-1270.2913389797197,373.9965725054657,0.0,100.0,0.0,0.0,0.0,0.0,0.0,0.0,0.0,-1218.1971098755691,3626.801868312877,255.17983887310524,-88.39601487100026,-92.5477465049039,43.2089909841568,34.85936052779883,1338.4659836120356,599.4729881569577,226.1713818871669,-236.84867344401482,-373.9965725053361,-53.14330522897194,7.816550726198012,0.0,0.0,0.0,0.0,0.0,0.0,0.0,-0.1274133376787588
1975.738523159241,1778.9822754581683,592.6943767972315,-1705.3718317346375,-503.92785618195376,-205.43776295109183,1075.0939662048472,-3573.372453876257,100.0,1321.4414965344838,121.06321389104323,0.0,81.47065375362244,-1462.8913192870846,-414.44083915889246,100.0,-658.8859515755655,365.7625184066137,0.0,90.50519701805909,0.0,0.0,0.0,0.0,0.0,0.0,0.0,-1081.9866902244044,3573.3724538762576,274.4098816287607,503.34243317056803,-121.06321389103641,33.52147064928943,25.49544335803233,1482.4935455808868,414.4408391588843,197.88356956221827,655.2313838113446,-365.7625184068661,-59.728877421541,12.26016549040012,0.0,0.0,0.0,0.0,0.0,0.0,0.0,-0.14814499154757946
2003.2574927444798,2101.0779307700714,491.335926306116,612.2269233635518,373.6376724189324,-197.74489807625002,814.4247173290025,-3505.85789093945,100.0,-207.15392452574804,148.8602127777699,0.0,83.98407904306424,-1548.8482280356454,-234.07071335823764,100.0,533.263487822461,355.35778967220153,0.0,78.20308901849909,0.0,0.0,0.0,0.0,0.0,0.0,0.0,-811.6193182602237,3505.85789093945,288.5384577125942,-65.68563083455842,-148.8602127777699,22.85345159662654,18.52041885794328,1546.222567835789,234.07071335822968,166.7326753798788,1034.7101103300156,-355.3577896719577,-64.56738760896769,15.024359701447178,0.0,0.0,0.0,0.0,0.0,0.0,0.0,-0.1722499301915014
1971.7672186492152,2198.519507586584,397.1070721056815,260.54543103023434,-394.0739111069024,-177.0777239943004,768.9409358854986,-3424.658855192174,100.0,-175.29080150657364,175.77377754553936,0.0,86.44446037821068,-1698.8772058889117,-59.43304536075789,100.0,-229.8920127596216,342.84413478453644,0.0,81.16430542984133,0.0,0.0,0.0,0.0,0.0,0.0,0.0,-732.3127448545663,3424.6588551921745,297.1523080859595,-205.6316341727944,-175.77377754553936,11.516972015423335,19.482973197456356,1610.9777522949555,59.43304536075016,133.6298590002841,-1710.329330631962,-342.8441347847786,-67.51730998880703,23.477315150311732,0.0,0.0,0.0,0.0,0.0,0.0,0.0,-0.2002770268574893
1758.8543399316393,2533.744180988953,316.19029628540954,375.9327700803044,1001.5952456434479,-144.79224184372498,519.1317083623381,-3330.257234959493,100.0,1496.1834814002802,201.64418545222588,0.0,96.60834361146249,-1770.806350091959,108.43575039156781,100.45662644247398,889.4924132898916,328.29581797862147,41.095130198521375,76.51805590035609,0.0,0.0,0.0,0.0,0.0,0.0,0.0,-506.4181848039508,3330.257234959493,299.9994787300508,681.6506737809226,-201.64418545222588,-0.1563775203288742,4.38453697922794,1683.3948155198798,-108.43575039155985,100.0,1244.9372788800918,-328.29581797839296,-27.397229511145582,36.61543402619018,0.0,0.0,0.0,0.0,0.0,0.0,0.0,-0.232864462948006
1781.732456236355,2696.3722898983133,253.8946575353625,-251.62497077397688,-1109.0494697810345,-103.00674561058884,432.1237737276468,-3223.2132713605242,100.0,301.07542889658873,226.3179045325728,0.0,94.32640798771378,-1783.1170202262751,268.5394303833434,134.5297556203468,-1044.5589944380424,311.79917850584275,67.46401669228007,65.3979086431732,0.0,0.0,0.0,0.0,0.0,0.0,0.0,-365.7769770108246,3223.2132713605242,296.9966902686418,913.7264971174545,-226.31790453257963,-11.825153033665003,6.427258086333049,1762.7200006294381,-268.53943038335046,100.0,-634.4876882583401,-311.7991785056347,0.0,34.110178247927266,0.0,0.0,0.0,0.0,0.0,0.0,0.0,-0.27075425951199406
1496.6358770483648,2942.2979412103027,214.30745665202176,1374.4139324460218,789.3552112898419,-54.46283800510798,181.5417499195542,-3104.16223347024,100.0,-1895.1087921651651,249.64850475764933,0.0,91.44045636115494,-1750.688300476641,419.9278343881981,167.5928938743189,96.14683708392477,293.45211824288754,64.46235983806545,44.19245898025732,0.0,0.0,0.0,0.0,0.0,0.0,0.0,-270.7670934723452,3104.1622334702406,288.23177387915945,-20.63905006617972,-249.64850475765616,-23.14804433718905,17.614781265719834,1760.1605724810343,-419.92783438819083,100.0,-1102.8508843728878,-293.45211824289095,0.0,45.789700119388534,0.0,0.0,0.0,0.0,0.0,0.0,0.0,-0.31480917318095203
1481.4372632062707,3052.737950687141,200.02606322573985,-1583.1104085575703,-45.92537548932114,-2.3455502140126328,40.165182829889005,-2973.8106482162048,100.0,-676.4919970018997,271.4975270462264,0.0,86.29080320952019,-1766.2949208510872,561.7025243425232,198.67894865038403,819.972562126859,273.3635206765996,59.57518722501348,38.44814187968279,0.0,0.0,0.0,0.0,0.0,0.0,0.0,-0.6394730709028416,2973.8106482162048,273.96110224201004,42.884083968711124,-271.4975270462196,-33.79385831226813,12.281373775007193,1721.8352101465762,-561.7025243425169,100.0,-756.4725284199369,-273.363520676412,0.0,66.24907159830117,0.0,0.0,0.0,0.0,0.0,0.0,0.0,-0.3660323412732292
1181.0695141162212,3141.401584584856,211.98749872218178,-1252.9241992452262,333.0480212794805,49.925632287031476,-147.39800667165505,-2832.9321073844403,100.0,-489.3701068875811,291.735304972608,0.0,89.35236397428041,-1769.8131371082736,693.0221162662156,226.87865683272906,-936.0820382643965,251.65260471801957,52.945448025399884,26.0841462110658,0.0,0.0,0.0,0.0,0.0,0.0,0.0,142.9935165490563,2832.9321073844403,254.60209067254812,1154.9521155624989,-291.735304972608,-43.45120626537977,12.928866358524788,1849.2321446283522,-693.0221162662097,100.0,900.3179176925028,-251.6526047181901,0.0,76.03777248009024,0.0,0.0,0.0,0.0,0.0,0.0,0.0,-0.4255901233886546
1019.0222109409992,3245.6481618112252,249.4069572414059,1005.7511600927512,-1403.9465465002763,98.92112678320842,-265.50596216321355,-2682.3626766185535,100.0,-751.2095402922262,310.24173429152825,0.0,81.97192543800303,-1730.117337418404,813.1072735868522,251.3671805732669,-1238.4198270463344,228.44821718008234,44.76706126062808,14.178169865272714,0.0,0.0,0.0,0.0,0.0,0.0,0.0,364.81121774608243,2682.3626766185535,230.72098777663803,453.9582077738669,-310.2417342915214,-51.83761200726636,19.388013080392753,1806.2059692235769,-813.1072735868465,100.0,-1519.5553539281843,-228.44821718008234,0.0,90.48044523932396,0.0,0.0,0.0,0.0,0.0,0.0,0.0,-0.49483865960020695
796.9621073078802,3421.2534753200916,309.82929769042045,-1408.4904666478542,-1907.5559145671514,141.42627286322977,-553.4174566637721,-2522.9959336578468,100.0,-220.0825557556135,326.90698571521807,0.0,72.2982600159207,-1686.3885075147437,921.2453322340657,271.4282336929261,39.82952525677774,203.8880681142473,35.27924369475272,12.911809649723596,0.0,0.0,0.0,0.0,0.0,0.0,0.0,551.6166990348655,2522.9959336578468,203.01631275154176,-460.3075699405008,-326.90698571521125,-58.70777424540819,25.4849616284943,1705.502959065138,-921.2453322340607,100.0,108.66121527916562,-203.8880681142541,0.0,86.10792013870382,0.0,0.0,0.0,0.0,0.0,0.0,0.0,-0.5753547499769285
536.9301125138612,3371.45467064845,389.2901288983795,-1633.6484329989726,-1222.6722285288747,174.6522506208973,-774.9188201945485,-2355.7776652611565,100.0,349.6812191306185,341.6321567141108,0.0,81.36405386081769,-1628.7897651290746,1016.7945300553856,286.47503296052633,478.5007306458556,178.11791355119794,24.759512774936923,7.173185700834429,0.0,0.0,0.0,0.0,0.0,0.0,0.0,753.6648153576211,2355.777665261157,172.29842378897877,188.24587326042376,-341.6321567141176,-63.860741615459204,31.74815005313635,1638.8801260500059,-1016.7945300553815,100.0,-44.29004756905215,-178.11791355120477,0.0,93.78784555968738,0.0,0.0,0.0,0.0,0.0,0.0,0.0,-0.6689717585696803
372.0191425153491,3377.0179679102666,482.5759186630023,415.5207572711031,274.101062217303,196.41905888612882,-860.1654816680172,-2181.7002542879072,100.0,-571.6189569930879,354.32985846646034,0.0,70.60252228843648,-1521.8323211055229,1099.1878154537635,296.0674614270491,643.6751724167607,151.29069048657584,13.515569281524904,3.696044020109549,0.0,0.0,0.0,0.0,0.0,0.0,0.0,864.7884274999105,2181.7002542879077,139.46581520192592,1724.8943135045715,-354.32985846646034,-67.1457904825374,45.22373672514663,1586.54025209024,-1099.1878154537671,100.0,-1292.9605035251143,-151.29069048657584,0.0,84.75333332209675,0.0,0.0,0.0,0.0,0.0,0.0,0.0,-0.7778213593991467
58.021167386636975,3398.968441212972,583.5660606231412,-2070.0205617725355,-942.080938649799,205.29854803980868,-1032.8461541687075,-2001.796790247543,100.0,-683.1518329009737,364.9247344842479,0.0,56.06456336461134,-1525.2828142325154,1167.9362126435635,299.92494178995406,-387.0433360138543,123.56560925459007,1.876297119836181,5.231558023762455,0.0,0.0,0.0,0.0,0.0,0.0,0.0,1030.691686060778,2001.7967902475434,105.4788365811985,1014.3459168677617,-364.9247344842479,-68.4668335885408,48.41430928056792,1454.584832223468,-1167.9362126435608,100.0,258.15336175495645,-123.56560925467875,0.0,100.0,0.0,0.0,0.0,0.0,0.0,0.0,0.0,-0.9043820750088044
-194.51563939608553,3509.9936908767836,685.6344554891301,-280.04424507606063,763.3697074799647,200.70812283433554,-1187.7148789468986,-1817.1349382688923,128.6683973069368,1490.6636025762157,373.3539078250351,67.78523059215132,46.401962278285694,-1367.1512274808883,1222.6317235535112,297.93464324329784,-281.04749207593613,95.10720866816655,-9.81785649200134,0.08193283261382422,0.0,0.0,0.0,0.0,0.0,0.0,0.0,1134.2387205355396,1817.1349382688925,100.0,-1456.746183996845,-373.3539078250351,0.0,49.814321108086055,1343.394847177373,-1222.631723553509,100.0,129.43827531964416,-95.10720866811198,0.0,99.87257884643412,0.0,0.0,0.0,0.0,0.0,0.0,0.0,0.0
-422.53406762888716,3455.702710088672,782.0842583453126,-2284.7839551643474,-1033.3750503122951,182.94896725240278,-1254.2504598127043,-1628.8106028751367,161.9770842501971,-259.88592798466357,379.56735424683075,65.12091829346033,29.78827243547073,-1193.282020161634,1262.9497491548336,290.15478176434044,-594.6960583549878,66.0843795380265,-21.224839060454883,4.353185222688012,0.0,0.0,0.0,0.0,0.0,0.0,0.0,1261.3798912484697,1628.8106028751372,100.0,890.0530222186819,-379.56735424683075,0.0,65.84644589804361,1222.3268079459638,-1262.9497491548354,100.0,-340.9660184939935,-66.08437953807424,0.0,89.66894058287602,0.0,0.0,0.0,0.0,0.0,0.0,0.0,0.0
-631.9719934792205,3490.4955080873005,866.5872676683625,30.332851805542305,-1211.8325621913164,153.18628342082775,-1357.8813097438144,-1437.941424167773,193.47294942690212,171.0223421423916,383.5281990839178,60.551827485625154,29.874702374744448,-1148.085716882635,1288.6510158447313,276.81291730367366,-635.5367424339488,36.66936236439824,-32.01099780820556,19.89073786483313,0.0,0.0,0.0,0.0,0.0,0.0,0.0,1438.271701994601,1437.9414241677734,100.0,-937.2728073850112,-383.5281990839212,0.0,72.56150459308209,1099.4098444789686,-1288.6510158447304,100.0,953.0584986205076,-36.66936236439142,0.0,84.12899586373337,0.0,0.0,0.0,0.0,0.0,0.0,0.0,0.0
-1004.484722257565,3376.134183322832,933.599127155949,-983.2052861440718,-338.56513067252536,113.37284112856878,-1565.547353295901,-1245.6601450173146,222.23474281956914,19.352720043900717,385.21293608621363,54.21160348884172,24.932376776362894,-895.9041632077009,1299.5829954528408,258.2992976858512,-917.4410778578141,7.036725148250298,-41.86083897507672,28.438865483840246,0.0,0.0,0.0,0.0,0.0,0.0,0.0,1515.9551664425258,1245.6601450173148,100.0,46.999639622683844,-385.2129360862102,0.0,90.16561341291985,899.9105693231487,-1299.5829954528413,100.0,-375.61147149754504,-7.036725148250298,0.0,75.89038116612494,0.0,0.0,0.0,0.0,0.0,0.0,0.0,0.0
-1215.8474958528798,3095.9466787739266,978.7230984142986,634.5208793661095,-33.39547934341908,66.12085396950079,-1614.3224163879447,-1053.107888624309,247.42118565979305,-1539.1269305268554,384.6115669187566,46.28569704191648,14.921329614206092,-817.9865681117146,1295.6808104434335,235.15544391056085,-2031.984045377194,-22.63767260932127,-50.48625597001305,17.69695599120311,0.0,0.0,0.0,0.0,0.0,0.0,0.0,1641.935681244732,1053.1078886243095,100.0,1544.4217442082538,-384.6115669187566,0.0,86.80163893517495,815.8294847246442,-1295.680810443433,100.0,223.68392039271157,22.637672609334913,0.0,77.45306464468653,0.0,0.0,0.0,0.0,0.0,0.0,0.0,0.0
-1442.141368170233,3173.8109734191867,998.9985368884247,-1082.278056529899,952.8210434117864,14.530588489270713,-1697.640645266464,-861.4273863459227,268.2955777243345,-1050.0242810601253,381.7276605012148,37.0059398920867,0.0,-725.2896739685516,1276.967618941243,208.058310732828,1231.5575169988176,-52.17772357282229,-57.63495645206987,38.9107560146825,0.0,0.0,0.0,0.0,0.0,0.0,0.0,1677.321838051741,861.427386345923,100.0,1370.6017471900134,-381.7276605012114,0.0,99.49238911714717,650.512371977783,-1276.9676189412417,100.0,-336.79844462774724,52.17772357282229,0.0,70.91323665885191,0.0,0.0,0.0,0.0,0.0,0.0,0.0,0.0
-1666.0950179879515,2872.803697691441,993.0951437406047,-143.35215508701026,-1459.8664723557818,-38.01304848048062,-1782.3627244665352,-671.7561959788067,284.2473457221756,-866.1912640639832,376.5783318248788,26.643763745924787,0.0,-480.74791327497127,1243.5544772959788,177.8004858232457,928.2606692492067,-81.40811770859273,-63.09784184880726,53.17989034136545,0.0,0.0,0.0,0.0,0.0,0.0,0.0,1738.4199636718715,671.7561959788069,100.0,-7.127674365982557,-376.5783318248805,0.0,98.58112175842004,464.9881777918446,-1243.554477295977,100.0,791.2731379346172,81.4081177086473,0.0,56.96415743151441,0.0,0.0,0.0,0.0,0.0,0.0,0.0,0.0
-1720.6853125591178,2772.8182534045172,961.4002485495873,66.63070496532441,-547.3270806298569,-88.06259812006317,-1849.2213344972351,-485.2199507450373,294.80990248498915,-1134.3486698482502,369.19414038323055,15.50226092692725,0.0,-273.31300112247163,1195.6396810011056,145.26700668024097,-586.4129932857339,-110.15538268992941,-66.71512346296907,51.53810036501339,0.0,0.0,0.0,0.0,0.0,0.0,0.0,1834.9621925332199,485.2199507450375,100.0,764.1429146096596,-369.19414038323055,0.0,90.28016744898945,222.9956581502458,-1195.6396810011033,100.0,776.8661369077365,110.15538268984756,0.0,43.777990968505236,0.0,0.0,0.0,0.0,0.0,0.0,0.0,0.0
-1768.859969861337,2615.2474286561187,905.9933960950436,-1490.7323489598866,1084.7896024271654,-132.33424204013318,-1836.7346451402852,-302.92567904657267,299.67429458197375,204.83431145342252,359.61890881051943,3.907318963781563,0.8814960645189558,-74.67498683077446,1133.5075878783755,111.40947339675031,786.6691588418338,-138.24891339501164,-68.38099627121508,59.71146211890151,0.0,0.0,0.0,0.0,0.0,0.0,0.0,1765.8502551337424,302.9256790465729,100.0,1536.622173076256,-359.61890881051943,0.0,100.0,101.87752049477433,-1133.5075878783728,100.0,1396.1510958650215,138.24891339501846,0.0,41.38196215529537,0.0,0.0,0.0,0.0,0.0,0.0,0.0,0.0
-1930.3219021680454,2382.197019605144,830.5099046225503,-786.4196626990838,-1107.7922136956954,-167.92325803072686,-1841.1798459612558,-125.95523463264249,298.6982391680887,706.1505450243305,347.9094628094458,-7.8019115779932235,16.007847931881976,131.2264622265346,1057.5269305120082,100.0,181.6404992681725,-165.5219843900204,0.0,78.03067520862398,0.0,0.0,0.0,0.0,0.0,0.0,0.0,1829.8326407276822,125.95523463264271,100.0,-1033.6147299777065,-347.9094628094458,0.0,87.63329208682916,-34.99291491441362,-1057.5269305120123,122.78178552047676,-820.6945719622613,165.5219843900204,68.04673370746706,26.648223841321293,0.0,0.0,0.0,0.0,0.0,0.0,0.0,0.0
-2035.0033779813193,2078.211365459547,739.9023477152136,-531.6201906601918,-489.8458239740012,-192.4946027995992,-1754.0025393698738,44.64112382974008,291.91028573902315,1041.3680919478372,334.1352939118815,-19.28293720660605,21.869751889737913,377.6958065251857,968.1486279477822,100.0,858.7801452422004,-191.81273938744653,0.0,78.60441034368777,0.0,0.0,0.0,0.0,0.0,0.0,0.0,1801.5039972881991,-44.64112382973963,100.0,508.8035076522749,-334.1352939118815,0.0,82.89225952344027,-318.41931080646026,-968.1486279477781,156.30668013270216,398.1758284153287,191.81273938731692,65.72211290891232,20.900941291338363,0.0,0.0,0.0,0.0,0.0,0.0,0.0,0.0
-2012.5866120930705,1933.8320877430697,640.1156092677385,-3017.9065738911095,-848.4397575953028,-204.43611730867872,-1714.6618892596493,207.8509656794672,279.5089810621105,1204.8760073547908,318.3781470680981,-30.199939394722435,26.25927596445045,458.0257722710668,865.9031096436693,100.0,1355.7771820987068,-216.9651518062733,0.0,87.85810114802321,0.0,0.0,0.0,0.0,0.0,0.0,0.0,1671.7073560744611,-207.85096567946698,100.0,-1327.8798165141973,-318.3781470680947,0.0,72.44437808844467,-476.6521870406015,-865.9031096436743,188.18461157165012,-1362.2169991406704,216.96515180643019,61.4751287358051,6.30656668163602,0.0,0.0,0.0,0.0,0.0,0.0,0.0,0.0
-1897.130588331291,1627.9488160813157,537.6968316438251,268.13005132459466,-329.7622213101465,-202.96430270071937,-1686.6596338037214,362.70569668877374,261.85706170884265,-84.12743620727156,300.7315355204719,-40.23359722827763,36.77026789693673,740.8602886428254,751.3971675536593,100.0,-6.90002307566715,-240.82995073787288,0.0,95.97610808299606,0.0,0.0,0.0,0.0,0.0,0.0,0.0,1689.3799932228,-362.7056966887735,100.0,218.7066111666718,-300.7315355204753,0.0,70.04753387004725,-646.8417036661037,-751.3971675536652,217.48315443066645,-804.3018533111814,240.82995073770917,55.430004930529435,10.249990523147632,0.0,0.0,0.0,0.0,0.0,0.0,0.0,0.0
-1896.417281873878,1268.3654012655088,439.36584884398894,-151.99141443515714,-1670.2824887830059,-188.17572671545946,-1576.8772345456782,508.2863073365768,239.4708440566709,-300.35906377135575,281.3001858338464,-49.09042750236992,48.85383264713348,823.4378556088022,625.3103550263374,100.0,-252.6185919611811,-263.2655068151985,0.0,85.50504293897676,0.0,0.0,0.0,0.0,0.0,0.0,0.0,1588.7912240244682,-508.2863073365768,100.0,586.4097133407643,-281.3001858338464,0.0,55.98160915525934,-875.7809627477056,-625.3103550263313,243.34533008828615,503.52159597509626,263.26550681538265,47.76356058925316,8.64988367579193,0.0,0.0,0.0,0.0,0.0,0.0,0.0,0.0
-1947.4817755272948,1034.4957179513826,351.5742891424044,456.79582453761327,-242.59378474928099,-161.04068774945404,-1563.8041033998347,643.7288268135796,213.0051221011793,489.6035230691041,260.19941637953025,-56.511369067201684,49.822607989491175,1065.4151292335293,488.3909538897119,100.0,421.9359723594016,-284.1386727368797,0.0,96.69976142119636,0.0,0.0,0.0,0.0,0.0,0.0,0.0,1553.5149213209493,-643.7288268135792,100.0,761.7929684826117,-260.19941637953025,0.0,46.83262609676566,-953.6536589386399,-488.3909538897185,265.01467322301215,140.11658220501033,284.1386727366853,38.70003822577303,4.847084410570694,0.0,0.0,0.0,0.0,0.0,0.0,0.0,0.0
-1772.4650660106984,671.1761960625159,280.08227506276285,1438.1755386831776,599.2852223416571,-123.33955227163983,-1426.7398078822087,768.2294503916378,183.2340148156764,608.3820825626435,237.55445296038943,-62.27936033368778,65.46340590023063,1196.635341782172,341.4515336561974,100.0,-38.59273583288882,-303.32557344783936,0.0,100.0,0.0,0.0,0.0,0.0,0.0,0.0,0.0,1395.7520761290757,-768.2294503916376,100.0,451.5676535533987,-237.55445296038602,0.0,42.096568654057265,-1020.5068181282747,-341.45153365619035,281.8573583269693,-369.84499941182435,303.32557344783254,28.504544706983097,11.045188658850869,0.0,0.0,0.0,0.0,0.0,0.0,0.0,0.0
-1661.3753837813847,445.1335254143291,229.58049397826312,2147.079153102702,-1429.9243506450603,-77.54594257967881,-1279.7769729946174,881.0493097281119,151.0283232705051,517.72229717409,213.49968563928996,-66.22568829695894,73.81388343837274,1319.649673193381,185.3641292021889,100.0,-362.6489998756563,-320.7123412980809,0.0,89.95747722382488,0.0,0.0,0.0,0.0,0.0,0.0,0.0,1306.1118187833779,-881.0493097281114,100.0,-782.0504572007633,-213.49968563928314,0.0,28.513224912856945,-1297.0044172686323,-185.3641292021964,293.38073902072256,380.048418273019,320.7123412980809,17.475296910861005,11.404093722208586,0.0,0.0,0.0,0.0,0.0,0.0,0.0,0.0
-1518.051824490281,228.92114911390496,203.38243579272512,644.8268102392035,-2391.481286587627,-26.66443910844208,-1134.926714189171,981.5188577951262,117.33005981339582,-1015.4322419153766,188.17787117917305,-68.23492337009299,75.12680854591417,1364.7343492404725,21.05506554136923,100.0,-328.0684861529869,-336.1957918050473,0.0,91.43430530291563,0.0,0.0,0.0,0.0,0.0,0.0,0.0,1183.888054945676,-981.5188577951262,100.0,-885.8327686073801,-188.17787117916623,0.0,16.57255765163388,-1364.4794451386313,-21.055065541377417,299.24775789670537,-78.07609983770931,336.19579180481196,5.934898921067315,15.707485977479573,0.0,0.0,0.0,0.0,0.0,0.0,0.0,0.0
-1386.511131638148,-112.92708396441881,203.2069904033629,-189.70188706077465,-426.2779534182778,25.966554140740072,-1054.7560862795608,1069.0418424107165,100.0,1534.7886458260423,161.73928583233192,0.0,75.44842622780871,1526.2622557037532,-150.50053959548222,100.0,286.3376235197643,-349.68403601999626,0.0,70.2186862253525,0.0,0.0,0.0,0.0,0.0,0.0,0.0,962.843905797991,-1069.041842410716,116.87510567090072,-1113.5062218555822,-161.73928583233192,68.24829568490046,13.494051685890586,-1512.125388580119,150.50053959547404,299.28680540516467,-1007.5171367517964,349.684036020235,-5.779094101088731,23.166106702808946,0.0,0.0,0.0,0.0,0.0,0.0,0.0,0.0
-1159.9190567509393,-463.43567629670554,229.06566901857144,57.09250423239496,717.7760950366343,76.89384678504013,-734.7143400466105,1143.098844790226,100.0,-502.8224423485216,134.3408335015215,0.0,89.14106661881797,1614.0982328264945,-328.28456274842677,100.0,-1618.7753286696272,-361.09702585743946,0.0,70.90159246577593,0.0,0.0,0.0,0.0,0.0,0.0,0.0,798.2110883776036,-1143.098844790226,150.5866764783346,-1459.7003788252255,-134.34083350151468,66.2654141029509,0.0,-1672.8170837017951,328.2845627484181,293.49673941148535,-192.3838703377271,361.09702585744117,-17.32404936188715,19.993720469850626,0.0,0.0,0.0,0.0,0.0,0.0,0.0,0.0
-860.4508456101278,-851.092774843978,279.26184889202796,-799.8829534410152,-2685.392683667358,122.77603053378101,-564.7285523597877,1203.2503621180463,100.0,1199.2993344079828,106.14511456948549,0.0,98.56205787261533,1665.5888978032135,-511.24191694072636,100.0,-1127.1487639430597,-370.36702915055,0.0,68.14651450889755,0.0,0.0,0.0,0.0,0.0,0.0,0.0,691.2700325707187,-1203.2503621180463,182.81859348586875,-9.203819064611594,-106.14511456948549,62.34427765613191,17.410118476377278,-1693.4648125607093,511.24191694073454,282.0469186034814,-1.3493984778949653,370.3670291508058,-28.36227840042568,38.22346694038703,0.0,0.0,0.0,0.0,0.0,0.0,0.0,0.0
-631.0439171471745,-1057.850057573761,350.50209102714393,483.6960567491576,424.8552006417458,160.60271348897373,-397.29513984144324,1249.1394158454887,100.0,841.7620242946932,77.31946092210137,0.0,100.0,1763.3467505065912,-698.286813256803,100.0,713.4132386950989,-377.43903162164713,0.0,54.057304019762654,0.0,0.0,0.0,0.0,0.0,0.0,0.0,528.2208448169193,-1249.1394158454887,212.6280772543575,-731.7952140504207,-77.31946092209455,56.599579082685665,2.381155203358799,-1771.1157239538807,698.286813256794,265.2722487714942,-716.7953086303123,377.43903162190804,-38.57091443285384,45.51965592556975,0.0,0.0,0.0,0.0,0.0,0.0,0.0,0.0
-469.3666505703288,-1280.5785003441647,438.1122271472438,1304.837426631419,-694.0229403995795,187.89203601362942,-214.13324598385327,1280.493670235603,100.0,2443.659422558835,48.03494289071068,0.0,96.03263690978429,1776.7805305603367,-888.309204625624,100.0,29.68247686462405,-382.271063370556,0.0,43.87833875654547,0.0,0.0,0.0,0.0,0.0,0.0,0.0,313.66617632231635,-1280.493670235603,239.14320420625234,-329.22094890031417,-48.03494289071068,49.19935007930633,0.0,-1774.6641203825632,888.3092046256327,243.66338685697585,-700.1589853146322,382.2710633702917,-47.65135616435856,59.083640945921495,0.0,0.0,0.0,0.0,0.0,0.0,0.0,0.0
-177.65132207130827,-1589.3119760513016,536.3440381742599,-1693.3964398756325,-2178.989910853604,202.85350888672667,-98.26794520242389,1297.1270485820228,100.0,504.06139982222953,18.46535400889934,0.0,90.42256635484316,1807.8355899664068,-1080.181373568066,100.0,-1452.9764242289764,-384.8344479514435,0.0,31.58670093466661,0.0,0.0,0.0,0.0,0.0,0.0,0.0,142.5736496317869,-1297.1270485820228,261.58841027843766,-600.0456882692164,-18.46535400889934,40.36004639525402,14.055468593168996,-1803.3451650733693,1080.1813735680569,217.85238929986627,-660.3270287488601,384.83444795170954,-55.338001838698574,80.870827986487,0.0,0.0,0.0,0.0,0.0,0.0,0.0,0.0
100.63884560117417,-1851.8637581659673,638.7524026276739,616.5086458089231,-456.8209822795859,204.50548971402725,93.68671331332288,1298.9408375101634,100.0,538.254467011674,-11.213820392420075,0.0,85.0835693490585,1759.9767421166348,-1272.764624811806,100.0,180.57041994884685,-385.11397256030364,0.0,22.162215678184353,0.0,0.0,0.0,0.0,0.0,0.0,0.0,-44.709319022971165,-1298.9408375101634,279.30717607160796,-1866.523737972745,11.213820392420075,30.340216529795043,11.273415956212379,-1882.5716498854013,1272.7646248118147,188.59422446878557,-298.87934779407374,385.1139725600376,-61.40601805567471,72.6063810876092,0.0,0.0,0.0,0.0,0.0,0.0,0.0,0.0
378.71002852853115,-2171.050378483025,738.6181697291095,1249.0654351463822,1429.219887112971,192.7395898072183,239.6886258990167,1285.9242728071185,100.0,1450.6200572290115,-40.82644462997678,0.0,85.53932987520292,1798.8451194572442,-1464.9160430559,100.0,-905.4812779698489,-383.10797831374543,0.0,20.08747283969051,0.0,0.0,0.0,0.0,0.0,0.0,0.0,-201.6561877587254,-1285.9242728071185,291.7812299585152,-2853.5862889847576,40.82644462997678,19.43293922157011,13.55588714512115,-1744.6779112338588,1464.9160430559086,156.74468993305956,-636.2707334776167,383.10797831400805,-65.6779161190147,85.34519654617026,0.0,0.0,0.0,0.0,0.0,0.0,0.0,0.0
616.671260998405,-2399.2362970567815,829.3890119383884,201.7891952658607,-1805.8594380294699,168.3277857129906,322.6386274567618,1258.154603303557,100.0,603.0289678747906,-70.19677797277609,0.0,80.38114857111668,1766.6697860597,-1655.4952757796023,100.0,154.71644859324329,-378.82837009786726,0.0,10.800338119064474,0.0,0.0,0.0,0.0,0.0,0.0,0.0,-390.49917927607396,-1258.154603303557,298.645707462606,646.7899304917546,70.19677797277609,7.95725093316122,26.37963665994851,-1762.2327402856426,1655.4952757795932,123.2353804935648,1205.5065429994318,378.82837009786726,-68.02874355823775,94.40373166492236,0.0,0.0,0.0,0.0,0.0,0.0,0.0,-0.0531467635277924
890.4146126037438,-2532.698524358541,905.1093319921467,1823.2507792905812,340.0247007466601,132.8717687907681,516.8777943259556,1215.7966324285062,100.0,-45.12708321870548,-99.1505176030546,0.0,64.52321632821948,1751.034348538343,-1843.3713008419659,110.95356084572822,538.5208125611564,-372.3005459142121,68.38973897221322,5.0860701352626085,0.0,0.0,0.0,0.0,0.0,0.0,0.0,-642.6207970560122,-1215.7966324285062,299.6998234971652,-709.1606058583062,99.1505176030546,-3.751185924639344,28.70508231680384,-1756.5361362891415,1843.371300841974,100.0,636.0328245160508,372.3005459142121,0.0,90.15621426191768,0.0,0.0,0.0,0.0,0.0,0.0,0.0,-0.06179436923202584
1060.0317696071825,-2699.0915405780306,960.8110176649468,-503.64135662327953,487.14779126648637,88.69785608463701,786.6302972576833,1159.101740157736,100.0,467.4107450852239,-127.51583304294627,0.0,54.92017807381965,1666.4432328890462,-2027.4291387090097,144.8221119349359,211.6810707117918,-363.5632461513751,66.75034329131094,7.528005339138652,0.0,0.0,0.0,0.0,0.0,0.0,0.0,-810.6233823546482,-1159.1017401577365,294.9127453033592,215.31864573800988,127.51583304295309,-15.349901075176149,45.44129092139642,-1661.554895594007,2027.429138709018,100.0,842.4097065544163,363.5632461513785,0.0,88.71282992586546,0.0,0.0,0.0,0.0,0.0,0.0,0.0,-0.07184904244991483
1244.7773935867847,-2938.345211350838,992.8394063064978,1748.4054239663726,-1123.0318334551816,38.70435752800688,916.9187995357653,1088.4063911601238,100.0,441.6070771883142,-155.12438591011687,0.0,47.024387768258656,1523.689285047589,-2206.576469473378,177.37962199790576,-646.9862336919687,-352.6683236767394,63.15850862903005,12.48636320521543,0.0,0.0,0.0,0.0,0.0,0.0,0.0,-943.1529301263039,-1088.4063911601238,284.4244943044751,-680.929890584323,155.12438591011687,-26.499633587710036,64.17022355908384,-1511.8950258101145,2206.576469473386,100.0,764.0171544291297,352.6683236765007,0.0,95.2547387673103,0.0,0.0,0.0,0.0,0.0,0.0,0.0,-0.08353972967320515
1461.9087580823716,-2994.8320983827907,999.0930721824898,-550.0418692048254,996.3864237257735,-13.828586076888882,1080.7244633731505,1004.1301379957013,100.0,421.47325313175884,-181.81232894713048,0.0,32.09840231297201,1421.7279416375554,-2379.750115396918,207.67378804037403,-1301.4617073836678,-339.6804361037107,57.719295688632144,5.687612298278843,0.0,0.0,0.0,0.0,0.0,0.0,0.0,-1065.1411281625421,-1004.1301379957017,268.54185049724754,-454.2322316259856,181.8123289471373,-36.874255216029326,67.97115641404608,-1444.439146965609,2379.7501153969256,100.0,1617.675752838594,339.68043610394943,0.0,95.90920818191432,0.0,0.0,0.0,0.0,0.0,0.0,0.0,-0.09713262969004904
1616.4022973561878,-3328.2383960996167,979.1617038485124,119.38348684441394,-68.92244142539084,-65.45421751640731,1247.431135158788,906.7731312155906,100.0,164.89392141369763,-207.42127839921523,0.0,24.02027041832707,1272.9429030296767,-2545.922350504681,234.81850959043706,-17.12736484643642,-324.6766620750145,50.591800751061555,12.611921059270948,0.0,0.0,0.0,0.0,0.0,0.0,0.0,-1219.2616529739153,-906.7731312155906,247.72937917629372,207.82182090969172,207.42127839922205,-46.17030960789947,75.21818574168982,-1321.944046156332,2545.9223505046884,100.0,505.9128451003437,324.6766620747894,0.0,89.30548374747008,0.0,0.0,0.0,0.0,0.0,0.0,0.0,-0.11293725497331045
1743.780990194417,-3290.1846152243234,934.3530252367922,114.80263548654989,1238.2512567633762,-112.7853095507271,1338.5276387880647,796.9131511407159,100.0,-22.32257280449744,-231.7992539671195,0.0,11.538260947476752,1233.4530440273966,-2704.106999784671,258.0198070237137,-821.2443394350407,-307.74604382388134,41.984502129298846,16.549281890834045,0.0,0.0,0.0,0.0,0.0,0.0,0.0,-1307.190896564595,-796.9131511407163,222.59584245882274,343.189516971363,231.79925396712292,-54.11588836454129,83.82736424285882,-1178.9649396271654,2704.106999784678,100.0,-807.9571278402284,307.74604382388816,0.0,71.43308874884562,0.0,0.0,0.0,0.0,0.0,0.0,0.0,-0.13131347932828827
1817.522260653431,-3472.9045319037227,867.6069941269336,-108.89859774391539,-261.2962666704243,-152.71640545669072,1418.5114038234879,675.2021789344301,100.0,711.9546505638607,-254.80158075751888,0.0,15.859530364487245,1054.181291248084,-2853.3652917971804,276.599045365549,-1385.5064493905938,-288.9890587416676,32.14916220419923,20.799385078504002,0.0,0.0,0.0,0.0,0.0,0.0,0.0,-1498.4606261666381,-675.2021789344303,193.8763930707647,1165.2589928822533,254.8015807575223,-60.47858432615726,85.52699588322896,-1132.3704295623695,2853.3652917971735,100.0,-513.2037105566906,288.98905874146294,0.0,74.43291687464344,0.0,0.0,0.0,0.0,0.0,0.0,0.0,-0.15267973227590617
2002.200876496887,-3385.495117427857,783.3029075546738,-258.4258572870033,-782.0548586756581,-182.627572228281,1570.8122385010756,542.3625273188002,100.0,1168.0396212931555,-276.2917478795123,0.0,0.0,847.625318022168,-2992.8114299600034,290.0127842769923,-1151.2096457825423,-268.51702307787264,21.373463407356326,38.30226019835878,0.0,0.0,0.0,0.0,0.0,0.0,0.0,-1578.2560124009603,-542.3625273188004,162.41107122382323,1148.5748997283429,276.2917478795157,-65.07228945178966,94.05739926395663,-851.8619131291113,2992.8114299600093,100.0,-663.9662571974782,268.51702307768846,0.0,70.30424146650728,0.0,0.0,0.0,0.0,0.0,0.0,0.0,-0.17752252675876343
1957.285793275076,-3498.7513568807135,686.9720702326266,-243.42709372903641,181.10518805181073,-200.5562979108896,1583.9724704191253,399.18255389722844,100.0,-903.543759387959,-296.1422185889535,0.0,0.0,762.1667751506158,-3121.617849446333,297.868673615022,-825.2694387768139,-246.45143131666828,9.9725935467211,39.78561909247648,0.0,0.0,0.0,0.0,0.0,0.0,0.0,-1676.288526967919,-399.1825538972287,129.12023354700253,355.8603272164635,296.1422185889569,-67.7626384557194,85.87015835234742,-745.4731696822734,3121.6178494463265,100.0,926.7302101009403,246.45143131684563,0.0,61.175354680434495,0.0,0.0,0.0,0.0,0.0,0.0,0.0,-0.2064075371174136
1992.0802599645751,-3428.5263639497293,584.9348781951269,-782.3878361816037,836.0677094653261,-205.32625465488195,1714.8970898484745,246.51198252347353,105.02236722677567,169.8984796550576,-314.23518717554884,68.4709389744421,5.632633005780112,439.3377802649817,-3239.0201284970244,299.93692962391765,-520.0485588993922,-222.9232351497899,-1.7199733963036579,52.63350022915942,0.0,0.0,0.0,0.0,0.0,0.0,0.0,-1754.4697274862735,-246.51198252347353,100.0,-569.7158169874069,314.23518717555567,0.0,90.6898853157159,-517.1906616597278,3239.020128497019,100.0,1313.7676825183398,222.923235149633,0.0,46.42636824253043,0.0,0.0,0.0,0.0,0.0,0.0,0.0,-0.2399924795841344
1908.8419236718883,-3534.43271310142,483.8861290982137,-704.1428676828536,-882.8953638602593,-196.62447917116992,1772.054258640797,85.25686048305192,139.0180644032252,955.7541177334417,-330.4632780989766,67.17647330869795,4.074090265719784,292.6571834797609,-3344.321525000684,296.1570560806461,-418.3078214782549,-198.07206632144016,-13.362231338048218,61.95656830492169,0.0,0.0,0.0,0.0,0.0,0.0,0.0,-1757.4085421677755,-85.25686048305215,100.0,-330.559076572315,330.4632780989766,0.0,100.0,-353.0894061040523,3344.321525000679,100.0,1401.9177362665146,198.07206632144016,0.0,44.97556785858103,0.0,0.0,0.0,0.0,0.0,0.0,0.0,-0.27904208858505886
1951.2905893665559,-3447.0348442781687,390.45576752477257,-1738.8712468582924,638.972102916116,-175.02190667437986,1815.6489322846544,-83.62581858541989,171.87248819944247,917.8799889935885,-344.7301832264384,63.917104413210666,6.9959596701604445,128.73865317754002,-3436.897111418166,286.6396138016283,-654.2665282310446,-172.04540796439915,-24.61364572669794,62.00707165523741,0.0,0.0,0.0,0.0,0.0,0.0,0.0,-1737.8338244441263,83.62581858541967,100.0,1723.1248348252393,344.7301832264418,0.0,87.32885133884773,-197.51257031192506,3436.897111418162,100.0,-440.23400532896846,172.04540796439915,0.0,18.45884433045656,0.0,0.0,0.0,0.0,0.0,0.0,0.0,-0.3244455298634257
1811.0957447406756,-3283.4776618375145,310.7738853871109,-584.26392572748,-1206.5963880140043,-141.93591105336736,1785.58915829529,-259.1337941181408,202.62465093254573,-645.150652595687,-356.9512333864594,58.788168410141566,16.564363771710983,-20.14309071415531,-3516.1974835124634,271.6629867530362,1142.182976088995,-144.9977193360337,-35.145114134208484,74.14334337588328,0.0,0.0,0.0,0.0,0.0,0.0,0.0,-1778.7692537710907,259.1337941181406,100.0,-818.5964017884817,356.9512333864594,0.0,87.25290624234256,49.03749866608505,3516.197483512466,100.0,512.8413289994677,144.9977193360337,0.0,20.416025742092987,0.0,0.0,0.0,0.0,0.0,0.0,0.0,-0.37723664692350417
1718.4471622804892,-3267.1219731965484,250.06851833686585,797.8681304903591,605.9303146508137,-99.53730906164907,1777.3820338866867,-440.22548669746595,230.37505578616106,296.7036119224838,-367.0539008542926,51.93968601993731,17.78784529468244,-174.3969210912696,-3581.7520208736896,251.66523935548096,790.421860609115,-117.08951915786201,-44.648592460222574,83.71519496220519,0.0,0.0,0.0,0.0,0.0,0.0,0.0,-1785.499130581231,440.2254866974656,100.0,-1430.4608843911763,367.0539008542926,0.0,80.2017197616313,235.0856159094957,3581.752020873687,100.0,335.652960371777,117.08951915786201,0.0,21.94684019767567,0.0,0.0,0.0,0.0,0.0,0.0,0.0,-0.43861750180991077
1612.3740856890443,-3236.662612070956,212.32262730153872,701.4828455937084,-815.4299147063125,-50.60793010425584,1747.5067315057152,-625.8261794672251,254.31200697694936,33.430177898056854,-374.9782297752756,43.571974474211714,30.411954689518073,-442.67837934648475,-3633.171679889194,227.23130315588952,586.000248357538,-88.48643299040987,-52.84610518235368,97.57459271482502,0.0,0.0,0.0,0.0,0.0,0.0,0.0,-1774.8280881537703,625.8261794672247,100.0,1289.7999352266402,374.9782297752756,0.0,59.84588795608279,458.6180246569463,3633.1716798891916,100.0,160.4671208521782,88.48643299040987,0.0,12.78484442959176,0.0,0.0,0.0,0.0,0.0,0.0,0.0,-0.5099857462495653
1454.2255069885239,-3035.0939877704054,200.01277105134483,347.69958090575983,57.79897432337293,1.6419033371732894,1721.1187975706828,-814.8343962073386,273.73535175218734,-451.17553357214774,-380.67719198604095,33.9297882626758,39.655842337516845,-574.1678095827137,-3670.151302583515,199.07586765476083,-893.2331202920153,-59.35821030396028,-59.49787610474644,95.4211846796274,0.0,0.0,0.0,0.0,0.0,0.0,0.0,-1743.6427201104466,814.8343962073383,100.0,-20.93534426832889,380.67719198604095,0.0,64.58811508862478,607.0137204479948,3670.151302583514,100.0,34.27509159853798,59.35821030399438,0.0,9.287132969215936,0.0,0.0,0.0,0.0,0.0,0.0,0.0,-0.5929664464014994
1178.5247521320339,-2927.4718440583733,213.94661584134832,869.9981183594798,1016.8731181307385,53.78400928832434,1661.0100601430222,-1006.1284382159135,288.07695976799107,-695.7171810043064,-384.11696610717286,23.29516009552208,48.29928752988765,-700.9626604053535,-3692.4714276258815,168.02247572993372,-1213.2910873149672,-29.877717072938594,-64.40934178092988,98.18822885381978,0.0,0.0,0.0,0.0,0.0,0.0,0.0,-1668.1044572500634,1006.1284382159132,100.0,594.8177496268022,384.11696610717286,0.0,43.326179467890114,753.2006981415709,3692.471427625881,100.0,276.82890688661985,29.87771707291131,0.0,0.12539993647743763,0.0,0.0,0.0,0.0,0.0,0.0,0.0,-0.6894490858690777
1011.2261272480187,-2653.3899620725524,253.2099433401985,-331.7027386785679,-724.5111077566867,102.39727392063543,1559.922765187317,-1198.5730412050257,296.91734082902553,1493.6697020638871,-385.27713826350464,11.9791514828637,61.776271969632774,-908.2767515112356,-3699.999592757686,134.97943511301122,-308.85539292003784,-0.2199098762025642,-67.43684246964989,91.31974507431877,0.0,0.0,0.0,0.0,0.0,0.0,0.0,-1522.5092831353638,1198.5730412050254,100.0,-9.787786153875686,385.27713826350464,0.0,47.977608059082144,907.8369809079055,3699.999592757686,100.0,-238.8554019141094,0.2199098762025642,0.0,5.477285207877636,0.0,0.0,0.0,0.0,0.0,0.0,0.0,-0.8016305895390459
687.2312349943434,-2540.989514158346,315.2266337266995,-246.4064707032378,2049.556823647197,144.29211543938862,1453.3868961848423,-1391.0261127033675,299.99791492292036,-143.9029207511021,-384.1508232326669,0.3127542255094795,67.2021971506618,-946.6075520603762,-3692.6911209103782,100.91325050469318,438.4350284164634,29.439202409930658,-47.94377706790982,96.16068864491552,0.0,0.0,0.0,0.0,0.0,0.0,0.0,-1454.6142347968262,1391.0261127033673,100.0,-1041.1442439229074,384.1508232326669,0.0,45.32227129155466,1108.4305888706251,3692.691120910379,100.0,367.30789443609297,-29.439202409951122,20.5480470961367,4.253007675683689,0.0,0.0,0.0,0.0,0.0,0.0,0.0,-0.9320653479069899
558.651631986057,-2379.835619555011,395.9276883823482,-1498.5521951548458,-929.1257398524476,176.71975684284973,1381.1786204900857,-1582.3455099819528,297.2285756524726,-1151.0216654346493,-380.7447053067767,-11.36279105283677,71.58651711913265,-1231.491607567804,-3670.5893853484927,100.0,950.4305163052436,58.92360316398708,0.0,85.83595604648063,0.0,0.0,0.0,0.0,0.0,0.0,0.0,-1372.0403238780098,1582.3455099819525,100.0,2007.8564565347767,380.7447053067733,0.0,25.07690815451312,1224.653949256799,3670.5893853484918,133.17964656377242,143.54573623193915,-58.9236031639939,67.5434287848806,11.978339294881968,0.0,0.0,0.0,0.0,0.0,0.0,0.0,0.0
386.1396180406014,-2064.45641245744,490.0182023733709,-1510.4185390964813,289.0652955936912,197.55257688490303,1174.9772929206201,-1771.3958182780234,288.6903258362113,-1602.089471042143,-375.0789986227994,-22.705976150012646,79.175558020707,-1285.835496703805,-3633.8255522642526,100.0,-1017.3351342783644,88.05831261716321,0.0,76.87370409520196,0.0,0.0,0.0,0.0,0.0,0.0,0.0,-1189.6768021507205,1771.3958182780234,100.0,-665.2699859916379,375.0789986228028,0.0,20.66905851373074,1396.3234782049308,3633.8255522642503,166.30204322511017,638.9001780464753,-88.05831261721778,64.61939677527766,12.078244242855366,0.0,0.0,0.0,0.0,0.0,0.0,0.0,0.0
69.52450902159025,-1755.4364155235967,591.324770297829,481.07679276802764,312.6657446137267,205.42370617218978,1070.3515721467793,-1957.0550890908523,274.6329081863407,-714.3577366601301,-367.18732719993227,-33.38501435656269,88.2537744076369,-1411.0166711593388,-3582.617802351365,100.0,-728.1813311216513,116.67042629839443,0.0,80.32474341751407,0.0,0.0,0.0,0.0,0.0,0.0,0.0,-1112.8261630552756,1957.055089090852,100.0,570.3550034192278,367.18732719993227,0.0,13.52530788400254,1494.651858402976,3582.6178023513626,197.4851136244966,-204.3910764911459,-116.67042629831258,59.80525569664266,23.61377245197706,0.0,0.0,0.0,0.0,0.0,0.0,0.0,0.0
-271.5241812652157,-1406.846006266856,693.2005317321775,-669.1938794224433,-240.54711408089474,199.816709306412,980.0020856179254,-2138.2214985597784,255.46750036643846,266.9751518962886,-357.11652539129545,-43.08754517436029,91.52484692929106,-1589.120139544,-3517.2700359777346,100.0,-1137.9802210625405,144.59014116220033,0.0,67.70905038656252,0.0,0.0,0.0,0.0,0.0,0.0,0.0,-887.5676365764161,2138.2214985597784,100.0,1003.643305852637,357.11652539129545,0.0,6.909977228616302,1538.703657066345,3517.2700359777314,225.81675695157375,-1284.6275046796814,-144.59014116230264,53.24181855809627,37.96635900774122,0.0,0.0,0.0,0.0,0.0,0.0,0.0,0.0
-518.7116500918298,-1250.4277914819459,788.9612806997641,387.53604843110793,425.69105722408835,181.09946890705316,722.181829527847,-2313.8198864096557,231.75468809751862,-1537.3221759398814,-344.92635993869953,-51.529770821239964,93.99419064222172,-1602.6198203642566,-3438.1700696413554,100.0,-866.7364585521261,171.65176331224302,0.0,55.83650788418414,0.0,0.0,0.0,0.0,0.0,0.0,0.0,-819.6641122498048,2313.8198864096557,100.0,519.9631665411914,344.92635993869953,0.0,2.798472316268152,1579.8770946861023,3438.170069641352,250.46827627219471,-1083.377544495371,-171.65176331224302,45.121065054320724,44.82058189524127,0.0,0.0,0.0,0.0,0.0,0.0,0.0,0.0
-699.808570159946,-1025.6818844120057,872.3240254313362,-772.5425982060727,20.618271054388515,150.5000483365876,548.6165414931934,-2482.808136656835,204.18806809758672,602.1220290377664,-330.6891752782417,-58.464757279645454,89.5556281297291,-1798.5207809977194,-3345.787334412949,100.0,-136.80468892885187,197.69469133684197,0.0,43.98005437418266,0.0,0.0,0.0,0.0,0.0,0.0,0.0,-522.0040514000426,2482.808136656835,100.0,843.7202037560161,330.68917527823487,0.0,0.0,1706.9875906989444,3345.7873344129443,270.71861780746866,225.79902820512643,-197.69469133684197,35.68052618391192,61.356939198066165,0.0,0.0,0.0,0.0,0.0,0.0,0.0,0.0
-1015.4652205990918,-765.2386795024207,937.8192239208222,-929.5526942498054,1783.3873217512598,110.02611680858195,477.8756025404472,-2644.1833622089125,173.57396046657647,-848.9861311332779,-314.4894641990277,-63.689657084936755,92.42103084051155,-1713.9854416077965,-3240.6700900240958,100.0,-511.2519788067459,222.56436942281653,0.0,39.51482592233882,0.0,0.0,0.0,0.0,0.0,0.0,0.0,-403.24673404531546,2644.1833622089125,100.0,533.1342572567521,314.4894641990277,0.0,10.221588982617403,1771.1148935543897,3240.6700900241012,285.97546166433517,275.44937363115196,-222.56436942282335,25.19633649816967,65.21754682098062,0.0,0.0,0.0,0.0,0.0,0.0,0.0,0.0
-1123.066257605149,-338.61895955703807,981.1496479461096,-1171.6033139667559,1695.4795189795393,62.33322350599565,180.15506013495408,-2796.9878566542966,140.80782392682897,-1538.3825753119904,-296.4233664104768,-67.05164258788798,90.92549125526148,-1780.516070147549,-3123.442171134533,100.0,-142.3868937005875,246.11320459250464,0.0,32.10461177595478,0.0,0.0,0.0,0.0,0.0,0.0,0.0,-231.18434710654302,2796.9878566542966,100.0,927.256009135367,296.4233664104768,0.0,19.67071510425624,1732.0616231083163,3123.4421711345276,295.7925471164745,918.1951627633839,-246.1132045923273,13.975157200971466,74.38301464360354,0.0,0.0,0.0,0.0,0.0,0.0,0.0,0.0
-1432.2026074019657,40.29182133280214,999.4723300028181,-1263.772119240058,-1003.8521677747283,10.550563420396202,108.20228126680978,-2940.3147779201154,106.84806377030017,-907.472280415471,-276.59809798343076,-68.45237614367392,75.53505131123927,-1786.7451921172235,-2994.799285088132,100.0,326.13407556948005,268.20144261499763,0.0,15.358728349962856,0.0,0.0,0.0,0.0,0.0,0.0,0.0,9.86952524522711,2940.314777920115,100.0,-291.01182254546467,276.59809798342394,0.0,22.78891201910471,1849.205924546004,2994.7992850881265,299.88272567332547,-674.950600150471,-268.2014426151818,2.3452063477796514,77.84436655284068,0.0,0.0,0.0,0.0,0.0,0.0,0.0,0.0
-1520.8540738298907,224.90379315999138,991.5850942329497,901.5268931482808,1136.9596514948228,-41.92433334718601,-124.16975962893918,-3073.3135300677595,100.0,-184.77261277149736,-255.13131506143282,0.0,67.87387206035093,-1806.6524294125963,-2855.504883129331,100.0,910.8401478037013,288.6979974020346,0.0,8.919760160261854,0.0,0.0,0.0,0.0,0.0,0.0,0.0,179.46821948446123,3073.3135300677586,127.31200137333472,1610.775412552529,255.13131506143964,67.85088647537066,33.806183942334414,1776.84491120189,2855.504883129338,298.12636013661336,334.6820515839704,-288.6979974018368,-9.353341490344178,85.8846917124402,0.0,0.0,0.0,0.0,0.0,0.0,0.0,0.0
-1711.46755349017,534.6601286148427,958.0054328027468,-618.0764736931349,701.8455963283321,-91.64851811437075,-361.68065599997806,-3195.1948112869313,100.0,-1368.6856377561626,-232.15041561128373,0.0,77.0356919899719,-1754.299080203829,-2706.3856295828496,100.0,1193.5746350423562,307.4812289559759,0.0,0.0,0.0,0.0,0.0,0.0,0.0,0.0,0.0,290.40954012374874,3195.194811286931,160.6731939792122,146.8955361407933,232.1504156112769,65.26476707862287,30.255660285574937,1737.9136561887594,2706.3856295828427,290.5748239730553,-877.864637836841,-307.4812289559759,-20.778305289319974,88.1004514744845,0.0,0.0,0.0,0.0,0.0,0.0,0.0,0.0
-1898.5535903605983,905.2702489170906,900.9365525443916,201.32139134971453,-656.778358937741,-135.35952011951906,-526.6754103135211,-3305.2352981302047,100.0,-2309.953413505046,-207.79178336054656,0.0,50.79114985776777,-1712.567388070563,-2548.326495885406,100.0,647.6348236611534,324.4396652643036,0.0,6.459501087135703,0.0,0.0,0.0,0.0,0.0,0.0,0.0,574.3011633958087,3305.2352981302047,192.25970344174965,-796.3515137773032,207.79178336054656,60.76966161427052,41.652924208501574,1687.115843370137,2548.326495885414,277.4489986470489,-947.4775378862773,-324.4396652643036,-31.595506323142217,92.7255007708057,0.0,0.0,0.0,0.0,0.0,0.0,0.0,0.0
-1894.2421925264255,1142.967086851131,824.1228195871117,1970.3545265747914,121.56697471662824,-170.18940162404476,-706.4257454184165,-3402.7819381886807,100.0,1.6687999208267001,-182.19997840592214,0.0,55.06758079094236,-1669.5230529527382,-2382.265508584992,100.0,1235.6285269684133,339.4726638447196,0.0,0.0,0.0,0.0,0.0,0.0,0.0,0.0,0.0,670.7194285121025,3402.78193818868,221.1476284097355,431.11331600083076,182.19997840592214,54.49705134058533,47.73423256542847,1638.1651762834242,2382.265508584984,259.13281286616086,313.9491566605159,-339.47266384448767,-41.48854284870936,95.71376134733444,0.0,0.0,0.0,0.0,0.0,0.0,0.0,0.0
-1959.3402196744578,1357.7786684137204,732.6040864502261,-1332.41897067389,1311.0288778721235,-193.8529271724434,-814.6827966543824,-3487.2558257332244,100.0,-562.6752370281429,-155.5268793004052,0.0,42.40979312919338,-1668.7743548918525,-2209.1881824761012,100.0,632.7566947826176,352.4910090258345,0.0,6.8860838815032945,0.0,0.0,0.0,0.0,0.0,0.0,0.0,862.996864508554,3487.2558257332244,246.49200078235717,-16.345898356080397,155.5268793004052,46.63040930373157,57.588075343203315,1518.6341561495906,2209.18818247611,236.16201271566928,348.44957147623745,-352.4910090258345,-50.16804481634793,95.04370459752224,0.0,0.0,0.0,0.0,0.0,0.0,0.0,0.0
-1970.4410767497131,1651.249138620577,632.3850205285787,1337.5546947254884,1165.1391388057948,-204.7975009683654,-1013.341218845474,-3558.155637320685,100.0,-165.27549282239193,-127.93078170495164,0.0,26.20433638258007,-1446.2489967911858,-2030.121671908804,100.0,348.5403862433691,363.4174414104564,0.0,7.4705719149423295,0.0,0.0,0.0,0.0,0.0,0.0,0.0,1016.8247740389177,3558.1556373206845,267.55150091780274,798.2801526278791,127.93078170495164,37.39983377446947,73.42279979800212,1445.2120816754434,2030.1216719088127,209.20849115426637,-1675.6118514127832,-363.417441410204,-57.380137906482815,88.52401867660662,0.0,0.0,0.0,0.0,0.0,0.0,0.0,0.0
-2070.8225193316525,1917.3385344212036,530.0411297739822,1055.3589930390672,-203.74397822184392,-202.30503477864602,-1141.1720862844302,-3615.060606975964,100.0,-1291.5426048087454,-99.57545895922522,0.0,15.72031425428819,-1402.2616637977947,-1846.1286749811386,100.0,239.51903985056788,372.18711638345667,0.0,12.799591719173684,0.0,0.0,0.0,0.0,0.0,0.0,0.0,1162.8224452523111,3615.060606975964,283.7101411377232,1316.7161387660258,99.57545895922522,27.075317903395444,76.46178933189934,1316.1322513443522,1846.1286749811475,179.06063523118036,1628.19935869083,-372.18711638371246,-62.91386932113042,78.01223602283488,0.0,0.0,0.0,0.0,0.0,0.0,0.0,0.0
-2030.5407705142443,2143.2248822526303,432.2873347585602,214.57513600399238,-286.1272522548211,-186.53906266822077,-1303.410621286837,-3657.6330232932073,100.0,659.0120016417541,-70.62919014262661,0.0,13.044588384919573,-1227.8322990996799,-1658.3011267918575,100.0,54.80779552537342,378.7479889435326,0.0,15.538304747878126,0.0,0.0,0.0,0.0,0.0,0.0,0.0,1380.5068605319868,3657.6330232932073,294.49528328782117,-287.9220885021607,70.62919014262661,15.958852455684962,89.27714060686455,1300.5114588308654,1658.3011267918666,146.60026586609035,-1512.0306787154232,-378.7479889435326,-66.60737812604779,78.70394367873132,0.0,0.0,0.0,0.0,0.0,0.0,0.0,0.0
-1832.4361349455849,2379.4298185449193,345.53739368822454,624.3434390991717,1025.4988582079432,-158.53401131056273,-1422.1868445897237,-3685.620233636775,100.0,338.25618156386554,-41.26376139597369,0.0,3.979182937237969,-1077.2682871242778,-1467.7537191813883,100.0,488.981666854703,383.06112256952474,0.0,30.184233086057738,0.0,0.0,0.0,0.0,0.0,0.0,0.0,1437.4847655057456,3685.620233636775,299.59146334326124,-736.9851300807886,41.26376139597369,4.375592620160376,92.00294765464953,1062.1005734934029,1467.75371918138,112.7768447003003,97.28657452479183,-383.06112256952474,-68.35262966227532,72.36994153321955,0.0,0.0,0.0,0.0,0.0,0.0,0.0,0.0
-1785.3116436318433,2581.1508298420713,275.48308708478976,1301.6230429061284,927.680200432053,-120.12732985968171,-1579.9273598666082,-3698.856143547639,100.0,555.3120069715737,-11.653446430188978,0.0,5.016256485368846,-917.195446400902,-1275.6172854195336,121.42029753451015,129.19449337627952,385.10092029890416,68.0985755462445,35.44911620759208,0.0,0.0,0.0,0.0,0.0,0.0,0.0,1545.083698218611,3698.856143547639,298.8496186909422,-744.3058527355481,11.653446430188978,-7.335652738385647,91.75742583027106,977.9937178171082,1275.617285419543,100.0,-1806.8056733926721,-385.1009202991736,0.0,67.04468215044024,0.0,0.0,0.0,0.0,0.0,0.0,0.0,0.0
-1623.425209340504,2856.7280793220634,226.72077239674513,-486.1999678986251,765.3312952576857,-73.8389324353767,-1709.1847742189834,-3697.2622024568295,100.0,386.2720486826015,18.026027728574263,0.0,8.304257560530509,-781.9967648838918,-1083.0320890993482,154.99089881331093,585.321736354262,384.85527663434823,65.85264682827102,43.096850442676185,0.0,0.0,0.0,0.0,0.0,0.0,0.0,1664.9518410290052,3697.2622024568295,292.2914481918116,2476.510263469694,-18.026027728574263,-18.83233119504041,91.61623776437791,815.4693277858811,1083.0320890993396,100.0,198.92026400857617,-384.8552766340822,0.0,55.43093864388611,0.0,0.0,0.0,0.0,0.0,0.0,0.0,0.0
-1570.199518727482,2936.2848813569544,202.44981079385695,850.5911221840654,-54.159743356558465,-22.70586316216935,-1762.2285583597788,-3680.8478698560198,100.0,1149.1096617240044,47.598523618073614,0.0,3.6303415216768093,-646.7912881204787,-891.1410570651176,186.95302335369718,-405.9041292210543,382.3256493856377,61.680536635282266,61.951853491102085,0.0,0.0,0.0,0.0,0.0,0.0,0.0,1713.307918687515,3680.8478698560198,280.1087774919683,-1457.242766323991,-47.598523618073614,-29.77816637922558,95.14418069322153,532.3850490128623,891.1410570651267,100.0,-1155.5331806931194,-382.3256493859003,0.0,53.357602527571714,0.0,0.0,0.0,0.0,0.0,0.0,0.0,0.0
-1308.2035595348013,3035.9912864163707,204.26265276995537,560.7516524797325,-859.8908677565873,29.916968387287568,-1766.0051987282932,-3649.7105591586997,100.0,-1048.0600644601918,76.88853865529381,0.0,7.8968608189955125,-440.47330291221533,-701.082996535121,216.37178311159022,306.45894855419044,377.5270510207474,55.70427865548311,79.96349363008507,0.0,0.0,0.0,0.0,0.0,0.0,0.0,1699.2189421683743,3649.7105591586997,262.6579481471139,879.7429165942469,-76.88853865529381,-39.85299401551913,92.74280615441594,502.2461722118732,701.08299653513,100.0,1578.2054723216377,-377.5270510204848,0.0,25.249665057712512,0.0,0.0,0.0,0.0,0.0,0.0,0.0,0.0
-1134.8618409631538,3182.802895186124,232.04035532033583,-1172.0057820921375,2145.105099013531,80.57690733024856,-1749.500283754639,-3604.035059585098,100.0,71.9489241498627,105.72224668382887,0.0,6.093236618319366,-346.12605331171176,-513.9858366726917,242.38668313664957,1610.3747636264168,370.48795956805236,48.09867766833136,76.46704765595193,0.0,0.0,0.0,0.0,0.0,0.0,0.0,1817.7149485402877,3604.035059585098,240.44939467773895,55.818819733144664,-105.72224668382887,-48.76212668747243,88.86606540525038,208.14628512789,513.9858366726834,100.0,19.206289615442245,-370.48795956830816,0.0,29.502268184065294,0.0,0.0,0.0,0.0,0.0,0.0,0.0,0.0
-981.607351238672,3369.4564124228427,283.9603859525697,917.516894569049,-37.08275457886657,125.95008681273612,-1862.250497012624,-3544.0924395017773,100.0,583.52005804182,133.92852957223568,0.0,10.926056678055053,-79.89330239932613,-330.9599347149675,264.2367909392185,-162.6643624691225,361.2501496129596,39.08619652743454,86.37649211883831,0.0,0.0,0.0,0.0,0.0,0.0,0.0,1808.278302936026,3544.0924395017773,214.1327144248632,644.3951338237412,-133.92852957223568,-56.24497340689729,75.03979751408173,137.64823736860157,330.95993471497616,100.0,-325.35213595784063,-361.2501496129596,0.0,15.90802051577116,0.0,0.0,0.0,0.0,0.0,0.0,0.0,0.0
-537.6216239226962,3420.062530100113,356.6162014990373,539.7169841550345,-557.6287704493916,163.05951139244684,-1783.1691474103602,-3470.238437724187,100.0,1731.6563585142944,161.33999274156167,0.0,26.139976961275625,84.6521866887448,-153.09148638496845,281.28299366806453,1087.5505924910908,349.868444377488,28.930449150419122,88.6129608434437,0.0,0.0,0.0,0.0,0.0,0.0,0.0,1802.7205254513574,3470.238437724187,184.47766691111116,-497.2878126802493,-161.3399927415685,-62.082661866930806,76.69967734002694,-166.70033394738417,153.09148638496072,100.0,478.45851793868815,-349.868444377488,0.0,9.492353980424003,0.0,0.0,0.0,0.0,0.0,0.0,0.0,0.0
-386.801756069719,3414.632923500756,445.24075600418416,1218.114936227385,-434.42037994381053,189.47038172077953,-1803.7312118354469,-3382.9113523292604,100.0,-24.303005016411134,187.79395859375427,0.0,22.251125703339298,253.07835633374242,18.563920306206,293.0266920793256,19.473021041046366,336.41039036343614,17.928489845692752,95.67062082163392,0.0,0.0,0.0,0.0,0.0,0.0,0.0,1765.6065121053734,3382.911352329261,152.35165847337782,868.7566321559677,-187.79395859374745,-66.10444042862298,64.3411947271528,-264.4189285240067,-18.563920306213504,100.0,-846.3217985632559,-336.41039036366465,0.0,0.9448032017926344,0.0,0.0,0.0,0.0,0.0,0.0,0.0,0.0
-208.1733109024221,3542.8998188063924,544.0192730328608,-792.8179916287593,-404.4790628456303,203.44984500905468,-1721.7684122677308,-3282.6294395071864,100.0,-149.15098764537788,213.133431948238,0.0,44.96479258054008,495.0725450724676,182.98756961079425,299.1243845004503,-251.85168072097838,320.9558564894951,6.402124512087255,99.19443781233959,0.0,0.0,0.0,0.0,0.0,0.0,0.0,1822.8833395451773,3282.629439507187,118.69437073872308,813.0286563366076,-213.13343194824483,-68.19267258477694,59.835016623491875,-453.20991675863826,-182.9875696108013,100.0,-54.338754373241045,-320.9558564892734,0.0,9.211235864909556,0.0,0.0,0.0,0.0,0.0,0.0,0.0,0.0
82.95681543738252,3511.8595657339524,646.4707609871234,-190.1050714672506,472.95874899859655,204.0806898350337,-1655.2478090942752,-3169.9878378893745,115.50972494272531,152.92448860210243,237.20803175359606,68.28627781274079,53.48310369479316,712.5922912014153,339.20366377160576,299.3977142100706,-67.6805932025303,303.5965600934253,-5.311502142509141,100.0,0.0,0.0,0.0,0.0,0.0,0.0,0.0,1662.7800715608944,3169.987837889375,100.0,-1880.0321883286563,-237.20803175359606,0.0,37.90629129657672,-678.6732619181283,-339.2036637716128,100.0,-790.4900650254109,-303.5965600934219,0.0,2.086126805601045,0.0,0.0,0.0,0.0,0.0,0.0,0.0,0.0
314.4895791730048,3437.6627464314047,745.8732396976166,1442.9974744708782,-1119.7155089646458,191.3215256193473,-1636.6075539696049,-3045.6550366054853,149.26016315852186,833.4112643419542,259.87488354720426,66.38251817145303,65.7551415855781,817.3516918517006,486.28511404590654,293.8386863492316,1745.337743010117,284.4355226237644,-16.86976804056428,96.71584328688506,0.0,0.0,0.0,0.0,0.0,0.0,0.0,1611.9542127779796,3045.6550366054853,100.0,386.6459536034131,-259.87488354719744,0.0,41.46456059449256,-895.8741861719662,-486.2851140458995,100.0,542.6470925476792,-284.43552262357,0.0,5.973985197961467,0.0,0.0,0.0,0.0,0.0,0.0,0.0,0.0
551.9240640169924,3333.9671697085323,835.7047785997275,280.66904447899105,-1737.5057155837385,166.0094983183984,-1445.5675212095837,-2910.3689080306176,181.56974791891355,-205.26261708483275,280.9994673668848,62.53707838639244,75.55560560701369,918.6361854794588,623.3590426578471,282.6099017699885,869.547358431879,263.5864582418799,-27.93459538677439,99.87085601448811,0.0,0.0,0.0,0.0,0.0,0.0,0.0,1492.0665126081688,2910.3689080306176,100.0,1473.3999239313437,-280.9994673668848,0.0,15.739286244699406,-1010.5311596742334,-623.359042657853,100.0,-917.5752078238708,-263.5864582418799,0.0,13.806914551045317,0.0,0.0,0.0,0.0,0.0,0.0,0.0,0.0
872.641225146816,3294.595844620287,910.0714093857075,-1354.5745476956317,-1082.3018026472369,129.80536414897358,-1350.7234672964719,-2764.9323287667485,211.4934280129438,669.6397087124728,300.4564160791688,56.86243707806554,66.86380922341807,1120.2582255452098,749.6119630276924,266.0398009813384,2105.263954851123,241.1730989675948,-38.18233940015773,72.21102387889883,0.0,0.0,0.0,0.0,0.0,0.0,0.0,1405.131929573299,2764.9323287667485,100.0,-238.65417168019462,-300.45641607915513,0.0,18.77825951547653,-1151.0484224874938,-749.6119630276867,100.0,-291.43760136055676,-241.17309896758798,0.0,19.384232997399092,0.0,0.0,0.0,0.0,0.0,0.0,0.0,0.0
1098.66288388193,3221.5687347264716,964.0938372069614,1104.2831950203936,-103.79947665670215,85.08452513601412,-1302.8351994956508,-2610.2084148464846,238.15593963519066,1109.6122308845713,318.1302593919122,49.52457677709958,87.10650651873355,1273.653494095046,864.2946075345335,244.61305730644617,0.13064406610055812,217.32846037308263,-47.31325488248444,75.59605764838162,0.0,0.0,0.0,0.0,0.0,0.0,0.0,1297.2021171047802,2610.2084148464855,100.0,375.903598494624,-318.130259391919,0.0,19.035141056519763,-1287.4772812614276,-864.294607534538,100.0,-743.7686606760531,-217.32846037292575,0.0,18.8106677052742,0.0,0.0,0.0,0.0,0.0,0.0,0.0,0.0
1209.2350504218603,3197.067588335495,994.2275777834902,733.7509275105538,451.93192338419294,34.78117578470062,-1122.7702585987392,-2447.115399436534,260.77740773982447,2092.318498242639,333.9161091287474,40.7381289563034,100.0,1362.6302537465601,966.7263741617821,218.95640025010073,-432.24402451628634,192.19405217945223,-55.060263726831664,78.67522366503977,0.0,0.0,0.0,0.0,0.0,0.0,0.0,1157.5093823990658,2447.115399436534,100.0,709.5844976317107,-333.9161091287542,0.0,6.407187247755545,-1364.8690029421534,-966.7263741617776,100.0,-2359.369968390713,-192.19405217958183,0.0,32.47962383055765,0.0,0.0,0.0,0.0,0.0,0.0,0.0,0.0
1426.272933788592,2940.6669491392686,998.4955157934114,228.40656025267208,-461.81094070918334,-17.804213374528217,-966.737664083905,-2276.621183439958,278.6961572856974,825.7658792377163,347.7202817057264,30.760096087649913,98.56737143853005,1431.7296434039886,1056.2993656357644,189.82028374106397,-1155.060971897899,165.91903844760054,-61.19676691790417,53.792389033347405,0.0,0.0,0.0,0.0,0.0,0.0,0.0,1060.693390715828,2276.6211834399583,100.0,93.82059814275408,-347.7202817057264,0.0,0.0,-1401.4547185281224,-1056.2993656357603,100.0,-1319.9619631086955,-165.9190384474914,0.0,40.98089279625619,0.0,0.0,0.0,0.0,0.0,0.0,0.0,0.0
1589.5290803383414,2888.4684333031732,976.6176260732084,116.15766528572635,-1249.8347592702498,-69.22144410456667,-804.6172187898924,-2099.737591337476,291.3880671464416,498.49732620499935,359.46085411044805,19.882334353031297,95.72629124449301,1539.1279661621968,1132.4819970868434,158.0569354508927,-36.209613574280866,138.65935233857726,-65.54327252434106,45.503813650509166,0.0,0.0,0.0,0.0,0.0,0.0,0.0,815.6332581209721,2099.7375913374763,100.0,1046.9903343453275,-359.46085411044805,0.0,8.880589222213882,-1567.335149804117,-1132.4819970868466,100.0,-185.27620188880064,-138.65935233857726,0.0,51.577791781790225,0.0,0.0,0.0,0.0,0.0,0.0,0.0,0.0
1777.5958441766165,2597.8781871946385,930.0293464460294,1361.711177486195,857.4869983247481,-116.09696261693443,-711.7157344140621,-1917.5143663575298,298.481900586203,-1261.028159661405,369.0681500877895,8.423016888242216,97.11509043052304,1735.7620760684463,1194.8221508225947,124.59542924383727,-84.63624521011411,110.57677070592263,-67.97264581454115,35.829074876092434,0.0,0.0,0.0,0.0,0.0,0.0,0.0,656.0210044475465,1917.51436635753,100.0,-278.61331990865153,-369.06815008778267,0.0,0.0,-1645.7272394870336,-1194.822150822592,100.0,1259.9006154252652,-110.57677070592945,0.0,61.19043021541041,0.0,0.0,0.0,0.0,0.0,0.0,0.0,0.0
1903.2964301638972,2326.2435383759484,861.7873967119644,-173.62121745880245,-281.47751780080625,-155.35520298115784,-549.1337486853298,-1731.032940611567,299.77016388656193,233.25077305251028,376.4851536424567,-3.2826727403903533,99.59957709641952,1698.138359574289,1242.94985949066,100.0,1531.7508870367908,81.83795400410872,0.0,30.437895223051687,0.0,0.0,0.0,0.0,0.0,0.0,0.0,488.8286832225687,1731.0329406115673,100.0,-477.4967713578448,-376.4851536424635,0.0,7.818305809250059,-1698.855332937432,-1242.9498594906581,109.58549011455305,1067.3380875251223,-81.83795400411555,68.41382793123955,65.86346745545399,0.0,0.0,0.0,0.0,0.0,0.0,0.0,0.0
1894.589446705175,2186.723281653611,776.3692231433033,913.9956490143572,348.66555035597685,-184.42037914982734,-418.92455270978917,-1541.4000171666955,295.2151755111856,2181.842134359057,381.66784741264337,-14.892344612329111,91.42522325483515,1766.01114980194,1276.5795017076643,100.0,-298.38335022878596,52.61345721743055,0.0,16.23087964993356,0.0,0.0,0.0,0.0,0.0,0.0,0.0,362.28136393793113,1541.4000171666958,100.0,-1260.5420324808342,-381.66784741264337,0.0,18.26556993233804,-1836.157962530846,-1276.579501707663,143.4860351163103,-559.0258044044174,-52.61345721742373,66.8539143541824,82.3263112828293,0.0,0.0,0.0,0.0,0.0,0.0,0.0,0.0
1978.9540261769937,2040.2498255191936,679.379227201641,-269.4766958181867,-698.8225211695647,-201.38548575165146,-100.37076541346394,-1349.7410021440517,284.9501682859358,991.4801525988595,384.5854738939977,-26.066417314107184,72.45202654159114,1759.5068845037322,1295.5114971237654,100.0,229.1604814435732,23.076717673841358,0.0,9.214506701298523,0.0,0.0,0.0,0.0,0.0,0.0,0.0,143.00687945389788,1349.741002144052,100.0,-631.6315335543878,-384.5854738939977,0.0,19.22469891235894,-1825.7341251830128,-1295.5114971237645,176.1146191674372,-525.8749812667099,-23.076717673827716,63.338532355395785,92.04957980145473,0.0,0.0,0.0,0.0,0.0,0.0,0.0,0.0
1968.5061903629958,1771.973050613139,577.1810532065012,942.4039868094803,65.45993462619322,-205.1374192833572,50.31419191882276,-1157.19332582075,269.27539235579525,810.6889910449953,385.22071797824765,-36.47805065211713,74.56605025382322,1788.455660239704,1299.6334908633526,100.0,-239.53834422926548,-6.596974245164802,0.0,9.629375048112266,0.0,0.0,0.0,0.0,0.0,0.0,0.0,-63.19618555527747,1157.1933258207503,100.0,-1546.2326344715902,-385.22071797824765,0.0,27.19599341815734,-1804.046811231909,-1299.633490863353,206.51686036863603,434.4512937336174,6.596974245171623,57.970506407546054,91.53182300439981,0.0,0.0,0.0,0.0,0.0,0.0,0.0,0.0
1962.7285805294227,1388.998529288419,476.48006105707884,479.93037126957915,-134.44225485289508,-195.43001033077218,251.37164115150725,-964.8996923728812,248.6493329066342,598.8106375566704,383.5698097104347,-45.822705686414906,67.20761323278533,1815.58003633084,1288.9210203125435,100.0,-191.90515482684873,-36.23151539299215,0.0,5.781342340674202,0.0,0.0,0.0,0.0,0.0,0.0,0.0,-280.84003786922295,964.8996923728814,100.0,-529.0017819823847,-383.569809710433,0.0,38.09839127195559,-1769.2112693569788,-1288.921020312544,233.80349706346453,528.6305464932411,36.23151539299215,50.90685058128045,99.48652033032025,0.0,0.0,0.0,0.0,0.0,0.0,0.0,0.0
1896.4210380106517,1138.835556475362,383.8833785343503,1229.4105740396787,-2.0094206946669146,-172.9001750748577,453.0852438162475,-774.0012983194601,223.67529953231391,-215.4896689737393,379.64254666241686,-53.82705245552913,52.44200445990195,1757.3242849494488,1263.437660296379,100.0,832.3645192310494,-65.65103496931215,0.0,0.0,0.0,0.0,0.0,0.0,0.0,0.0,0.0,-372.56750998030094,774.0012983194604,100.0,-634.6840755983542,-379.64254666241516,0.0,53.01153212168333,-1719.2213286450883,-1263.4376602963775,257.17639862775945,1201.150518119158,65.65103496935308,42.35417590362914,90.921438914763,0.0,0.0,0.0,0.0,0.0,0.0,0.0,0.0
1685.4716450244568,849.2458523654954,305.466398744796,695.2779098328017,955.6802033040503,-139.02612636409742,586.8020062434283,-585.6310599140307,195.0837795064343,-470.89804478796736,373.462235788852,-60.256964842957075,39.98581176181641,1671.0062778901734,1223.334645784118,100.0,-1950.0072671952364,-94.68093825292044,0.0,3.3611498377044495,0.0,0.0,0.0,0.0,0.0,0.0,0.0,-571.3003455207054,585.6310599140311,100.0,74.5570974824102,-373.462235788852,0.0,71.01893461179895,-1721.8393870224802,-1223.3346457841203,275.9519106880392,-754.126936219368,94.68093825298865,32.56264701218868,91.31549033214722,0.0,0.0,0.0,0.0,0.0,0.0,0.0,0.0
1700.6744271592481,617.6620529523886,246.37416539265354,376.8976611037954,-1472.1293330092221,-96.03038617659962,790.9780150481799,-400.9068896766538,163.71107112326104,381.93974341542685,365.0655551071276,-64.92436873592794,27.38456309640277,1655.8622298219047,1168.8499743617717,100.0,-735.4602113180192,-123.14894276120867,0.0,6.712432412425636,0.0,0.0,0.0,0.0,0.0,0.0,0.0,-791.1067040891946,400.90688967665415,100.0,-1143.787846474258,-365.0655551071276,0.0,55.52727660491499,-1595.8696856325846,-1168.849974361769,289.58085192425614,500.98795224109267,123.14894276112,21.818664871388194,93.84421371840293,0.0,0.0,0.0,0.0,0.0,0.0,0.0,0.0
1558.922676692076,355.93221116751295,210.48379952992605,-1339.332984775715,469.7500096680048,-46.73396295923084,898.4865258802223,-220.92506196794898,130.47482207985553,548.2117224944557,354.5023360265981,-67.69274316904585,30.853859311857207,1542.804309490514,1100.3069937983373,100.0,-876.3398141169444,-150.88610068703247,0.0,15.049679148962404,0.0,0.0,0.0,0.0,0.0,0.0,0.0,-917.118257232779,220.92506196794932,100.0,150.77656567786164,-354.5023360265998,0.0,85.43110621241948,-1637.4822009424972,-1100.3069937983341,297.6645775529878,-332.8928717809413,150.88610068712796,10.436489581047965,87.9034276136095,0.0,0.0,0.0,0.0,0.0,0.0,0.0,0.0
1383.1433934202241,113.7420263587637,200.15011642009182,-988.9838732851672,-1085.1825789660534,5.628738537903359,1105.2577524508504,-46.75370697810763,100.0,-234.04443705719586,341.83526761609187,0.0,10.306128276815102,1431.8951918459231,1018.1124830881035,100.0,-1088.9460212683002,-177.72780154664133,0.0,23.074458082027757,0.0,0.0,0.0,0.0,0.0,0.0,0.0,-1098.1126935247066,46.75370697810786,103.65281160138494,827.1762695210452,-341.83526761609187,68.48111354518963,81.6052593921623,-1398.3502770418975,-1018.1124830880995,299.96663963622734,-1169.1292192178548,177.7278015466345,-1.2509516911850938,90.22331521211754,0.0,0.0,0.0,0.0,0.0,0.0,0.0,0.0
1189.7253064330982,-316.5426299274389,216.05112293574888,114.74285347038176,-666.3003245624708,57.62213091533994,1272.0406941972676,120.57352825800285,100.0,135.13911339311562,327.1395245665599,0.0,6.245606622621372,1298.936652893847,922.75423835738,100.0,-625.1794436697344,-203.5147490855138,0.0,26.898913733455473,0.0,0.0,0.0,0.0,0.0,0.0,0.0,-1205.5079239465945,-120.57352825800285,137.6736010117074,-1459.9359880721931,-327.1395245665565,67.2664201320191,90.09727147245954,-1336.9932637490833,-922.7542383573755,296.41970315324954,-426.50828304749894,203.514749085507,-12.901802786874441,71.99453156037178,0.0,0.0,0.0,0.0,0.0,0.0,0.0,0.0
954.3854230149255,-676.1215620381798,257.14353261414686,26.347705503757197,1517.78280300188,105.83485764244386,1380.6139097086236,280.0636142002779,100.0,149.07168301810657,310.50232105331247,0.0,2.277448230254853,1272.00137910721,814.798177962349,100.0,238.1396119357612,-228.09390664652483,0.0,37.71039370987779,0.0,0.0,0.0,0.0,0.0,0.0,0.0,-1372.4318897073356,-280.0636142002777,170.5924424235936,-1021.956024382655,-310.50232105330906,64.0841925559944,88.61794448735512,-1162.7335244765748,-814.7981779623544,287.12751554133234,882.1918600578226,228.09390664652824,-24.175277805529163,67.93625736206818,0.0,0.0,0.0,0.0,0.0,0.0,0.0,0.0
595.2291931786133,-872.2401730452635,320.7312170877485,-257.18219736099854,-861.9431990739071,147.10361675627354,1523.3355461681886,430.770032091767,100.0,-468.15840496531905,292.0223931528574,0.0,2.7618667104657426,1057.8439011147896,694.8849839585064,100.0,-35.0806141762655,-251.31940539132302,0.0,40.85411212561988,0.0,0.0,0.0,0.0,0.0,0.0,0.0,-1470.6305375243712,-430.7700320917668,201.44646394715986,-654.3712385508502,-292.0223931528574,59.02751056567837,98.48662214495019,-1001.46640594769,-694.8849839585007,272.36187209652195,424.7683320950347,251.31940539132302,-34.74162904855433,65.22101809590485,0.0,0.0,0.0,0.0,0.0,0.0,0.0,0.0
536.2267917270569,-1231.4017428634497,402.64210269922785,-650.9647026873694,-2778.396925697898,178.72070936483794,1604.6156255977016,571.7983912216994,100.0,606.947142736459,271.8094128749033,0.0,3.790798955715318,875.4175423844548,563.7262998731433,100.0,-186.0602442035497,-273.05340997937833,0.0,58.463287625983064,0.0,0.0,0.0,0.0,0.0,0.0,0.0,-1610.519923331347,-571.7983912216991,229.33318940946987,574.6931080414868,-271.8094128749067,52.24428146080115,99.96306698030568,-902.4683654721135,-563.7262998731371,252.55466599607539,1700.625717722454,273.0534099793749,-44.291792097053246,48.56576747137153,0.0,0.0,0.0,0.0,0.0,0.0,0.0,0.0
273.15985787253334,-1479.9643891780856,497.5019058756427,-1231.268732241901,152.9106061779578,198.61169542109593,1662.5260223553535,702.3117368264882,100.0,-765.1701748128653,249.98333729994215,0.0,11.27853119966715,722.4088653973735,422.1005073460153,100.0,-359.213647183052,-293.16693657592396,0.0,67.48653204018942,0.0,0.0,0.0,0.0,0.0,0.0,0.0,-1638.881023455334,-702.311736826488,253.43693566686858,119.62891849322432,-249.98333729993874,43.93291382291466,93.45562135923716,-719.5127046781184,-422.10050734600895,228.28525547841093,-1041.6864072508724,293.16693657572614,-52.54642590657639,24.12587102239181,0.0,0.0,0.0,0.0,0.0,0.0,0.0,0.0
3.042280827064988,-1719.1456494855652,599.0867471150474,-1842.3299605559155,139.95925554033306,205.47150052835832,1693.5348567488581,821.5355171280703,100.0,-389.0791495987071,226.67369667266826,0.0,10.681770776117045,530.667976396109,270.8481067023056,100.0,-2615.219885805981,-311.5406183237553,0.0,75.92053693252154,0.0,0.0,0.0,0.0,0.0,0.0,0.0,-1688.2696555194777,-821.5355171280698,273.0526712323191,814.2563194076126,-226.67369667267167,34.33651408950425,88.76434053652702,-547.7429857346449,-270.84810670229854,200.2635176889334,-1422.1698312670078,311.5406183239736,-59.26408349675157,30.42575796573269,0.0,0.0,0.0,0.0,0.0,0.0,0.0,0.0
-269.16315310788076,-2050.5307476601133,700.7315081067645,-2027.7372872175197,-972.3728369465732,198.85004363052929,1750.8698214702752,928.7621800321594,100.0,71.5629883926033,202.01882568616838,0.0,15.71768327196809,366.2402575351283,110.86672887243458,100.0,-804.6328831262701,-328.0654137475085,0.0,85.81127729204655,0.0,0.0,0.0,0.0,0.0,0.0,0.0,-1752.7694236049779,-928.7621800321594,287.6066383559961,1212.6065518570942,-202.01882568616838,23.73577572217755,86.23293387901002,-392.6102332070853,-110.86672887244276,169.30908486455763,1252.1965784632507,328.0654137472834,-64.24827424446448,22.594012791797912,0.0,0.0,0.0,0.0,0.0,0.0,0.0,0.0
-480.5157511765852,-2302.547441712825,795.7671391244312,-1094.4272232223448,-628.6980704102848,179.1817674365302,1717.3160087267374,1023.3553722062952,100.0,1067.8433119415286,176.1650425125208,0.0,25.940829320753785,164.5276873701928,-56.89419173839542,100.0,-129.30772998363054,-342.64325387422446,0.0,92.47521711608297,0.0,0.0,0.0,0.0,0.0,0.0,0.0,-1729.6617590202832,-1023.3553722062948,296.67313536589296,692.678539803577,-176.165042512514,12.440768958812214,71.28402379665842,-181.3957074570129,56.894191738402924,136.32737019588836,267.4233788819154,342.6432538739857,-67.3532112095576,10.622871455263812,0.0,0.0,0.0,0.0,0.0,0.0,0.0,0.0
-761.9065698584764,-2448.107135839903,877.9582243645236,283.5396895647011,-1522.198714190256,147.75713404890269,1737.607287155317,1104.7537156178364,100.0,-1728.516338834961,149.26578045493216,0.0,41.20829008148507,-21.918775925977627,-231.43905181668106,100.0,-448.4355655354658,-355.18762424126123,0.0,91.04304073375624,0.0,0.0,0.0,0.0,0.0,0.0,0.0,-1853.9372854520532,-1104.7537156178364,299.9869683871301,153.50065029691223,-149.26578045493216,0.7818712987548793,66.20186294482332,-45.19204495568084,231.43905181667265,102.2830846075074,620.5326957020053,355.18762424126294,-68.4880753839736,10.718280258022297,0.0,0.0,0.0,0.0,0.0,0.0,0.0,0.0
-937.3874381872037,-2667.882715338066,941.9120959789213,-549.4683692773231,-1154.8881664233045,106.63795600588287,1793.7737063123434,1172.4741391193306,100.0,-160.45812515494958,121.48067737373822,0.0,34.78308235963232,-144.70974421716858,-411.7319877034306,131.8279809128677,-60.23266265584084,-365.62407832879046,67.61967213607875,87.45661770737182,0.0,0.0,0.0,0.0,0.0,0.0,0.0,-1763.2551002117812,-1172.4741391193306,297.45120822879306,333.40291241345994,-121.48067737373822,-10.899895996518865,55.17119909273635,194.09227572478164,411.73198770342196,100.0,712.7553455847813,365.62407832853637,0.0,9.903622714276548,0.0,0.0,0.0,0.0,0.0,0.0,0.0,0.0
-1169.4295442409782,-2841.781320958629,983.4326542785848,-2920.16823218249,-1330.360216448014,58.52211798385838,1777.5452474138604,1226.1147453094932,100.0,153.29722609078544,92.97462829109236,0.0,41.6919991473338,-280.10351482666766,-596.7030228885214,165.0080820730701,1260.3166253467207,-373.89067937420407,64.77340214959497,88.49091890453893,0.0,0.0,0.0,0.0,0.0,0.0,0.0,-1794.9376566041751,-1226.1147453094932,289.1400255503343,1069.7471640707886,-92.97462829109236,-22.262842731678347,44.1363665641459,340.12306025657125,596.7030228885126,100.0,2212.7585571442673,373.8906793744633,0.0,8.013211590734333,0.0,0.0,0.0,0.0,0.0,0.0,0.0,0.0
-1415.2218142627737,-2979.9817434215925,999.7956794880411,-882.4383107058941,-358.2385307681875,6.566564947273719,1670.3724518798736,1265.3571956559044,100.0,-177.18250669288523,63.91680679527781,0.0,63.88102052949086,-534.3264612550507,-785.2544179528243,196.28670516908193,29.2586160783884,-379.9383679467809,60.03251845655001,93.15899924658143,0.0,0.0,0.0,0.0,0.0,0.0,0.0,-1709.9057416100982,-1265.3571956559044,275.29652137929673,-800.8064048655035,-63.91680679527781,-32.97460417185221,37.018439069616996,501.6230719932381,785.2544179528152,100.0,576.2835786013466,379.93836794651827,0.0,7.4471231385781556,0.0,0.0,0.0,0.0,0.0,0.0,0.0,0.0
-1614.6919425311362,-3036.183221523699,989.927571475509,-869.2372268162603,562.4437202237345,-45.81982926336423,1673.4133295061856,1289.9685997246502,100.0,1335.456830663195,34.47966105393789,0.0,74.92837885948879,-661.2694736516839,-976.2671852739043,224.7489544864273,126.14637839860507,-383.7312530956683,53.53569129706699,88.31006269545415,0.0,0.0,0.0,0.0,0.0,0.0,0.0,-1703.6501936729182,-1289.9685997246502,256.32561643743236,895.9043940010827,-34.47966105394471,-42.72186266854163,37.68669057784396,707.8078030530227,976.2671852738952,100.0,13.532893526253815,383.7312530956666,0.0,9.101406385118377,0.0,0.0,0.0,0.0,0.0,0.0,0.0,0.0
-1751.848090383296,-3314.8724395316667,954.4757901041295,-1657.5423890638797,-1103.4562772041977,-95.19992273773937,1596.0876903926646,1299.802897304848,100.0,532.3816541942108,4.837890393609996,0.0,78.6387400782565,-868.2275286851747,-1168.60772983222,249.562312882488,-170.4595622237639,-385.24682535422926,45.472952032421006,82.26500682799528,0.0,0.0,0.0,0.0,0.0,0.0,0.0,-1589.1806742361023,-1299.802897304848,232.78220726151898,810.5280943648245,-4.837890393609996,-51.2195121607553,29.16344896606187,970.3452613997308,1168.607729832211,100.0,972.5405520838069,385.24682535422585,0.0,7.887020577481293,0.0,0.0,0.0,0.0,0.0,0.0,0.0,0.0
-1782.9312555649215,-3366.0504286398186,895.7663745179482,-1063.423446850262,-175.9427110093975,-138.3338210074487,1496.2462488499702,1294.8017252257355,100.0,-1286.4315120594074,-24.832591480803785,0.0,85.85408162847718,-1100.900682502168,-1361.1345767074556,270.0009928061736,-1440.0122723597701,-384.4760903217673,36.08013475211834,75.95806708963627,0.0,0.0,0.0,0.0,0.0,0.0,0.0,-1498.872207466988,-1294.8017252257355,205.35493555080967,-743.1618653169528,24.832591480803785,-58.21899749048285,24.47873246717474,1092.1449067851281,1361.1345767074642,100.0,254.64822268051876,384.4760903217707,0.0,13.28110539628611,0.0,0.0,0.0,0.0,0.0,0.0,0.0,0.0
-1834.6256579779847,-3410.4848185418296,817.6513285795288,-886.3750513531136,571.4392691540252,-172.39145088769305,1315.275247292731,1274.9947637219907,100.0,98.63762469694848,-54.35570047321562,0.0,96.48857141535785,-1180.5764011784227,-1552.7051453391775,285.4671654907139,642.6789424039998,-381.4236220461885,25.631978157142612,71.10182240336339,0.0,0.0,0.0,0.0,0.0,0.0,0.0,-1346.3102697845786,-1274.9947637219907,174.84604548565062,412.59833349730343,54.35570047321562,-63.515584609409075,15.015503940867767,1226.3628927083018,1552.7051453391684,100.0,314.88759217260395,381.4236220464511,0.0,22.655678159589563,0.0,0.0,0.0,0.0,0.0,0.0,0.0,0.0
-1947.5238881215457,-3496.2090326351813,725.255885706306,265.723747787481,24.769791363098648,-195.13824539247253,1218.6961232235471,1240.4995602917588,100.0,97.52181389610428,-83.55622709479576,0.0,86.97243340081866,-1318.7507148470222,-1742.1825303490837,295.50844736842214,-200.32678089689284,-376.10753587591034,14.43408948804489,58.05553538008893,0.0,0.0,0.0,0.0,0.0,0.0,0.0,-1246.0223849844,-1240.4995602917593,142.14791818807893,664.5524881347944,83.55622709479576,-66.95434902364283,7.301945464277534,1323.3220291624848,1742.1825303490748,100.0,-259.29817546138906,376.10753587565114,0.0,28.070652135626517,0.0,0.0,0.0,0.0,0.0,0.0,0.0,0.0
-1987.0397681158595,-3523.8047702690724,624.6422354002026,598.1417527378312,330.3915550790566,-205.08175668465583,1036.9160995824848,1191.5208320927113,100.0,456.31489367612517,-112.2608762721029,0.0,98.03367986336843,-1424.9208133054708,-1928.44224868316,299.8311322320409,-123.36615367056538,-368.55938095155807,2.8140055523999763,47.41881740510282,0.0,0.0,0.0,0.0,0.0,0.0,0.0,-1104.5537058325376,-1191.5208320927113,108.21696968843011,466.2976787814637,112.2608762721029,-68.43470731492715,6.098628383253945,1468.5786582197484,1928.4422486831681,100.0,883.2110720207334,368.55938095181045,0.0,42.40108745644032,0.0,0.0,0.0,0.0,0.0,0.0,0.0,0.0
-2002.266584498525,-3466.3931364382834,522.4117748261691,-162.7721501448184,-603.44527457185,-201.5695775906471,943.6696583126719,1128.3492510161936,125.95432412088422,117.87272548086548,-140.29929579360896,67.9133591931182,89.00624179737017,-1540.3421321316255,-2110.3789130314562,298.3087821036377,-1117.4122570657164,-358.82395297524,-8.888387684793315,47.24347767977765,0.0,0.0,0.0,0.0,0.0,0.0,0.0,-1010.968434731051,-1128.349251016194,100.0,104.04679448745469,140.29929579360214,0.0,10.485358885160688,1566.5917272438983,2110.378913031448,100.0,1968.2076023129378,358.8239529749876,0.0,67.39424790712062,0.0,0.0,0.0,0.0,0.0,0.0,0.0,0.0
-2009.0257744944533,-3456.75527961965,425.2719822493452,2445.7509410602242,-518.7804001287031,-184.83214691291352,729.1273365812027,1051.359718649608,159.36645727796932,158.4797058016619,-167.50508729142894,65.40555402390254,88.02094022653597,-1626.2835048393538,-2286.9127919212046,290.9859255292468,-755.8525337465449,-346.95902835965853,-20.330796722020636,39.334449071974376,0.0,0.0,0.0,0.0,0.0,0.0,0.0,-809.0677365123723,-1051.3597186496086,100.0,625.73247773101,167.50508729142211,0.0,10.786997397457524,1557.440379079028,2286.9127919212124,100.0,-255.07317223454947,346.9590283598973,0.0,57.41000387827977,0.0,0.0,0.0,0.0,0.0,0.0,0.0,0.0
-1878.1187246645707,-3325.668229431622,339.5963303483255,1204.8823721529095,1039.187585508946,-155.96763003058072,681.0746200041444,961.0091413645487,191.04212917265755,-844.2254353064635,-193.71679375838767,60.9846447869279,81.59788971783291,-1631.360096689563,-2456.9962175515348,278.0767551246065,-540.9399180512082,-333.0350213487486,-31.178532562293242,28.979767886263232,0.0,0.0,0.0,0.0,0.0,0.0,0.0,-611.9892009768437,-961.0091413645491,100.0,-909.4326825016219,193.71679375838767,0.0,15.019227417441716,1697.0186688605486,2456.9962175515266,100.0,-1416.9165716768885,333.0350213489737,0.0,77.26533332381243,0.0,0.0,0.0,0.0,0.0,0.0,0.0,0.0
-1691.403876894448,-3271.89484261476,271.0061140850217,894.836143983033,-780.755962465596,-116.86986678878526,432.096261627347,857.8337187347738,220.05483046402307,529.4559773524475,-218.7788577398578,54.77994251044663,82.47310833689261,-1699.6827841513248,-2619.619803341092,259.95886246861915,-588.9848284716641,-317.13456613086237,-41.11430032337722,14.449744385115306,0.0,0.0,0.0,0.0,0.0,0.0,0.0,-424.7096373741829,-857.8337187347738,100.0,-239.64546094160994,218.7788577398578,0.0,16.665297946347646,1808.3909072488457,2619.619803341099,100.0,791.4228464090183,317.1345661308692,0.0,89.91775945789823,0.0,0.0,0.0,0.0,0.0,0.0,0.0,0.0
-1699.520256860305,-3136.3083287716777,224.0016299679662,-2186.9572106932037,-180.4259422030009,-70.10411411470926,294.7641791296978,742.4457613763218,245.5559433597996,256.31846669259716,-242.54254451328052,46.97293394032201,74.4466152427718,-1780.3359560514596,-2773.8184342900386,237.1621935980857,-46.7686079762143,-299.35202643348475,-49.84748007235581,16.448832308251433,0.0,0.0,0.0,0.0,0.0,0.0,0.0,-238.28189369474782,-742.445761376322,100.0,-772.5162193543792,242.54254451328052,0.0,21.819545039377136,1748.2995570931623,2773.8184342900454,100.0,-442.41332972497275,299.3520264336894,0.0,90.11341612150146,0.0,0.0,0.0,0.0,0.0,0.0,0.0,0.0
-1452.339000956054,-3060.528803900574,201.66690553463013,-1210.2986535161438,749.9430661118186,-18.73873605427292,117.13883009427617,615.5300570947618,266.7995635779752,447.59571868347473,-264.86682477832574,37.791973076133445,70.22377338751969,-1759.974960001696,-2918.676994605292,210.35354815408942,-985.9339705850209,-279.79293550904686,-57.122627421526744,11.573682757602274,0.0,0.0,0.0,0.0,0.0,0.0,0.0,-10.004007556631358,-615.5300570947622,100.0,-936.6773074403116,264.86682477832915,0.0,33.59307758402281,1803.6732073071819,2918.676994605298,100.0,-416.3606975181847,279.79293550884904,0.0,96.21626392437109,0.0,0.0,0.0,0.0,0.0,0.0,0.0,0.0
-1348.5374338967629,-2951.88901998705,205.46735214923677,1836.4753689166605,-236.17747420423484,33.85611572756119,-109.08663724639602,477.8398069053608,283.1643179513869,-469.28155994927556,-285.61921161660166,27.505601845809338,55.8517632569981,-1752.0971473787793,-3053.335798597699,180.3170755780064,630.0420049799504,-258.5733698285276,-62.72694524387816,7.126550667558512,0.0,0.0,0.0,0.0,0.0,0.0,0.0,101.50795298545484,-477.839806905361,100.0,-265.1967574020378,285.61921161660166,0.0,50.41874234664768,1801.5997898596736,3053.3357985977045,100.0,-355.1781743785398,258.5733698285344,0.0,86.80422882058453,0.0,0.0,0.0,0.0,0.0,0.0,0.0,0.0
-1145.2865546086255,-2733.8680332112385,235.1536173886206,49.67338754659977,1064.4995318372025,84.22962213827162,-311.08184191715867,330.1921550442596,294.171539513182,-638.0888675692083,-304.6765467556452,16.4146952887171,53.50293359634468,-1853.5283797255092,-3176.995692620754,147.93133884089576,-963.1208004142786,-235.8192602096392,-66.49650796172935,3.2979036308452834,0.0,0.0,0.0,0.0,0.0,0.0,0.0,366.3214579455157,-330.19215504425983,100.0,1032.9575320057656,304.6765467556452,0.0,54.1911632576477,1755.3110656436502,3176.9956926207487,100.0,-966.9172520933216,235.8192602096392,0.0,96.02844694317508,0.0,0.0,0.0,0.0,0.0,0.0,0.0,0.0
-746.0934279483389,-2574.8556899283926,288.77794539070464,-266.4787366178979,407.8421059749712,129.07670954821612,-519.3864888608239,173.46333949879386,299.49926844421236,-778.7498302116518,-321.9257314723552,4.843660999410986,38.543701125250536,-1839.3450350436253,-3288.92279777229,114.14361658926352,-492.8100905661131,-211.66564446052917,-68.3210563490389,8.491034759443908,0.0,0.0,0.0,0.0,0.0,0.0,0.0,511.3245790297347,-173.46333949879408,100.0,-375.9075660298464,321.9257314723518,0.0,71.72451393728224,1749.9974941581845,3288.9227977722944,100.0,99.78281748921177,211.66564446038592,0.0,91.86500180722962,0.0,0.0,0.0,0.0,0.0,0.0,0.0,0.0
-572.6722626670646,-2440.180964149548,362.8219717410312,813.2563904156893,653.9552532876382,165.4549001247821,-665.409462967102,8.583491836644725,298.99166935645735,122.36728954183661,-337.2643977928965,-6.86904975299143,24.195221629921143,-1687.0933481559803,-3388.4528652132203,100.0,148.02861087136648,-186.25586597538359,0.0,15.592298003696165,0.0,0.0,0.0,0.0,0.0,0.0,0.0,684.8041196990913,-8.583491836644953,100.0,-22.905215558744203,337.2643977929033,0.0,65.31414908448488,1701.3058036683685,3388.452865213216,120.05780463386614,-767.2742219212773,186.25586597550637,68.14722259945455,92.32286754694758,0.0,0.0,0.0,0.0,0.0,0.0,0.0,0.0
-349.6468801743854,-2137.9595644716546,452.42756810271055,1860.2162119363861,2230.4967424153006,190.9773717676316,-826.0001277932621,-163.46888280481858,292.6635894581408,-22.493957504064497,-350.60151601298685,-18.38084168098419,21.509290770637485,-1574.5668783151255,-3474.995218255656,100.0,609.6841115436064,-159.74072304294623,0.0,12.929147766920071,0.0,0.0,0.0,0.0,0.0,0.0,0.0,855.7225779078213,163.46888280481835,100.0,580.6475295742132,350.60151601299026,0.0,81.2031279046929,1603.5193007046914,3474.9952182556594,153.6725376436121,120.32036709221984,159.7407230428371,65.9800913277968,88.66380724006704,0.0,0.0,0.0,0.0,0.0,0.0,0.0,0.0
-99.13201090543583,-1926.5644262647056,551.71559056251,1072.2682277968547,-321.23560295417406,203.96956072314595,-1031.1898907459656,-341.67271280967805,280.70012427479423,-158.89618423119487,-361.8579349271687,-29.354996346922917,15.286397204102274,-1506.5667563700504,-3548.0362578257805,100.0,726.107042618022,-132.2775739084318,0.0,31.336639576608384,0.0,0.0,0.0,0.0,0.0,0.0,0.0,938.6619751372705,341.6727128096778,100.0,88.92513593744638,361.8579349271704,0.0,84.45140504497952,1476.9333925692463,3548.0362578257837,185.7173558100917,-1112.7262651979186,132.2775739085273,61.88305084593679,84.93106026650233,0.0,0.0,0.0,0.0,0.0,0.0,0.0,0.0
141.91604306905901,-1621.969401109381,654.1716181846449,-261.6716866940187,1853.8505689515534,203.57903196776306,-1166.5034629989923,-524.9704197920463,263.4512036288704,-1417.6724838333746,-370.96685156412434,-39.470521134097964,3.802059104786502,-1454.3620878344614,-3607.142510497515,100.0,-156.9789587423145,-104.02940290840206,0.0,34.649180907324734,0.0,0.0,0.0,0.0,0.0,0.0,0.0,1101.7386243767473,524.9704197920461,100.0,-653.6325435702679,370.96685156412263,0.0,100.0,1430.009599911689,3607.1425104975124,215.2549523112715,-34.387586059540354,104.02940290832703,55.97593906249841,67.19317174843044,0.0,0.0,0.0,0.0,0.0,0.0,0.0,0.0
403.83117990697116,-1339.7757164620446,753.0733729460342,-204.51764368257756,684.4179704263979,189.83140861965524,-1316.6979406789294,-712.2741949596741,241.42135623730996,394.49267257610245,-377.8742076391393,-48.43153823969331,4.758998423772557,-1217.9581759158073,-3651.963201008074,100.0,-357.49970928606785,-75.16385321321877,0.0,41.60285045771018,0.0,0.0,0.0,0.0,0.0,0.0,0.0,1326.1689504786493,712.2741949596738,100.0,633.9096520149269,377.8742076391393,0.0,89.10969191806399,1298.9992258424008,3651.963201008076,241.42135623730877,409.96830929444513,75.16385321321877,48.43153823969374,53.50954555726786,0.0,0.0,0.0,0.0,0.0,0.0,0.0,0.0
728.2642086685879,-1099.5968406029015,841.9317774550381,-901.6094674713025,39.15394641992407,163.62869077020207,-1416.886716906353,-902.4724548846959,215.254952311274,-566.4084570356101,-382.5390103722407,-55.975939062515465,9.917620854765408,-1173.9815994183862,-3682.232333988433,100.0,-513.7387096521365,-45.8522319238341,0.0,57.77633925328535,0.0,0.0,0.0,0.0,0.0,0.0,0.0,1408.6422464125596,902.4724548846956,100.0,-282.40757079410173,382.5390103722407,0.0,86.06585791947069,1159.583885648593,3682.232333988432,263.45120362886865,-312.2727067685605,45.85223192384092,39.47052113410905,49.70101759504066,0.0,0.0,0.0,0.0,0.0,0.0,0.0,0.0
843.9228159293425,-822.6511441047621,914.916712062661,-867.5058970306463,1104.6268497055098,126.69007404347212,-1449.6844501159271,-1094.4364383686047,185.7173558100945,-36.03163440616072,-384.9335757642382,-61.88305084591718,3.2165828956268117,-980.5800366113639,-3697.7702725542426,100.0,-1231.667957861896,-16.268493422194297,0.0,62.23092973193215,0.0,0.0,0.0,0.0,0.0,0.0,0.0,1512.7411919462622,1094.4364383686045,100.0,453.9393507930811,384.9335757642348,0.0,94.13894474258082,950.3179742905279,3697.770272554242,280.7001242747929,-1696.7783393120094,16.268493422180654,29.354996346915243,43.42097632804705,0.0,0.0,0.0,0.0,0.0,0.0,0.0,0.0
1140.1324769818987,-415.2635691040625,967.239536868286,-487.1742215821223,2596.7519433379393,81.43915085469189,-1547.9017224532104,-1287.0269052514425,153.67253764361368,-335.64639513459497,-385.04369289435886,-65.98009132779637,7.494225906119569,-900.8803691609282,-3698.4848043889233,100.0,-231.68350457671295,13.411792987610625,0.0,76.87608716769796,0.0,0.0,0.0,0.0,0.0,0.0,0.0,1651.4932755687892,1287.026905251442,100.0,1432.1132880886364,385.04369289435886,0.0,95.82813999045419,884.5902223740131,3698.4848043889233,292.66358945814034,-1600.4478420090402,-13.411792987624267,18.380841680989306,35.1164843482628,0.0,0.0,0.0,0.0,0.0,0.0,0.0,0.0
1392.9893098208652,-211.1518245604449,995.4672808358465,1298.852668758849,-206.9434555516233,30.844895245996895,-1721.0567968879247,-1479.1008974098777,120.05780463386921,-910.6206753606216,-382.8687082553529,-68.14722259945455,9.318194197672788,-644.1008414992713,-3684.3716889920074,100.0,-1144.4729205415028,43.01248502295266,0.0,85.43552604460626,0.0,0.0,0.0,0.0,0.0,0.0,0.0,1682.7409475458694,1479.1008974098775,100.0,700.9160562126533,382.8687082553495,0.0,87.12001604464567,666.5745798102316,3684.3716889920083,298.9916693564572,324.7656628992644,-43.01248502295948,6.869049752992282,24.694920748638253,0.0,0.0,0.0,0.0,0.0,0.0,0.0,0.0
1590.668117304159,172.43069620187035,997.7478836491391,-935.7728138412472,1797.6850587333279,-21.77313550069755,-1699.8917037269252,-1669.5185218203474,100.0,1107.5366467981598,-378.421529631928,0.0,20.137158376909653,-535.0720236338747,-3655.514682845051,100.0,548.5831571079975,72.35791276631744,0.0,86.75044414864558,0.0,0.0,0.0,0.0,0.0,0.0,0.0,1689.0597066137195,1669.5185218203471,114.14361658926185,1428.7042015108807,378.421529631928,68.32105634906021,82.71689343325733,520.0358119912421,3655.514682845053,299.49926844421236,-494.4429424300037,-72.35791276636519,-4.8436609994092805,14.696477729336802,0.0,0.0,0.0,0.0,0.0,0.0,0.0,0.0
1597.9778433446158,422.3145401493557,973.931711884665,-430.1445040087651,921.7176113451143,-72.96260148978206,-1710.4637729054348,-1857.1497154316116,100.0,454.44992203305446,-371.728549498838,0.0,34.16940688798458,-279.5250296059348,-3612.08504234576,100.0,1478.5803611499912,101.27392120611376,0.0,83.7122626744591,0.0,0.0,0.0,0.0,0.0,0.0,0.0,1741.7190861304666,1857.1497154316112,147.93133884089414,-134.00058560483444,371.7285494988414,66.49650796175024,63.92315060036102,292.58677018318735,3612.0850423457623,294.1715395131828,-630.4272132512122,-101.27392120610693,-16.41469528872051,6.846634132622824,0.0,0.0,0.0,0.0,0.0,0.0,0.0,0.0
1737.2317839260895,779.92111290557,925.5813766621633,160.91131019427735,265.5219814458985,-119.36489288408836,-1812.310221266361,-2040.8809517000789,100.0,-392.40751369830946,-362.8294883885246,0.0,43.081861293783724,-111.86279009069294,-3554.340507460205,100.0,-868.0501339554734,129.58890378610477,0.0,100.0,0.0,0.0,0.0,0.0,0.0,0.0,0.0,1765.009400707636,2040.8809517000786,180.31707557800357,-990.2076198505893,362.8294883885246,62.72694524383979,63.05392645829753,126.68241632045931,3554.3405074602024,283.1643179513876,-412.4175551781505,-129.5889037861116,-27.505601845808485,7.249810629273293,0.0,0.0,0.0,0.0,0.0,0.0,0.0,0.0
1848.715534352993,1054.1752284672114,855.8692086235591,609.7830846051522,181.7243233088891,-157.9354928222557,-1826.2743364579565,-2219.6218489864254,100.0,-1624.3492288544405,-351.7771591660221,0.0,38.34491098441674,90.51233388776156,-3482.6237721248535,100.0,-231.31891378948973,157.13482083209328,0.0,90.94464264010944,0.0,0.0,0.0,0.0,0.0,0.0,0.0,1805.3321132560752,2219.621848986425,210.35354815408806,-386.04593820906075,351.7771591660221,57.122627421545076,54.083944092321595,-55.76877379009687,3482.623772124857,266.7995635779754,-935.9933255152757,-157.13482083220924,-37.79197307612151,11.138553942832072,0.0,0.0,0.0,0.0,0.0,0.0,0.0,0.0
1943.9435139512632,1262.8683869920565,769.3691170451006,-820.9707672710579,24.343311187291192,-186.14373227167107,-1786.5951057742736,-2392.3116415953127,100.0,-58.43749414128524,-338.6371536000752,0.0,53.42797341693723,293.7404004243417,-3397.360450476048,100.0,730.7925180971937,183.74819680891278,0.0,93.9747276187119,0.0,0.0,0.0,0.0,0.0,0.0,0.0,1790.8026980183893,2392.3116415953123,237.1621935980845,-1057.0249713559735,338.6371536000752,49.84748007237158,38.339707503391814,-258.0893067260185,3397.3604504760438,245.55594335980172,-949.2423884930292,-183.74819680879682,-46.97293394033608,0.0,0.0,0.0,0.0,0.0,0.0,0.0,0.0,0.0
1978.2518920604887,1547.7566822622455,671.7564894867892,1705.6133847861406,952.9065519304231,-202.13883063384685,-1710.3898057766366,-2557.9254750546124,100.0,-1558.5643408795431,-323.4874531005198,0.0,73.46626451154253,380.4424889186502,-3299.0565509765847,100.0,1419.8628650666146,209.27109049120418,0.0,88.22347591075587,0.0,0.0,0.0,0.0,0.0,0.0,0.0,1686.4776759485503,2557.9254750546124,259.95886246861727,-1890.0176835569368,323.4874531005198,41.11430032335164,36.31974813564278,-488.9597197900111,3299.05655097658,220.0548304640244,124.31964401082496,-209.27109049134742,-54.77994251044578,5.797954951194653,0.0,0.0,0.0,0.0,0.0,0.0,0.0,0.0
1998.0785719248884,1898.4933443864966,569.4358219674644,-556.7535649200022,1171.1225841313717,-204.87132795320065,-1804.2668300483722,-2715.480488273933,100.0,-142.72723295719516,-306.4179659245383,0.0,77.55756719087495,575.4719779632509,-3188.295473429689,100.0,-198.97091726058477,233.55203229136805,0.0,83.00531099625515,0.0,0.0,0.0,0.0,0.0,0.0,0.0,1714.315458588274,2715.4804882739327,278.0767551246058,-202.50866111737082,306.41796592455194,31.178532562303474,16.741842215101187,-621.866575237782,3188.2954734296945,191.04212917265778,93.91121180963864,-233.55203229137487,-60.98464478690872,17.38249219731541,0.0,0.0,0.0,0.0,0.0,0.0,0.0,0.0
1919.593981756509,2064.9496628112574,469.1205113514926,-342.46261132861264,1721.0917398501863,-194.1619413989659,-1725.4649045441115,-2864.041646486803,100.0,-1076.8268775385252,-287.5299936029296,0.0,88.81313111177492,831.7532082496201,-3065.7345467020486,100.0,467.14517046894287,256.4469231783869,0.0,87.09148075754204,0.0,0.0,0.0,0.0,0.0,0.0,0.0,1551.3705170614826,2864.041646486803,290.9859255292463,-3.7237721021654124,287.52999360293643,20.330796722026605,18.057029155299585,-859.4893749875774,3065.734546702043,159.36645727797224,1340.6065270497966,-256.4469231783937,-65.40555402392258,19.765202143878682,0.0,0.0,0.0,0.0,0.0,0.0,0.0,0.0
1958.2945080818824,2301.229710056744,377.3923803347626,-968.7172338661799,-151.90814854137443,-170.71332825247794,-1496.9339696524876,-3002.7272903601565,100.0,718.3566847066504,-266.9356297486911,0.0,90.04817082510904,928.2085933146385,-2932.101127703212,100.0,251.41228524897542,277.8198898557048,0.0,78.65903220450402,0.0,0.0,0.0,0.0,0.0,0.0,0.0,1483.9555026775506,3002.727290360156,298.3087821036373,-1044.264051999761,266.9356297486911,8.8883876847882,16.496702633821684,-996.0757925449363,2932.101127703206,125.95432412088589,997.4582888321538,-277.8198898557048,-67.9133591931182,32.721239321310264,0.0,0.0,0.0,0.0,0.0,0.0,0.0,0.0
1761.1824675079108,2427.7224034309515,300.2698351891607,-2247.01210269551,-148.89807172666906,-136.0639836178288,-1467.2294125665235,-3130.7143683389936,100.0,840.623769710952,-244.75709482260072,0.0,95.13203820388249,1077.3264775488587,-2788.1882847727384,108.21696968842845,431.48773374399184,297.54409112426856,68.43470731492715,55.999330137233805,0.0,0.0,0.0,0.0,0.0,0.0,0.0,1457.5292932519565,3130.714368338993,299.831132232041,953.4882265183262,244.75709482260754,-2.8140055523991236,1.1458561834355336,-1048.0902089498093,2788.188284772732,100.0,-889.576530903538,-297.54409112426856,0.0,39.94015518471882,0.0,0.0,0.0,0.0,0.0,0.0,0.0,0.0
1704.169542953605,2727.3362199247704,242.81299001777984,112.18249098319575,246.43464552812247,-92.48729768322534,-1322.866997615238,-3247.243321173965,100.0,-927.2720015045081,-221.1260107940666,0.0,95.84479477973558,1316.0278241716596,-2634.850091092657,142.14791818807592,1231.9477840245042,315.50247063866664,66.95434902362194,59.54781096453773,0.0,0.0,0.0,0.0,0.0,0.0,0.0,1321.8787500822025,3247.2433211739644,295.5084473684225,-469.98800543650304,221.1260107940734,-14.434089488044037,5.388114422245233,-1225.040793626201,2634.8500910926496,100.0,759.5114110581096,-315.5024706388849,0.0,46.786315668816556,0.0,0.0,0.0,0.0,0.0,0.0,0.0,0.0
1495.2867416685083,2815.973864376353,208.79166585054122,-854.7702430925733,-229.00126982718803,-42.842395528890904,-1122.33321561681,-3351.622589644132,100.0,-202.5811764540788,-196.1826200123346,0.0,99.81785021738048,1388.4060530134898,-2472.996556057042,174.8460454856504,-1509.793543925631,331.5884515993321,63.51558460942911,45.68779422644586,0.0,0.0,0.0,0.0,0.0,0.0,0.0,1190.082892163833,3351.6225896441315,285.467165490714,645.5530913106429,196.1826200123278,-25.631978157133233,11.059726815046254,-1349.6651918411494,2472.9965560570345,100.0,188.70106266099128,-331.58845159910015,0.0,57.46428351090878,0.0,0.0,0.0,0.0,0.0,0.0,0.0,0.0
1412.9635154249354,3139.2879184598755,200.43804760690705,-126.40626922693059,-515.4653049944841,9.613453922596591,-989.4125552221067,-3443.232718722793,100.0,-14.654585494893126,-170.07495291509258,0.0,91.20783875680613,1488.9114678816054,-2303.588224679638,205.35493555080825,673.0868726930009,345.7065692460924,58.218997490483275,37.212429817750895,0.0,0.0,0.0,0.0,0.0,0.0,0.0,1018.6104408263279,3443.232718722793,270.0009928061752,-701.7020433764168,170.07495291509258,-36.08013475212857,10.083352960818939,-1465.5367675039306,2303.588224679631,100.0,-1332.1176378781013,-345.70656924608556,0.0,55.42245714953464,0.0,0.0,0.0,0.0,0.0,0.0,0.0,0.0
1149.7484035084763,3138.889820416948,218.3002274356342,453.5681694702498,574.9163134394985,61.43855170892323,-991.126171624772,-3521.5300338298994,100.0,695.0851876678388,-142.95794951907055,0.0,80.23162339017365,1589.6089965362507,-2127.630477089741,232.78220726151665,584.4056735972094,357.7730374109501,51.21951216074038,35.19300092465263,0.0,0.0,0.0,0.0,0.0,0.0,0.0,921.3629364133046,3521.5300338298994,249.5623128824891,13.748195747429577,142.95794951906373,-45.472952032421006,11.673545798909387,-1533.882225975466,2127.630477089749,100.0,-1150.8400592901558,-357.77303741071137,0.0,76.29586317111244,0.0,0.0,0.0,0.0,0.0,0.0,0.0,0.0
956.7715286653568,3268.7552440682234,261.2062436503904,-2028.6197075211226,-707.2364337635804,109.23258333434319,-691.1424167733358,-3586.0498673534794,100.0,1062.6365648579572,-114.99253990478564,0.0,82.68999500106962,1616.197510215146,-1946.167561947348,256.3256164374322,709.0647262179834,367.7162457591544,42.7218626685557,24.5285874941513,0.0,0.0,0.0,0.0,0.0,0.0,0.0,751.4296819385418,3586.0498673534794,224.74895448642752,-927.3843577465885,114.99253990478564,-53.53569129704994,21.15741168023877,-1639.7052166070234,1946.16756194734,100.0,912.3980817421545,-367.716245758902,0.0,84.39421489600177,0.0,0.0,0.0,0.0,0.0,0.0,0.0,0.0
733.9101059486181,3381.6887996706487,326.3409747150978,169.65638718575804,408.3686355834857,149.85971798564321,-462.9126912237515,-3636.4093162919835,100.0,443.09982037563714,-86.34468915137631,0.0,74.93773399605391,1646.0393242065015,-1760.2763991867098,275.2965213792959,787.3240661771354,375.47718477175295,32.97460417185391,23.011617517654095,0.0,0.0,0.0,0.0,0.0,0.0,0.0,405.84937108421,3636.4093162919835,196.28670516908463,-1145.0087141051772,86.34468915137631,-60.032518456568766,18.145996570568496,-1643.3932895056305,1760.2763991867187,100.0,-165.93759383812085,-375.47718477201215,0.0,70.66131056999993,0.0,0.0,0.0,0.0,0.0,0.0,0.0,0.0
573.3321501603231,3335.036751810899,409.4308431610827,-508.03201811249465,36.97999755058163,180.65435461651873,-399.8691172938258,-3672.3095146517776,100.0,529.4537966906719,-57.18441239129561,0.0,65.16893291238785,1807.5806679505233,-1571.0601888673696,289.14002555033284,26.07911245448122,381.00979594812657,22.262842731665557,8.945678591636227,0.0,0.0,0.0,0.0,0.0,0.0,0.0,344.54851509602304,3672.3095146517776,165.0080820730717,-1322.3019759277186,57.18441239129561,-64.77340214959497,31.350091033320272,-1729.071875875168,1571.0601888673787,100.0,-971.5412264080851,-381.00979594786054,0.0,93.03127622506086,0.0,0.0,0.0,0.0,0.0,0.0,0.0,0.0
218.6042043372832,3500.9016715706734,505.0242107630488,544.5468499892826,1276.1457593175646,199.59601562472812,-208.52419234912716,-3693.5374071139436,100.0,312.7821183687654,-27.684765828928448,0.0,55.96959245350959,1818.7186707418277,-1379.6418640614438,297.4512082287923,1748.8053401836737,384.2812451444422,10.899895996526539,2.0380666616761145,0.0,0.0,0.0,0.0,0.0,0.0,0.0,148.21859174684099,3693.5374071139436,131.82798091286935,-735.1801591250592,27.684765828928448,-67.61967213609964,35.91858438190749,-1789.0061944157908,1379.6418640614531,100.0,288.84889671420865,-384.28124514471165,0.0,87.03120756834404,0.0,0.0,0.0,0.0,0.0,0.0,0.0,0.0
