pos_x,pos_y,pos_z,vel_x,vel_y,vel_z,blue_p0_pos_x,blue_p0_pos_y,blue_p0_pos_z,blue_p0_vel_x,blue_p0_vel_y,blue_p0_vel_z,blue_p0_boost,blue_p1_pos_x,blue_p1_pos_y,blue_p1_pos_z,blue_p1_vel_x,blue_p1_vel_y,blue_p1_vel_z,blue_p1_boost,blue_p2_pos_x,blue_p2_pos_y,blue_p2_pos_z,blue_p2_vel_x,blue_p2_vel_y,blue_p2_vel_z,blue_p2_boost,orange_p0_pos_x,orange_p0_pos_y,orange_p0_pos_z,orange_p0_vel_x,orange_p0_vel_y,orange_p0_vel_z,orange_p0_boost,orange_p1_pos_x,orange_p1_pos_y,orange_p1_pos_z,orange_p1_vel_x,orange_p1_vel_y,orange_p1_vel_z,orange_p1_boost,orange_p2_pos_x,orange_p2_pos_y,orange_p2_pos_z,orange_p2_vel_x,orange_p2_vel_y,orange_p2_vel_z,orange_p2_boost,Target_Goal_Value
24.835707650561634,3424.0792150585658,600.0,-688.5677118963542,2346.4895600908585,105.55896669948652,37.211668371584736,1300.0,100.0,-1062.6941740711582,-0.2611635094262965,35.18657434443455,44.04548695936472,1767.032321452449,-1199.9999999999998,300.0,-345.99825149985463,-197.9253854549711,-0.10317547160525464,88.49532816332446,0.0,0.0,0.0,0.0,0.0,0.0,0.0,45.93960410746698,-1300.0,100.00000000000003,-1300.729408026177,0.2611635094262965,-8.526512829121202e-13,50.075938127878594,-1781.4123643419937,1199.9999999999995,100.0,1608.2238111586798,197.92538545498473,0.0,0.0,0.0,0.0,0.0,0.0,0.0,0.0,0.0,0.0
103.7403304633692,3418.0988001638084,652.627138873371,797.3908694594986,1070.369605392109,104.64136034968249,119.79520843741437,1298.0415283033894,117.5707066531697,119.89950761178477,-7.8328547046317,35.050522043759784,59.74796846532662,1734.9084969775574,-1298.936964132042,299.22668061208134,573.7487243988926,-197.77033294877583,-3.0912648796802955,95.48321603602346,0.0,0.0,0.0,0.0,0.0,0.0,0.0,-98.67063833099174,-1298.0415283033894,100.0,-132.63517271781717,7.8328547046317,0.0,39.38012542366018,-1828.8063055126186,1298.9369641320418,100.0,1440.3558370795622,197.7703329487997,0.0,2.5585392167380485,0.0,0.0,0.0,0.0,0.0,0.0,0.0,0.0
233.05036375538535,3482.818439117359,704.3393200067762,1869.5848820398505,-1421.983778784736,101.90449449570963,185.46966746839135,1292.169181702668,135.0055356251961,-89.90288457202453,-15.653437069868232,34.643417260553804,58.09718810268804,1789.1431464650657,-1397.7189160688831,296.9127026770826,1448.608757501006,-197.30541836298585,-6.158624408713536,96.92912532251492,0.0,0.0,0.0,0.0,0.0,0.0,0.0,-189.02398164624444,-1292.169181702668,100.0,697.9734352501283,15.653437069868232,0.0,31.976986651283898,-1802.172436454943,1397.718916068883,100.0,-93.14086874891132,197.30541836301313,0.0,2.411751310847621,0.0,0.0,0.0,0.0,0.0,0.0,0.0,0.0
357.27952875958914,3516.2821605695062,754.2374928078516,1022.1601554546726,962.0515491499759,97.39595136700473,324.1735006848813,1282.3921608575229,152.16966000338812,676.7846480397901,-23.44949398433755,33.96840821503446,62.134003016921156,1784.6624727349647,-1496.1910864849197,293.0759606350073,-225.34115825181743,-196.5313701152354,-9.178358101164577,91.94059597268209,0.0,0.0,0.0,0.0,0.0,0.0,0.0,-315.8378362177586,-1282.3921608575229,100.0,799.1502783234205,23.44949398433755,0.0,33.45587175345088,-1754.27420151098,1496.1910864849199,100.0,-552.4913663862424,196.5313701152627,0.0,15.550712943206605,0.0,0.0,0.0,0.0,0.0,0.0,0.0,0.0
497.73788814161657,3456.800033767856,801.4541444231176,-616.1393773443052,-2728.653908850331,91.19411497835472,356.780506885358,1268.7257841828368,168.93034628616263,2003.1040824836514,-31.208810762605026,33.03071488302038,75.37756288752868,1767.6745927734169,-1594.1991914132213,287.7461247559313,-419.74650267442485,-195.44940096680193,-12.12711377092944,94.58265576398085,0.0,0.0,0.0,0.0,0.0,0.0,0.0,-454.94668341251025,-1268.7257841828368,100.0,-308.40279337198666,31.208810762605026,0.0,30.13342570663985,-1747.1181129037616,1594.1991914132216,100.0,-265.2861619903899,195.44940096678488,0.0,10.751077928148494,0.0,0.0,0.0,0.0,0.0,0.0,0.0,0.0
688.9466064368096,3402.765968608123,845.1683820247385,2279.765274501941,-98.53847236973706,83.40680837176933,493.97858592002274,1251.191463848139,185.15798083694682,351.7773864585365,-38.91923028280871,31.837588628848295,69.11735110085196,1652.785123978851,-1691.5896739741556,280.9644116940516,-61.07763234203276,-194.0612061224249,-14.982088118705974,84.68845972591592,0.0,0.0,0.0,0.0,0.0,0.0,0.0,-508.44414541301524,-1251.191463848139,100.0,-233.74084236915962,38.91923028280871,0.0,24.075304810420967,-1740.9805288753482,1691.5896739741559,100.0,-563.9712195018944,194.06120612241125,0.0,16.47806118941646,0.0,0.0,0.0,0.0,0.0,0.0,0.0,0.0
776.0413415066597,3345.7872512749987,884.6202045771929,585.0254017125576,-1209.6008053671494,74.16941904133978,538.8393158178444,1229.8166722295064,200.72707221155878,396.08578862085835,-46.56867203424099,30.39825612916289,71.65048089908896,1697.9342064161945,-1788.2099449648304,272.78326575130893,-13.521878796080955,-192.36896057436184,-17.721203074346192,80.41778882761675,0.0,0.0,0.0,0.0,0.0,0.0,0.0,-539.4700610416876,-1229.8166722295064,100.0,110.10172191079789,46.56867203424099,0.0,26.82899748563873,-1693.9687880821932,1788.2099449648306,100.0,344.8871545008137,192.36896057435501,0.0,13.265436773114876,0.0,0.0,0.0,0.0,0.0,0.0,0.0,0.0
911.3704380926258,3285.882141279551,919.123715959717,1771.8575606938737,-1420.4766877683028,63.64254513178764,579.5400909758856,1204.6348988664627,215.5172216078759,589.432868926819,-54.14515104477459,28.72384802124259,83.23509370529135,1628.045090249277,-1883.9086219324017,263.26595331543217,759.3001814877414,-190.37531569463454,-20.323276530839394,82.29969808221219,0.0,0.0,0.0,0.0,0.0,0.0,0.0,-634.5940768671636,-1204.6348988664627,100.0,624.3465718905173,54.14515104476777,0.0,19.183163953199287,-1726.1137296776467,1883.9086219324026,100.0,-591.5061842159639,190.37531569463113,0.0,8.79412768455061,0.0,0.0,0.0,0.0,0.0,0.0,0.0,0.0
1046.82231946774,3273.798939316242,948.0790497256207,-1018.0028729077554,-1857.0863832401255,52.009203333117284,726.2443593116305,1175.6855979913298,229.41405393311433,500.0527803781017,-61.636796658644926,26.827312827616794,88.63275125055878,1590.8597178553343,-1978.535766356676,252.48607360869707,-168.97303578794663,-188.08339508088807,-22.768186149661176,69.79304916924694,0.0,0.0,0.0,0.0,0.0,0.0,0.0,-713.6387205245779,-1175.6855979913298,100.0,-576.1654389490388,61.636796658638104,0.0,9.52050612781077,-1698.0127199051954,1978.535766356677,100.0,-1316.641046118399,188.08339508088466,0.0,27.26743725361322,0.0,0.0,0.0,0.0,0.0,0.0,0.0,0.0
1196.4874841753299,3186.1188278513446,970.9827981786171,320.85733322908936,874.0113778897239,39.471647013997995,815.5524501704673,1143.0141267132285,242.31010228859645,-997.8155672321367,-69.0318711351415,24.72331682263814,93.01633713288933,1558.4310122524425,-2071.943118570384,240.52698953086988,-1263.2113391990833,-185.4967896624521,-25.037024970709467,83.67482895815152,0.0,0.0,0.0,0.0,0.0,0.0,0.0,-811.5185930317849,-1143.0141267132285,100.0,180.34191632516809,69.03187113513468,0.0,15.357451204044057,-1601.5846345947582,2071.9431185703825,100.0,-1259.4442828536,185.49678966244528,0.0,32.265350042072555,0.0,0.0,0.0,0.0,0.0,0.0,0.0,0.0
1238.3665526409866,3240.4626495639977,987.436764449754,245.61669007199157,39.740148875634986,26.247849912690526,884.6701600736103,1106.6716739535868,254.10563903211397,310.1264302062333,-76.31878803900008,22.42813061533269,82.49873409715141,1596.2770837256742,-2163.984330049072,227.481182997742,-1808.6865534537958,-182.61955207411802,-27.112247623499997,72.50906916252293,0.0,0.0,0.0,0.0,0.0,0.0,0.0,-797.4497423523701,-1106.6716739535868,100.0,-65.19628398310886,76.31878803900008,0.0,14.231763896827994,-1472.4654249498064,2163.984330049073,100.0,776.2779483911299,182.6195520741112,0.0,36.48186294789802,0.0,0.0,0.0,0.0,0.0,0.0,0.0,0.0
1347.99828179588,3055.749447443584,997.1548854142784,91.4146745895448,-25.557529969105417,12.567716518947236,1044.543879120585,1066.7151802444964,264.70944699112016,-699.4431601167793,-83.48613039383281,19.95950332563126,95.43624131331417,1559.7799700681715,-2254.5151927066586,213.44953976054455,-105.29744042674793,-179.45619030659145,-28.97780600891906,62.31738020131916,0.0,0.0,0.0,0.0,0.0,0.0,0.0,-868.7248500493237,-1066.7151802444964,100.0,322.5541956020311,83.48613039382599,0.0,5.499859461575207,-1478.8860053606875,2254.515192706657,100.0,347.4503473429411,179.45619030659145,0.0,32.87613053307439,0.0,0.0,0.0,0.0,0.0,0.0,0.0,0.0
1454.384390274215,3037.147397369867,999.9682050889323,-2497.5697010850377,-1035.9207089044367,-1.3309149681526833,1004.3700128012196,1023.2072485155772,274.03952486281037,58.10627343002125,-90.52266856990627,17.33652532698187,79.22307491836509,1397.399896321639,-2343.393864837396,198.54056923687432,-715.6934766176516,-176.01166064348035,-30.619273402277543,59.765002647282024,0.0,0.0,0.0,0.0,0.0,0.0,0.0,-1031.4256722990524,-1023.2072485155772,100.0,134.08005599153284,90.5226685699131,0.0,5.386044168760636,-1424.191502514362,2343.393864837395,100.0,100.58945057604092,176.01166064347353,0.0,40.94771950037356,0.0,0.0,0.0,0.0,0.0,0.0,0.0,0.0
1531.916554632538,2939.547526044048,995.8278120438634,-620.13655402616,613.7978047640831,-15.206407615155513,1129.2091953044464,976.2160460091245,282.02372134609493,1170.9519724249242,-97.417377878553,14.57948061678593,94.88268159096964,1288.8443950038613,-2430.481093350244,182.8695653863298,-576.0895416592496,-172.2913598958553,-32.02395601797562,51.0508392985859,0.0,0.0,0.0,0.0,0.0,0.0,0.0,-1065.300977404271,-976.2160460091245,100.0,-1410.0952117149018,97.41737787855982,0.0,0.0,-1389.249132063906,2430.4810933502426,100.0,-738.0329186841846,172.29135989584165,0.0,31.89019646390883,0.0,0.0,0.0,0.0,0.0,0.0,0.0,0.0
1624.1631053332435,2802.818642450827,984.8056897602983,-1878.7664860211157,-782.8100594559055,-28.81752677269219,1257.5521478752548,925.8151974772181,288.60029310159905,-1110.762091165833,-104.15945584533802,11.70968995632279,93.97321419408983,1332.443451191347,-2515.6404319474586,166.55771511996886,-372.10539577132977,-168.30111694669085,-33.180991173008465,51.05818534954695,0.0,0.0,0.0,0.0,0.0,0.0,0.0,-1205.951738076357,-925.8151974772181,100.0,-1670.014561063682,104.1594558453312,0.0,0.0,-1391.3544524136476,2515.640431947458,100.0,727.4070398423066,168.30111694666357,0.0,44.927179173442475,0.0,0.0,0.0,0.0,0.0,0.0,0.0,0.0
1726.0912295172207,2709.657757791148,967.093465149942,547.0401976221751,-1469.4268815227952,-41.9276340999852,1239.7591772003384,872.0836698281246,293.718382224877,1003.6156581221985,-110.7383391351459,8.74934599316191,100.0,1304.9495902415433,-2598.738454905566,149.73116113842963,-978.0819950994669,-164.04718361827463,-34.08143129019663,50.13478758884461,0.0,0.0,0.0,0.0,0.0,0.0,0.0,-1329.3441222302076,-872.083669828125,100.0,892.3834145331557,110.7383391351459,0.0,12.930801905296168,-1231.945843782314,2598.738454905566,100.0,-1072.604226278753,164.04718361828827,0.0,59.396542748551745,0.0,0.0,0.0,0.0,0.0,0.0,0.0,0.0
1700.769211706469,2660.936413555128,942.9990769939293,-595.3530661771924,-1311.5061989103583,-54.30880167946725,1365.866193674091,815.1056484027379,297.3384095404476,313.2777751457843,-117.14372010261627,5.721341641119864,92.74740116840657,1167.1492116150978,-2679.6449661237593,132.5200264459698,-1477.0554427025502,-159.53622487703797,-34.71831309153643,49.68037101868472,0.0,0.0,0.0,0.0,0.0,0.0,0.0,-1320.0153617044737,-815.1056484027383,100.0,-683.5085104105906,117.14372010261968,0.0,12.017026075353858,-1162.1184310193055,2679.6449661237584,100.0,1191.4138142135062,159.5362248770175,0.0,53.046179131300335,0.0,0.0,0.0,0.0,0.0,0.0,0.0,0.0
1777.3623747954587,2585.2239959323165,912.9414222227228,2204.3123294745146,-701.9380667713085,-65.74577469491828,1423.9857706513035,754.9704050748903,299.43238067523157,86.63885187327196,-123.36556294188085,2.649093044919084,96.62912611258518,1082.4219235329695,-2758.2332031122037,115.05740808404694,-1358.3378867361796,-154.7753083910061,-35.08671144658379,28.169599912185355,0.0,0.0,0.0,0.0,0.0,0.0,0.0,-1501.5225938268823,-754.9704050748906,100.0,-1038.0910802030257,123.36556294188085,0.0,0.0,-1135.8217843154807,2758.2332031122032,100.0,1225.2361735288764,154.7753083910129,0.0,55.493335854938344,0.0,0.0,0.0,0.0,0.0,0.0,0.0,0.0
1926.9776553463917,2468.980419147314,877.4430731149392,-1076.271974310182,321.7031349757076,-76.03971377930293,1442.0710799430121,691.7721583822029,299.98410254446617,-177.36590782104258,-129.39411941046274,-0.4436415014032491,91.86150592884114,1064.5722372553691,-2834.3800356006377,100.0,-672.9585434316664,-149.7718934563136,0.0,31.88252501429262,0.0,0.0,0.0,0.0,0.0,0.0,0.0,-1452.1808643442048,-691.7721583822031,100.0,1194.1930106363907,129.39411941046615,0.0,7.858916596633034,-1034.549704814306,2834.3800356006377,102.52165213390788,440.97290466968616,149.77189345632723,35.1837774594302,68.87616080700306,0.0,0.0,0.0,0.0,0.0,0.0,0.0,0.0
1802.5785061050328,2288.4326790336436,837.1211920314342,-1631.2845730125923,309.8595557077306,-85.01165196915963,1518.4779193541578,625.6099259066136,298.9893085759692,266.51279698959,-135.21994410258003,-3.5329452819817675,88.31329757585715,915.553120289418,-2907.966158456088,100.0,-595.9892424687035,-144.53381931017248,0.0,27.761940407154597,0.0,0.0,0.0,0.0,0.0,0.0,0.0,-1541.4943365023923,-625.6099259066139,100.0,-1173.5250775121494,135.2199441025732,0.0,11.680211399907696,-968.8919736932132,2907.966158456088,120.08121192701516,1974.054600891318,144.53381931019976,35.00876049977791,68.12747185071288,0.0,0.0,0.0,0.0,0.0,0.0,0.0,0.0
1895.7340717026666,2234.746605572671,792.6768016380252,-826.7371520828021,-1074.2803974456478,-92.50560616403334,1576.5484924991733,556.5873691358734,296.455691704369,1971.0137076870853,-140.83390924802757,-6.59492811172953,89.98951427544515,910.351722046449,-2978.876278607456,100.0,-520.9822747066067,-139.0692928486078,0.0,23.03788232726245,0.0,0.0,0.0,0.0,0.0,0.0,0.0,-1617.1379825299985,-556.5873691358736,100.0,718.1724999219443,140.83390924803098,0.0,10.850401064513093,-848.9504441450146,2978.876278607456,137.48547981496216,221.66121078298147,139.06929284862827,34.56301400771352,82.4231180350589,0.0,0.0,0.0,0.0,0.0,0.0,0.0,0.0
1966.8059649324796,2080.019776887618,744.8825971611492,-419.0186606659529,0.8635563495704446,-98.3912889962204,1583.6720928070813,484.8126310490727,292.40284488014913,374.3724016106705,-146.2272190133251,-9.605911083771161,81.83722554026842,798.1213356964246,-3046.999295684084,100.0,-573.3145380590531,-133.386875767917,0.0,20.20079782975281,0.0,0.0,0.0,0.0,0.0,0.0,0.0,-1582.8865090822007,-484.8126310490727,100.0,19.072903490324506,146.22721901332852,0.0,17.635466497431146,-840.9162741585291,3046.9992956840833,154.59986521984536,1571.4169795273835,133.38687576793063,33.84998502728095,83.60319696391437,0.0,0.0,0.0,0.0,0.0,0.0,0.0,0.0
1985.1620884290467,2028.3376585475023,694.5695125684853,-1112.7803153525076,841.1913139116677,-102.56637396313693,1658.8980902568103,410.3981666806708,286.86210955356387,63.40040000895556,-151.39142328286084,-12.542609683015371,85.7452524961213,745.0406802221055,-3112.2284760853067,100.0,192.8000268612169,-127.49547115050063,0.0,16.82899646738181,0.0,0.0,0.0,0.0,0.0,0.0,0.0,-1688.3500564842634,-410.398166680671,100.0,622.413855856588,151.3914232828472,0.0,29.097124150587916,-708.9616007290631,3112.2284760853063,171.2920192812062,-20.11691205405441,127.49547115049381,32.87518754982244,79.91791884018106,0.0,0.0,0.0,0.0,0.0,0.0,0.0,0.0
2008.7551776298276,1797.6490498131202,642.6122742304026,-718.7077640597954,-1339.4443019759683,-104.95827444146016,1666.4887219997427,333.4605669284956,279.8763333051272,-1695.2782110063026,-156.3184308982875,-15.38231384982879,74.49837611726115,618.0547165526272,-3174.4616202082375,100.0,-644.2032364892009,-121.40430951573308,0.0,17.966700187527973,0.0,0.0,0.0,0.0,0.0,0.0,0.0,-1662.8171797135547,-333.4605669284954,100.0,1225.1189481766778,156.3184308982909,0.0,27.513667525952695,-584.2714065489226,3174.461620208237,187.43285833542672,1255.8853922246367,121.40430951571943,31.646159873226622,78.81668476500167,0.0,0.0,0.0,0.0,0.0,0.0,0.0,0.0
2025.8083511567204,1734.2083469448376,589.9141932214218,1766.6500728115864,-191.11716383027783,-105.52540565379104,1753.573909469196,254.12037588176213,271.49953849696465,543.1403499123826,-161.00052233568363,-18.10306360133268,61.657719625793746,502.40661047213644,-3233.6012225717914,100.0,754.6988966695989,-115.12293435772108,0.0,9.215600370357189,0.0,0.0,0.0,0.0,0.0,0.0,0.0,-1755.722072941492,-254.1203758817619,100.0,-452.9387956596281,161.0005223356734,0.0,31.969916440100132,-508.8491846037059,3233.601222571791,202.89756214472777,-2369.2760336892998,115.12293435772108,30.172406306798507,87.88083811041358,0.0,0.0,0.0,0.0,0.0,0.0,0.0,0.0
1955.4603855867006,1613.4255033994357,537.3914606576241,-981.3632899882316,-1230.5145802601169,-104.25790764756186,1697.8681891464573,172.50190195532582,261.79650450741406,1009.5251593961871,-165.4303618001495,-20.683818852199067,65.40614259978922,359.7187987007169,-3289.554624586065,100.0,-530.9346989485002,-108.66118719286305,0.0,16.193503294588233,0.0,0.0,0.0,0.0,0.0,0.0,0.0,-1684.2463706654726,-172.5019019553256,100.0,1078.0583356813122,165.4303618001495,0.0,30.077182121763997,-443.47941347718586,3289.554624586066,217.56653915626814,269.51649542771435,108.66118719286987,28.465323672597407,90.78470496334384,0.0,0.0,0.0,0.0,0.0,0.0,0.0,0.0
1934.2183266518994,1356.4741114856859,485.9572191059843,763.6007336172088,-397.60758441273083,-101.17781671690864,1788.1063414279843,88.73302312607075,250.84226677953288,-1599.790375447236,-169.6010087195532,-23.104622121720553,72.19807196553579,382.6942071928042,-3342.234159727722,100.0,-779.7115509525378,-102.02919214029862,0.0,2.061193425963191,0.0,0.0,0.0,0.0,0.0,0.0,0.0,-1728.130902479901,-88.73302312607052,100.0,226.9418988881955,169.60100871954978,0.0,26.85927636439363,-349.71203378208673,3342.234159727722,231.32635132680807,1803.2644413432147,102.02919214029862,26.538113171606028,85.12869082889067,0.0,0.0,0.0,0.0,0.0,0.0,0.0,0.0
1986.9813242651444,1329.423024397115,436.50568699475843,-518.3166525858985,-972.4371701325981,-96.33868228702539,1748.0396961928436,2.9449865765921004,238.72153655746956,169.20457217788112,-173.50592861871974,-25.346752868868094,55.259959588178845,302.1182750321349,-3391.5572908939075,100.0,865.2394694638714,-95.23734005970937,0.0,10.673349313991686,0.0,0.0,0.0,0.0,0.0,0.0,0.0,-1778.4650539184984,-2.944986576591873,100.0,-614.1969812314005,173.50592861871291,0.0,47.33841729847037,-282.13958155239044,3391.5572908939075,244.07059136109157,1301.1663891381718,95.23734005970937,24.40567829626687,94.9356963463642,0.0,0.0,0.0,0.0,0.0,0.0,0.0,0.0
2027.0658450455903,1097.5995450702608,389.89661203258083,1193.8222569772188,-1145.1051593939485,-89.8246359219064,1795.704980474291,-84.72779693991765,225.52804579798868,846.148520298658,-177.13900335758012,-27.392872261874004,48.45420898637136,179.42142562276422,-3437.4467397195203,100.0,413.15942340244305,-88.29627227114315,0.0,6.73260075723174,0.0,0.0,0.0,0.0,0.0,0.0,0.0,-1829.4996739350506,84.72779693991629,100.0,30.392771101670633,177.13900335755966,0.0,47.671153175014844,-136.49574946488409,3437.4467397195194,255.70070558009067,297.8359418783549,88.29627227114315,22.084509578912872,95.71449233755688,0.0,0.0,0.0,0.0,0.0,0.0,0.0,0.0
1887.5510744014578,1014.8134490099866,346.94032392390034,6.068753088062522,-1284.729673787081,-81.7489286412183,1892.3245913329931,-174.14796369139526,211.36382232307642,588.6828576506275,-180.49454071686625,-29.227157262769765,45.898969216869695,-63.46720232816435,-3479.830607655202,100.0,385.6525668409219,-81.21686388245507,0.0,1.1469609433999342,0.0,0.0,0.0,0.0,0.0,0.0,0.0,-1761.4688343506468,174.14796369139594,100.0,636.5741991212963,180.49454071685773,0.0,49.33301887389212,-60.51211268253012,3479.8306076552026,266.1267560557126,-492.3903977936196,81.21686388245507,19.592557067257417,100.0,0.0,0.0,0.0,0.0,0.0,0.0,0.0,0.0
1832.3333708860514,879.7179997439823,308.3836462492246,1405.9467826479886,-2952.8236987375167,-72.25196197620875,1799.0254355445595,-265.17541218528925,196.33840081901258,1377.2810601964704,-183.56728331665408,-30.835422990017207,46.808437500165425,32.99757371360525,-3518.6424886163577,100.0,-24.221191345647757,-74.0102067503949,0.0,6.733049826787045,0.0,0.0,0.0,0.0,0.0,0.0,0.0,-1838.8091310298573,265.175412185288,100.0,321.2549961805644,183.56728331664556,0.0,57.12358746589269,82.76415437550328,3518.6424886163572,275.26811611823547,912.5760509209287,74.0102067503949,16.949091513210135,97.46936349254518,0.0,0.0,0.0,0.0,0.0,0.0,0.0,0.0
1768.0534442147887,551.6156421387379,274.8969124414744,424.3120689055502,-772.5315366194667,-61.49884699583737,1759.6756522470582,-357.66752267640766,180.56797578340442,386.1745993754016,-186.35241685340986,-32.20523241293421,39.943311859548245,-153.98435370657933,-3553.8215730267025,100.0,-1717.7939451233624,-66.68759210220287,0.0,12.58335345664279,0.0,0.0,0.0,0.0,0.0,0.0,0.0,-1752.8444056922942,357.66752267640845,100.0,11.138346911729968,186.35241685339452,0.0,62.828034144492825,80.84797153640403,3553.8215730267025,283.05409385797617,-96.44368704829162,66.68759210219605,14.174555348416504,100.0,0.0,0.0,0.0,0.0,0.0,0.0,0.0,0.0
1708.5995053956083,611.5827019398032,247.06231159432855,-1692.1098315211998,-1478.8468567012942,-49.67653374129867,1794.553552434839,-451.4793806203047,164.17450297060967,-865.7084182593599,-188.84557764295778,-33.325992529678246,35.71596326995724,-238.05458597759736,-3585.3127430933323,100.0,625.7417005445872,-59.260492844691726,0.0,8.676166966010806,0.0,0.0,0.0,0.0,0.0,0.0,0.0,-1752.2487241233885,451.4793806203038,100.0,219.45547335941342,188.84557764297313,0.0,57.59016870142849,210.68987048274082,3585.312743093332,289.4244787995342,455.5419437015911,59.260492844684904,11.290404598963448,94.51730827636187,0.0,0.0,0.0,0.0,0.0,0.0,0.0,0.0
1670.3721473763524,466.4818897028806,225.36376671840748,-2070.674545349175,-1624.7156225923197,-36.990560975444566,1735.5040719759297,-546.4640037221096,147.28475628424263,-572.0622834488256,-191.04285945743015,-34.18903628497404,34.38741221172365,-322.28286444340364,-3613.0666591640324,100.0,315.43619276806965,-51.74054558880243,0.0,24.26608415951188,0.0,0.0,0.0,0.0,0.0,0.0,0.0,-1705.76682950024,546.4640037221087,100.0,875.5908963837192,191.0428594574131,0.0,68.36105427852246,324.9575564883606,3613.0666591640324,294.3300075210717,636.5460252953949,51.74054558880243,8.318942961770404,84.37354654091105,0.0,0.0,0.0,0.0,0.0,0.0,0.0,0.0
1578.229952402606,125.13837034070127,210.17852141853643,421.1679786187915,1083.8532400623333,-23.66148275497835,1773.7301086296795,-642.4725722250555,130.02934740999956,936.941581169259,-192.94081964542102,-34.78768959413529,25.983198047543308,-309.1551827790262,-3637.0398370315274,100.0,-275.9510001876649,-44.139532417634655,0.0,14.900607200481627,0.0,0.0,0.0,0.0,0.0,0.0,0.0,-1755.42564300914,642.4725722250547,100.0,86.53550083083587,192.9408196454449,0.0,77.9632734995997,409.77317863597017,3637.039837031527,297.7327446179048,10.461020059819646,44.139532417634655,5.283149325784109,86.18107802075617,0.0,0.0,0.0,0.0,0.0,0.0,0.0,0.0
1388.935198127546,99.00251047065328,201.77058126328393,-825.8324614766616,449.0237922097412,-9.92103395178134,1682.1703187850835,-739.3546620779064,112.5417157701694,198.5632015996805,-194.53648452591437,-35.11732295505659,20.120660864645714,-559.931091480606,-3657.194716063552,100.0,1614.33853725644,-36.46936242650554,0.0,21.663360404703084,0.0,0.0,0.0,0.0,0.0,0.0,0.0,-1741.927249015239,739.3546620779056,100.0,-669.1661506439107,194.53648452589732,0.0,88.60450699041542,444.81099384317577,3657.194716063552,299.60637606434386,1240.268010257903,36.46936242650554,2.2065000717688577,87.96601336729,0.0,0.0,0.0,0.0,0.0,0.0,0.0,0.05261529589251448
1428.9999711779533,-13.103867388429585,200.2861238729215,-604.7123620926334,-2126.411789629585,3.9918986116379074,1647.2803519659426,-836.9584806159535,100.0,-451.1205045691895,-195.82735404726805,0.0,15.89007692512661,-555.7486435581112,-3673.499718052,100.0,1309.3009214859449,-28.742053064095217,0.0,9.474040910366634,0.0,0.0,0.0,0.0,0.0,0.0,0.0,-1694.521989952894,836.9584806159532,105.0429033892891,634.8407518975296,195.82735404729192,35.17538724904817,92.08710023072355,581.6129312796861,3673.499718052,299.9364127051556,660.0706947501806,28.742053064102038,-0.8872124750939747,79.96224170408767,0.0,0.0,0.0,0.0,0.0,0.0,0.0,0.06117642553970558
1268.6215988497645,-104.45958265502736,205.75095752447214,-820.6617522996362,-1609.1595895952623,17.835429368118128,1716.8739746744618,-935.1311043863275,100.0,-873.9183388341439,-196.8114057043806,0.0,9.204182623251267,-719.2380129693738,-3685.929296688945,100.0,315.327442974708,-20.969711303750955,0.0,16.82854014440438,0.0,0.0,0.0,0.0,0.0,0.0,0.0,-1675.8379654997013,935.1311043863273,122.58852479912407,-95.09837702627578,196.81140570439766,34.961433453667325,84.45655667721452,615.7956289415185,3685.929296688945,298.7203023030092,-367.58487824397207,20.969711303750955,-3.9740640358769497,85.68887677540292,0.0,0.0,0.0,0.0,0.0,0.0,0.0,0.07113055202541568
1186.5268791166486,-387.89306116515,218.07007245768364,1308.431911561479,-215.43428945699304,31.368879346972847,1578.174611187399,-1033.718718744999,100.0,-368.3268756841892,-197.4870977073533,0.0,15.185954482362234,-764.8407897646155,-3694.4639775920186,100.0,304.31985033369585,-13.164514674540442,0.0,28.030255249009336,0.0,0.0,0.0,0.0,0.0,0.0,0.0,-1600.158560030134,1033.7187187449988,139.95946476724276,625.9471870219897,197.48709770738742,34.4771161150922,87.18946454135624,777.4495556352416,3694.4639775920186,295.96744927542295,-485.04224894830713,13.164514674540442,-7.030183388981186,64.80308492096728,0.0,0.0,0.0,0.0,0.0,0.0,0.0,0.0827043323764731
1089.2487542154336,-493.23072371820547,237.02929268277273,-703.3028947435423,57.03223177868665,44.35696053765383,1590.0752789573858,-1132.5668588500816,100.0,374.6423841722333,-197.85337139731723,0.0,17.006472308506474,-865.1874069228625,-3699.0903888164303,100.0,67.1196940230476,-5.338692181815077,0.0,36.75291103675501,0.0,0.0,0.0,0.0,0.0,0.0,0.0,-1575.6166509227367,1132.5668588500814,157.02139044700783,769.9714977938629,197.85337139733429,33.72618055320913,80.14794730468473,906.8427194842908,3699.0903888164303,291.69914196858025,953.7315087429579,5.338692181815077,-10.031936970933089,67.59421099718702,0.0,0.0,0.0,0.0,0.0,0.0,0.0,0.09616130339314856
1001.2334390223932,-699.3182852594567,262.29899957216384,-1205.8656152989204,492.7860489837042,56.57386652796646,1474.4224005518759,-1231.520651673849,100.0,935.2209883982368,-197.9096529048877,0.0,4.533624713515403,-938.7865430827517,-3699.8012818058273,100.0,517.5807787183652,2.4954948529352805,0.0,39.76037155726893,0.0,0.0,0.0,0.0,0.0,0.0,0.0,-1534.8140548898896,1231.5206516738485,173.6423586591854,-853.2518101582457,197.90965290491158,32.71443389829855,91.97835989978034,920.9643881518698,3699.8012818058273,285.9483880304208,-861.6619266194948,-2.4954948529352805,-12.956111639304027,64.40197830795135,0.0,0.0,0.0,0.0,0.0,0.0,0.0,0.11180788242357734
852.199523157778,-789.058597048486,293.4398624991105,-1991.41159079215,300.7754798839727,67.8071982984477,1552.4126022381993,-1330.425058654286,100.0,337.22463390883263,-197.65585404951366,0.0,3.91682866135684,-1018.7956269607806,-3696.595542749171,100.0,-156.7179527532312,10.325772002861413,0.0,34.14585195641864,0.0,0.0,0.0,0.0,0.0,0.0,0.0,-1452.5245869420144,1330.4250586542862,189.69383623413086,-134.83662742342062,197.6558540494932,31.449700183409846,100.0,1090.323928530036,3696.595542749171,278.75965915609964,-637.8160740114686,-10.325772002861413,-15.780094184448501,57.28951342614499,0.0,0.0,0.0,0.0,0.0,0.0,0.0,0.1300003445350054
639.7897543200047,-978.3325985819708,329.9104768922418,80.53849895203541,-585.0392766557582,77.86165692026401,1413.1453975645088,-1429.1251186060013,100.0,120.83826808291406,-197.09237247745364,0.0,0.394520772724416,-1053.4304708700222,-3689.478194325828,100.0,-163.0557629405905,18.1398709670043,0.0,50.5345019206123,0.0,0.0,0.0,0.0,0.0,0.0,0.0,-1448.813980766266,1429.1251186060015,205.05169398370958,414.11100084171494,197.09237247745364,29.941759839557847,90.20646727422601,1129.0088040641592,3689.478194325828,270.1885471797472,-177.71322611413325,-18.1398709670043,-18.48204620183367,55.87271608548341,0.0,0.0,0.0,0.0,0.0,0.0,0.0,0.1511529349531471
586.2993001834815,-1036.1436399541906,371.07677691338586,-2090.104887424927,-953.4731335594495,86.562438956758,1386.881835746949,-1527.4661905098983,100.0,-617.6430987470712,-196.22009103893788,0.0,5.310721148960594,-1220.1914020826523,-3678.460387836153,100.0,1318.1559461759377,25.92554879205636,0.0,60.66488285266598,0.0,0.0,0.0,0.0,0.0,0.0,0.0,-1344.3700122465507,1527.4661905098988,219.59716661637543,-1029.7092429272425,196.22009103891742,28.20227406178276,90.4385616053827,1139.6116132811403,3678.460387836153,260.30133417203643,192.81963875832162,-25.92554879204954,-21.041072972654433,50.292166406458435,0.0,0.0,0.0,0.0,0.0,0.0,0.0,0.1757473014911758
444.16446249841454,-1331.679182006872,416.22305911302175,-558.29231215682,538.2773077698164,93.75827553717244,1303.8392302317275,-1625.2941958012273,100.0,11.178374950401349,-195.04037640471438,0.0,15.442418836348747,-1158.0049578185042,-3663.559385729881,100.0,-843.715043987188,33.67060705428685,0.0,58.2009439320962,0.0,0.0,0.0,0.0,0.0,0.0,0.0,-1248.2722900755448,1625.2941958012275,233.21777117219546,386.15625120159166,195.04037640473143,26.24469463085333,94.87718535091516,1231.6996956252906,3663.559385729881,249.17447986808122,-873.0126663862927,-33.67060705428685,-23.437385046752013,55.7835322434113,0.0,0.0,0.0,0.0,0.0,0.0,0.0,0.2043434617462395
304.8113824062699,-1459.2197611300014,464.5644254097882,-37.272025370856454,236.71001503051798,99.3240622664058,1184.4196172618354,-1722.4558597763883,100.0,245.00942458138297,-193.5550769249869,0.0,24.25681522859236,-1283.9096597709552,-3644.798534559712,100.0,-636.5872195365455,41.36291097176809,0.0,57.333426055063484,0.0,0.0,0.0,0.0,0.0,0.0,0.0,-1229.9479365475656,1722.455859776387,245.8081768753876,657.4854740860087,193.55507692496985,24.08415988804407,93.2318072636824,1293.7767106046283,3644.798534559712,236.8940303894793,-104.31342725257082,-41.36291097177491,-25.65245127826188,36.5201559062343,0.0,0.0,0.0,0.0,0.0,0.0,0.0,0.23759255478829303
195.01306286105924,-1501.5198894403984,515.2604290645951,273.9016447023829,-1139.9191323265472,103.16303424794569,1241.0976613214036,-1818.7989517402693,100.0,780.5658917979963,-191.7665197333372,0.0,12.155758785093667,-1408.1827540247282,-3622.2072284024634,100.0,1259.4248453814703,48.9904084169234,0.0,62.03353611125345,0.0,0.0,0.0,0.0,0.0,0.0,0.0,-1200.1591029058382,1818.7989517402702,257.2710196776318,891.0498878155329,191.76651973333037,21.737377667402882,100.0,1317.2131273718314,3622.207228402463,223.55495283297228,250.88054329949273,-48.9904084169234,-27.66914213056097,39.83284788396054,0.0,0.0,0.0,0.0,0.0,0.0,0.0,0.2762516676992083
111.79396130086784,-1657.792504840167,567.4296864050208,-56.5309365456077,-444.4798581733494,105.20844840581731,1078.9941753804853,-1914.1725235178505,100.0,-247.19749467035967,-189.67750710070277,0.0,12.93883865404811,-1425.779001648679,-3595.8208628050943,100.0,649.7043923025353,56.541148799437906,0.0,74.51189327910826,0.0,0.0,0.0,0.0,0.0,0.0,0.0,-1053.7752067264416,1914.1725235178492,267.5176551931314,305.41059615866175,189.6775071006823,19.222496090834227,95.67841691233949,1512.3435035479752,3595.8208628050943,209.2604008714738,-1312.356216627885,-56.541148799437906,-29.471862142292622,26.502478665897648,0.0,0.0,0.0,0.0,0.0,0.0,0.0,0.3212010745647914
-35.038945448288274,-1861.1225133157047,620.1652002654628,-1503.7331426531327,855.2432436283823,105.42474385726848,947.6921184665516,-2008.427145956386,100.0,-479.4435232263214,-187.2913120447447,0.0,9.350509510982162,-1472.7792578669162,-3565.680779327763,100.0,999.3798661807512,64.00330179026923,0.0,74.32741360488342,0.0,0.0,0.0,0.0,0.0,0.0,0.0,-1078.3817508403895,2008.427145956387,276.4688442028357,-646.7243280666526,187.29131204472424,16.55896322515332,80.0502641513836,1507.267667465373,3565.6807793277626,194.1209170467185,736.3392741300368,-64.00330179026241,-31.046670530098197,23.259894814172767,0.0,0.0,0.0,0.0,0.0,0.0,0.0,0.37346428045426916
-158.50223315533935,-1960.0073579412272,672.5501287348718,-842.6478538182821,356.3777264170551,103.80816016231165,988.6125897115602,-2101.4151430476204,100.0,-378.39826364313467,-184.61167320185268,0.0,14.960329969223524,-1433.4182730626824,-3531.8342007708093,100.0,-922.1723660072746,71.36517585705178,0.0,82.0815369655431,0.0,0.0,0.0,0.0,0.0,0.0,0.0,-933.0418321018254,2101.415143047619,284.0553654266835,-127.09831247645354,184.61167320183904,13.767376686415389,84.01801900619064,1516.9781691042808,3531.8342007708097,178.2535779223544,-1131.919172662424,-71.36517585705178,-32.38138899539052,11.727770214951132,0.0,0.0,0.0,0.0,0.0,0.0,0.0,0.43423132679181164
-359.20435901742474,-2064.4719188518334,723.6737250619192,-219.41492186129494,-2959.1977133239025,100.38680270146187,815.5211781684128,-2192.99082330321,100.0,-119.56375157328978,-181.6427889694819,0.0,10.325529398576577,-1589.230852052914,-3494.334157187138,100.0,699.0681352234822,78.61523658220449,0.0,73.43924256556556,0.0,0.0,0.0,0.0,0.0,0.0,0.0,-879.9220116442544,2192.9908233032093,290.21855082518215,95.96874512138527,181.64278896948872,10.869324354550827,85.21793308952971,1545.2134637965735,3494.334157187138,161.78108870817667,-970.9332608034276,-78.61523658220449,-33.46569590149997,19.59590478722314,0.0,0.0,0.0,0.0,0.0,0.0,0.0,0.5048858887870696
-477.75001196879714,-2179.164867100162,772.6471715917666,-1145.5534013861093,930.7874005270378,95.22015404509432,766.9796810831268,-2283.0107080208536,100.0,1002.0313158933556,-178.3893109282826,0.0,26.471062714968582,-1589.676272648251,-3453.239402795932,100.0,-964.6352726056739,85.742124734752,0.0,95.30071040988702,0.0,0.0,0.0,0.0,0.0,0.0,0.0,-856.30886744134,2283.0107080208536,294.9107392907317,-780.3198115137434,178.38931092829625,7.88721743011962,79.124406500577,1640.7559268191305,3453.239402795932,144.83083435695139,424.6468745028824,-85.74212473475882,-34.2912060929109,16.097877278005857,0.0,0.0,0.0,0.0,0.0,0.0,0.0,0.5870367819374844
-561.3288544234159,-2301.0862966588875,818.6190324509361,-1719.9593306713741,-1535.7560996323605,88.39803980936722,731.027440996842,-2371.3337560834707,100.0,-649.4554954246041,-174.85633655391666,0.0,28.828968135085272,-1645.4904506979462,-3408.614323927876,100.0,-518.5695811167625,92.73467406769441,0.0,84.79507767252551,0.0,0.0,0.0,0.0,0.0,0.0,0.0,-690.8133797287755,2371.3337560834716,298.0956452202105,-76.07624280028347,174.8563365538962,4.844117124132765,77.7620566545564,1676.311000756883,3408.6143239278754,127.53389447187774,258.55942691694963,-92.73467406768759,-34.851535739249115,4.290102953587754,0.0,0.0,0.0,0.0,0.0,0.0,0.0,0.682554595010387
-642.6978898670711,-2361.63519011407,860.7900563251019,533.6897118121715,-948.6752925408405,80.03906697838545,617.2972727185529,-2457.821584939228,100.0,-633.0852489029792,-171.04940123066172,0.0,30.093917915443775,-1687.2866239995487,-3360.5288381461073,100.0,-519.6344382863242,99.58192881306786,0.0,92.70453846044856,0.0,0.0,0.0,0.0,0.0,0.0,0.0,-565.1960129309867,2457.821584939227,299.7486391185787,648.5068975066207,171.04940123066854,1.7635563212513716,82.13749138310907,1653.1925854282413,3360.528838146108,110.024029642604,-28.23338650233495,-99.5819288130815,-35.14235170272812,16.33163088387611,0.0,0.0,0.0,0.0,0.0,0.0,0.0,0.7936142836436554
-826.8151472342756,-2504.422201259808,898.427071973684,100.3081475779561,618.7640162973162,70.2885618429741,491.5802904625472,-2542.3386874161943,100.0,561.8221949137203,-166.974469578563,0.0,36.32499467961921,-1762.794186207021,-3309.058284700963,107.56335295134639,778.443297761662,106.27316084717222,35.16140504711686,90.64426574900104,0.0,0.0,0.0,0.0,0.0,0.0,0.0,-524.4804490736002,2542.338687416195,299.85693806353925,67.21216599280524,166.9744695785289,-1.330642404578839,67.36811749218096,1726.4111668894698,3309.0582847009628,100.0,1764.6784304433663,-106.2731608471654,0.0,9.553588939444031,0.0,0.0,0.0,0.0,0.0,0.0,0.0,0.9227446944279201
-863.3614330317836,-2657.608839936837,930.8757348984998,1285.592227741705,-397.985248424211,59.31604340672152,429.3398955323257,-2624.7526440319034,100.0,-473.0365829867412,-162.6379261082934,0.0,26.40449010037572,-1759.0561610645082,-3254.2833064901492,125.09224667054728,462.4005287837315,112.79788649919283,34.90854842921699,99.46532800976581,0.0,0.0,0.0,0.0,0.0,0.0,0.0,-462.47840699489257,2624.7526440319034,298.4197045583538,236.26429192611425,162.6379261083207,-4.414551014710639,60.12017637292626,1806.8575323211808,3254.2833064901492,100.0,206.9710620751323,-112.79788649920647,0.0,3.256409427764437,0.0,0.0,0.0,0.0,0.0,0.0,0.0,0.0
-1052.9901253197174,-2699.3355817702295,957.5719035571785,442.04249034859345,-198.87605739512537,47.31227618550008,282.81451564875726,-2704.9343304652084,100.0,-371.4175064325778,-158.04656521795778,0.0,40.636172333846716,-1769.6032693994982,-3196.28972370927,142.42709718138062,648.3413179463912,119.1458829766816,34.385737238270195,92.49445186276019,0.0,0.0,0.0,0.0,0.0,0.0,0.0,-271.33440357096225,2704.934330465208,295.4480530083676,1742.3321830248676,158.0465652179373,-7.464321045955558,59.69572433910843,1703.4520723976825,3196.289723709271,100.0,527.7972173587568,-119.14588297666114,0.0,2.204130015076003,0.0,0.0,0.0,0.0,0.0,0.0,0.0,0.0
-1188.969581679625,-2769.0293043355114,978.0514473383171,-1904.5815067031344,134.7111808849695,34.485953639822355,262.88392097992096,-2782.7581198653343,100.0,-28.20574003253668,-153.20758054786438,0.0,46.703965610516555,-1822.569080122123,-3135.1683993906972,159.43385072397925,849.2362154847024,125.30720438252956,33.59701447458136,100.0,0.0,0.0,0.0,0.0,0.0,0.0,0.0,-231.30159250258248,2782.7581198653343,290.9649637711582,-2.3967988046352673,153.20758054787802,-10.456368035376329,49.06293914123375,1804.6943956039406,3135.1683993906972,100.0,-399.3978790542769,-125.30720438253638,0.0,0.388248164274426,0.0,0.0,0.0,0.0,0.0,0.0,0.0,0.0
-1274.1457417552008,-2853.0551421602568,991.9583157802206,-2310.7506359355048,-1042.4772913904826,21.060069900459553,82.12785695126504,-2858.1020796811913,100.0,-364.43985428696465,-148.1285537096005,0.0,53.34186124712318,-1736.7732684877558,-3071.015097041419,175.9809907759427,1128.8799150956822,131.27219729783064,32.548479484198225,92.88655559411559,0.0,0.0,0.0,0.0,0.0,0.0,0.0,-149.5808773551229,2858.102079681191,285.0051054449745,493.33913982854796,148.12855370958005,-13.367553903507314,45.73013139083196,1734.6360101441985,3071.015097041419,100.0,-29.628622391570616,-131.27219729782382,0.0,12.202154086865411,0.0,0.0,0.0,0.0,0.0,0.0,0.0,0.0
-1272.3236256247308,-3082.8935691080833,999.0507287445043,-266.3951712200537,295.06337612161815,7.26804286750621,46.71086653138901,-2930.8481627025303,100.0,642.3093934665344,-142.8174424073859,0.0,63.27631444030626,-1791.5120662287682,-3003.930330602952,191.9405550951029,-604.3583331883929,137.0315159067627,31.248240791491355,98.70637162159534,0.0,0.0,0.0,0.0,0.0,0.0,0.0,-44.061827863395315,2930.848162702531,277.61456676974547,-764.2676133278446,142.81744240740636,-16.17536588561279,37.60966122179418,1834.6616377189164,3003.930330602951,100.0,-364.5609030016351,-137.03151590678317,0.0,6.284194666478059,0.0,0.0,0.0,0.0,0.0,0.0,0.0,0.0
-1439.6481033102318,-3065.612581761492,999.2053799242776,137.06599185632967,-135.0382737252562,-6.6503439147811605,-80.33744598793427,-3000.8823920136447,100.0,-314.7033018688006,-137.28256797021686,0.0,54.99232020931255,-1791.966611369309,-2934.0192069683694,207.1891252763528,-217.72169667072717,142.57613663934535,29.70635339436086,94.52140713371999,0.0,0.0,0.0,0.0,0.0,0.0,0.0,65.07144314189408,3000.8823920136447,268.8505002139181,88.09920788028572,137.28256797020322,-18.858090627256274,45.725235964874976,1819.7942977496257,2934.01920696837,100.0,-167.77963809849666,-142.5761366393317,0.0,15.83155903734556,0.0,0.0,0.0,0.0,0.0,0.0,0.0,0.0
-1531.2091381914556,-3063.6580857543267,992.4195806061321,359.83937553851206,-1739.4365167332853,-20.45311005402141,-73.42419671393618,-3068.095039569813,100.0,788.1756713350757,-131.53260231397553,0.0,68.82221567658634,-1762.4143902691862,-2861.391261303207,221.6087811701002,1516.394072723573,147.89737230935316,27.93474100698745,88.08827252711066,0.0,0.0,0.0,0.0,0.0,0.0,0.0,236.07628300642438,3068.0950395698123,258.7806800033388,221.13637549428915,131.532602313996,-21.39498209788968,27.949554444928353,1799.6218616610547,2861.391261303207,100.0,254.887836863345,-147.89737230935316,0.0,7.0278125592758665,0.0,0.0,0.0,0.0,0.0,0.0,0.0,0.0
-1653.275414127288,-3167.559707181634,978.8113064152091,1306.4318932295123,353.77882275749926,-33.900285299460506,-237.6751893666158,-3132.38079811672,100.0,-1307.3521079334378,-125.57655435469769,0.0,87.92716742107878,-1831.9333421570504,-2786.1602854282382,235.08801278164756,-176.82233851388446,152.9868857252086,25.947103851441966,94.29918592597198,0.0,0.0,0.0,0.0,0.0,0.0,0.0,244.20076607112748,3132.3807981167197,247.48297801002468,985.4688025554805,125.57655435468405,-23.7664220239175,32.396242858360694,1778.7839006470854,2786.1602854282382,100.0,-702.3568719844661,-152.98688572519495,0.0,13.784601941257625,0.0,0.0,0.0,0.0,0.0,0.0,0.0,0.0
-1752.3020394538364,-3306.433502317988,958.617146230652,-2668.3951954050076,-218.4815888048024,-46.75808158403868,-302.6869721686102,-3193.6389461834788,100.0,-283.5545973637352,-119.42375589343555,0.0,81.66971438365776,-1769.35494607924,-2708.44414953303,247.52258259960033,-569.1060859620404,157.83670275253826,23.758812711209032,93.39991251751248,0.0,0.0,0.0,0.0,0.0,0.0,0.0,346.4461090071047,3193.638946183479,235.04476155387925,565.8896341402103,119.42375589343555,-25.95407160061555,25.492333110894627,1795.5380875560227,2708.44414953303,100.0,-1241.470360670429,-157.83670275254508,0.0,15.66449981893845,0.0,0.0,0.0,0.0,0.0,0.0,0.0,0.0
-1732.5523040349801,-3354.9371439250554,932.1881889309083,536.890441954389,1459.8765195906867,-58.80295758515558,-434.7790504561714,-3251.77350589075,100.0,-863.2708012090387,-113.08384699552562,0.0,74.18259568986156,-1700.387898136423,-2628.364617499602,258.8163316847521,-287.701449677661,162.43922480787433,21.386790065943444,84.4566363444227,0.0,0.0,0.0,0.0,0.0,0.0,0.0,437.2787982409873,3251.773505890749,221.56221777426913,-1000.2890491649837,113.08384699552562,-27.941013309680045,9.678153305896535,1744.652193814412,2628.364617499602,100.0,-2097.3761043550917,-162.43922480788115,0.0,20.789694158720625,0.0,0.0,0.0,0.0,0.0,0.0,0.0,0.0
-1917.3776970122717,-3389.689125287345,899.9839194805481,-113.16328537933941,255.62899139486035,-69.82550513886622,-544.1235574275187,-3306.6933933267073,100.0,-1395.2588451371741,-106.56676088668291,0.0,78.44165901572674,-1755.1386382236703,-2546.04715612552,268.88192328580453,2054.239538039441,166.78724076385606,18.849379226644203,81.95279601616832,0.0,0.0,0.0,0.0,0.0,0.0,0.0,473.95578248243095,3306.693393326708,207.13960979622638,1378.738235488722,106.56676088668974,-29.71188174563565,16.197484832400377,1721.7783864369578,2546.047156125521,100.0,-645.3806464129445,-166.78724076385606,0.0,20.14118575559181,0.0,0.0,0.0,0.0,0.0,0.0,0.0,0.0
-1862.762026010585,-3363.2902305465113,862.5642304791752,-1643.9428275090438,-1026.9969358118328,-79.63408993987457,-608.9923484479028,-3358.312561255252,100.0,-693.6279505413171,-99.88270838983681,0.0,90.71920314891615,-1704.101186202367,-2461.620738545382,277.64151823139775,1522.877883455817,170.87393824748005,16.16620248328104,76.01109767051764,0.0,0.0,0.0,0.0,0.0,0.0,0.0,577.4593811492492,3358.3125612552512,191.88847044348898,223.3451596754776,99.88270838982316,-31.252982439537078,21.456344133643334,1728.0187592265002,2461.6207385453827,100.0,454.6542005827109,-170.87393824748005,0.0,23.1209373785789,0.0,0.0,0.0,0.0,0.0,0.0,0.0,0.0
-1895.636912610045,-3444.5585473363894,820.5796880569626,71.7463392779598,-2120.1207794385437,-88.05818323107417,-682.0488866980184,-3406.550133932871,100.0,184.95110753093286,-93.04216192708054,0.0,85.81957879177165,-1689.294191857676,-2375.2176421586028,285.0273768755145,941.9281306899552,174.69291431373222,13.358009361824656,63.93345904266425,0.0,0.0,0.0,0.0,0.0,0.0,0.0,688.2923080816614,3406.5501339328716,175.92673973355045,-1028.249888405489,93.04216192707372,-32.552397760925516,13.57287546992151,1651.8124857712867,2375.2176421586028,100.0,211.84938033950175,-174.69291431373904,0.0,37.609948377922755,0.0,0.0,0.0,0.0,0.0,0.0,0.0,0.0
-1922.9656185055428,-3466.0228584553147,774.7602213506739,-807.5537418251542,278.4097510699462,-94.95132655919463,-798.1475007502914,-3451.3305338229234,100.0,1164.1267243092288,-86.05583911176154,0.0,92.76104717743034,-1668.8198175556083,-2286.973241380207,290.98238294129555,556.4527544573593,178.23818547738483,10.446516164136028,74.40661796614881,0.0,0.0,0.0,0.0,0.0,0.0,0.0,806.3864380631467,3451.3305338229225,159.37785282463784,297.3175756093241,86.05583911177519,-33.60007907920689,8.560814890489551,1685.1247628898523,2286.9732413802076,100.0,429.355437514987,-178.23818547739165,0.0,34.084490849052656,0.0,0.0,0.0,0.0,0.0,0.0,0.0,0.0
-1895.7234089702083,-3447.7669448238053,725.9024322011354,-599.0044790484308,2314.803468282771,-100.19367805226125,-852.6015160381103,-3492.5836000088098,100.0,-1628.122113278688,-78.93468595625791,0.0,89.32116712924356,-1539.0380966237387,-2197.025795539235,295.46048521228244,167.30924896357692,181.50419708777463,7.454238031585021,69.48272476634072,0.0,0.0,0.0,0.0,0.0,0.0,0.0,826.3333602099162,3492.58360000881,142.36978546770248,394.65798328859876,78.93468595625109,-34.38792447160694,2.6575343807722236,1538.6407131479043,2197.025795539235,100.0,665.487387497601,-181.50419708777463,0.0,27.536956983566736,0.0,0.0,0.0,0.0,0.0,0.0,0.0,0.0
-2022.4252287590568,-3456.84063976813,674.8557457015035,-763.0186903225774,-107.54833023790525,-103.6940959499924,-900.6324999001545,-3530.244698120512,100.0,1365.967432835169,-71.68985972209839,0.0,96.84836302730189,-1515.0909819912833,-2105.516232257183,298.4270536554028,-909.8133572522886,184.48583203197813,4.404314831114959,65.29904017211966,0.0,0.0,0.0,0.0,0.0,0.0,0.0,999.0658021007561,3530.2446981205117,125.03406434512549,126.7780214243129,71.68985972209157,-34.90984137696543,4.233346834303847,1519.484930712403,2105.5162322571837,100.0,-154.26184754547648,-184.4858320319713,0.0,39.864104482441306,0.0,0.0,0.0,0.0,0.0,0.0,0.0,0.0
-2055.1911571604865,-3503.376172511259,622.5076423782183,-706.6080510094696,167.2404323617502,-105.39172316387862,-1044.409994824997,-3564.2548216022587,100.0,1206.4027687514294,-64.33271143896718,0.0,89.22241479566097,-1431.6343703338412,-2012.5879266457703,299.85914722173015,453.0252754529249,187.17841875173917,1.3203322101517756,49.380843261996496,0.0,0.0,0.0,0.0,0.0,0.0,0.0,1108.8999110884943,3564.2548216022587,107.5047499493836,434.9970443967345,64.33271143896036,-35.16179371066407,10.695326171461263,1443.9543293940133,2012.5879266457705,100.0,-128.09790146743126,-187.17841875174258,0.0,54.8831059892727,0.0,0.0,0.0,0.0,0.0,0.0,0.0,0.0
-2016.0019873557853,-3526.4709792425565,569.7682287530022,-889.6297417626954,-2384.115928858107,-105.25704531802944,-1104.6658331804394,-3594.5606841626586,110.0826001327312,976.1946241097507,-56.874768120219414,35.14183307645851,95.28298010863668,-1432.222560285521,-1918.3864766700872,299.745691254063,-163.18574942061332,189.57773856329595,-1.7738607957781483,46.73903165379388,0.0,0.0,0.0,0.0,0.0,0.0,0.0,1063.80678545307,3594.560684162658,100.0,-58.54558021671551,56.874768120226236,0.0,7.497910319395623,1422.3489770519618,1918.3864766700872,100.0,1090.8307075990137,-189.57773856329595,0.0,45.972547631590785,0.0,0.0,0.0,0.0,0.0,0.0,0.0,0.0
-1993.2708545668756,-3532.10983733813,517.5544145369016,-463.15975256572415,-1569.3115606320634,-103.29240387617347,-1081.343065325705,-3621.11480326246,127.5919795132136,318.83974507690255,-49.327714702587855,34.85011383380261,88.26677690688176,-1414.296356609464,-1823.0594750289729,298.0875631293959,242.9294263623865,191.68003226656083,-4.85433619225887,30.46487128330609,0.0,0.0,0.0,0.0,0.0,0.0,0.0,1127.0706094788934,3621.11480326246,100.0,-1466.3781633213705,49.327714702587855,0.0,0.0,1369.0729494836976,1823.0594750289733,100.0,-124.38691823591057,-191.68003226656424,0.0,58.72942593045035,0.0,0.0,0.0,0.0,0.0,0.0,0.0,0.0
-1980.7793324158065,-3436.509216181865,466.7739715463769,-1227.8598557983707,2134.021449361678,-99.5319554338181,-1206.7278607142418,-3643.875574509115,144.88798476660978,-938.4765651419957,-41.70337573847746,34.28889190415816,92.69775902355853,-1245.0202894578667,-1726.7562779101395,294.89758547399344,-20.488276221220758,193.48200603549458,-7.89727206581091,33.35603947353889,0.0,0.0,0.0,0.0,0.0,0.0,0.0,1287.5726125108297,3643.875574509115,100.0,-541.1414071770525,41.70337573847746,0.0,5.487337079433744,1266.0895083982653,1726.75627791014,100.0,372.4510947099566,-193.48200603549458,0.0,61.667735472135774,0.0,0.0,0.0,0.0,0.0,0.0,0.0,0.0
-2001.995487093614,-3426.95240747696,418.3097514877485,-936.4569668775232,-761.8448335692824,-94.04107788305453,-1309.391557871023,-3662.807336841599,161.83686253095976,968.532585837205,-34.01369686952421,33.462507325515816,94.54947210880702,-1280.4325719456508,-1629.6277709822673,290.20042700353537,-1180.4743097520839,194.98083657825987,-10.87913680336186,34.30964392396272,0.0,0.0,0.0,0.0,0.0,0.0,0.0,1304.0859228265647,3662.8073368415985,100.0,1032.8597139657336,34.01369686952421,0.0,3.0356378921919145,1219.8867483591828,1629.6277709822675,100.0,-1182.7417798008332,-194.98083657826328,0.0,70.55093921043432,0.0,0.0,0.0,0.0,0.0,0.0,0.0,0.0
-1924.5278128795812,-3545.7013700268863,373.0043369942976,584.3235101806897,306.4164423515581,-86.91523377461323,-1319.2519691250677,-3677.8804284033563,178.30754384847705,-343.33920556572707,-26.27072611049016,32.377350690039606,99.75135006961341,-1167.4970418730547,-1531.8261329907577,284.03241175515484,-57.45932238080968,196.17417556123655,-13.776871066770582,32.245840691987055,0.0,0.0,0.0,0.0,0.0,0.0,0.0,1407.4864724310446,3677.8804284033563,100.0,525.8853084727843,26.27072611049016,0.0,6.260446391918216,1242.1017644130593,1531.826132990758,100.0,-382.92222055377124,-196.17417556123655,0.0,71.20104535599316,0.0,0.0,0.0,0.0,0.0,0.0,0.0,0.0
-1815.8210332889548,-3311.584574884133,331.64539276793676,-1652.7595285195423,-409.98251782476245,-78.27831063803956,-1392.2118321431706,-3689.0712330158235,194.1726577472113,-153.68488865985114,-18.486594972621333,31.041813724387737,84.60274646484098,-1103.4444589464563,-1433.5045973275217,276.44123818661734,277.8721042320427,197.06015328779586,-16.56806611517652,25.950886811359762,0.0,0.0,0.0,0.0,0.0,0.0,0.0,1469.4569339498912,3689.0712330158235,100.0,851.0477827725072,18.486594972621333,0.0,14.726708928509547,1052.4728120278114,1433.5045973275219,100.0,1697.7605602590575,-197.06015328779245,0.0,74.43639367188518,0.0,0.0,0.0,0.0,0.0,0.0,0.0,0.0
-1776.9071070967982,-3316.676282497572,294.9519715055592,-318.2746271233725,-33.09465647511615,-68.28046711468858,-1475.0948334414563,-3696.362217179724,209.30951622546803,705.2742921466074,-10.673499456338504,29.466224394841447,90.45954890232136,-969.090403180579,-1334.8172119483702,267.48561031489885,782.5898612830093,197.63738162822165,-19.23113709610874,23.08012658825147,0.0,0.0,0.0,0.0,0.0,0.0,0.0,1492.041027681925,3696.362217179724,100.0,-143.90457131419907,10.673499456338504,0.0,20.30432565631378,999.2971483532727,1334.8172119483704,100.0,558.3531788696325,-197.63738162822165,0.0,79.74498592216347,0.0,0.0,0.0,0.0,0.0,0.0,0.0,0.0
-1708.4599277585987,-3275.985597595544,263.5620126906442,131.79539074267382,-1609.361788767776,-57.09552235019544,-1507.4787441427798,-3699.7419575461577,223.60106302191315,2367.8281762060724,-2.8436809427762455,27.66276703916219,78.67996927698643,-911.9085837135688,-1235.9185980141651,257.2347837466412,-244.80730103588883,197.90495619409398,-21.745489965359468,21.018532303835265,0.0,0.0,0.0,0.0,0.0,0.0,0.0,1572.1689414356856,3699.7419575461577,100.0,-1864.2854582858627,2.8436809427762455,0.0,2.346960761819055,950.2245382476355,1235.9185980141656,100.0,-385.48915915276893,-197.90495619409398,0.0,86.36285981515604,0.0,0.0,0.0,0.0,0.0,0.0,0.0,0.0
-1682.2437770067854,-3241.117008197414,238.02125159191007,-1203.7234439343024,1521.5932662387513,-44.917934033142046,-1579.6181653400324,-3699.205158814445,236.9367788343362,-988.5273298717482,4.990592985686817,25.6453881427322,67.38000920220003,-833.1449907263343,-1136.963707633886,245.768030111119,173.13879901174516,197.86245775574002,-24.091680744705997,10.661208643746438,0.0,0.0,0.0,0.0,0.0,0.0,0.0,1563.0084663626642,3699.205158814445,100.0,558.8023169541566,-4.990592985686817,0.0,17.179650148393698,910.1696555751071,1136.9637076338863,100.0,-355.20859739380114,-197.86245775574002,0.0,85.16323777763976,0.0,0.0,0.0,0.0,0.0,0.0,0.0,0.0
-1551.7774765352692,-3218.872990168363,218.77373129344113,-128.08888342043133,2383.1053153749485,-31.959417619174246,-1655.2618973868416,-3694.7526620286835,249.2135359868419,-1641.0423396822478,12.817047766063752,23.42968848769047,72.94493964710217,-720.7689917456163,-1038.107581089176,233.1740240373604,-301.72518524112945,197.50995289871753,-26.251565885985144,12.485991925421134,0.0,0.0,0.0,0.0,0.0,0.0,0.0,1601.0295451674172,3694.7526620286835,100.0,-412.91150560605047,-12.817047766063752,0.0,21.137404344833648,910.3307931332009,1038.1075810891762,100.0,-1164.0715822141483,-197.50995289871753,0.0,87.90738848268307,0.0,0.0,0.0,0.0,0.0,0.0,0.0,0.0
-1560.6752767548392,-3126.0986201378864,206.15408271094486,-2515.7248504169866,-942.3086667779239,-18.445265517200653,-1664.6038720088413,-3686.391443260021,260.33639593616243,-652.4753924373692,20.62342108621351,21.032802509044473,60.20282432245434,-708.5383503762773,-939.5051039207274,219.55015741604942,401.32919299730077,196.84799391968397,-28.208442578632713,0.0,0.0,0.0,0.0,0.0,0.0,0.0,0.0,1608.036928285031,3686.3914432600204,100.0,-184.3076769426557,-20.623421086220333,0.0,35.86369696871779,663.7054361612117,939.5051039207276,100.0,362.0319541557757,-196.84799391968568,0.0,94.81245681534234,0.0,0.0,0.0,0.0,0.0,0.0,0.0,0.0
-1505.9643639087813,-3055.3609461894625,200.38170681117293,695.0055996697802,-621.2550284211511,-4.610430231380747,-1676.1498234277071,-3674.1346026767033,270.21934344981855,348.5551006076446,28.39748209717527,18.473265790771336,61.54483724039552,-586.165741819457,-841.3107642571493,205.00178624915253,489.1014408191745,195.87761796088728,-29.94717791578978,11.411201156247802,0.0,0.0,0.0,0.0,0.0,0.0,0.0,1707.9334992434474,3674.1346026767037,100.0,-384.1791904796469,-28.39748209717527,0.0,32.77241771292644,596.3574723928132,841.3107642571497,100.0,-281.3494774495524,-195.87761796088557,0.0,91.94533905618272,0.0,0.0,0.0,0.0,0.0,0.0,0.0,0.0
-1322.531269912705,-3047.05704524759,201.55696018049048,293.48687695504395,811.8338447156748,9.30456044413205,-1719.8341387883008,-3658.0013440190287,278.7859517785893,-193.17716852541253,36.12705057619223,15.770871726556948,57.47623953067714,-538.0371647771741,-743.6784107664319,189.64141591153,-854.3744081520604,194.6003453855326,-31.454325919989543,1.8808141540804004,0.0,0.0,0.0,0.0,0.0,0.0,0.0,1656.3305433604705,3658.0013440190287,100.0,762.573925783837,-36.12705057619223,0.0,45.19533441342777,446.68047955636143,743.6784107664321,100.0,2146.302613757387,-194.6003453855343,0.0,100.0,0.0,0.0,0.0,0.0,0.0,0.0,0.0,0.0
-1243.1660359531631,-2920.7119111849734,209.659410259011,1035.654113250224,-2199.4747253698483,23.05778516053067,-1707.3567938884153,-3638.016944511361,285.96997367938127,-1574.2405325492132,43.800016010370655,12.94651845363802,52.85033657186815,-410.40158593865397,-646.7610116093717,173.5878311250591,453.31113132237306,193.01817739527678,-32.71823152351061,8.141310294047596,0.0,0.0,0.0,0.0,0.0,0.0,0.0,1777.0918739323802,3638.0169445113615,100.0,773.4505525943598,-43.800016010377476,0.0,42.78870441571105,441.5956196279298,646.761011609372,100.0,-906.2618251058902,-193.01817739527507,0.0,96.97322695090548,0.0,0.0,0.0,0.0,0.0,0.0,0.0,0.0
-1125.1871852065226,-2796.2485452067353,224.54819057421253,3700.82577343508,630.0085510554277,36.41013497757456,-1753.5601827136916,-3614.212715258348,291.71585371800336,106.97128077289676,51.40435657121998,10.02204724345603,47.045092453749625,-313.7095152830238,-550.7104147724866,156.9651773733493,-40.894369693900785,191.13359289509958,-33.729120699277075,14.299188188892266,0.0,0.0,0.0,0.0,0.0,0.0,0.0,1799.0070995842054,3614.212715258348,100.0,-3.831387633427994,-51.40435657121998,0.0,44.120013722971166,285.69843156726824,550.7104147724871,100.0,-387.1932048625097,-191.13359289513198,0.0,100.0,0.0,0.0,0.0,0.0,0.0,0.0,0.0,0.0
-1078.923352986804,-2740.3510112758363,245.96444979805983,-155.35199090216508,431.7139884144626,49.1294704312304,-1797.7508018115932,-3586.625952187391,295.9791578901103,-292.01553231988896,58.928157950128934,7.0200735988748875,44.90298395419607,-196.17946526561445,-455.67711015606346,139.90200086064908,240.83436350841993,188.94954460942245,-34.47917604530048,0.5049313891629135,0.0,0.0,0.0,0.0,0.0,0.0,0.0,1771.5918267543288,3586.6259521873912,100.0,736.1485194375052,-58.928157950128934,0.0,47.85690366072535,166.69674289000636,455.6771101560638,100.0,1824.1492838103288,-188.94954460942074,0.0,85.22462912359758,0.0,0.0,0.0,0.0,0.0,0.0,0.0,0.0
-916.0522081900358,-2646.2189427054313,273.53585204915345,771.8959991136012,-970.5677908893767,60.99465743231633,-1808.84971014815,-3555.29987761423,298.7269172379732,1466.5226855245874,66.35963202544644,3.9638123641060474,30.87403695021596,-125.00903787975068,-361.8099937899549,122.53025443912566,-372.5726480015174,186.46945445551864,-34.962597238171824,4.126329196590627,0.0,0.0,0.0,0.0,0.0,0.0,0.0,1804.5112411814598,3555.2998776142294,100.0,270.1351232559648,-66.35963202544644,0.0,56.65856165334617,163.67569461931004,361.8099937899551,100.0,-1484.8674699075746,-186.46945445548624,0.0,86.30120337793248,0.0,0.0,0.0,0.0,0.0,0.0,0.0,0.0
-816.6255492112823,-2451.753070261733,306.78305019915933,-329.67110253827457,1395.0390488187918,71.79941182945896,-1850.0501752790697,-3520.2835725232,299.9378828058218,717.1809824825652,73.6871353318702,0.8768981998258596,34.80383676499844,-13.977299154049327,-269.25613454668553,104.98427719187741,-336.54321946542194,183.69720818257747,-35.17564588808007,11.346288283259176,0.0,0.0,0.0,0.0,0.0,0.0,0.0,1844.198905431017,3520.2835725232,100.0,-709.256495533001,-73.6871353318702,0.0,62.21426792831894,-24.50126011446823,269.25613454668587,100.0,-1435.9145120691962,-183.69720818260816,0.0,90.34316517473418,0.0,0.0,0.0,0.0,0.0,0.0,0.0,0.0
-735.683524254027,-2387.55595478575,345.1280196407989,-934.5987192434842,-20.56868374871101,81.35588579591399,-1720.7968033797827,-3481.631899668252,299.6026899621388,-877.7770342969939,80.89918730314594,-2.2167971882458914,32.47646854651506,74.2445208015494,-178.16054371724135,100.0,-721.9101338684006,180.63714928325737,0.0,8.784183349813297,0.0,0.0,0.0,0.0,0.0,0.0,0.0,1707.1419065318096,3481.631899668252,100.0,1226.7555589050687,-80.89918730313912,0.0,83.65323394692757,-99.93965025391309,178.16054371723976,112.60024443724356,642.0813234967912,-180.63714928328977,35.11667444851021,81.36530148326786,0.0,0.0,0.0,0.0,0.0,0.0,0.0,0.0
-559.564472033331,-2218.1904168378414,387.9041076293006,-664.2438488068285,-240.00715296560202,89.49793368878318,-1715.7270001410584,-3439.4054176152376,297.7239308181714,219.3117433791008,87.9844882595171,-5.2933496538696545,25.08166429347704,182.8573020948315,-88.66594781068488,100.0,490.1431504463859,177.2940721885891,0.0,15.544783753418008,0.0,0.0,0.0,0.0,0.0,0.0,0.0,1780.553905007798,3439.4054176152376,100.0,-133.4791204865428,-87.98448825953074,0.0,68.05843608518987,-117.9160080700783,88.66594781068511,130.08732593320585,197.3520194504279,-177.2940721885891,34.786138957037736,90.93732870156705,0.0,0.0,0.0,0.0,0.0,0.0,0.0,0.0
-389.8015611100612,-2150.8023101289637,434.3676234828513,-1477.5307609595352,754.6414555892829,96.08400060125973,-1741.8959467624045,-3393.6702858601147,294.3161341826322,-158.4379851984636,94.93193711190315,-8.328967620351193,25.06853481324234,186.16792832088828,-0.9125649334816899,100.0,907.6223565824616,173.67321475597464,0.0,16.630378784341648,0.0,0.0,0.0,0.0,0.0,0.0,0.0,1756.6800175097583,3393.670285860115,100.0,-832.4930570035758,-94.93193711188951,0.0,74.23271799838297,-280.65807252296213,0.9125649334839636,147.34173630442038,-511.19632521422744,-173.67321475600193,34.18659550870217,78.35891022857099,0.0,0.0,0.0,0.0,0.0,0.0,0.0,0.0
-284.6801281570826,-2014.5194171201974,483.7107681387211,-475.31878032060064,1068.2739658723744,100.99958338863104,-1765.9399378580554,-3344.49816117175,289.40565320760453,1210.6390431963587,101.73064875473074,-11.30017606540946,13.198265725676332,383.41855592737966,84.9621149010502,100.0,-337.8964897154336,169.78025006297116,0.0,21.93814474840388,0.0,0.0,0.0,0.0,0.0,0.0,0.0,1774.9882160165582,3344.498161171751,100.0,532.5366092041793,-101.73064875473756,0.0,79.69280912438796,-292.82856977988166,-84.9621149010502,164.23004385021585,-1230.4208697467693,-169.78025006297457,33.32268048922856,75.58952115988438,0.0,0.0,0.0,0.0,0.0,0.0,0.0,0.0
-96.44186088244291,-1942.4475142522733,535.0756782761251,868.320934558668,-517.8661080684276,104.15922138152155,-1817.3455917829942,-3291.966085321716,283.0304615945085,826.1100823858726,108.3699711205486,-14.183998058086047,16.945651777497446,437.05935373983925,168.82354518898205,100.0,196.0778364049608,165.62127751839625,0.0,18.150342481090796,0.0,0.0,0.0,0.0,0.0,0.0,0.0,1788.3330362329664,3291.9660853217165,100.0,-588.9708068948028,-108.36997112053496,0.0,80.75945243723065,-402.4727564094569,-168.82354518898387,180.62164801404856,247.82548111073368,-165.62127751836897,32.20107472095705,69.66979405791731,0.0,0.0,0.0,0.0,0.0,0.0,0.0,0.0
-129.39823052149,-1839.115634423606,587.5693408394642,2589.6303447889013,-1309.0935647572815,105.50798217619104,-1797.2043502465324,-3236.156364376984,275.23985993610495,-293.8489676203983,114.83950186940092,-16.958132443797354,0.0,506.56814241632526,250.540333740189,100.0,-1313.0496361636451,161.2028133063734,0.0,37.40364660636893,0.0,0.0,0.0,0.0,0.0,0.0,0.0,1766.415237688386,3236.156364376985,100.0,-302.88300995057966,-114.83950186941456,0.0,95.60956027845809,-564.8209502151195,-250.54033374018877,196.38978934292942,-1267.533552835159,-161.2028133063768,30.830451798750573,70.11552481096592,0.0,0.0,0.0,0.0,0.0,0.0,0.0,0.0
133.97006476068444,-1694.6236748201695,640.2791186630147,592.51146260258,-173.94341834971897,105.02241667103931,-1662.908766298325,-3177.1564397446496,266.09409446545413,430.8981854514002,121.12910468699738,-19.6011263034913,6.077751542449798,640.2575200760454,329.9844485406584,100.0,354.9514551315377,156.53178017644677,0.0,35.270630072687574,0.0,0.0,0.0,0.0,0.0,0.0,0.0,1676.1265741690409,3177.15643974465,100.0,111.90802797857941,-121.12910468697692,0.0,87.28611414176234,-655.2947138010672,-329.9844485406561,211.41252974284708,192.50065930443327,-156.53178017645018,29.221411015401486,67.67328251302852,0.0,0.0,0.0,0.0,0.0,0.0,0.0,0.0
144.25555678871183,-1383.511459230448,692.2886172738101,402.9878898084012,495.66682717848266,102.71096674465241,-1655.7202816907557,-3115.0587511707063,255.66389116011402,175.2497359964184,127.22892516608681,-22.092540853230247,12.112802731334279,704.9037825923004,407.0314183501507,100.0,542.8420016947763,151.61549659776483,0.0,29.38535935329798,0.0,0.0,0.0,0.0,0.0,0.0,0.0,1688.7157457698188,3115.0587511707054,100.0,-635.5641598960688,-127.22892516608681,0.0,94.41090178189225,-672.3779751658234,-407.0314183501505,225.5736954496927,-180.17605193833276,-151.61549659776142,27.386395395247405,64.85397761072667,0.0,0.0,0.0,0.0,0.0,0.0,0.0,0.0
422.5822180066413,-1273.3263856277288,742.6936170178043,-531.266268708363,205.106778791569,98.6138184881878,-1597.5130284936213,-3049.96059190755,244.02990880444386,-32.110423813519446,133.12940624600742,-24.413109501267343,0.0,821.4882319785766,481.56052772092175,100.0,897.8139559184137,146.46166529190623,0.0,42.35294094364131,0.0,0.0,0.0,0.0,0.0,0.0,0.0,1586.073343534643,3049.9605919075507,100.0,928.1206322810169,-133.1294062460006,0.0,92.30205366112264,-793.0162652915591,-481.5605277209231,238.76377542350014,245.5975427683586,-146.4616652919335,25.33959546984903,60.40099143876526,0.0,0.0,0.0,0.0,0.0,0.0,0.0,0.0
538.258752073943,-1209.9463151696461,790.6177935187113,-976.4851536934102,1534.3772546115974,92.80220354355777,-1521.5229600316272,-2981.96395627712,231.28211523958757,-54.12036037800249,138.82130318664167,-26.544886840337227,5.515080034524275,987.3368339442886,553.4550061319499,100.0,289.3746650844605,141.07836116521412,0.0,51.20316319054776,0.0,0.0,0.0,0.0,0.0,0.0,0.0,1584.3303612758764,2981.9639562771195,100.0,-1398.628131353322,-138.8213031866485,0.0,91.94358646878572,-933.3273886078395,-553.4550061319499,250.88076821854943,-737.1285783984371,-141.07836116521412,23.09683953986223,53.4193620177312,0.0,0.0,0.0,0.0,0.0,0.0,0.0,0.0
657.2866791179277,-1102.8365801473174,835.2279531589486,-606.81506483845,-900.7882461231839,85.37716069389319,-1537.780817672701,-2911.1753798684904,217.51909162471384,-164.0940022372297,144.29569805271058,-28.47138742296579,4.682105146194997,942.023110346506,622.6022109423454,100.0,-698.4738694142084,135.4740186565732,0.0,44.83018103293518,0.0,0.0,0.0,0.0,0.0,0.0,0.0,1556.6726181362837,2911.1753798684913,100.0,-1059.9234288006096,-144.29569805269693,0.0,95.84937986830826,-973.5081829778707,-622.602210942345,261.83097078032404,-898.9019242760304,-135.4740186565732,20.675471271714514,55.304205992330566,0.0,0.0,0.0,0.0,0.0,0.0,0.0,0.0
736.3300506575305,-918.279597016524,875.7485187036964,1442.1419946931833,1246.534214499169,76.4677792375079,-1419.0432581438768,-2837.705772620332,202.8472700898,-410.24034377316525,149.5440136863681,-30.177713246651194,11.337490088151641,1125.1702690428153,688.8938038772956,100.0,1533.2612505693437,129.6574185230918,0.0,61.54447842388345,0.0,0.0,0.0,0.0,0.0,0.0,0.0,1482.1872694087133,2837.7057726203325,100.0,-935.3481310622976,-149.5440136863749,0.0,91.88723629397778,-1096.4413544412046,-688.8938038772956,271.52970306939767,1351.6608905015141,-129.6574185230918,18.094215575684416,41.784091332222964,0.0,0.0,0.0,0.0,0.0,0.0,0.0,0.0
870.2801703043932,-637.2772867498905,911.4750132259014,-248.56376147741628,-683.763836953342,66.22895468446416,-1380.9312262428934,-2761.670245049735,187.3801106753369,1250.3951739667968,154.55802714542187,-31.650668962965653,16.518882564278215,1065.1536445916777,752.2259207700063,100.0,1602.4734044490367,123.63767408199692,0.0,62.01675736565545,0.0,0.0,0.0,0.0,0.0,0.0,0.0,1380.797197044433,2761.6702450497355,100.0,-481.0482931805086,-154.55802714542187,0.0,96.0139659052133,-1125.339812192233,-752.2259207700063,279.90196290859603,1571.0322957106769,-123.63767408197987,15.373033802513874,35.532119722941395,0.0,0.0,0.0,0.0,0.0,0.0,0.0,0.0
1003.7369347535617,-731.1713337691949,941.7863079052526,-67.1046342717716,-298.9776541280355,54.83869579552106,-1325.2376659159659,-2683.1879278996403,171.23722392383632,-1167.2324661916218,159.32988258719433,-32.878863919783754,9.017434201970513,1174.0780754508107,812.4993342937462,100.0,-1152.438529148069,117.42421693268511,0.0,69.35325188878038,0.0,0.0,0.0,0.0,0.0,0.0,0.0,1385.4927780347232,2683.1879278996403,100.0,-320.94618029246703,-159.3298825871875,0.0,91.92422348191488,-1118.3165411956807,-812.4993342937457,286.8830059893761,316.9282212594396,-117.42421693268511,12.532969378436007,36.52393884236333,0.0,0.0,0.0,0.0,0.0,0.0,0.0,0.0
1092.0267975372585,-430.4896382256529,966.155420764977,-136.06882141273672,-2.0727441852810102,42.49502978164401,-1266.3121660025008,-2602.3817854875106,154.543445908318,1124.3458556811618,163.85210357653705,-33.85280024738236,16.48376837305856,1262.9778021359723,869.6196094289553,100.0,1335.2418369378154,111.02678217905122,0.0,74.05615937801959,0.0,0.0,0.0,0.0,0.0,0.0,0.0,1299.1161639152463,2602.3817854875106,100.0,-1153.5297392593611,-163.85210357654387,0.0,91.40517164073205,-1261.0417789018027,-869.6196094289539,292.41884655211504,-1060.959630540949,-111.02678217906487,9.595985072273834,32.98209048830118,0.0,0.0,0.0,0.0,0.0,0.0,0.0,0.0
1199.353808457892,-352.03722114088276,984.1586786032938,-1350.1638661906395,-212.0681909456124,29.4125594694151,-1316.1560921816404,-2519.378423047607,137.42787285075173,-366.7301490927207,168.11760480011344,-34.5649463073147,0.0,1329.5853833080776,923.4972514219107,100.0,1317.7461991647647,104.45539317707471,0.0,70.84209223847232,0.0,0.0,0.0,0.0,0.0,0.0,0.0,1200.7928603998444,2519.3784230476076,100.0,-1190.6175812347055,-168.11760480011344,0.0,91.43824238701899,-1281.8368549198922,-923.4972514219116,296.4666748684569,-443.262922932787,-104.45539317707471,6.584793153085684,25.201429631683176,0.0,0.0,0.0,0.0,0.0,0.0,0.0,0.0
1250.3433310262292,-209.46596020235717,995.4830828332306,-2055.521171953824,1447.9851019051598,15.81873228857205,-1165.1846886079195,-2434.3078883687745,120.02286279594469,-404.3791915788154,172.11970316707266,-35.0097949360287,20.329035837449467,1378.7210743215524,974.0478460030768,100.0,-353.70379439641283,97.72034583018694,0.0,69.51622871002583,0.0,0.0,0.0,0.0,0.0,0.0,0.0,1151.5155491123392,2434.307888368775,100.0,642.0876394085633,-172.11970316705901,0.0,84.70818597706308,-1412.0295934054532,-974.0478460030772,298.99518829724195,-1334.9869080707526,-97.72034583018012,3.522679751789042,18.378940271400428,0.0,0.0,0.0,0.0,0.0,0.0,0.0,0.0
1353.4245682242656,9.58669213772491,999.9317511708075,642.3814387736707,1109.376248839218,1.9498859473912944,-999.9455035511377,-2347.303468038527,102.46301206112061,1730.537260069409,175.8521282803713,-35.18390603283237,17.61816968680607,1447.7196582993859,1021.1921916454612,100.0,-1478.222109589692,90.83219245813552,0.0,83.1459758792237,0.0,0.0,0.0,0.0,0.0,0.0,0.0,1091.5063900444438,2347.3034680385276,100.0,-246.51982171381064,-175.85212828038493,0.0,91.48940061798706,-1431.5803347813999,-1021.1921916454603,299.98483335389903,745.5251811108735,-90.83219245811506,0.4333247849996269,18.18624623927382,0.0,0.0,0.0,0.0,0.0,0.0,0.0,0.0
1497.7988803953083,66.64442175815608,997.4273405642243,-1764.3196613090686,1846.1358242374436,-11.952860455198788,-949.8994935608496,-2258.5014786126153,100.0,120.05266040191941,179.3090322608714,0.0,26.401388479279973,1429.9658469574424,1064.8564236557927,100.0,-1184.2223623393704,83.80172526360866,0.0,85.18261771816825,0.0,0.0,0.0,0.0,0.0,0.0,0.0,1067.7422694272582,2258.5014786126158,115.11588562349922,-332.3214586476166,-179.30903226088503,35.08593316285662,79.4729721024638,-1567.051025430885,-1064.8564236557913,299.4279569213336,566.6372578997812,-83.80172526362912,-2.659381166365904,20.77970104917321,0.0,0.0,0.0,0.0,0.0,0.0,0.0,0.0
1556.5047945703495,253.63046697777568,988.0133918541499,-302.8998843401189,1076.0053725604498,-25.647798445206718,-900.319835530611,-2168.0410530373606,100.0,-691.3095245334347,182.48499890966514,0.0,24.652469936285048,1557.7619824008186,1104.9721299040293,100.0,728.3116493640489,76.63995942345764,0.0,89.23718766807195,0.0,0.0,0.0,0.0,0.0,0.0,0.0,893.7124161959118,2168.041053037361,132.57788923393662,-97.01555646721715,-182.48499890966514,34.7166339693004,77.26220978131668,-1613.767797891037,-1104.9721299040302,297.32886543296536,1613.919109791808,-76.63995942346446,-5.731521607573882,13.857921363327188,0.0,0.0,0.0,0.0,0.0,0.0,0.0,0.0
1683.3603331531776,354.77046916592496,971.8535727873079,-1549.5339511790723,-446.2677943157203,-38.896832435806346,-803.8650932203548,-2076.06392265928,100.0,1068.7690557191736,185.37505219415152,0.0,35.27319607359622,1602.6651202069586,1141.4764580099531,100.0,372.0716372217578,69.35811583021632,0.0,82.74343690442511,0.0,0.0,0.0,0.0,0.0,0.0,0.0,743.2591467930832,2076.0639226592803,149.78796171075328,1295.692770213401,-185.37505219415834,34.07886431442677,73.09436546513327,-1600.7523075355498,-1141.4764580099527,293.7037915702441,-506.1620408393742,-69.35811583021632,-8.759339080966413,14.928436985244572,0.0,0.0,0.0,0.0,0.0,0.0,0.0,0.0
1723.7282799246423,587.5019170523129,949.2288325440671,-1588.6452880447882,1504.7607107793415,-51.4696191771975,-749.4622088553991,-1982.7141951636395,100.0,1864.966188132512,187.97466404419538,0.0,41.80122030436949,1604.3416110844553,1174.3122138188432,100.0,-426.313046995283,61.96760351152989,0.0,90.91475623407813,0.0,0.0,0.0,0.0,0.0,0.0,0.0,737.2405256162282,1982.7141951636395,166.61301422681152,-49.25887265308688,-187.9746640441988,33.17755619462716,72.73894196251322,-1685.0397558094885,-1174.3122138188423,288.5807687321764,2048.7159485907787,-61.967603511516245,-11.719418886993367,8.112834540774157,0.0,0.0,0.0,0.0,0.0,0.0,0.0,0.0
1808.0460223027228,734.5077717986935,920.5325172504665,423.850364315291,2161.1528689088827,-63.14757242682958,-624.4348189029083,-1888.1381287897882,100.0,703.6270271509829,190.27976144692957,0.0,27.491236968561523,1739.4619664834634,1203.427951011989,100.0,794.430701384847,54.480001754798195,0.0,95.65607630394173,0.0,0.0,0.0,0.0,0.0,0.0,0.0,688.7711009274708,1888.1381287897884,182.92293538897644,1414.6058209137727,-190.27976144693298,32.01967960033684,61.61893920894159,-1722.8766804665802,-1203.427951011989,281.99941424761687,-308.6938070565634,-54.480001754798195,-14.588870154614995,9.869921628275666,0.0,0.0,0.0,0.0,0.0,0.0,0.0,0.0
1940.0145592264425,971.6408834798831,886.2635313947294,-742.5614669645563,1157.4343731682814,-73.72766321633833,-646.6828366509296,-1792.4839031770625,100.0,120.77828926058032,192.28673282778573,0.0,50.96178261544315,1685.2679019114391,1228.7780517116157,100.0,-2118.0571356568157,46.9070419648574,0.0,99.28288446779445,0.0,0.0,0.0,0.0,0.0,0.0,0.0,596.1299908275888,1792.483903177063,198.59159741474713,323.92761021624665,-192.28673282778573,30.614188615743103,61.83675440345657,-1695.670816512321,-1228.7780517116166,274.01062300678205,907.0309088573731,-46.9070419648574,-17.345502860850388,0.0,0.0,0.0,0.0,0.0,0.0,0.0,0.0,0.0
1945.6112701559339,1009.7163421736014,847.0176640416001,726.8268235772041,-2.5319197098895074,-83.02594964498894,-424.728480568426,-1695.9013872002815,100.0,865.3978997841062,193.99243370967042,0.0,47.535093218699444,1747.0651839873767,1250.322797953942,100.0,-57.15794048939756,39.26058928371049,0.0,80.94958389583348,0.0,0.0,0.0,0.0,0.0,0.0,0.0,498.28623197624296,1695.901387200282,213.49783150285117,-786.5153085018591,-193.992433709667,28.97195217513996,53.68755706590414,-1731.562502163907,-1250.322797953942,264.67617388119754,654.4639515700453,-39.26058928371049,-19.967999430536736,0.395687912561522,0.0,0.0,0.0,0.0,0.0,0.0,0.0,0.0
1983.5206789214471,1200.755729791311,803.4772306440021,369.1910301868404,-700.1869597642076,-90.88077483150926,-427.84074931576055,-1598.5419041585874,100.0,747.4316826430339,195.39419163882712,0.0,55.931980935861276,1770.6747027156434,1268.0284339183872,100.0,-227.25588284635137,31.55262400021229,0.0,98.0878103071216,0.0,0.0,0.0,0.0,0.0,0.0,0.0,370.42944620072575,1598.5419041585876,227.5263648550761,203.14087975620083,-195.39419163883053,27.105670011302152,46.39921064115367,-1712.487166252265,-1268.0284339183868,254.06825197570723,-11.75429887411724,-31.55262400021911,-22.436079589243576,4.372595575058994,0.0,0.0,0.0,0.0,0.0,0.0,0.0,0.0
1954.5691179742296,1304.5380128837128,756.3992105360079,-1356.9256378028683,1259.2120742191275,-97.15557742655164,-237.45766175757814,-1500.5579946855266,100.0,603.4528300205207,196.48981037282056,0.0,66.65375603304653,1837.9701325877065,1281.8672188154255,100.0,-4.182158353779641,23.79522277987917,0.0,99.00236493694264,0.0,0.0,0.0,0.0,0.0,0.0,0.0,231.72939847360502,1500.557994685527,240.56871210316905,1361.6613103294073,-196.48981037281715,25.029774446041984,40.525029802102,-1758.8994745163482,-1281.8672188154255,242.26889040706115,699.2666701139012,-23.79522277988599,-24.73065719459811,0.0,0.0,0.0,0.0,0.0,0.0,0.0,0.0,0.0
2050.51716666303,1544.6615938334423,706.6020863446872,-451.0006460255306,-1081.2140962323497,-101.74126582213944,-243.06197888871145,-1402.1031777518408,100.0,542.7119756724594,197.27757332101191,0.0,58.43493993166699,1786.328021294471,1291.8174703502277,100.0,329.5559369346256,16.0005397432883,0.0,91.56700821824913,0.0,0.0,0.0,0.0,0.0,0.0,0.0,168.71780830435313,1402.1031777518413,252.52401424722038,527.1570819423595,-197.27757332101191,22.760318782238045,38.2803411138529,-1784.2409023943605,-1291.8174703502277,229.3693359259207,631.9902155678972,-16.0005397432883,-26.833987833107642,3.885478645787903,0.0,0.0,0.0,0.0,0.0,0.0,0.0,0.0
1997.4337660411445,1602.166061746111,654.9516141263658,875.8445312174001,1289.9714393684383,-104.55811478182397,-129.10277736172407,-1303.3317101354198,100.0,666.177603364142,197.75624623415865,0.0,69.27872248604277,1808.016136574763,1297.8635986939898,100.0,1553.6332442048297,8.180787423311813,0.0,74.19479410059529,0.0,0.0,0.0,0.0,0.0,0.0,0.0,69.97911854112701,1303.33171013542,263.2998186178661,-66.17093309058482,-197.75624623415865,20.31485316053903,38.00326001133045,-1843.4111567218674,-1297.8635986939898,215.4693432880435,-911.8033849616302,-8.180787423311813,-28.72980604115213,14.163132225626699,0.0,0.0,0.0,0.0,0.0,0.0,0.0,0.0
1927.1138270523052,1769.608201666555,602.3457716229619,-292.962807837323,371.7582623410044,-105.55715151680204,-27.69017250016445,-1204.3983447352641,100.0,77.44263307046252,197.92507913851068,0.0,69.96367451916237,1788.1537957359776,1299.996130909724,100.0,440.1374293990409,0.34821763083755286,0.0,84.62442925579002,0.0,0.0,0.0,0.0,0.0,0.0,0.0,48.27003741876972,1204.3983447352643,272.812793830704,225.33424744337236,-197.92507913851068,17.712288840722294,16.53144468385648,-1819.4337974811917,-1299.996130909724,200.6764038314172,5.791011776816504,-0.34821763083755286,-30.403451088968154,17.3712385202062,0.0,0.0,0.0,0.0,0.0,0.0,0.0,0.0
2091.0864339090385,1872.863374610021,549.6991463229148,-78.10536747059018,742.1693642567652,-104.72100711029668,163.61921383162166,-1105.45808810817,100.0,910.1227768819186,197.78380751036138,0.0,73.67552942416542,1751.8663773669618,1298.2117257942405,100.0,577.6254393473505,-7.4848977411397755,0.0,69.77919748735242,0.0,0.0,0.0,0.0,0.0,0.0,0.0,-125.95667283684176,1105.4580881081702,280.98937420404496,-1143.1393423277989,-197.78380751035797,14.972751957256492,30.908368699545044,-1812.5786726401361,-1298.2117257942405,185.1049142249035,-534.520950337602,7.4848977411397755,-31.841980354917183,15.668899802787369,0.0,0.0,0.0,0.0,0.0,0.0,0.0,0.0
1938.8177753801733,2003.9356365784895,497.92703475064985,-1446.417078635992,-180.91228263013477,-102.06421848785709,180.5792657344428,-1006.6659576079426,100.0,885.2015862569777,197.33265269103129,0.0,75.28459494835468,1712.822887919253,1292.5131791130707,100.0,-159.4686298025931,-15.306285944811862,0.0,80.17966128807039,0.0,0.0,0.0,0.0,0.0,0.0,0.0,-243.52930570261506,1006.6659576079429,287.7663286565935,433.8704416584334,-197.33265269103129,12.117427880000662,16.247548419474683,-1757.780392795431,-1292.5131791130707,168.87529181661677,-808.1474445713991,15.30628594480504,-33.034269413284534,12.105614569952866,0.0,0.0,0.0,0.0,0.0,0.0,0.0,0.0
1997.5086241934885,2090.2454795017566,447.9295294289924,109.64161150650853,560.9370179745474,-97.63297568306598,356.7984007186227,-908.1767385077283,100.0,906.661539834139,196.57232153954737,0.0,73.6197136414564,1730.6581206706378,1282.9094192201242,100.0,-904.3808032992865,-23.103692606227924,0.0,78.25655548321511,0.0,0.0,0.0,0.0,0.0,0.0,0.0,-250.97598148428293,908.1767385077285,293.0912496856573,-1065.008429943251,-196.57232153954908,9.168397383630804,25.624211077988857,-1807.0699275893542,-1282.9094192201242,152.11304342322688,398.38313050371653,23.103692606227924,-33.971098061621205,15.608776108508625,0.0,0.0,0.0,0.0,0.0,0.0,0.0,0.0
1880.8972819193907,2243.8936108967455,400.5758701732195,761.2980492323902,1149.5688059447752,-91.50431879326192,375.49266645422824,-810.144741485952,100.0,722.8951227777898,195.50400532563913,0.0,77.9546462062595,1778.762318690408,1269.4154930689456,100.0,216.99652425592944,-30.864900925214442,0.0,73.62604523568407,0.0,0.0,0.0,0.0,0.0,0.0,0.0,-368.27340127693674,810.1447414859524,296.92295864452757,484.85481866187257,-195.50400532560673,6.148465892732702,10.210974656643893,-1792.7504760839447,-1269.415493068946,134.94779476141073,-321.18538639499434,30.864900925214442,-34.64522162235937,32.54432646317966,0.0,0.0,0.0,0.0,0.0,0.0,0.0,0.0
1887.3410950025177,2308.4309086149046,356.6893317799356,328.11329276555284,827.1651246592796,-83.78479858630556,538.2348824485307,-712.723560855831,100.0,79.96766842827242,194.12937786292673,0.0,85.57845442628916,1737.7927830409292,1252.0525426374898,100.0,341.48775391799745,-38.57775081629143,0.0,65.09610924689447,0.0,0.0,0.0,0.0,0.0,0.0,0.0,-508.2464719027949,712.7235608558314,299.2318241849366,-160.9076452467059,-194.12937786289604,3.080987123025807,8.388726342765981,-1721.6496863785997,-1252.0525426374902,117.51228802705421,355.20206164394153,38.57775081629143,-35.05142696730367,37.413066266229684,0.0,0.0,0.0,0.0,0.0,0.0,0.0,0.0
1917.3748934284165,2417.0864097796184,317.03291084828834,-1505.4013416038867,893.73872460033,-74.60862404472522,599.7028704884973,-616.0658339173056,100.0,617.1604938588206,192.45059288659377,0.0,92.29338681364172,1748.5644638429947,1230.8477718033496,100.05864462588337,-716.1846838305644,-46.230157960892484,18.47294067741707,64.09538230947828,0.0,0.0,0.0,0.0,0.0,0.0,0.0,-510.6408805928965,616.0658339173058,299.9999914020194,-219.9582191303631,-192.45059288662617,-0.010317517443070301,11.417686117659494,-1645.8055749922084,-1230.8477718033496,100.0,853.5223257622749,46.23015796088566,-16.713632154351004,33.590979485969704,0.0,0.0,0.0,0.0,0.0,0.0,0.0,0.0
1820.399943553445,2599.904247508138,282.29606057766404,-101.2404291478299,-217.42666976972032,-64.13532905353662,697.9906359309749,-520.3230018083432,100.0,897.8238964817626,190.47028067892938,0.0,98.11202081733838,1710.1819742413597,1205.8344037213324,117.629123768559,-1152.9474659019513,-53.81013274077986,35.049614106574296,64.91325179728088,0.0,0.0,0.0,0.0,0.0,0.0,0.0,-615.1043671408479,520.3230018083414,299.2215199097548,-1106.480582400003,-190.4702806789635,-3.1015423705480316,2.0612832342486698,-1626.0812239017398,-1205.8344037213333,100.0,881.4821457796597,53.81013274076622,0.0,42.83256020997128,0.0,0.0,0.0,0.0,0.0,0.0,0.0,0.0
1753.1646224160656,2658.8864262098077,253.0827041661966,-1229.9207799206374,-5.381168539024657,-52.54699879767202,703.9516635825391,-425.6450722304172,100.0,-356.83100078523864,188.1915439482617,0.0,85.79059091035217,1605.3144114242587,1177.0516287701798,135.0632734792125,-270.16590821390423,-61.30579902309137,34.641609920115,51.042977400668455,0.0,0.0,0.0,0.0,0.0,0.0,0.0,-705.4003973557749,425.64507223041744,296.9024297791217,-589.7160777208046,-188.19154394823101,-6.168782395177459,3.758290225618337,-1600.0185970733096,-1177.0516287701798,100.0,602.4671687739885,61.30579902310501,0.0,40.560040922637484,0.0,0.0,0.0,0.0,0.0,0.0,0.0,0.0
1561.975954135752,2848.6337989968265,229.90073520512658,767.9918094240998,946.1125878059966,-40.04510409024988,890.3838630396498,-332.18038441982515,100.0,-531.0776019389255,185.6179529677337,0.0,97.1961395463485,1692.392435434077,1144.5445431499647,152.226272098012,337.127852885568,-68.70541276764698,33.96571544785019,46.00340403539987,0.0,0.0,0.0,0.0,0.0,0.0,0.0,-773.7338248060631,332.18038441982753,293.06065498372374,-934.1147508297644,-185.6179529677337,-9.188318029547418,4.345858619009475,-1588.8067512824498,-1144.5445431499643,100.0,862.6217407120998,68.70541276764015,0.0,44.896072641455135,0.0,0.0,0.0,0.0,0.0,0.0,0.0,0.0
1508.727595135168,2938.104748667468,213.1531876116049,-1954.0904648720834,-1887.6357109506148,-26.846998668750643,890.0253349063177,-240.07537673313254,100.0,-451.0066510741882,182.75353998132744,0.0,91.67349798657045,1520.9866000021,1108.3640782263883,168.98539482909072,96.99073267708627,-75.99738042712261,33.02715751278242,46.61776466353461,0.0,0.0,0.0,0.0,0.0,0.0,0.0,-902.6938416825207,240.07537673313493,287.72590471289374,-57.02774650439835,-182.75353998135813,-12.136798619170577,0.0,-1566.6506674515508,-1108.3640782263874,100.0,491.38727799195976,75.99738042710214,0.0,44.81163949034305,0.0,0.0,0.0,0.0,0.0,0.0,0.0,0.0
1411.267973992397,2923.6683890204954,203.13122861653528,810.4209668582678,542.4680632650848,-13.182140356001355,953.3288873141156,-149.4743572108821,100.0,-144.83580296492903,179.60279288657603,0.0,81.99560323310193,1539.9718582018181,1068.5669207326705,185.2110401271235,51.77039451926703,-83.17027711174887,31.833194165390637,34.19822740552597,0.0,0.0,0.0,0.0,0.0,0.0,0.0,-1007.0614079599505,149.47435721088027,280.9394336247733,-865.7787487254052,-179.60279288657603,-14.991422991998888,1.2259716237390963,-1547.0808272111583,-1068.5669207326719,100.0,-399.6327134826038,83.1702771117557,0.0,53.32445773290418,0.0,0.0,0.0,0.0,0.0,0.0,0.0,0.0
1413.9157435683053,3058.949386900462,200.0090966290054,-751.9408064406184,119.26297782762731,0.7118982163234477,1062.1827507436783,-60.519277479002085,100.0,796.232524214364,176.17064820256587,0.0,89.87668763366443,1429.7772857048953,1025.215423954055,200.7777319312061,429.24579317394205,-90.21286448938099,30.393058555723087,34.19932150812654,0.0,0.0,0.0,0.0,0.0,0.0,0.0,-998.8879052059543,60.51927747900254,272.7537228160423,54.07736964431592,-176.17064820253177,-17.73011578430527,2.6312025995535366,-1416.1497972989089,-1025.2154239540555,100.0,923.148663175989,90.21286448939463,0.0,60.384785304603696,0.0,0.0,0.0,0.0,0.0,0.0,0.0,0.0
1264.2383156688115,3164.160290047247,203.8410719858977,-1539.089989497594,1721.439348030774,14.593559965647955,1166.4014988038223,26.65048965776532,100.0,-565.2796093529957,172.46248333595645,0.0,99.46945265949148,1387.1949727633885,978.3775100340999,215.56508999556024,-888.4632320780827,-97.11410839360724,28.71788753166271,35.752600648671255,0.0,0.0,0.0,0.0,0.0,0.0,0.0,-1150.3027066735451,-26.650489657763273,263.2320739754233,11.98632404076534,-172.46248333592916,-20.331698153750324,9.625615655259244,-1402.6968175814216,-978.3775100340986,100.0,148.88018295597476,97.11410839362088,0.0,67.38985208177311,0.0,0.0,0.0,0.0,0.0,0.0,0.0,0.0
1264.000826679976,3163.0746181848435,214.56053325220347,-493.55150164257907,193.58930338498567,28.221502988662337,1217.3069048676996,111.89836858203057,100.0,1032.3499987095113,168.48410815551006,0.0,89.17395815363882,1351.802111575874,928.126563555797,229.45876081331275,466.4220767890731,-103.86319611173803,26.820635515519626,29.460993443210246,0.0,0.0,0.0,0.0,0.0,0.0,0.0,-1136.1522907962842,-111.89836858203034,252.44811985945083,445.3091334530757,-168.48410815551006,-22.77605155948052,8.887392325400723,-1403.6037243009218,-928.1265635557975,100.0,868.4005081481644,103.86319611174486,0.0,69.78103284300762,0.0,0.0,0.0,0.0,0.0,0.0,0.0,0.0
1022.5204470663642,3287.7442403479654,231.98111547889,-1495.3687746466267,212.10823918979486,41.358796450523414,1323.3369913786937,195.0907948473382,100.0,641.7830296838758,164.2417558892771,0.0,85.68975656857458,1304.1151098037978,874.5413165642717,242.3513019343369,-259.87229338996144,-110.4495533259228,24.715974324972052,26.145599401994676,0.0,0.0,0.0,0.0,0.0,0.0,0.0,-1324.7194560783953,-195.0907948473398,240.48525487608742,-732.308448500246,-164.2417558893078,-25.04427334269849,18.212250412085474,-1232.1438876046666,-874.5413165642735,100.0,210.95953193081073,110.44955332590916,0.0,72.33214865002141,0.0,0.0,0.0,0.0,0.0,0.0,0.0,0.0
999.6971675323945,3215.8102535515136,255.79995028123722,3385.754624512533,527.128474072083,53.777039784661724,1346.3485574157442,276.0974244439176,100.0,627.4878846529168,159.74207335885694,0.0,84.08810814224344,1145.4749695276898,817.7057252111947,254.14301283854792,270.3576505677165,-116.86286068086702,22.420179713056285,26.807609545646223,0.0,0.0,0.0,0.0,0.0,0.0,0.0,-1331.9672334062834,-276.09742444391736,227.43599017960054,1794.8254123303934,-159.74207335886376,-27.118822904593998,20.130816025653488,-1255.7975583456596,-817.7057252111949,100.0,-292.2792814390243,116.86286068086702,0.0,71.38552620413073,0.0,0.0,0.0,0.0,0.0,0.0,0.0,0.0
839.0654501989162,3322.238174510517,285.6029314067304,782.4644875695367,1713.409480255816,65.2603335882796,1442.7902897237923,354.79133801872695,100.0,712.7603587700889,154.99211056483887,0.0,87.52596580940498,1150.95399275784,757.7088382141858,264.7427059393565,68.36586373597697,-123.0930699517478,19.951005504613306,20.98872536839668,0.0,0.0,0.0,0.0,0.0,0.0,0.0,-1370.8126886079513,-354.7913380187251,213.4012382638687,-666.9049107752562,-154.99211056486615,-28.98365735119313,14.78853400134126,-1115.540063882297,-757.7088382141847,100.0,158.25769965684572,123.09306995172733,0.0,81.28809576544866,0.0,0.0,0.0,0.0,0.0,0.0,0.0,0.0
712.3325913624334,3449.54545670866,320.8719142471218,407.7720693365774,476.5244811457478,75.60903317664923,1494.5067714649422,431.0492397298208,100.0,939.3795315343004,149.99930964148234,0.0,67.43809134753432,1032.2155116923352,694.6446573373,274.06841175495435,-406.4713328621792,-129.13041978783326,17.327546302518613,9.076142821729784,0.0,0.0,0.0,0.0,0.0,0.0,0.0,-1405.294765013225,-431.04923972982033,198.48953258650215,870.4286799928536,-149.99930964148234,-30.62435555616716,13.803769252387411,-1046.4042817491384,-694.6446573373,100.0,-131.40502988292155,129.13041978782985,0.0,91.74610616304639,0.0,0.0,0.0,0.0,0.0,0.0,0.0,0.0
677.7820352352354,3467.8555392469148,360.9937241263527,-18.05012834222623,490.3700064827399,84.64321953863873,1515.9401737847136,504.7516504234836,100.0,-594.9504025381111,144.77149319612408,0.0,69.38955263231453,947.471964735118,628.6119901111908,282.04801279420883,-175.9708368264512,-134.9654510060111,14.57008982541538,13.9713402338754,0.0,0.0,0.0,0.0,0.0,0.0,0.0,-1491.0036290458418,-504.751650423485,182.81618825857407,1520.3768167565784,-144.7714931960968,-32.0282296822009,23.360342530652613,-1013.4405462746585,-628.6119901111924,100.0,424.17750185773116,134.96545100603157,0.0,86.7102457803694,0.0,0.0,0.0,0.0,0.0,0.0,0.0,0.0
441.9541151200698,3529.5904750533077,405.270816749286,-223.62037442604304,-1914.9632195423533,92.20582734799564,1572.1314981525052,575.7830948314615,100.0,897.6501038091874,139.31685205326062,0.0,67.28196075638984,922.4071881736543,559.7142950237112,288.61980125520506,892.2522710858732,-140.58902141156295,11.699960018853517,7.524315817767201,0.0,0.0,0.0,0.0,0.0,0.0,0.0,-1590.7461428576119,-575.78309483146,166.50241029050716,-1367.0241008936216,-139.31685205323674,-33.18442329848935,30.775068044042534,-951.1073432830453,-559.7142950237098,100.0,-76.72943624568859,140.58902141158342,0.0,94.25441295408928,0.0,0.0,0.0,0.0,0.0,0.0,0.0,0.0
393.0992048123932,3441.752262747158,452.93340547226825,-1549.1936566940828,-304.7864321027396,98.16537564835926,1555.5215975441254,644.0322824950056,100.0,415.0573740941684,133.64393242111646,0.0,61.816454550343614,793.7488787352806,488.05951942348884,293.73295622364117,-733.177699805367,-145.9923201216793,8.739352153090465,0.0,0.0,0.0,0.0,0.0,0.0,0.0,0.0,-1616.6065849554238,-644.032282495004,149.6743562902302,-325.0956417333907,-133.64393242114033,-34.083995335651736,26.91500788468848,-841.7897974928806,-488.0595194234875,100.0,811.5193573297086,145.99232012165544,0.0,98.47141341943488,0.0,0.0,0.0,0.0,0.0,0.0,0.0,0.0
218.2784997382796,3535.3380694783323,503.15284455485954,-988.9978449945464,346.7681896431077,102.41825373696997,1624.5090434124224,709.3922821322249,100.0,477.4650036309015,127.7616225017141,0.0,53.44945072983447,718.3165018064743,413.7599303904824,297.3479366808118,-380.06055696011344,-151.16688137028973,5.711161182747446,2.5556712709570073,0.0,0.0,0.0,0.0,0.0,0.0,0.0,-1618.4419472589175,-709.3922821322262,132.46216086193743,-1260.5452047045492,-127.76162250173456,-34.71998922870128,41.163062997833116,-698.9709073097644,-413.7599303904842,100.0,214.88552283211675,151.16688137026586,0.0,97.01244731072468,0.0,0.0,0.0,0.0,0.0,0.0,0.0,0.0
134.46199883157777,3499.3652592084322,555.0560357160394,-787.4086575044533,-245.66933830575863,104.89052250541533,1633.173284175006,771.7606891756216,100.0,-668.9487613537563,121.6791385650697,0.0,53.78196919856095,595.7524227026865,336.93193883843765,299.4367872819722,-142.69570351714094,-156.1045977720221,2.63880469570438,10.107424474393575,0.0,0.0,0.0,0.0,0.0,0.0,0.0,-1695.043751022009,-771.7606891756225,114.9989292499616,1109.0000173900592,-121.6791385650663,-35.087486713562086,51.15077458168989,-582.0629534858836,-336.93193883843946,100.0,-704.0311475346073,156.1045977720255,0.0,97.01935288980239,0.0,0.0,0.0,0.0,0.0,0.0,0.0,0.0
55.14074711564189,3581.9250094482213,607.7406075273303,-1297.1639076128527,670.5387324360777,105.53919992024078,1712.0668572344425,831.0397862172238,102.58029198988406,-233.14603824421624,115.40601050922646,35.18364586093362,51.70589901446931,515.5861324164883,257.69591712493116,299.98335454043905,-1165.0112567914202,-160.79773302455123,-0.45395817966181085,7.201296342360809,0.0,0.0,0.0,0.0,0.0,0.0,0.0,-1781.1391745658107,-831.0397862172222,100.0,455.493310415618,-115.40601050920259,0.0,55.66902684904289,-552.3254953277977,-257.69591712492957,100.0,-208.32994855604625,160.79773302458534,0.0,90.87470163444978,0.0,0.0,0.0,0.0,0.0,0.0,0.0,0.0
-206.73175408184056,3429.659609340653,660.2906037390189,-496.5348703423754,-721.3129076674977,104.35300829401001,1738.5368901233337,887.1366961100312,120.139559331507,-264.0988564554823,108.95206692925285,35.00772305348562,38.083801149520944,428.4231418977887,176.17601045465995,298.9834117456345,1194.824290111154,-165.23893402992712,-3.5432105084106524,1.8965137595644959,0.0,0.0,0.0,0.0,0.0,0.0,0.0,-1686.8792824953437,-887.1366961100307,100.0,-177.4851991841615,-108.95206692925285,0.0,53.29345900405723,-566.9103265587344,-176.17601045466017,100.0,360.17254625478984,165.23893402992712,0.0,98.05661543926857,0.0,0.0,0.0,0.0,0.0,0.0,0.0,0.0
-177.830636855698,3533.511357714357,711.7924077875192,-840.6463128202262,127.19373455181994,101.3525703555132,1802.6945015279484,939.9635274858088,137.54308355617837,-1508.7811004701712,102.32741971776022,34.56107873639624,43.991464410084575,383.60492839653125,92.49994237156352,296.4446916490589,-568.0483930868397,-169.42124241486567,-6.605062503344072,10.56337883594911,0.0,0.0,0.0,0.0,0.0,0.0,0.0,-1830.0696437746803,-939.9635274858083,100.0,94.74538002616669,-102.32741971777386,0.0,59.22833637089377,-404.4247888307753,-92.49994237156375,100.0,1019.1362912360719,169.42124241483498,0.0,94.01633488080617,0.0,0.0,0.0,0.0,0.0,0.0,0.0,0.0
-492.13414490967943,3378.0568429468044,761.3506266257183,-353.0189602755678,1130.4820739125125,96.5900507098138,1761.1935844721947,989.4375124612966,154.65627983688697,-521.3450435380344,95.54244822205192,33.84716689676438,29.756575832289595,267.52711117491,6.798814644466802,292.386826665424,-130.69928821625325,-173.3381054333995,-9.615836269354645,12.173643902795916,0.0,0.0,0.0,0.0,0.0,0.0,0.0,-1756.7705268992074,-989.4375124612961,100.0,-656.5469317681197,-95.54244822205192,0.0,58.056616932751815,-281.5226582793319,-6.798814644467029,100.0,1046.7429531082635,173.3381054333995,0.0,96.36867910817853,0.0,0.0,0.0,0.0,0.0,0.0,0.0,0.0
-516.7343026384459,3385.1689538473356,808.1036577254258,1576.3286201850465,1061.813477552771,90.14824892196145,1786.7975553982349,1035.4811363170647,171.34680850890214,-169.1651857149759,88.6077829817782,32.87150835325903,36.142737203841214,187.25586679060544,-80.79309814022122,286.84119705138386,-155.6448883747099,-176.9833862331302,-12.552248909183561,9.654523481648567,0.0,0.0,0.0,0.0,0.0,0.0,0.0,-1858.5436835389035,-1035.4811363170647,100.0,410.50181407221885,-88.60778298175774,0.0,66.83880425924038,-152.6797782623578,80.79309814022076,100.0,45.85323103244434,176.9833862331575,0.0,93.09830081932378,0.0,0.0,0.0,0.0,0.0,0.0,0.0,0.0
-684.0471498691765,3344.466093009755,851.2386686091904,-549.2193741346688,-195.41951293054353,82.1391599917655,1833.952130052921,1078.0222589458044,187.48559847805646,989.9604802843294,81.53428907346097,31.64164806255627,32.25079482616812,148.30962139922525,-170.1385589568597,279.8506882359261,861.5963755818059,-180.3513734707218,-15.391592574577544,17.82113413165037,0.0,0.0,0.0,0.0,0.0,0.0,0.0,-1811.7831721405992,-1078.0222589458044,100.0,-539.3130820814122,-81.53428907348143,0.0,83.99661669631537,-89.95031678939789,170.13855895685947,100.0,-849.0203681556222,180.3513734706894,0.0,95.40554467980024,0.0,0.0,0.0,0.0,0.0,0.0,0.0,0.0
-752.4690305086478,3405.564198827443,890.0057284824345,676.5875471410084,-1401.2136214135876,72.70202724621299,1736.9678145361688,1116.9942278798308,202.94784535254325,956.3311508492711,74.33304908719492,30.167096772728712,19.43826602250272,-27.48308042588438,-261.09758336047094,271.46935917903477,-124.80688379106816,-183.4367902600343,-18.111910070483077,20.82727736179833,0.0,0.0,0.0,0.0,0.0,0.0,0.0,-1837.7672546435983,-1116.9942278798312,100.0,-312.6347775841623,-74.33304908719492,0.0,77.12958098909478,89.81137846944134,261.09758336046855,100.0,1082.0404856590292,183.4367902600343,0.0,92.10267566906978,0.0,0.0,0.0,0.0,0.0,0.0,0.0,0.0
-914.8286985801342,3297.268843422988,923.7308462780777,207.0236449317582,1356.702332992736,62.000921501831954,1857.1004237926848,1152.3359827206468,217.6139765794746,24.736888393646268,67.01534576270433,28.459257474785602,18.314290407102746,-135.6278664625891,-353.52765881117614,261.7620243232719,-534.1100377515164,-186.23480243981248,-20.692164654291787,14.71192265100466,0.0,0.0,0.0,0.0,0.0,0.0,0.0,-1795.0859158609267,-1152.3359827206468,100.0,1076.2040377370158,-67.01534576269069,0.0,80.42358853555635,202.51868436715762,353.5276588111758,100.0,1500.5216714010842,186.23480243984488,0.0,78.21592279768274,0.0,0.0,0.0,0.0,0.0,0.0,0.0,0.0
-964.3170662673054,3213.6365162142897,951.8276884385864,-2070.7935272528925,497.11941097612225,50.221888584774206,1770.0511466322162,1183.9921508070024,231.37057612261444,-1464.521320862517,59.59264431189695,26.531337221132247,5.478849425994653,-231.5027392142951,-447.2839679596267,250.8037523711276,-361.50893386737465,-188.74102614805167,-23.11240271704804,19.838175201647502,0.0,0.0,0.0,0.0,0.0,0.0,0.0,-1780.7542417925329,-1183.9921508070015,100.0,961.5594924490586,-59.59264431189695,0.0,91.45737274238182,247.3838915433178,447.2839679596286,100.0,-628.3993033786361,188.74102614805338,0.0,71.56809568634031,0.0,0.0,0.0,0.0,0.0,0.0,0.0,0.0
-1221.268651468042,3193.352791057435,973.8077727140476,-1072.4071451142527,-1106.7838177924273,37.56971480045365,1777.613564225573,1211.91313397152,244.11126153057768,-6.750662693691538,52.076574455288664,24.398244992870275,5.784941202026738,-298.62158879440227,-542.2196155435461,238.67928576418848,-1040.836518418555,-190.9515346900355,-25.353908088576134,21.25666252183264,0.0,0.0,0.0,0.0,0.0,0.0,0.0,-1780.1567887623116,-1211.91313397152,100.0,-711.2117132042999,-52.07657445530913,0.0,86.69226472396734,268.35129306042836,542.2196155435456,100.0,1070.1743553488975,190.95153468997069,0.0,80.43651787145906,0.0,0.0,0.0,0.0,0.0,0.0,0.0,0.0
-1214.950023074962,3211.119126055102,989.2889607503066,729.6878202892515,-624.1681936517625,24.264366587880204,1769.9667031866568,1236.0551862499856,255.73750661295097,-1261.9752240349294,44.47891220102292,22.076476405774343,9.445302080365726,-389.83211503941965,-638.1858585399001,225.4823853534075,-340.88427732621255,-192.86286469125685,-27.39934677326758,33.291125674870806,0.0,0.0,0.0,0.0,0.0,0.0,0.0,-1759.320083753616,-1236.0551862499856,100.0,-1489.275174684385,-44.47891220102292,0.0,95.49065658513594,430.88034128153004,638.1858585398976,100.0,475.405390170271,192.86286469125514,0.0,70.84822320825192,0.0,0.0,0.0,0.0,0.0,0.0,0.0,0.0
-1357.806417438176,3140.8109066137176,998.0021018178941,484.9692780064754,358.6382611504928,10.537166256975752,1665.8176373551164,1256.3804824215295,266.15940336242494,-893.8690022887943,36.81156139422001,19.5839861464583,9.332572036241459,-503.13078251252625,-735.032339212098,211.31510532826604,-295.70066710182175,-194.47202152291823,-29.232900997194804,30.646740937490364,0.0,0.0,0.0,0.0,0.0,0.0,0.0,-1681.561285295607,-1256.3804824215295,100.0,-488.9908888347986,-36.811561394206365,0.0,88.57024375584993,517.9835750766399,735.0323392120977,100.0,153.02865850041144,194.47202152295233,0.0,59.786058003563255,0.0,0.0,0.0,0.0,0.0,0.0,0.0,0.0
-1403.1950067189061,2967.4564779824814,999.7957121761042,-998.1783220022191,-1524.8560214319082,-3.3732297032207725,1681.4604837994798,1272.8571772723312,275.2963572308475,30.96362212056647,29.08653506653991,16.94004912534467,5.969403481027987,-598.2140982529171,-832.6073206870899,196.28700401193873,1552.1946865767945,-195.77648399470092,-30.84039153005932,38.4962250540122,0.0,0.0,0.0,0.0,0.0,0.0,0.0,-1748.3342495199472,-1272.8571772723308,100.0,-850.1320379628851,-29.08653506653991,0.0,93.88599264157034,563.3775683894663,832.6073206870917,100.0,1779.8658320830004,195.77648399469922,0.0,64.48073099497073,0.0,0.0,0.0,0.0,0.0,0.0,0.0,0.0
-1490.2987214620773,2930.0141427943154,994.6386087183714,640.267743951074,225.38931548705932,-17.224979826089566,1663.5246193573225,1285.459455489975,283.0777103824885,708.3802746160859,21.315936614314523,14.165111420023493,0.0,-666.7669876669645,-930.7579246932626,180.51429662554136,-1111.35792612481,-196.77420830420147,-32.20938733591183,46.88946609940411,0.0,0.0,0.0,0.0,0.0,0.0,0.0,-1659.6324781023145,-1285.4594554899745,100.0,-274.18070893586105,-21.315936614314523,0.0,95.70655806744311,647.8384721622642,930.7579246932622,100.0,1000.7734112572012,196.77420830416736,0.0,46.3209720480563,0.0,0.0,0.0,0.0,0.0,0.0,0.0,0.0
-1594.1491216733173,2858.150695846468,982.620451111276,-1342.9790489369395,574.5302331490029,-30.77726224179628,1563.458556447451,1294.1675721102984,289.4432881047842,-172.4445364049052,13.5119408352557,11.280632161768835,0.0,-824.9710832277423,-1029.3303710866528,164.11895657329234,13.910216011487364,-197.46363123966717,-33.329301704766436,48.557531057232765,0.0,0.0,0.0,0.0,0.0,0.0,0.0,-1640.2379514479378,-1294.1675721102984,100.0,1114.6237088806402,-13.5119408352557,0.0,100.0,801.2633469172595,1029.3303710866526,100.0,-37.993279533367286,197.46363123970127,0.0,53.81306087563945,0.0,0.0,0.0,0.0,0.0,0.0,0.0,0.0
-1689.9848454436124,2730.508420730769,963.9501830017288,-1480.8143739334253,809.8971673844176,-43.794461525382644,1584.3050048809846,1298.9678834533574,294.34386415105496,-1003.9419435574462,5.686774853240877,8.308917587927738,1.3650219228427387,-834.1032301750648,-1128.1702187902058,147.22777219853054,467.97822586186953,-197.84367262885326,-34.19147412167945,59.11481325032064,0.0,0.0,0.0,0.0,0.0,0.0,0.0,-1580.1100780399195,-1298.9678834533574,100.0,1152.007639172001,-5.686774853240877,0.0,99.81524547913351,836.3199978666158,1128.1702187902056,100.0,146.7246561877863,197.84367262885326,0.0,40.00098714424978,0.0,0.0,0.0,0.0,0.0,0.0,0.0,0.0
-1787.7735324338626,2667.0356206233187,938.95239939299,-325.1943660426457,-1321.2104935511184,-56.05026502729629,1640.9417771999651,1299.852868500031,297.74154141661523,-58.71717058688205,-2.1473010388513103,5.272948543453708,7.00577361114042,-925.6311043496462,-1227.122607768533,129.97136630487577,1498.4906825337957,-197.9137370314129,-34.78923724019481,59.7330226906631,0.0,0.0,0.0,0.0,0.0,0.0,0.0,-1554.5966794692804,-1299.852868500031,100.0,-756.2812595403261,2.1473010388513103,0.0,92.12121255911342,956.0469814468539,1227.1226077685326,100.0,771.388055758091,197.9137370313788,0.0,40.09743497124169,0.0,0.0,0.0,0.0,0.0,0.0,0.0,0.0
-1845.9806197073124,2520.714833916593,908.0617033450842,-31.688519961668362,-912.1529711611697,-67.33159746897343,1503.7192961223257,1296.8211406757869,299.61004500443164,-19.966806424254173,-9.978012588296679,2.1962027655786187,17.438139493663236,-1039.1821948380714,-1326.032501659142,112.48318602476094,-467.9620390691616,-197.67371467216321,-35.11796844222239,64.95967448155123,0.0,0.0,0.0,0.0,0.0,0.0,0.0,-1554.9769985127357,-1296.8211406757869,100.0,-411.89511553311263,9.978012588296679,0.0,94.11465397249106,1000.8256233637342,1326.0325016591419,100.0,-392.82013122264004,197.67371467216321,0.0,23.597039056833722,0.0,0.0,0.0,0.0,0.0,0.0,0.0,0.0
-1848.4888353879521,2441.924843661989,871.8151501121456,-445.9460361591846,-14.141448139189379,-77.44232539811321,1440.8112500256118,1289.8774500231334,299.93492541399553,-300.87050570042265,-17.79309081354313,-0.8975266740813481,7.180943807845454,-1100.4423074451076,-1424.7449306798671,100.0,-431.8950940983689,-197.12398161256715,0.0,65.60486122674794,0.0,0.0,0.0,0.0,0.0,0.0,0.0,-1449.9135322652749,-1289.8774500231334,100.0,28.094893823159737,17.79309081354313,0.0,88.79741695116678,1079.9731116801595,1424.7449306798646,105.10152915311261,-951.3843266708108,197.12398161259785,35.1751255856432,32.03476068471407,0.0,0.0,0.0,0.0,0.0,0.0,0.0,0.0
-1877.9010472381144,2352.082417352899,830.842910080358,-594.0896476751857,482.40587910911927,-86.20666709873149,1332.3672279801715,1279.0326757593616,298.71367028211216,383.8455004524985,-25.580291226988265,-3.9843153659597874,13.13068589986607,-1091.3823923525927,-1523.1052344320353,100.0,-558.7933247854369,-196.2653991620698,0.0,66.55133263650978,0.0,0.0,0.0,0.0,0.0,0.0,0.0,-1386.6218377977714,-1279.0326757593616,100.0,603.1848326001989,25.580291226995087,0.0,97.69565138233838,1128.3319087228324,1523.1052344320374,122.64679321696589,939.3391337965545,196.2653991620698,34.96026666318549,31.462976651612905,0.0,0.0,0.0,0.0,0.0,0.0,0.0,0.0
-1928.730863767809,2209.39556098431,785.8573128375223,534.7553371851984,-1377.634129390567,-93.47224867319994,1398.5575940673236,1264.3038092312313,295.9557238114925,1201.718669825475,-33.32741301935357,-7.040292574636169,17.846406442070577,-1228.692147420849,-1620.9593042188808,100.0,-1142.1667858318312,-195.0993125280445,0.0,77.8034939844391,0.0,0.0,0.0,0.0,0.0,0.0,0.0,-1354.7675816702774,-1264.3038092312318,100.0,916.088185745831,33.32741301935357,0.0,88.6444244526655,1235.6146078352865,1620.9593042188806,140.01692523812983,-339.7753742152372,195.09931252804108,34.47505322056372,23.907132985201923,0.0,0.0,0.0,0.0,0.0,0.0,0.0,0.0
-1965.4318230494714,2148.5755915400096,737.6404628503743,156.89650074364067,-887.7820717170198,-99.1127531633282,1263.2064714804285,1245.7139272933196,291.68241373690216,653.9665276476251,-41.02231817560778,-10.041825835866405,9.993256159406405,-1235.03770980798,-1718.1538244995254,100.0,268.5871773201234,-193.62754870879598,0.0,77.6249185135568,0.0,0.0,0.0,0.0,0.0,0.0,0.0,-1198.1180072543302,-1245.713927293319,100.0,869.5484048929541,41.0223181756146,0.0,91.19549709635379,1321.9229103223095,1718.153824499525,157.07759861797837,1849.6427450985516,193.62754870879598,33.723237507361574,14.622684916222955,0.0,0.0,0.0,0.0,0.0,0.0,0.0,0.0
-1951.9074116376091,1923.471113698657,687.0306420593124,-429.89646208214367,-820.4731265035434,-103.03011665477015,1180.3908742882738,1223.2921561517196,285.92678639365397,-1725.7423367857143,-48.652950492610216,-12.965703711005858,18.44132733470999,-1437.8512089558626,-1814.5365131003605,100.0,-987.7800165563644,-191.85241363054502,0.0,95.50964320288531,0.0,0.0,0.0,0.0,0.0,0.0,0.0,-1221.2138962237627,-1223.2921561517196,100.0,837.0604481668988,48.652950492610216,0.0,85.45173954432445,1392.334097045945,1814.53651310036,173.69687986155571,-340.1167485998542,191.85241363054843,32.71063346031099,21.707863100968208,0.0,0.0,0.0,0.0,0.0,0.0,0.0,0.0
-1998.783353248847,1771.470797767363,634.9077357904713,910.9328495321665,1500.1086179736285,-105.15623318318887,1156.6856616531695,1197.0736257297672,278.7333511638893,531.8032241544984,-56.20735446841309,-15.789315285572343,26.335079511290342,-1476.3747713881892,-1909.9563598072432,100.0,1270.3162938708738,-189.77668853461523,0.0,79.47304701658247,0.0,0.0,0.0,0.0,0.0,0.0,0.0,-1155.55423280094,-1197.0736257297676,100.0,504.94393828890225,56.207354468399444,0.0,78.90917836217692,1411.1443981207724,1909.9563598072427,189.74624884487247,-347.8143013535214,189.77668853461182,31.44507174279113,17.759388477389155,0.0,0.0,0.0,0.0,0.0,0.0,0.0,0.0
-2040.7739276912025,1757.6132588252276,582.17793536531,3031.5642269169357,1848.6391098249169,-105.45413880142576,999.2738528445823,1167.0994146272683,270.1577362768976,-715.0734362743759,-63.67369403393241,-18.490825023812363,38.63414612442185,-1465.9263147713511,-2004.2638629649127,100.0,531.098787511504,-187.40362562014639,0.0,87.50557475296525,0.0,0.0,0.0,0.0,0.0,0.0,0.0,-1055.9855849231508,-1167.0994146272683,100.0,-547.158542591186,63.67369403393923,0.0,70.35634165451246,1476.2726833412344,2004.2638629649123,205.1015926859427,86.68388823161422,187.40362562014639,29.936339188938916,5.414842717142896,0.0,0.0,0.0,0.0,0.0,0.0,0.0,0.0
-1983.454628152122,1611.9540180393665,529.7579833630084,2900.7607037611456,-2879.88193492189,-103.91865422265994,877.7510753350975,1133.4164857594815,260.26625862523304,-169.31203367551348,-71.0402710973699,-21.049341627158356,39.90732174032701,-1528.2265942834797,-2097.3112637128033,100.0,-660.9883135588893,-184.73694294832285,0.0,100.0,0.0,0.0,0.0,0.0,0.0,0.0,0.0,-968.476652417982,-1133.4164857594806,100.0,2598.0822915930794,71.04027109738354,0.0,69.37309681536146,1509.1659710599745,2097.3112637128033,219.64416553376066,488.110625822834,184.73694294832285,28.196103120114913,10.418304352079852,0.0,0.0,0.0,0.0,0.0,0.0,0.0,0.0
-1991.0130674255972,1403.1340598512108,478.5592354422666,1085.4291741194345,968.469742902347,-100.57647486545534,893.6233158937853,1096.077612776683,249.13541092332775,-369.00458458197306,-78.29554387261396,-23.44507959067201,37.99739368616932,-1542.9123512825936,-2188.952777490274,100.0,968.4202848399616,-181.78081861735336,0.0,90.04879552974536,0.0,0.0,0.0,0.0,0.0,0.0,0.0,-844.6005274285641,-1096.077612776683,100.0,-362.43736297169335,78.29554387261396,0.0,66.69242446103445,1577.1343184857114,2188.9527774902735,233.26150685299248,428.9294851652619,181.78081861735336,26.237821119199936,2.9456871191505476,0.0,0.0,0.0,0.0,0.0,0.0,0.0,0.0
-2031.0021143168428,1344.0989541103563,429.4718158182568,-2918.630348021686,-1334.1875750209442,-95.48570673622436,812.219195439128,1055.1412973796105,236.85127017450026,-408.6743815668507,-85.42814496252049,-25.65951220819713,45.12831294505513,-1588.9668463669725,-2279.0448224485453,100.0,1747.653168761799,-178.539884215661,0.0,92.73402117746247,0.0,0.0,0.0,0.0,0.0,0.0,0.0,-798.5790632422406,-1055.1412973796114,100.0,1478.101645988931,85.42814496253413,0.0,63.468758713618676,1595.2744665592438,2279.044822448545,245.84831110309756,-1582.1963295565047,178.539884215661,24.076636960634517,0.0,0.0,0.0,0.0,0.0,0.0,0.0,0.0,0.0
-1939.0602172052388,1121.9855545046667,383.3491418623488,-0.8541098340492681,-247.24200425825302,-88.73485621785733,746.4975630505818,1010.6716776603175,223.50883202080007,39.38665124236195,-92.42689916924974,-27.675514842971438,41.75405589455246,-1628.5975094018943,-2367.4462444115006,100.0,-841.991272843776,-175.01921756613456,0.0,96.33708844507306,0.0,0.0,0.0,0.0,0.0,0.0,0.0,-745.6508458381066,-1010.6716776603175,100.0,-701.5549592397718,92.42689916924974,0.0,57.44222598768137,1652.810494253678,2367.4462444115006,257.3072420864904,-254.84130221773057,175.01921756613456,21.729263500471347,0.0,0.0,0.0,0.0,0.0,0.0,0.0,0.0,0.0
-1858.6537734985943,1050.6719437344952,340.99308687465515,-936.0697484810316,-950.0263201166229,-80.44129132739386,601.8168863858448,962.7384276120679,209.21127612329144,-518.688490237904,-99.28084100311935,-29.477497355759255,49.837505592010274,-1677.7857848830502,-2454.018538032861,100.0,623.7434424320088,-171.2243347693675,0.0,100.0,0.0,0.0,0.0,0.0,0.0,0.0,0.0,-668.848423584742,-962.738427612067,100.0,-578.32897487688,99.2808410031057,0.0,51.60522331583,1712.2054470534736,2454.018538032861,267.54968566822873,112.95620410758715,171.2243347693675,19.21385343281372,8.353643602979776,0.0,0.0,0.0,0.0,0.0,0.0,0.0,0.0
-1940.0391517732176,818.9913166996362,303.1400389844767,-984.1897100279471,1401.684309493833,-70.74920119526439,589.201553567693,911.4166479656988,194.06916825372764,481.0561522829437,-105.9792318633231,-31.051524666421813,65.18378017348053,-1777.7039076158292,-2538.6260638032163,100.0,-298.94092297265274,-167.1611815618803,0.0,89.96675222908391,0.0,0.0,0.0,0.0,0.0,0.0,0.0,-548.2114394211984,-911.4166479656992,100.0,732.2127774209372,105.97923186330263,0.0,52.86501146657194,1690.6983482290427,2538.6260638032163,276.4964350462974,2619.257752735567,167.1611815618735,16.54985891139944,6.3992340699936605,0.0,0.0,0.0,0.0,0.0,0.0,0.0,0.0
-1737.6016514427258,773.9973950604001,270.4480985539058,-1686.5956696499813,-2494.4775370120556,-59.82708924136631,466.4467616675489,856.7867485234956,178.19960526800426,1032.973153464905,-112.51157686270517,-32.38542451659413,63.64465940038058,-1741.5089919466056,-2621.1362605669283,100.0,-358.25414642654323,-162.83612400008678,0.0,90.12684586258936,0.0,0.0,0.0,0.0,0.0,0.0,0.0,-392.8504613448274,-856.786748523497,100.0,-31.179463501541704,112.51157686270517,0.0,43.922547637510334,1739.7893228611724,2621.1362605669283,284.07830327316776,963.8045525398013,162.83612400008678,13.75788112233721,0.0,0.0,0.0,0.0,0.0,0.0,0.0,0.0,0.0
-1748.0129051982917,444.1719424315571,243.4856366662222,883.1620068876612,-481.58738114299325,-47.864843631485314,300.08294496165433,798.9343221749364,161.72530957346754,-526.0308704297383,-118.86764127099013,-33.46888160011986,64.8816381756848,-1753.1783389094896,-2701.4198532159553,100.0,-938.542270755471,-158.2559384862111,0.0,98.26566095075574,0.0,0.0,0.0,0.0,0.0,0.0,0.0,-316.41236864066923,-798.9343221749352,100.0,-51.3473445237193,118.86764127101401,0.0,41.42652109914064,1765.9706395227665,2701.4198532159553,290.23665829187496,-793.5504717330718,158.25593848621793,10.859510971204145,9.190942562013111,0.0,0.0,0.0,0.0,0.0,0.0,0.0,0.0
-1541.8554222675773,387.6031659120743,222.72141361736522,-309.49159044982366,-1265.1052672003348,-35.07043594534309,228.29474437571832,737.9500107916847,144.773680092746,66.60203653159186,-125.03746655046257,-34.293517333312735,81.28981979680017,-1779.2609560019837,-2779.351055235188,100.0,880.4508301963608,-153.4278011513743,0.0,97.50113780424137,0.0,0.0,0.0,0.0,0.0,0.0,0.0,-215.8001389311113,-737.9500107916836,100.0,52.40401486754081,125.03746655046257,0.0,30.66856843396915,1797.1264862102412,2779.351055235188,294.9238763490825,516.7198513669723,153.4278011513743,7.877162116286627,8.13358471008641,0.0,0.0,0.0,0.0,0.0,0.0,0.0,0.0
-1509.8542376145426,229.7392010944741,208.51642920705132,-159.21839759527415,-660.60363566646,-21.666305452683332,151.19041740986657,673.9293632119698,127.47580706318293,-625.4772195736592,-131.01138595848965,-34.852954648167156,75.92606747390144,-1785.8119981147163,-2854.8077657818694,100.0,989.0426578339168,-148.35927661165442,0.0,89.64665760551793,0.0,0.0,0.0,0.0,0.0,0.0,0.0,-103.40277847096252,-673.92936321197,100.0,-351.4480151777509,131.01138595846578,0.0,18.985203438854715,1808.3346317309345,2854.8077657818685,298.1037102788001,453.94080439281083,148.35927661165442,4.83389763950953,4.078468389826709,0.0,0.0,0.0,0.0,0.0,0.0,0.0,0.0
-1500.923339925682,97.43254445765581,201.11764651764656,146.79699090715303,739.6818004936498,-7.885491858976366,44.300959676480076,606.9726855368178,109.96545829061313,33.182314145574416,-136.78003969347287,-35.14286730745994,78.4448625807964,-1742.0120450452187,-2927.671760990455,100.0,-202.62417574714618,-143.05830611654756,0.0,84.5902854093277,0.0,0.0,0.0,0.0,0.0,0.0,0.0,19.060169494200274,-606.9726855368181,100.0,431.6878377776684,136.78003969349334,0.0,14.263101873399917,1808.3739358479495,2927.6717609904545,299.75156980874533,-181.238452202914,143.05830611655438,1.7532516950950594,19.8160548845334,0.0,0.0,0.0,0.0,0.0,0.0,0.0,0.0
-1357.4020479051585,-119.2816020959629,200.65369829706287,292.5205574746883,-1921.525245187876,6.032416244603667,-31.347433933457488,537.1848839727256,100.0,-1148.5900165376258,-142.33438955932115,0.0,86.6292883894428,-1899.95307969999,-2997.828879203098,100.0,-519.6677418858644,-137.53319510669826,0.0,88.75650568197008,0.0,0.0,0.0,0.0,0.0,0.0,0.0,66.84973639510255,-537.1848839727259,107.6219553030129,-223.60369688928483,142.33438955934844,35.16101336040414,14.71202369900437,1844.663520824296,2997.828879203098,299.85471172168764,-108.33189468066848,137.53319510669826,-1.3409524845971532,25.645300629308366,0.0,0.0,0.0,0.0,0.0,0.0,0.0,0.0
-1255.0194757615454,-171.67939251311543,207.1326505930553,24.927011077005545,-1740.7400939529055,19.845446787825836,-104.20257181125578,464.6753004670047,100.0,46.131209443475285,-147.66573312646074,0.0,91.2645057882032,-1802.6623063044724,-3065.1691998355236,100.0,730.6261538945625,-131.79260020093352,0.0,74.83298730893483,0.0,0.0,0.0,0.0,0.0,0.0,0.0,133.62086187014643,-464.6753004670052,125.15042683854296,-640.0893073642203,147.66573312643004,34.90725248003841,10.647178029546664,1801.3947593592836,3065.169199835523,298.4123384012172,-16.22293529009994,131.79260020093352,-4.424786818744337,17.84464198634138,0.0,0.0,0.0,0.0,0.0,0.0,0.0,0.0
-1274.966353322601,-406.7727487297604,220.44186251962867,407.4290321014371,494.41937865680245,33.31345106645756,-206.6778846905283,389.557541393272,100.0,-786.8414963374239,-152.76571736648293,0.0,88.43662689799287,-1773.13653982322,-3129.5872155981383,100.0,-355.7988895537085,-125.84551563325476,0.0,74.8632915723195,0.0,0.0,0.0,0.0,0.0,0.0,0.0,197.32562629004934,-389.55754139327223,142.48440524718555,-1903.4301115903013,152.76571736645565,34.38354704846489,13.551622020196682,1795.6188453619488,3129.587215598138,295.4356039998673,-1702.5232880527176,125.84551563325476,-7.474403418546558,20.36267847069235,0.0,0.0,0.0,0.0,0.0,0.0,0.0,0.0
-998.9357361957602,-459.30650842695286,240.34994459360462,1851.4870840195817,-2168.462807723427,46.20227888686372,-317.13515967564473,311.94929955558086,100.0,-1262.715351653139,-157.62635173951253,0.0,94.93324153862159,-1703.4324837836896,-3190.981997802438,100.0,299.37141508864784,-119.70125916109737,0.0,64.56576406895422,0.0,0.0,0.0,0.0,0.0,0.0,0.0,354.1137681251286,-311.9492995555811,159.48984351320973,380.4773891867788,157.6263517395398,33.59394698128071,7.454962905688993,1789.2843852107628,3190.981997802438,290.9475281818903,-944.2992777701386,119.70125916109737,-10.466219007578559,27.700767316464848,0.0,0.0,0.0,0.0,0.0,0.0,0.0,0.0
-961.2099645077961,-697.7045680792597,266.510781594368,2310.6469606195265,-109.80296761362695,58.28784942263297,-410.8549812228925,231.97216978997653,100.0,885.0987247938176,-162.24002071386053,0.0,97.85662358299714,-1831.3383880857614,-3249.2573544938127,100.0,-1073.015594414593,-113.36945746659694,0.0,65.19828373443912,0.0,0.0,0.0,0.0,0.0,0.0,0.0,357.0719706436216,-231.97216978997517,176.0352352855038,-1491.4362384868296,162.24002071385712,32.54455840895389,10.304066176793349,1796.319698132638,3249.2573544938127,284.98281810773165,121.7986243163341,113.36945746659694,-13.377097295854412,41.38167417293457,0.0,0.0,0.0,0.0,0.0,0.0,0.0,0.0
-796.685403374653,-808.4034535413971,298.4695500067092,-830.0579126622921,565.788143422489,69.36004700827283,-468.89051813242384,149.75145845247835,100.0,1065.5074043160027,-166.59949569719743,0.0,95.44749694823068,-1802.8591537946952,-3304.321981162913,100.0,-1081.6712448667693,-106.86003107305851,0.0,58.74802225487825,0.0,0.0,0.0,0.0,0.0,0.0,0.0,609.9361168316196,-149.75145845247857,191.99263184168547,249.81503138300127,166.59949569716673,31.243496456728224,16.10255480444337,1720.1806441722829,3304.321981162913,277.5876000368271,-813.8244523619289,106.86003107305851,-16.18452789718333,33.60609101513107,0.0,0.0,0.0,0.0,0.0,0.0,0.0,0.0
-720.5844924894338,-1018.4874974453948,335.6706254295215,423.1244952077333,721.6816327354644,79.22637413976048,-584.4925729554776,65.41598709190816,100.0,604.9134079971776,-170.6979463629989,0.0,88.38294247061701,-1705.2675981900336,-3356.089603799483,100.0,-48.654816606879194,-100.18317880242648,0.0,48.53205545242907,0.0,0.0,0.0,0.0,0.0,0.0,0.0,571.3710841295971,-65.41598709190839,207.23863154037934,-971.6035134322959,170.69794636299548,29.700822488938883,5.32865981507561,1690.416180735988,3356.089603799483,268.8190626242981,674.0068208809703,100.18317880242648,-18.86680040646155,47.44447390898476,0.0,0.0,0.0,0.0,0.0,0.0,0.0,0.0
-551.6946860146163,-1056.4760720924019,377.4672424747916,-301.6358540716112,-167.24096777566842,87.71529817126009,-764.4098493297386,-20.902109384786172,100.0,-1025.958713756609,-174.52895135144558,0.0,96.77423383773038,-1586.947932527843,-3404.479114064535,100.0,123.66145500599941,-93.34936179563783,0.0,53.396358159025944,0.0,0.0,0.0,0.0,0.0,0.0,0.0,695.4318416793719,20.9021093847839,221.65533411003216,-595.7973725136469,174.52895135147287,27.928466302471264,0.0,1681.8409356391219,3404.479114064535,258.7450146699937,-906.1140275387538,93.34936179563783,-21.403172290291934,55.491578415132885,0.0,0.0,0.0,0.0,0.0,0.0,0.0,0.0
-542.8339585561604,-1290.4389315704357,423.1327392131709,268.15850457899217,-516.0064450698326,94.67923352402607,-750.1704482918053,-109.06758973852084,100.0,374.5072579548008,-178.0865083307492,0.0,89.71054095629593,-1617.4874666758353,-3449.414696369052,100.0,-1075.6733106683623,-86.36928712252939,0.0,50.092576173524094,0.0,0.0,0.0,0.0,0.0,0.0,0.0,775.9818128382785,109.06758973852266,235.13125239457486,590.5765687202825,178.0865083307151,25.94013387133785,10.402353254402211,1562.320596737259,3449.414696369052,247.443360739891,356.92558161996203,86.3692871225362,-23.774029293198993,60.490985343904185,0.0,0.0,0.0,0.0,0.0,0.0,0.0,0.0
-338.5657783269119,-1365.6842702140502,471.873190673921,2340.0234851310965,-1275.964100897263,99.99710755971535,-881.8643668890036,-198.94231829098692,100.0,488.8246536498025,-181.3650434011646,0.0,89.00185159254757,-1531.7628304153243,-3490.8259466601507,100.0,-1236.6262982031185,-79.25389100597158,0.0,42.01214957938308,0.0,0.0,0.0,0.0,0.0,0.0,0.0,858.6404082908491,198.9423182909867,247.56217450521302,1057.3165012199286,181.3650434011339,23.751201355725442,6.643822001515011,1569.2563256515896,3490.8259466601507,235.00149871498883,-2020.2403278280701,79.25389100597158,-25.961037118278796,57.72815356348736,0.0,0.0,0.0,0.0,0.0,0.0,0.0,0.0
-208.80100816273676,-1510.831995577364,522.8412117574869,1873.2983982387877,-721.9515359918785,103.57646550860068,-962.4005815362842,-290.3854813524922,100.0,-1413.276414384386,-184.35941982817496,0.0,100.0,-1544.1505900943075,-3528.647982728532,100.0,-1458.9130437115,-72.01432168750671,0.0,35.24628467969736,0.0,0.0,0.0,0.0,0.0,0.0,0.0,970.0782964303573,290.38548135249187,258.85196971116795,1792.5317617835128,184.35941982814427,21.37859619516604,9.244682747743498,1527.0649709848249,3528.647982728532,221.51564392654183,-1064.9381325950299,72.01432168750671,-27.947283210001217,67.90556010202567,0.0,0.0,0.0,0.0,0.0,0.0,0.0,0.0
-89.56673554893305,-1719.7742980269923,575.1506895878986,1293.1149680331164,690.9300627201299,105.35507785691948,-1023.357856559085,-383.2538078456812,100.0,-729.8251067500951,-187.06494609062645,0.0,96.51033162422571,-1539.1589287106378,-3562.8215458644827,100.0,195.9940056159337,-64.6619219604122,0.0,35.627176074020895,0.0,0.0,0.0,0.0,0.0,0.0,0.0,997.578565435012,383.2538078456788,268.9133318372561,1000.1638340222786,187.06494609062645,18.840666205363732,5.116998460650114,1493.796118342468,3562.8215458644827,207.0900851042566,-1040.0347601358885,64.6619219604122,-29.71740754229856,71.65653820245467,0.0,0.0,0.0,0.0,0.0,0.0,0.0,0.0
54.382521441243846,-1817.2700737672994,627.8921891732659,-671.6555009622115,-11.701692180419059,105.30202224846676,-1073.3607876848448,-477.4017937793826,100.0,995.5779832903943,-189.4773832311398,0.0,91.90456780603452,-1347.6080476512204,-3593.2930937030555,100.0,571.110942660066,-57.208211398121875,0.0,19.355728005130473,0.0,0.0,0.0,0.0,0.0,0.0,0.0,1089.8018426043338,477.40179377938455,277.668454419467,-364.6365970640784,189.4773832311057,16.1570376909836,12.423713122565621,1462.9145817764406,3593.2930937030555,191.83637789132274,-1511.014130109155,57.208211398115054,-31.25772140044802,75.61428650937958,0.0,0.0,0.0,0.0,0.0,0.0,0.0,0.0
89.48403164882505,-1974.1926202669242,680.1487645367392,-1187.4697693402516,-159.62312532731517,103.41822109025088,-1179.707850880563,-572.6819302210099,100.0,966.3191067628247,-191.59295149795014,0.0,82.03827408943235,-1397.9699573974278,-3620.014884113063,100.0,492.3727724537662,-49.664868305555956,0.0,25.38774015362312,0.0,0.0,0.0,0.0,0.0,0.0,0.0,1139.9871356732963,572.6819302210096,285.04963239743665,1029.0975904407776,191.59295149795014,13.348463671624131,15.495632651235711,1336.1914771277882,3620.0148841130626,175.87248216299173,1851.3620755237218,49.664868305549135,-32.55631323882369,83.43382231593411,0.0,0.0,0.0,0.0,0.0,0.0,0.0,0.0
528.4538247074062,-2072.186678861847,731.0119004309283,-1684.050781890961,155.22839326855546,99.73642551575836,-1284.3787139873784,-668.9449344101845,100.0,-1919.3396298809523,-193.40833626647282,0.0,79.39215322622644,-1221.1305114347492,-3642.9450499983413,100.0,862.8402841602463,-42.04371142187256,0.0,13.021576977482571,0.0,0.0,0.0,0.0,0.0,0.0,0.0,1242.162281273212,668.944934410182,290.99978569080474,796.6488684887145,193.40833626644041,10.43666339470434,19.739111442102796,1273.893381210308,3642.9450499983413,159.32184982000052,-62.87182827059837,42.04371142187256,-33.603140794913884,78.73383647376299,0.0,0.0,0.0,0.0,0.0,0.0,0.0,0.0
434.6763320182394,-2128.1413911709546,779.5973074784982,-417.24179836993216,-270.7256544512006,94.32064598473914,-1329.4353118122424,-766.0399836515962,100.0,977.7989803193555,-194.92069323308897,0.0,76.55145393638502,-1253.3623642960986,-3662.0476648941813,100.0,-1396.6602783117673,-34.35668140311918,0.0,15.932285443417106,0.0,0.0,0.0,0.0,0.0,0.0,0.0,1340.8824886231523,766.0399836515982,295.47290061054275,1583.6321796094,194.92069323308726,7.444154376300389,23.58692700262248,1253.635569707629,3662.0476648941813,142.31247011107791,263.6506493202194,34.35668140311918,-34.39010874826579,89.64911726870514,0.0,0.0,0.0,0.0,0.0,0.0,0.0,0.0
601.3484455227584,-2329.863501482171,825.0602961299309,96.22096544996054,-610.933494808296,87.26503941906515,-1280.7149008192055,-863.8149516205976,100.0,-897.2121997283375,-196.1276528710141,0.0,77.25504762570645,-1113.1978165198566,-3677.292799256103,100.0,1952.4573851346895,-26.615822113876675,0.0,21.81521109360576,0.0,0.0,0.0,0.0,0.0,0.0,0.0,1404.4727926635205,863.8149516205974,298.4343856917325,180.5172132149255,196.1276528709817,4.394078268838086,27.389900179288105,1190.3187308008305,3677.292799256103,124.97587986727899,1905.6844369767862,26.615822113876675,-34.9111313231829,80.58192813901029,0.0,0.0,0.0,0.0,0.0,0.0,0.0,0.0
763.2966106179939,-2444.1962420564064,866.6104621519828,191.0187260259005,964.6697769010393,78.69227222194695,-1424.0261345769215,-962.1166467112523,100.0,36.19524019619803,-197.0273241433165,0.0,68.3424841646375,-1102.2316511700474,-3688.6565673527757,100.0,2610.1317577421487,-18.83326175719958,0.0,12.47519026030521,0.0,0.0,0.0,0.0,0.0,0.0,0.0,1408.6941853710612,962.116646711252,299.8613391960705,-805.2917399725288,197.0273241432841,1.310021902203573,30.600151986788067,1097.3629142306809,3688.6565673527757,107.44614630216454,-907.0257916698631,18.83326175719958,-35.16217935099377,87.89033951056109,0.0,0.0,0.0,0.0,0.0,0.0,0.0,0.0
922.4634983852419,-2447.687454761895,903.5254283299244,1650.6250955540127,-1308.0336847701824,68.75138764115093,-1473.0859760422127,-1060.7910520535177,100.0,-790.5591987912487,-197.6182974654182,0.0,64.73338332860253,-974.4947012262584,-3696.121164689654,110.14116975595807,846.7710567369329,-11.02119387243647,35.141311428690116,0.17206856878112653,0.0,0.0,0.0,0.0,0.0,0.0,0.0,1490.037343512647,1060.7910520535152,299.7427262154515,12.611749841890969,197.6182974654148,-1.7841651177877793,40.640772775646695,1034.0950177954066,3696.121164689654,100.0,-2343.575798752791,11.02119387243647,0.0,100.0,0.0,0.0,0.0,0.0,0.0,0.0,0.0,0.0
857.4762188225677,-2566.8434264162893,935.1634034748727,-22.010800354509,-43.591276066599676,57.61521455326829,-1573.28557066257,-1159.6835668233552,100.0,755.5899798041492,-197.899646913595,0.0,54.643884258055316,-957.4088574219538,-3699.674895904648,127.65006218219679,-966.3560250120014,-3.191858230663911,34.848688931939336,3.9362249508807428,0.0,0.0,0.0,0.0,0.0,0.0,0.0,1580.1031777305393,1159.6835668233573,298.0794640070511,-118.71634285187724,197.8996469136291,-4.864554843010467,39.09512575684146,1012.0013083685707,3699.674895904648,100.0,686.7774596985367,3.191858230663911,0.0,92.17901029059475,0.0,0.0,0.0,0.0,0.0,0.0,0.0,0.0
1018.9332497690638,-2773.154258572789,960.9743403895933,1372.3458509245609,-1634.286834775096,45.47736271896895,-1670.1047100879512,-1258.6392484678229,100.0,-579.1053242178225,-197.87093167604212,0.0,58.004686060244026,-896.6380341033171,-3699.312193092157,144.94513131680762,-1126.8807053454252,4.642478342307186,34.28657476726343,6.44530964536083,0.0,0.0,0.0,0.0,0.0,0.0,0.0,1593.3099257629385,1258.6392484678227,294.88441489999883,1605.893492776712,197.87093167604212,-7.9073260224959085,47.53695155596044,850.1638315815192,3699.312193092157,100.0,-936.931791556899,-4.642478342307186,0.0,100.0,0.0,0.0,0.0,0.0,0.0,0.0,0.0,0.0
1080.7493879008737,-2943.0414430334904,980.5094988041135,-315.3995051394554,765.975333219867,32.54885674871673,-1606.9935767956197,-1357.5030554655427,100.0,-643.2448049560026,-197.5321967430068,0.0,55.583448606626106,-794.4836121750693,-3695.0336245267354,161.89263103702146,108.50268275728183,12.469541185339494,33.45931587241722,3.0998907663473023,0.0,0.0,0.0,0.0,0.0,0.0,0.0,1584.0814375066432,1357.5030554655402,290.182286828493,-472.6524999387527,197.5321967429727,-10.888948316784592,54.528763295033094,734.7535980580697,3695.0336245267354,100.0,993.2447997151138,-12.469541185339494,0.0,82.34930235815014,0.0,0.0,0.0,0.0,0.0,0.0,0.0,0.0
1332.145350172077,-2906.132586471049,993.4292470231637,-499.0608340094866,-491.0124989809856,19.05446729996072,-1632.961781426712,-1456.1200902422577,100.0,-332.9547483901456,-196.88397283684367,0.0,41.09584021237257,-683.923526448484,-3686.845893772732,178.361503041733,1794.0126599133287,20.27706703358035,32.37330960090503,6.972184426065558,0.0,0.0,0.0,0.0,0.0,0.0,0.0,1668.0131825649503,1456.1200902422552,284.00944226055503,-684.5470991471461,196.88397283684026,-13.786364262597885,59.774781399693445,642.2531874721093,3686.845893772732,100.0,-79.37920575212956,-20.27706703358035,0.0,90.79450562650499,0.0,0.0,0.0,0.0,0.0,0.0,0.0,0.0
1254.3262258478321,-3031.6009884136315,999.5089666486217,-328.3457707909929,-1583.4937955371424,5.2288032900173675,-1666.2840747998607,-1554.3358418608323,100.0,417.6803080361333,-195.9272755799634,0.0,29.375133122368126,-603.314005089188,-3674.7618291813005,194.224390350757,-72.17491146345594,28.052823232330866,31.036954249699278,3.2720668789639484,0.0,0.0,0.0,0.0,0.0,0.0,0.0,1713.7387485204333,1554.3358418608318,276.4136170000154,784.4424148587632,195.9272755799293,-16.57716758068034,54.677359568849944,504.93670565495694,3674.7618291813005,100.0,-1076.7632658736693,-28.052823232324045,0.0,89.72106465389038,0.0,0.0,0.0,0.0,0.0,0.0,0.0,0.0
1368.7626009484043,-2982.962276088777,998.6429577194558,512.1097575682768,184.98508225042542,-8.687766935681225,-1702.9101329345342,-1651.9964281055013,100.0,1447.1335978694128,-194.6636039040277,0.0,34.44391856266236,-532.2810563159918,-3658.8003637912266,209.35862218105171,-557.5144318776188,35.78462690280503,29.460584113880657,9.362106320636508,0.0,0.0,0.0,0.0,0.0,0.0,0.0,1738.7276689966702,1651.996428105501,267.45355103628606,1355.7864665350621,194.6636039040277,-19.239776447893746,59.564783782816846,506.80492436687996,3658.8003637912266,100.0,-156.83899721528462,-35.78462690280503,0.0,89.42689862027854,0.0,0.0,0.0,0.0,0.0,0.0,0.0,0.0
1573.247729192016,-3179.9737831893212,990.8462763757035,212.68921879105733,-321.45133780262313,-22.45329456679542,-1685.2143650527998,-1748.9488365810398,100.0,-626.7191271121374,-193.09493770130416,0.0,38.78023504354068,-374.783333976811,-3638.986505665073,223.64716258365843,88.44937408252207,43.4603640301475,27.65638956933188,8.929085968809762,0.0,0.0,0.0,0.0,0.0,0.0,0.0,1737.9894694103698,1748.9488365810394,257.1985342966348,-21.019582130031722,193.09493770130416,-21.753600393641932,62.63024176552082,380.8975148566251,3638.986505665073,100.0,-973.2882304580977,-43.460364030154324,0.0,89.44299607154846,0.0,0.0,0.0,0.0,0.0,0.0,0.0,0.0
1727.6171924559274,-3253.5172649453907,976.254473097482,1282.8073547585495,428.9308194275395,-35.82845676875138,-1719.031415629734,-1845.0411644491173,100.0,-1904.574891260637,-191.22373472231857,0.0,36.80724298168563,-271.17710863929204,-3615.351298707111,236.9795155053955,-118.55457844351406,51.06800844316467,25.6383228022122,12.873809943189084,0.0,0.0,0.0,0.0,0.0,0.0,0.0,1783.3961071135093,1845.041164449117,245.72787081374375,-289.2189542794631,191.22373472232198,-24.09919952997612,72.76906237272067,292.21033045924213,3615.351298707111,100.0,-1004.3539134873165,-51.06800844316467,0.0,86.88919834248192,0.0,0.0,0.0,0.0,0.0,0.0,0.0,0.0
1618.032578256905,-3272.218447793827,955.1212360699226,599.1913348332764,-1271.7573204135783,-48.58071746907285,-1839.5202604664037,-1940.1228564262174,100.0,-7.2437495228177795,-189.0529267255306,0.0,6.991995676403992,-254.84071236597632,-3587.9317740244373,249.25257927625225,1030.0784007329494,58.59564065686072,23.42198991415671,20.86006660447297,0.0,0.0,0.0,0.0,0.0,0.0,0.0,1797.685733738329,1940.1228564262171,233.13026545224838,-501.05006204025244,189.0529267255306,-26.258434884012587,83.87694771190365,213.03228860296895,3587.9317740244373,100.0,312.0917394746483,-58.59564065686072,0.0,95.66620255679274,0.0,0.0,0.0,0.0,0.0,0.0,0.0,0.0
1791.7840327278125,-3307.719970521419,927.8139806456923,-300.7206959740279,1031.9314769388711,-60.48837015129777,-1821.813573939496,-2034.0449406702533,100.0,-397.82923211911907,-186.58591488395132,0.0,21.04214918051838,-114.52084693116133,-3556.770891907475,260.37144391459606,-723.2501912468515,66.03146654757438,21.024530237030206,20.951689085638865,0.0,0.0,0.0,0.0,0.0,0.0,0.0,1674.464593950635,2034.0449406702528,219.5031379368237,504.8673453260403,186.5859148839479,-28.214608670126324,79.50271304467599,122.04487825658968,3556.770891907475,100.0,-77.21405300499214,-66.0314665475812,0.0,76.61980497256927,0.0,0.0,0.0,0.0,0.0,0.0,0.0,0.0
1806.599029632558,-3285.5866721039956,894.8074615852126,-1594.4419206128032,1498.1894024256917,-71.34439236996343,-1755.5270771103626,-2126.66026218629,100.0,-460.0928328299858,-183.82656445561224,0.0,24.559273958350772,-76.13071150899044,-3521.9174745207542,270.250125084464,937.4722196671411,73.36383583158977,18.4644837913757,21.979750939712694,0.0,0.0,0.0,0.0,0.0,0.0,0.0,1793.1222000330795,2126.66026218629,204.95186948656232,392.2506837218566,183.82656445561224,-29.952593417160642,90.18264218086918,42.876573639677254,3521.9174745207542,100.0,-944.1547368074688,-73.36383583158977,0.0,85.10513694232988,0.0,0.0,0.0,0.0,0.0,0.0,0.0,0.0
1902.0251632351958,-3451.6063563716143,856.6755191300449,772.7494383838825,-1077.6232749722885,-80.96004497332217,-1803.7733184273816,-2217.8237133856305,100.0,546.8599619636859,-180.77919872853727,0.0,20.82838976667169,114.08794562696649,-3483.426129409464,278.81222902909735,762.6127573857204,80.58126031883148,15.761647912694059,22.017867029350963,0.0,0.0,0.0,0.0,0.0,0.0,0.0,1771.8743966088184,2217.82371338563,189.5889878815783,635.5788465450303,180.77919872853727,-31.458948952132886,88.20111208337556,-31.351989538878733,3483.426129409464,100.0,195.9986704682421,-80.58126031883148,0.0,75.96749015141953,0.0,0.0,0.0,0.0,0.0,0.0,0.0,0.0
1962.8925777890752,-3362.3494369080363,814.0811024094071,469.1083800793365,-24.43569611576777,-89.16815345849955,-1760.584565895696,-2307.392461437127,100.0,-540.230504498013,-177.44859224611446,0.0,14.994414492038079,142.97654553156153,-3441.357163941575,285.9915433386797,250.91992223372415,87.67243191193074,12.936924154828091,33.84093468875229,0.0,0.0,0.0,0.0,0.0,0.0,0.0,1842.0851535724667,2307.392461437127,173.5332972638659,73.12945705931725,177.44859224611446,-32.72202633561335,95.91367763140016,-229.76662329252608,3441.3571639415754,100.0,307.9988078356061,-87.67243191192392,0.0,62.62960100144456,0.0,0.0,0.0,0.0,0.0,0.0,0.0,0.0
1865.7626306177185,-3521.3728959114237,767.7647436295337,629.9921572849257,-320.3479934177062,-95.82601441145471,-1782.9618877787054,-2395.226172054417,100.0,874.2837076989326,-173.8399633273866,0.0,8.235817667768595,214.82705606191323,-3395.776490819625,291.73254898373483,-263.7857956762673,94.62624032390295,10.01215665428873,34.652443058317466,0.0,0.0,0.0,0.0,0.0,0.0,0.0,1819.3580193999778,2395.2261720544166,156.9089594018355,508.3602570623975,173.8399633273866,-33.73205794532112,89.77912193929548,-172.04783651979236,3395.776490819625,100.0,247.09833095373,-94.62624032390295,0.0,65.01545324181454,0.0,0.0,0.0,0.0,0.0,0.0,0.0,0.0
2026.3365197675546,-3454.016068225522,718.5316834297614,44.43305636774198,503.14789230371844,-100.81787650048,-1826.1397851207716,-2481.1872293684937,100.0,-2945.5099918275528,-169.9589658902687,0.0,15.125988954265821,412.82509576403925,-3346.755524810192,295.9908496545477,1157.486950900675,101.43179048510547,7.009963205180156,46.211632390731566,0.0,0.0,0.0,0.0,0.0,0.0,0.0,1718.1294536132739,2481.187229368493,139.8445335232886,90.3301747592559,169.95896589026188,-34.48123301099372,89.67705586937832,-329.00484605454864,3346.7555248101926,100.0,-934.4505274450037,-101.43179048510547,0.0,64.8864011973747,0.0,0.0,0.0,0.0,0.0,0.0,0.0,0.0
1898.8722264627531,-3537.426644991966,667.2378712395357,1708.0736219462858,53.38986555628253,-104.05695288987431,-1722.9975109723423,-2565.140951541144,100.0,-440.6785347805783,-165.81168059366746,0.0,0.0,399.9254138645748,-3294.371070852856,298.73351508643566,-1522.5384942597325,108.07841961363692,3.9535603515295747,44.77368070125769,0.0,0.0,0.0,0.0,0.0,0.0,0.0,1733.939891731621,2565.140951541144,122.47198214198032,544.5900595538592,165.81168059367428,-34.963758016599016,97.52860608298252,-368.5203963146951,3294.371070852856,100.0,-36.43299919588969,-108.0784196136301,0.0,58.761543941417195,0.0,0.0,0.0,0.0,0.0,0.0,0.0,0.0
2058.833439198534,-3529.0767176694426,614.7750840294544,-1217.0748780005158,-3114.96092986976,-105.48693008663975,-1750.4854954863058,-2646.9558017814143,100.0,275.66350708855225,-161.40460531045392,0.0,0.0,502.22159772772557,-3238.705203723948,299.93933571586774,-174.8966799190947,114.55571392155889,0.8665838491620548,44.71462526677445,0.0,0.0,0.0,0.0,0.0,0.0,0.0,1756.2715346451985,2646.9558017814143,104.92565056591852,-1004.8669186063842,161.40460531046074,-35.17590150271673,94.3749969050813,-583.0066941736554,3238.705203723948,100.0,-148.6313173763739,-114.55571392156571,0.0,50.23234528767774,0.0,0.0,0.0,0.0,0.0,0.0,0.0,0.0
1948.35030319078,-3467.6372865165954,562.0554221767293,-860.4825937660394,-847.9953564175662,-105.08294698814609,-1734.0202383518963,-2726.5035944344595,112.65877202095069,814.4232971449946,-156.74464494622725,35.11602292263888,12.504687516908016,600.1935350629973,-3179.845139443657,299.5989866981333,-457.5621499872477,120.85352493074652,-2.2270941141212575,59.80058530103327,0.0,0.0,0.0,0.0,0.0,0.0,0.0,1721.7743691262572,2726.503594434459,100.0,410.6585185892993,156.74464494622043,0.0,100.0,-647.1217004711842,3179.8451394436574,100.0,-299.7955819662644,-120.85352493074652,0.0,45.09114236953462,0.0,0.0,0.0,0.0,0.0,0.0,0.0,0.0
1987.761668916484,-3477.330061338373,509.9954519947332,1417.9831984348334,-617.1774484792695,-102.85202710869726,-1687.2439908651863,-2803.659695819926,130.14530186951015,1001.767299326109,-151.83910062141422,34.784585329034314,6.029182995867962,702.6990216583317,-3117.883098627949,297.71510001817285,65.85783809194425,126.96198537351847,-5.3035495268363775,60.990569748183496,0.0,0.0,0.0,0.0,0.0,0.0,0.0,1599.0054180006027,2803.6596958199257,100.0,-1721.56160421334,151.83910062141422,0.0,98.25873788351157,-690.7558521076129,3117.883098627949,100.0,-1336.761221812543,-126.96198537351847,0.0,39.80357984811615,0.0,0.0,0.0,0.0,0.0,0.0,0.0,0.0
1975.287578401496,-3487.701631124911,459.500270619285,-983.6198886403929,1347.3166904769914,-98.83295647110401,-1567.2920007365444,-2878.303219505182,147.39871225416536,-205.73164029981854,-146.69565823175162,34.18415179307317,7.552381254881481,756.37036512064,-3052.9161619993874,294.3022441369293,-134.32188396271556,132.87152465231657,-8.33899156280637,66.69079155840879,0.0,0.0,0.0,0.0,0.0,0.0,0.0,1617.7339109178765,2878.303219505182,100.0,189.6787841102946,146.69565823175162,0.0,95.38916614870756,-791.2566159230043,3052.916161999388,100.0,410.91378232161503,-132.87152465230974,0.0,35.795439669788536,0.0,0.0,0.0,0.0,0.0,0.0,0.0,0.0
1929.2835773933675,-3485.9833921566806,411.4477702941831,-1203.7080874630624,-187.33515836213883,-93.09560928601343,-1546.4819369969193,-2950.317215707454,164.28557920733533,-241.8363973813871,-141.322376406456,33.319365583700886,7.122122786772904,899.1509285757984,-2985.046118283252,289.38681133061345,2687.9166680200105,138.5728838349496,-11.30994656027383,70.92612033465912,0.0,0.0,0.0,0.0,0.0,0.0,0.0,1559.9463370052085,2950.317215707454,100.0,1152.7178890349978,141.32237640644917,0.0,91.914359823141,-847.8903681444438,2985.0461182832523,100.0,1128.95307871439,-138.57288383495643,0.0,33.245169057383805,0.0,0.0,0.0,0.0,0.0,0.0,0.0,0.0
1978.9802820268847,-3436.060024888195,366.6733756318698,842.6723658705816,-175.02587580938325,-85.7397331423951,-1592.546562438203,-3019.588854528087,180.67531331285915,466.83227594030427,-135.72767388167904,32.19691426033762,19.58216879356719,950.8119106224161,-2914.379304727272,283.0068135941175,-2008.158860060591,144.05713016082473,-14.19343954822125,66.85982904074848,0.0,0.0,0.0,0.0,0.0,0.0,0.0,1482.4083715607744,3019.588854528087,100.0,264.63155198785785,135.72767388167222,0.0,86.41017286930457,-1027.1340606657895,2914.379304727272,100.0,812.8668497364379,-144.05713016083155,0.0,28.181993975324048,0.0,0.0,0.0,0.0,0.0,0.0,0.0,0.0
1876.195507750835,-3393.003848563231,325.955519202035,-1653.6731108691856,1024.8834315575414,-76.89321482932485,-1493.8956907194017,-3086.009602731868,196.4411695792705,-667.1776300050976,-129.92031631066084,30.82547795668873,2.305213379767064,1066.0302991225622,-2841.026440494845,275.2115886868855,406.7483873030375,149.31567103695215,-16.967171916321888,66.24186814628426,0.0,0.0,0.0,0.0,0.0,0.0,0.0,1458.219670045257,3086.009602731868,100.0,277.27695215061203,129.92031631065402,0.0,87.75272804463083,-1002.3068051450002,2841.0264404948452,100.0,146.20668706332935,-149.31567103695215,0.0,26.7864094090452,0.0,0.0,0.0,0.0,0.0,0.0,0.0,0.0
1827.4587875558748,-3292.3464084540524,290.00210796471276,117.46299424785775,-647.8417171415595,-66.70985693945482,-1432.6443120223478,-3149.4753937944643,211.46122758339044,-379.747790878198,-123.90940252988457,29.215662255581094,17.213443847577036,1163.399191064763,-2765.102453192736,266.06141859445734,-433.38417936711494,154.34026750071553,-19.609693854430077,90.2920579061344,0.0,0.0,0.0,0.0,0.0,0.0,0.0,1423.2393599972745,3149.4753937944633,100.0,239.07633875679267,123.90940252988457,0.0,76.7446933287534,-1174.8149511104139,2765.102453192736,100.0,808.1513181519483,-154.3402675007087,0.0,18.289497503949015,0.0,0.0,0.0,0.0,0.0,0.0,0.0,0.0
1791.8327437896148,-3339.290517129409,259.4382158379262,-1914.0361273438202,-226.56949173113844,-55.36670390881483,-1385.1508697145327,-3209.8867909514693,225.6193343045952,1217.994701440698,-117.70435030282215,27.379916173943286,25.697949794720188,1216.1764734902126,-2686.7262988051316,255.62706335618628,1190.938565334227,159.1230471279755,-22.100570228029,77.78426617347104,0.0,0.0,0.0,0.0,0.0,0.0,0.0,1317.0768183845746,3209.8867909514693,100.0,556.4388724539026,117.70435030282897,0.0,84.17007268838722,-1150.007985936058,2686.7262988051316,100.0,436.8439108190296,-159.1230471279755,0.0,20.61819574709797,0.0,0.0,0.0,0.0,0.0,0.0,0.0,0.0
1759.4775339977598,-3191.5381612794727,234.7952163727274,366.65532634048304,327.4669865821238,-43.06096398172258,-1326.9147333024382,-3267.1491429937014,238.80600235864821,0.6864903976622827,-111.3148815648583,25.332435892135408,30.749698577137234,1282.678225634831,-2606.020775316071,243.98921386413247,567.8709984820523,163.65651636798702,-24.42053860723945,83.92477799961384,0.0,0.0,0.0,0.0,0.0,0.0,0.0,1267.7250753863204,3267.1491429937014,100.0,-141.40909110270854,111.31488156486512,0.0,75.67899077069747,-1211.6599947924187,2606.020775316071,100.0,476.91583869830197,-163.65651636798702,0.0,15.661293766758227,0.0,0.0,0.0,0.0,0.0,0.0,0.0,0.0
1544.995966092045,-3210.225522425052,216.50154447132286,-688.587799898055,-1894.407309521937,-30.006580614575284,-1180.3640031953717,-3321.172732564551,250.91925668486695,453.52987235996466,-104.75100719089369,23.08905497214198,27.879690962912125,1326.2594934897625,-2523.1123303123723,231.23786786475662,-663.651707380136,167.9335722837186,-26.55165822675329,92.1608538756144,0.0,0.0,0.0,0.0,0.0,0.0,0.0,1326.9103820592363,3321.1727325645506,100.0,-1011.5824096134429,104.75100719089369,0.0,73.51758195097098,-1376.0093369871333,2523.1123303123723,100.0,-468.57666451222826,-167.9335722837186,0.0,9.989315416762004,0.0,0.0,0.0,0.0,0.0,0.0,0.0,0.0
1469.0962128969243,-3118.8877947809124,204.87524776193044,880.6675212668802,357.7618808498437,-16.430512926933716,-1200.7591282068092,-3371.8729167271213,261.86542313903885,1121.3614638822253,-98.02301131077684,20.667121913562028,25.763293581247563,1311.0833765400387,-2438.130862868391,217.47163398889046,591.369686087254,171.94751368098423,-28.477448725368077,93.86743419666729,0.0,0.0,0.0,0.0,0.0,0.0,0.0,1071.1984590353072,3371.8729167271213,100.0,322.27971346419963,98.02301131077684,0.0,64.61650683824533,-1396.8045346747288,2438.1308628683914,100.0,-51.88273289994527,-171.94751368098423,0.0,14.231078707508004,0.0,0.0,0.0,0.0,0.0,0.0,0.0,0.0
1352.4678328640973,-2931.3014563171387,200.118457129663,-890.7345728775852,2069.027952446934,-2.568789866494967,-1168.9482117900181,-3419.1702595808583,271.55985289373996,-145.6858494078392,-91.1414351960093,18.08536599430056,36.38448361959706,1475.7424921607608,-2351.2095200231042,202.7969691920845,1107.482320754749,175.69205160711135,-30.183017591839132,83.58242519844683,0.0,0.0,0.0,0.0,0.0,0.0,0.0,1107.3280058293076,3419.1702595808583,100.0,-1118.5707246309157,91.14143519600248,0.0,56.88426473677479,-1452.3524129005234,2351.2095200231042,100.0,214.24661493554595,-175.69205160711135,0.0,7.891352754672423,0.0,0.0,0.0,0.0,0.0,0.0,0.0,0.0
1209.4974907686087,-3100.3775316384395,202.31387253692702,-11.800555995739614,595.8525472466295,11.337593310780676,-1006.9193772873788,-3462.9906567199164,279.92757704412935,-119.8870066216989,-84.11706074423137,15.363752433427464,41.91484613617264,1575.180128551402,-2262.4844881683503,187.32735550232218,1913.8241173010715,179.16131920486805,-31.655175331377734,98.89255268330763,0.0,0.0,0.0,0.0,0.0,0.0,0.0,981.9190044804393,3462.9906567199164,100.0,-6.211806737024972,84.11706074423819,0.0,59.76135996652412,-1444.1805304634604,2262.4844881683507,100.0,-666.8683911184826,-179.16131920486123,0.0,5.692185844706266,0.0,0.0,0.0,0.0,0.0,0.0,0.0,0.0
1204.7205985473902,-2853.642214951631,211.42332522968576,133.64375658088534,386.01038616411415,25.046864903146968,-935.3135261752051,-3503.265451338269,286.9038863570238,-448.5394983287989,-76.96089358638574,12.523327996275953,54.38040614014008,1547.6065146446128,-2172.0947796750684,171.18242244150363,1433.744337315485,182.3498809045077,-32.88253746283601,100.0,0.0,0.0,0.0,0.0,0.0,0.0,0.0,996.9559160897506,3503.265451338269,100.0,389.58839951473465,76.96089358638574,0.0,58.53045563289483,-1534.1806213171296,2172.094779675069,100.0,-735.0610109809509,-182.3498809045077,0.0,9.322424107256666,0.0,0.0,0.0,0.0,0.0,0.0,0.0,0.0
1173.144648117987,-2800.796686026985,227.28844132658213,-1491.8772024160387,-141.30572628790787,38.320680124616615,-883.2931083752408,-3539.931541799641,292.43483167994594,-443.8987308649246,-69.684145843039,9.586058235715313,61.4197963316887,1642.057916236123,-2080.1820150918534,154.48702190715613,-628.3103768328158,185.25274093959297,-33.85561255683669,99.73666797383655,0.0,0.0,0.0,0.0,0.0,0.0,0.0,803.0288574353812,3539.931541799641,100.0,-123.17008884042252,69.684145843039,0.0,49.09656475919177,-1556.0758219259858,2080.182015091854,100.0,-647.9721098788991,-185.25274093958615,0.0,8.438914441469471,0.0,0.0,0.0,0.0,0.0,0.0,0.0,0.0
993.5038740898106,-2686.032023009606,249.63339525398436,-858.3439145169274,1306.9017768245294,50.92826488720874,-694.887262167614,-3572.931480503718,296.4776411403784,1078.0615669663587,-62.2982185578212,6.574657628282239,55.52899041942524,1669.410842699741,-1986.8902012570961,137.37026266849972,-770.5743844885251,187.8653511747848,-34.566875635015606,91.49512218213738,0.0,0.0,0.0,0.0,0.0,0.0,0.0,744.6403072909144,3572.931480503718,100.0,-57.15114145025893,62.29821855782802,0.0,55.2260902544093,-1637.5672152588218,1986.8902012570966,100.0,-1665.1112704350999,-187.8653511747848,0.0,7.978752355156148,0.0,0.0,0.0,0.0,0.0,0.0,0.0,0.0
834.8164436888771,-2585.8604197333393,278.06970515666126,-675.89280354999,1766.9547687677323,62.65042796167819,-638.4112317946813,-3602.213563893744,299.00105090894704,-328.8720622268437,-54.81468383435413,3.51241391871838,65.61534942542447,1735.2653279225049,-1892.3655056723414,119.96451194331306,-780.2094551262996,190.18361823147984,-35.010826362152514,95.62846182361105,0.0,0.0,0.0,0.0,0.0,0.0,0.0,714.2746545193331,3602.213563893744,100.0,56.2356149408555,54.814683834347306,0.0,32.28415322064142,-1636.9258887580413,1892.365505672342,100.0,11.42330875423454,-190.18361823147643,0.0,11.243811828590623,0.0,0.0,0.0,0.0,0.0,0.0,0.0,0.0
766.8870233309083,-2500.9729888092197,312.1029869126871,-3235.006156801631,1167.3004588857839,73.28337176255218,-537.0298621173812,-3627.731913464492,299.98554696867484,1210.2311168399438,-47.24526670544719,0.4230080313377016,62.5863063107772,1682.7461298152914,-1796.7560274903278,102.40437177656402,-392.9308039928276,192.2039099015285,-35.184031581118376,85.21495785778347,0.0,0.0,0.0,0.0,0.0,0.0,0.0,608.5489935285656,3627.7319134644918,100.0,22.247108237667703,47.24526670544037,0.0,32.73696522797919,-1763.066208085317,1796.756027490328,100.0,-601.5011232350025,-192.2039099015285,0.0,7.045212353934369,0.0,0.0,0.0,0.0,0.0,0.0,0.0,0.0
755.6945103415634,-2386.5348198074844,351.1415493295325,-21.164451808554077,1062.2553677992005,82.642235504361,-471.55282361264926,-3649.4465476436576,299.42351602065867,235.60022640654125,-39.601826762404926,-2.669669059159787,71.40697441058947,1737.994799437151,-1700.211565476617,100.0,-140.20920201761442,193.92306083749872,0.0,91.47531368617628,0.0,0.0,0.0,0.0,0.0,0.0,0.0,500.64278549663277,3649.4465476436576,100.0,-1521.1721638919257,39.601826762398105,0.0,20.52597026661146,-1689.9046681633686,1700.2115654766171,115.1743618632901,-1090.1672244832798,-193.92306083749872,35.08515186243727,9.51335970366761,0.0,0.0,0.0,0.0,0.0,0.0,0.0,0.0
594.0514966640883,-2178.914802732787,394.5066810881907,-511.73573094363377,2442.5711423664757,90.56430912905341,-340.76439093748604,-3667.3234444340865,297.3193043591857,377.5185916835167,-31.896339573866044,-5.741701081229564,74.2702248323492,1773.5690742670631,-1602.8833833082679,100.0,190.3071696295126,195.33837751262695,0.0,89.17039607182453,0.0,0.0,0.0,0.0,0.0,0.0,0.0,380.5905447278379,3667.323444434086,100.0,-547.845096522808,31.896339573872865,0.0,21.887640882479936,-1770.8922687600668,1602.883383308268,132.6357492208632,129.5034244734893,-195.33837751262695,34.71495186212323,10.362942080448713,0.0,0.0,0.0,0.0,0.0,0.0,0.0,0.0
346.07084904936755,-2167.6584912392977,441.44445058993597,29.444254935292804,58.45156013335554,96.91186212858128,-348.49741338151847,-3681.3345947186695,293.68918426099685,39.31987859523929,-24.140877922720847,-8.769331415644501,78.2223260519137,1779.0048140436245,-1504.9239725773236,100.0,-652.8791751739914,196.44764244092698,0.0,83.57845121918159,0.0,0.0,0.0,0.0,0.0,0.0,0.0,287.36497748199486,3681.3345947186695,100.0,-706.5173157750529,24.140877922727668,0.0,16.262182367992505,-1785.0516216846447,1504.923972577324,149.84475800231746,265.8242491069302,-196.44764244092698,34.07629440857278,15.576317983001179,0.0,0.0,0.0,0.0,0.0,0.0,0.0,0.05261529589251448
291.3006358626082,-2036.840943052092,491.13881355758,947.1233240016005,-517.0974794524545,101.57453808088235,-218.91333878424612,-3691.4580461443916,288.5612281486161,-710.4262616920511,-16.347592890670057,-11.7291468100305,74.45491744111926,1762.326229728219,-1406.4868138704512,100.0,788.5055962096806,197.24911765121874,0.0,80.36447234191245,0.0,0.0,0.0,0.0,0.0,0.0,0.0,146.71835337844604,3691.4580461443916,100.0,-275.27584322602564,16.347592890670057,0.0,21.418769316377958,-1825.9361925385679,1406.4868138704514,166.66830760628,-845.018295047546,-197.24911765122215,33.17411836363618,22.416771607703463,0.0,0.0,0.0,0.0,0.0,0.0,0.0,0.06117642553970558
141.94175012085057,-1902.176443960465,542.725800506874,1597.2462331530828,1596.9654745058824,104.47127326970758,-56.39485249448214,-3697.6779375167816,281.9750915008644,442.90152856831264,-8.528694820220153,-14.59825843809682,91.12023954619103,1789.1607726987563,-1307.726136299019,100.0,855.2984627054252,197.7415474101656,0.0,72.0310192130087,0.0,0.0,0.0,0.0,0.0,0.0,0.0,41.4272247111311,3697.6779375167816,100.0,-2146.0428368141474,8.528694820220153,0.0,20.393879916966863,-1778.4184998933756,1307.7261362990193,182.97629826192588,134.94968965422345,-197.7415474101656,32.01540042966272,33.53146220212377,0.0,0.0,0.0,0.0,0.0,0.0,0.0,0.07113055202541568
-3.145251928883111,-1862.598162321419,595.3085374294408,42.07920648285835,994.5260999062407,105.55170603112344,-1.6098541187641766,-3699.984523650872,273.98170618935393,188.00862222128674,-0.6964341838488508,-17.354478903361894,100.0,1777.8348171431883,-1208.7966758564542,100.0,1587.1229996690852,197.92416018997187,0.0,71.85410023816625,0.0,0.0,0.0,0.0,0.0,0.0,0.0,20.89903905077809,3699.984523650872,100.0,-372.2196306718178,0.6964341838488508,0.0,16.757135480425855,-1869.6942644517544,1208.7966758564544,198.6426171157338,-562.424336249702,-197.92416018996846,30.609101197007647,32.07973881612975,0.0,0.0,0.0,0.0,0.0,0.0,0.0,0.0827043323764731
-184.82447971386102,-1619.9958535023513,647.9728385427005,-838.634808193997,-2103.7268608192617,104.79705232449021,70.90281874790287,-3698.3741906397345,264.6428866124495,-482.14118649558685,7.136917609843749,-19.976493818596452,91.88751369254406,1833.793628197313,-1109.8534329813378,100.0,1106.860149311127,197.79666987725818,0.0,68.41021170300417,0.0,0.0,0.0,0.0,0.0,0.0,0.0,-118.32870655899,3698.3741906397345,100.0,-2307.380474267036,-7.136917609843749,0.0,5.369592712941071,-1818.4589795500906,1109.8534329813383,213.54611348663659,-655.2084284040927,-197.7966698772616,28.96609585036572,34.123692899920975,0.0,0.0,0.0,0.0,0.0,0.0,0.0,0.09616130339314856
-292.70104273402626,-1496.7574689890203,699.8031000164794,-630.529943762634,289.7602856330104,102.22043230538873,118.26685904987934,-3692.84946151667,254.03085167254207,-171.04699258695206,14.959087442623513,-22.44402663410426,86.44110425285098,1779.3333060614266,-1011.0514297062596,100.0,474.45278452925777,197.35927622077327,0.0,60.02808590877721,0.0,0.0,0.0,0.0,0.0,0.0,0.0,-141.90011008852008,3692.84946151667,100.0,-321.1527278209229,-14.959087442623513,0.0,7.054716600566663,-1800.2975811507824,1011.0514297062598,227.57153574771792,-641.7006455860849,-197.35927622077327,27.099090068570888,48.860061246372204,0.0,0.0,0.0,0.0,0.0,0.0,0.0,0.11180788242357734
-345.0332284834774,-1332.2029310096134,749.8982183533234,-1518.0422829850977,649.9077690035028,97.8666422229935,264.72301798397956,-3683.418992302173,242.2276662932746,2027.3005498282673,22.757819715914138,-24.737995440221425,89.62989391194424,1832.7235475773773,-912.5454667728137,100.0,-194.5952858489511,196.6126645190542,0.0,61.712613074033,0.0,0.0,0.0,0.0,0.0,0.0,0.0,-261.46336803428903,3683.418992302173,100.0,-1286.828747986986,-22.757819715914138,0.0,5.2292133138568495,-1809.6672295286419,912.545466772814,240.61042258939761,183.18228509107598,-196.6126645190559,25.022521769311652,45.293203078124826,0.0,0.0,0.0,0.0,0.0,0.0,0.0,0.1300003445350054
-480.5427693676631,-1217.6085631263456,797.3872566708967,-256.3111276913935,688.1093109653261,91.81137560772413,380.9504808085936,-3670.097558441877,229.32460679557644,35.04216578657065,30.520895552551792,-26.84066053141663,95.12940710263122,1792.167455782927,-814.4898810932737,100.0,-458.04414560471287,195.55800454634323,0.0,50.64451595950098,0.0,0.0,0.0,0.0,0.0,0.0,0.0,-400.65250249540424,3670.097558441877,100.0,587.341228230593,-30.520895552551792,0.0,7.886230637749047,-1700.09196891545,814.489881093274,252.56194177175908,310.7178441012559,-195.55800454634493,22.752449457893675,46.1765803982982,0.0,0.0,0.0,0.0,0.0,0.0,0.0,0.1511529349531471
-692.4461958116132,-1035.8079603355657,841.4445865177444,552.0783418675154,1154.9425950077455,84.15990728879649,480.3569868861613,-3652.906031656722,215.421455040179,404.68726384248157,38.23615194114609,-28.735761590877615,90.04827766651904,1670.6025914360316,-717.0383039390466,100.0,-216.75485721637187,194.19694872020614,0.0,57.970784203567554,0.0,0.0,0.0,0.0,0.0,0.0,0.0,-379.29641762202186,3652.906031656722,100.0,-792.4811973659388,-38.23615194113927,0.0,4.468894047570953,-1672.3825700247019,717.038303939047,263.3336698798134,111.58890087718532,-194.19694872020614,20.30642804356546,51.28206473018166,0.0,0.0,0.0,0.0,0.0,0.0,0.0,0.1757473014911758
-778.3543162928872,-872.8090236987582,881.3042419719384,-2449.5409031092117,-701.6902852849768,75.04526312147448,511.2467785595839,-3631.8713472416107,200.625726795138,-99.4890075148578,45.89150079263163,-30.408643434689537,98.49117399533894,1739.1743579252131,-620.3434202346409,100.0,1644.8592693847934,192.5316295118904,0.0,42.414781849483006,0.0,0.0,0.0,0.0,0.0,0.0,0.0,-560.498955369367,3631.8713472416107,100.0,379.1535766530103,-45.89150079263163,0.0,0.0,-1717.4025600444095,620.3434202346413,272.84230705168886,916.0845737722968,-192.5316295118904,17.703373084205225,53.01000878230375,0.0,0.0,0.0,0.0,0.0,0.0,0.0,0.2043434617462395
-877.0087210810606,-817.8928503069005,916.2732364670284,-133.52518721964998,1671.4262323437079,64.62590724436438,618.2033027794039,-3607.026461863804,185.0518402955562,824.2451625928913,53.47494787976757,-31.8463693432183,90.19507092790273,1635.4579192269234,-524.5567293344192,100.0,-256.4487580613627,190.56465610583018,0.0,45.40045093143257,0.0,0.0,0.0,0.0,0.0,0.0,0.0,-626.8385976335333,3607.026461863804,100.0,-483.46429756998816,-53.47494787976757,0.0,12.79309677172919,-1654.7388475608507,524.5567293344195,281.014321152607,-556.0599949470634,-190.5646561058319,14.963414508458754,63.970639953952166,0.0,0.0,0.0,0.0,0.0,0.0,0.0,0.23759255478829303
-970.45268689863,-576.2120479644192,945.7436108234509,514.6241938297288,1091.0041535896823,53.08298707511426,675.4156242906521,-3578.4103019271556,168.82023142518716,182.79987652556486,60.974611629421815,-33.03782110326793,88.20773682446426,1657.7585062777323,-429.8283076568089,100.0,907.8779170144117,188.29911031161316,0.0,31.16401475992847,0.0,0.0,0.0,0.0,0.0,0.0,0.0,-700.3285464417172,3578.410301927156,100.0,50.26218104734426,-60.974611629421815,0.0,7.156297108094244,-1646.9267606082349,429.8283076568091,287.78651641314326,1574.2951650947032,-188.29911031161487,12.10774094721387,66.43988599897163,0.0,0.0,0.0,0.0,0.0,0.0,0.0,0.2762516676992083
-1093.8696183021902,-452.65452090231366,969.2030030224009,-507.7352194303694,583.4822680349799,40.61718394234731,866.7924785143178,-3546.067702583106,152.056422362396,256.2007376392785,68.37874173817909,-33.97378498737979,89.43853648866546,1573.3551748917369,-336.306573547982,100.0,321.6910380351021,185.73854173489792,0.0,27.104826551464637,0.0,0.0,0.0,0.0,0.0,0.0,0.0,-844.6323149902775,3546.067702583106,100.0,-1249.4883094145252,-68.37874173817909,0.0,8.46829631961586,-1573.367614600874,336.30657354798234,293.10652213435947,-189.70620439926734,-185.73854173489963,9.158435877802162,66.51239582963727,0.0,0.0,0.0,0.0,0.0,0.0,0.0,0.3212010745647914
-1166.7742654002204,-199.85771746626284,986.2435559596004,1147.6681867860418,347.52076540318626,27.445224107545982,927.2712405004983,-3510.049337483983,134.89005089282026,40.12241571361869,75.67573758267145,-34.64702300537439,91.36082483678568,1536.5602232960287,-244.1380547433589,100.0,-638.6614258628958,182.88696221661837,0.0,23.181276646915506,0.0,0.0,0.0,0.0,0.0,0.0,0.0,-859.7733827072208,3510.0493374839834,100.0,1154.3696007051176,-75.67573758267145,0.0,8.616772796745757,-1520.276028259343,244.13805474335913,296.9331976805749,409.63001551532216,-182.88696221661837,6.138306848105515,79.89135270336384,0.0,0.0,0.0,0.0,0.0,0.0,0.0,0.37346428045426916
-1324.6658821695464,-161.2742025336887,996.5690083117669,-1136.6934384341664,-428.98629749830275,13.796110835205013,1018.0531647621901,-3470.411639388674,117.45386789523566,236.17079067240127,82.85416639498635,-35.052328877131984,77.84414450264141,1580.3620156110119,-153.46715879126145,100.0,1044.305062316796,179.74883954693496,0.0,26.222886795491313,0.0,0.0,0.0,0.0,0.0,0.0,0.0,-992.513491531019,3470.411639388674,100.0,-419.89918077142477,-82.85416639498635,0.0,18.186840529814557,-1522.1388926249067,153.46715879126168,299.23695062787846,-445.7561009666563,-179.74883954693155,3.070709101468765,83.74229871937452,0.0,0.0,0.0,0.0,0.0,0.0,0.0,0.43423132679181164
-1444.131829424446,-46.31372375610733,999.9998452363591,1165.9058187654284,272.3140944669007,-0.09285698101507478,1062.7306330764864,-3427.2167117450467,100.0,628.1325169053684,89.90278117549906,-15.833975699443101,83.40942433788703,1484.694215317906,-64.4359467984284,100.0,-2059.626885799287,176.3290904655662,0.0,28.078889091034153,0.0,0.0,0.0,0.0,0.0,0.0,0.0,-1028.5602121725349,3427.2167117450467,100.1172892467245,-1517.8313792921324,-89.90278117549224,19.352592594322147,19.213185024084545,-1442.2338532004824,64.43594679842863,299.9999656080786,-1750.4513946170255,-176.3290904655662,-0.020635033998530616,84.05528428448257,0.0,0.0,0.0,0.0,0.0,0.0,0.0,0.5048858887870696
-1504.0710434383093,111.97558315490889,996.476419356265,-1074.6554177955397,-1071.5183439819716,-13.980210416995646,1111.3043653221343,-3380.5322313876813,100.0,856.0618336560594,96.8105383140778,0.0,73.85921896823513,1470.8686536832008,22.816089148102037,100.0,219.0472388758394,172.63307295776713,0.0,13.635266000294854,0.0,0.0,0.0,0.0,0.0,0.0,0.0,-1106.7189125401012,3380.5322313876813,117.68753936819981,207.57807186391915,-96.8105383140778,35.04870315584036,18.57022512799142,-1348.2046210615338,-22.81608914810181,299.2163420784007,799.6962663344164,-172.63307295776713,-3.111819594746521,84.67315744278467,0.0,0.0,0.0,0.0,0.0,0.0,0.0,0.5870367819374844
-1596.0357201252737,198.09576495577807,986.0599877690428,-340.80976385199165,-812.1818486308393,-27.62450861566947,1215.4180251822413,-3330.431342503343,100.0,-287.5363842860372,103.56661489325006,0.0,72.8334995822351,1369.5127832608773,108.15224453402357,100.0,589.0298252909736,168.6665778600866,0.0,9.373741269009898,0.0,0.0,0.0,0.0,0.0,0.0,0.0,-1208.432575048695,3330.431342503343,135.1210083184951,-287.46846231417294,-103.56661489324324,34.63979960119687,29.885246152720512,-1293.6716151195317,-108.15224453402334,296.89213995152835,274.1677534236294,-168.66657786007977,-6.178939851253062,87.8994000417793,0.0,0.0,0.0,0.0,0.0,0.0,0.0,0.682554595010387
-1681.4563548102947,421.9736054472248,968.9316470516219,-275.3338723528623,969.8297133072703,-40.78853639661759,1279.536156579221,-3276.9925420303107,100.0,1555.360489293754,110.16042564529471,0.0,62.84873458120265,1286.4722041123475,191.43881660332727,100.0,-312.77261572795055,164.43581978738848,0.0,8.207154200380215,0.0,0.0,0.0,0.0,0.0,0.0,0.0,-1256.6172815934162,3276.992542030311,152.28287970223158,354.7926988104348,-110.16042564530153,33.963019760301165,26.36829971781547,-1257.5706241458365,-191.43881660332704,293.0453327331226,1375.442173414773,-164.43581978738848,-9.198277167915592,91.78404241899145,0.0,0.0,0.0,0.0,0.0,0.0,0.0,0.7936142836436554
-1784.2796129107596,680.3546223054016,945.3891847761117,-424.32409470907714,-583.5742310215085,-53.24342839939163,1362.6712299303433,-3220.2995566711716,100.0,-634.038190485021,116.5816395367392,0.0,67.88299703885171,1165.8292246544304,272.5453138407213,100.0,-601.5674003065169,159.94742739546837,0.0,5.675307832837383,0.0,0.0,0.0,0.0,0.0,0.0,0.0,-1345.353461759504,3220.2995566711716,169.04043744066786,-607.8375624542923,-116.58163953674602,33.023597302876766,31.6869805535176,-1211.281818204078,-272.54531384072106,287.7056685292194,664.201983600168,-159.94742739547178,-12.146482423896146,91.97359933402662,0.0,0.0,0.0,0.0,0.0,0.0,0.0,0.9227446944279201
-1737.863816072539,780.8419572108345,915.8419022752082,-495.53720294075447,2269.130599325922,-64.77264805970663,1442.3492790047223,-3160.4412117116976,100.0,-1570.0467382003114,122.82019595508473,0.0,61.00413658888127,1114.7265408291873,351.34466042281224,100.0,689.3497390303696,155.20843299595185,0.0,0.8394123325310403,0.0,0.0,0.0,0.0,0.0,0.0,0.0,-1425.8269950231156,3160.441211711698,185.26409209087154,157.11816473648355,-122.82019595508473,31.82879696492023,35.11887666359528,-1134.5774018914294,-351.344660422812,280.9144399983579,-484.55633699556756,-155.20843299594844,-15.000756576335448,93.64620312892677,0.0,0.0,0.0,0.0,0.0,0.0,0.0,0.0
-1881.2124811791816,846.9111599161463,880.803498666855,-399.72469373344325,-583.5795973050386,-75.17575224146469,1450.5748935458582,-3097.511291851422,100.0,967.6918215747514,128.86632047134754,0.0,61.98681946413933,1125.1209797299766,427.7133953175992,100.0,-835.29013488185,150.22626153790156,0.0,7.840519592619303,0.0,0.0,0.0,0.0,0.0,0.0,0.0,-1474.9016683044654,3097.5112918514224,200.82838298600376,-1788.5491789748903,-128.86632047134754,30.387858369093408,44.88031777409473,-1049.9129288761158,-427.71339531759895,272.724165027444,-98.70460401897617,-150.22626153790156,-17.739026969825318,94.95721652165828,0.0,0.0,0.0,0.0,0.0,0.0,0.0,0.0
-1904.056111813027,1050.6006780422838,840.8831398541171,-856.5106954779731,709.7016797929814,-84.27187607344649,1585.5227098035643,-3031.608394263875,100.0,450.08732713386166,134.71054015465825,0.0,53.505900682135774,887.7093504860748,501.5318657204482,100.0,553.6991104966268,145.0087189749047,0.0,14.524008832756829,0.0,0.0,0.0,0.0,0.0,0.0,0.0,-1529.3440577658964,3031.608394263875,215.61294844698023,145.62991374339163,-134.71054015466507,28.711924572924943,56.91472557284295,-956.9802421463709,-501.53186572044774,263.1981806007529,150.85915188146544,-145.00871897490129,-20.340118028550478,100.0,0.0,0.0,0.0,0.0,0.0,0.0,0.0,0.0
-2003.7451581996488,1223.0303806239142,796.7748677716284,-695.8857275994319,1906.0993760935924,-91.90287740541237,1529.1739918041487,-2962.83577411677,100.0,387.91503483250835,140.3436984138375,0.0,52.20680152411576,929.4473067565726,572.6844145233883,100.0,-402.0375225799472,139.56398003435652,0.0,7.358333085083101,0.0,0.0,0.0,0.0,0.0,0.0,0.0,-1561.4282456096344,2962.83577411677,229.5034565626724,478.14210337370014,-140.34369841383068,26.81395589738912,50.244150585562245,-866.2756428525103,-572.6844145233881,252.41015300274486,-1318.793054282417,-139.56398003435652,-22.78391501101183,89.99762838458298,0.0,0.0,0.0,0.0,0.0,0.0,0.0,0.0
-1936.7462868879334,1417.0420967064424,749.2455340058963,-1649.1835468563681,1362.6497436836644,-97.93608621421697,1558.3793891596797,-2891.3011827941677,100.0,-925.9597113962877,145.75696934403823,0.0,42.864921418396136,799.2842264463219,641.0595615240288,100.0,282.1328421095086,133.900575409956,0.0,7.650403702568873,0.0,0.0,0.0,0.0,0.0,0.0,0.0,-1647.597898989695,2891.301182794168,242.39248934073998,1010.6351386575875,-145.75696934404505,24.708629702231235,59.517281831491516,-757.4764577663448,-641.0595615240286,240.44350814241,-552.2952622470234,-133.9005754099594,-25.051519561393008,92.44975514071673,0.0,0.0,0.0,0.0,0.0,0.0,0.0,0.0
-2012.1497942553626,1565.0303857640763,699.1214675714843,-415.2306261154047,590.2926408904034,-102.2666111602058,1706.9190795491597,-2817.1166990740085,100.0,1093.4591275451783,150.9418715550646,0.0,39.43903064083662,778.3371753652822,706.5501780902546,100.0,302.8164173454189,128.02737839592282,0.0,5.4468221375083425,0.0,0.0,0.0,0.0,0.0,0.0,0.0,-1666.4533983845217,2817.1166990740085,254.1803733917956,-1862.834772989438,-150.9418715550578,22.41222688308966,63.649117811731486,-694.6018008858223,-706.5501780902546,227.39078640453772,-1469.3528474206755,-128.02737839592282,-27.125395854007763,94.34059265781512,0.0,0.0,0.0,0.0,0.0,0.0,0.0,0.0
-2001.084943781586,1593.9712872550695,647.2741086326164,1043.0635336134435,-1774.9840111087622,-104.81916319293816,1723.012555759631,-2740.398553525648,100.0,-1376.7232849702054,155.89028145951943,0.0,26.999014481566313,635.6737310732802,769.053655006915,100.0,-240.23149429515627,121.95359098434437,0.0,8.012304807647402,0.0,0.0,0.0,0.0,0.0,0.0,0.0,-1684.1046394931034,2740.398553525648,264.77595072304706,776.1034473539621,-155.89028145951943,19.942505968211037,63.27108518189533,-706.6465462357291,-769.053655006915,213.35292701697605,-722.2859066458363,-121.95359098434437,-28.98950620144845,87.48236701951623,0.0,0.0,0.0,0.0,0.0,0.0,0.0,0.0
-1966.3779582685204,1855.8802928586256,594.6048579375297,1018.6124924885382,964.8149181975009,-105.54936450105856,1760.0366007868527,-2661.26694640242,100.0,1120.4602447310606,160.59444600070492,0.0,29.175305837857586,533.1621782727954,828.4720632416279,100.0,575.4440853278629,115.68872944773261,0.0,3.5231557567891842,0.0,0.0,0.0,0.0,0.0,0.0,0.0,-1706.385425367433,2661.26694640242,274.0972836807299,1730.5981219065382,-160.59444600071174,17.318565788236526,76.3864170721068,-594.9380338573667,-828.4720632416279,198.43848746801996,235.54278720409684,-115.6887294477292,-30.62943507699032,100.0,0.0,0.0,0.0,0.0,0.0,0.0,0.0,0.0
-1949.0405413299193,1925.8788858844416,542.0294053681591,731.5617076270894,1024.0098742854207,-104.4445200502065,1750.577146673224,-2579.845859314615,100.0,661.0748020246592,165.04699480014096,0.0,20.979104626498557,427.75061962846144,884.7123073777616,100.0,-80.39404613208376,109.24260942928413,0.0,9.295713722836087,0.0,0.0,0.0,0.0,0.0,0.0,0.0,-1766.0821855143392,2579.845859314615,282.07228858987014,330.52635153590927,-165.04699480014096,14.56069778131166,77.34266643395695,-488.1499401950141,-884.7123073777616,182.76280401029854,-310.4938511121898,-109.24260942928413,-32.03250059263496,84.98155957074266,0.0,0.0,0.0,0.0,0.0,0.0,0.0,0.0
-2017.3762270159377,2116.9310959242625,490.4618100637778,1314.5026393746093,247.27379080087644,-101.52383829440083,1850.2558676410715,-2496.2628609778917,100.0,420.4577001171788,169.240951705342,0.0,18.42919020681988,354.66868391472985,937.6862714742338,100.0,684.440341123412,102.62533056400798,0.0,18.268799306548008,0.0,0.0,0.0,0.0,0.0,0.0,0.0,-1794.66954707435,2496.262860977892,288.6392931913174,863.0057781125868,-169.240951705342,11.690229075427965,78.30436323855332,-401.22103320235027,-937.6862714742333,166.44709974318027,143.7498381765849,-102.62533056400798,-33.18785257079995,83.16427526502457,0.0,0.0,0.0,0.0,0.0,0.0,0.0,0.0
-1948.6774496660546,2159.9443902670278,440.79860889613644,166.56506612000157,772.0677012876399,-96.83809722457823,1842.4626562463716,-2410.6489073414905,100.0,739.1183273250192,173.1697457193809,0.0,11.839106106230588,301.57665729080117,987.3109571235759,100.0,-432.3338808519999,95.8472606544592,0.0,26.405807957855917,0.0,0.0,0.0,0.0,0.0,0.0,0.0,-1766.9344836593757,2410.648907341491,293.7475135652834,336.39074513460514,-173.16974571937408,8.729357561608992,77.48181318370018,-270.76657939422563,-987.3109571235759,149.61754717103972,581.3087366669733,-95.8472606544592,-34.08655645056143,73.50835349273403,0.0,0.0,0.0,0.0,0.0,0.0,0.0,0.0
-2011.656485637346,2348.124031076342,393.90322958091053,298.067861911519,1767.356553252032,-90.46876155934399,1761.4523701769833,-2323.138136409445,100.0,816.2643145957009,176.82722129696685,0.0,5.964757569659647,149.87311049907444,1033.5086134919466,100.0,462.4325034919473,88.91901942721688,0.0,19.12123632438793,0.0,0.0,0.0,0.0,0.0,0.0,0.0,-1809.1615321943825,2323.138136409446,297.35744685323874,-721.5378023646531,-176.82722129696685,5.700980233329744,81.39738963299357,-180.15125228803876,-1033.5086134919466,132.40429248681443,-367.8524123297993,-88.91901942721006,-34.72166238063636,82.38094326962593,0.0,0.0,0.0,0.0,0.0,0.0,0.0,0.0
-1858.1244614443847,2424.4510355600587,350.5909794137608,-915.9840998403854,572.0121667680678,-82.52656642681075,1807.867088742275,-2233.8676580761667,100.0,629.2193048823833,180.2076479879588,0.0,11.426172642309254,68.25293485798599,1076.20685913739,100.0,-1077.2684149237753,81.8514618936365,0.0,36.02051106521121,0.0,0.0,0.0,0.0,0.0,0.0,0.0,-1871.8339699879414,2233.867658076167,299.4411767411767,-562.8243154092536,-180.207647987952,2.6285161196034323,90.14530836735142,-102.36625668390072,-1076.20685913739,114.94044912627214,558.8826687909102,-81.8514618936365,-35.08825896373587,75.97403016918172,0.0,0.0,0.0,0.0,0.0,0.0,0.0,0.0
-1731.597593201523,2408.822214520799,311.61487061183976,-898.2955533758195,503.0779012291009,-73.14959216086748,1752.9694704511835,-2142.9773393057776,100.0,428.62626799182635,183.3057294165951,0.0,15.4464973329375,-5.321746141576657,1115.3387954154346,102.6389316240079,-396.77271261157654,74.65566134296296,35.183511237364584,34.10825783823815,0.0,0.0,0.0,0.0,0.0,0.0,0.0,-1795.1711334059491,2142.977339305778,299.982589341882,-1363.4737708071566,-183.3057294165883,-0.46427481888940747,94.86912962139903,34.64584854703064,-1115.3387954154346,100.0,1315.3115428853057,-74.65566134296296,0.0,74.19424063216324,0.0,0.0,0.0,0.0,0.0,0.0,0.0,0.0
-1736.5943356394364,2654.981827528365,277.65252869661504,1113.9257336805372,879.7484909378363,-62.50086368304835,1757.9268017938323,-2050.6095849917288,100.0,-152.6143441685224,186.11661157885464,0.0,0.0,-122.14728176065185,1150.8431112943713,120.19790500440341,86.23944278916433,67.34289199247314,35.00668259722303,37.51736913881789,0.0,0.0,0.0,0.0,0.0,0.0,0.0,-1740.2970044090105,2050.6095849917288,298.9774978067447,-425.41100599925244,-186.11661157884782,-3.553475430196613,82.8742456447156,117.26225185114055,-1150.8431112943708,100.0,-521.8256447579513,-67.34289199247314,0.0,64.01665604456176,0.0,0.0,0.0,0.0,0.0,0.0,0.0,0.0
-1757.9031027768835,2719.4770160743774,249.29441152439063,-24.598015653568837,-1026.2924348181787,-50.765516205897825,1789.847111255211,-1956.9091148400262,100.0,-46.13271481472225,188.63589044821538,0.0,13.320345814498914,-211.7645605954793,1182.6641794159932,137.60068406944788,882.5120539204987,59.924611323624504,34.55914049353211,50.58511259933212,0.0,0.0,0.0,0.0,0.0,0.0,0.0,-1783.1655415798853,1956.9091148400266,296.4336747034723,-135.19274566465128,-188.63589044821197,-6.615196327057049,85.9267244883028,181.5558248428986,-1182.6641794159932,100.0,699.1644625905835,-59.92461132361768,0.0,55.83741164038376,0.0,0.0,0.0,0.0,0.0,0.0,0.0,0.0
-1681.7266873607193,2845.7526681214326,227.03354378457766,1034.8913113414949,161.09375894531695,-38.14757653445895,1735.0621336071317,-1862.0227366256674,100.0,357.2190709413121,190.85961887577582,0.0,6.728656372199162,-326.34221077515167,1210.7521432512845,154.7126897545919,-871.9128838730362,52.41244213064192,33.844345856085454,56.12515203940543,0.0,0.0,0.0,0.0,0.0,0.0,0.0,-1780.1932007011756,1862.0227366256677,292.37079190931695,534.7177940255347,-190.85961887577582,-9.625760628169928,88.83106265865469,271.86121778229085,-1210.7521432512845,100.0,-533.3944686860204,-52.41244213064192,0.0,57.822786782665204,0.0,0.0,0.0,0.0,0.0,0.0,0.0,0.0
-1540.3022917276448,2892.05296838321,211.25694543822294,-131.2830105599653,425.4583954631835,-24.86641592496028,1766.8191368240246,-1766.0991161775494,100.0,659.0056365394639,192.78431277399932,0.0,7.32000433281315,-367.423597332401,1235.0629952144968,171.40159160221322,273.33290911940566,44.818154310069076,32.8678263303992,48.73416335306421,0.0,0.0,0.0,0.0,0.0,0.0,0.0,-1777.1286117638601,1766.0991161775496,286.8202684846342,-682.1622247278253,-192.7843127739959,-12.561887056110947,90.74053210609914,400.8999201275369,-1235.0629952144968,100.0,-279.24610432918996,-44.818154310069076,0.0,46.54383158470418,0.0,0.0,0.0,0.0,0.0,0.0,0.0,0.0
-1538.6458318749228,2931.9325678272744,202.23890311911305,-302.9734218663475,982.2808708555613,-11.152936169809777,1746.2555788729715,-1669.2885444522233,100.0,938.1484309168866,194.40695657612423,0.0,0.0,-471.9360767849136,1255.5586456132369,187.53833109869203,506.8508642286855,37.15364642012446,31.637133531353214,59.997955247745764,0.0,0.0,0.0,0.0,0.0,0.0,0.0,-1698.2363125907825,1669.2885444522237,279.8250277031977,-537.9815762539317,-194.40695657612764,-15.400869975959495,95.55765412878827,433.4265847872759,-1255.5586456132369,100.0,1003.3698657028071,-37.15364642012446,0.0,38.79024983278679,0.0,0.0,0.0,0.0,0.0,0.0,0.0,0.0
-1338.3389215572877,3068.8117053402475,200.13620147858666,-567.8857714151013,-529.4940266499884,2.7544447832841,1669.0276788272984,-1571.742702061419,100.0,-1097.0081619735925,195.72500796052736,0.0,9.29920513685369,-622.1789318954916,1272.2069823265356,202.99811970892299,-1541.9541712373375,29.43092703821776,30.1617846448886,67.26498538989124,0.0,0.0,0.0,0.0,0.0,0.0,0.0,-1706.7856766719858,1571.7427020614195,271.4391651182025,2166.4672262918384,-195.72500796052736,-18.1207549823759,98.46100470066844,584.750764579768,-1272.2069823265356,100.0,-584.7166368280358,-29.43092703821776,0.0,44.76377595409376,0.0,0.0,0.0,0.0,0.0,0.0,0.0,0.0
-1352.9361176623563,3117.5055332105444,204.9853973803081,-690.5690484393062,-296.28587274257825,16.613937885583425,1660.4294694902699,-1473.614421622288,100.0,-671.5594407215781,196.73640183433122,0.0,11.079817053085769,-664.7710969065519,1284.9819211173954,217.66140389025435,-253.95495074136022,21.662095946251156,28.45318883005902,71.35953521465288,0.0,0.0,0.0,0.0,0.0,0.0,0.0,-1690.8826299328875,1473.6144216222883,261.7275302308624,119.02070589660866,-196.7364018343278,-20.700508677275593,100.0,646.6843669122275,-1284.9819211173954,100.0,2213.7831547065125,-21.662095946251156,0.0,41.994727363287055,0.0,0.0,0.0,0.0,0.0,0.0,0.0,0.0
-1164.0870644670788,3191.5518561237723,216.70218433492846,1437.207500647869,-325.2167300580686,30.184586650447613,1573.940597471946,-1375.0574483027272,100.0,917.3822748181567,197.43955356832203,0.0,13.062574527764237,-793.4350877437946,1293.8634465009782,231.41478962320397,1816.6104678238303,13.859325172838908,26.524558989507625,73.430696973074,0.0,0.0,0.0,0.0,0.0,0.0,0.0,-1644.6772736796356,1375.0574483027276,250.76522499664495,-702.7648337732535,-197.43955356831862,-23.120181325175793,84.7783279006079,716.8590190589493,-1293.8634465009782,100.0,468.57533232079163,-13.859325172838908,0.0,27.811476839382717,0.0,0.0,0.0,0.0,0.0,0.0,0.0,0.0
-1097.5594046017352,3262.8247120551077,235.0828582243604,-126.1767309670995,363.2108528896424,43.23045634171649,1584.270980373643,-1276.2261989369454,100.0,1087.4683583836918,197.83336148027956,0.0,15.16146317633734,-818.7415576541476,1298.8376431044144,244.15191930940588,-572.1867187309658,6.034839922540414,24.390809591715765,71.77345818730257,0.0,0.0,0.0,0.0,0.0,0.0,0.0,-1615.4170725449364,1276.2261989369458,238.63702304728926,-140.96249546549188,-197.83336148027956,-25.361061128366913,85.71308777736964,833.1978117860109,-1298.8376431044144,100.0,738.5147650764986,-6.034839922540414,0.0,26.069399062610024,0.0,0.0,0.0,0.0,0.0,0.0,0.0,0.0
-1050.7860771657151,3364.431361542216,259.8078588330758,644.0233788928424,-459.83235864772723,55.52473585577246,1583.8843238505237,-1177.2755200886372,100.0,-414.5595220016344,197.91720856108782,0.0,10.103857320784268,-968.1994032431052,1299.8967174690952,255.7742942555303,515.2077895821935,-1.799100578289199,22.06844133451,74.21085268535325,0.0,0.0,0.0,0.0,0.0,0.0,0.0,-1573.1419682012258,1177.2755200886374,225.4367141198756,649.6992865159314,-197.91720856108782,-27.40581892887093,79.36424407501887,877.0942188082024,-1299.8967174690952,100.0,1749.2729650856302,1.799100578289199,0.0,13.259826709348827,0.0,0.0,0.0,0.0,0.0,0.0,0.0,0.0
-838.3787132629133,3321.405494099196,290.4473256145645,2359.3609164051054,943.6162807058668,66.85368098307606,1483.347825836335,-1078.3604454409056,100.0,-872.9077723174021,197.69096344084005,0.0,30.907878573799856,-998.0979775554201,1297.0390102612864,266.19203638278407,-192.23749639684058,-9.630222289072208,19.57541354182638,90.38648384471212,0.0,0.0,0.0,0.0,0.0,0.0,0.0,-1504.9299498976668,1078.360445440906,211.26637876260423,216.79324409745732,-197.69096344083664,-29.238642218179507,84.65595710033244,991.8644899629863,-1297.0390102612864,100.0,-907.2847633571672,9.630222289072208,0.0,9.655920593410556,0.0,0.0,0.0,0.0,0.0,0.0,0.0,0.0
-723.150111453523,3328.4186766969474,326.4685711022336,-1000.6250468064053,44.71505437770247,77.0203304931357,1496.2448382716038,-979.6359528930079,100.0,389.425858231192,197.15498059532877,0.0,15.249225167960063,-1041.4386469080935,1290.2689988719344,275.3245832715129,-1444.151789296723,-17.446255585630297,16.931005280981992,88.11319269244366,0.0,0.0,0.0,0.0,0.0,0.0,0.0,-1425.4231357296064,979.6359528930083,196.23559892612718,-920.3947387941548,-197.15498059532877,-30.845357418451016,74.95024221458144,1115.2332724237451,-1290.2689988719344,100.0,48.133828967920635,17.446255585630297,0.0,14.140550624423204,0.0,0.0,0.0,0.0,0.0,0.0,0.0,0.0
-583.1970776044118,3547.06970603863,367.2453420346018,1609.6456075665315,-1004.5969367684597,85.84793043618703,1457.819711622623,-881.2567217444823,100.0,107.78876148521135,196.3100997902808,0.0,21.604385837928916,-1130.8669532836077,1279.5972904015935,283.10131116601474,-1111.760313518796,-25.234954483958063,14.15566627371959,87.6041322488438,0.0,0.0,0.0,0.0,0.0,0.0,0.0,-1424.6449003185428,881.2567217444825,180.46061054507476,-437.03623723696523,-196.3100997902808,-32.21353948953265,69.79943725530494,1154.0040185782611,-1279.597290401594,100.0,168.90244419859187,25.234954483951242,0.0,5.476256502658131,0.0,0.0,0.0,0.0,0.0,0.0,0.0,0.0
-562.779850081998,3539.344802823145,412.06870718389996,1266.3107521866084,142.58564992317133,93.18300712806916,1304.7553296093342,-783.3768903471152,100.0,239.3935903592012,195.15764476600452,0.0,26.962273784205536,-1167.5657997871333,1265.0406050414585,289.4620811217371,-276.99144742787325,-32.98411582699828,11.270858754665483,99.65588028542389,0.0,0.0,0.0,0.0,0.0,0.0,0.0,-1366.1401522894441,783.3768903471156,164.06340466303953,1208.7412631144525,-195.15764476600623,-33.332608014207494,72.73892543359753,1282.268972468176,-1265.0406050414585,100.0,98.69155994952621,32.9841158270051,0.0,5.820493222198094,0.0,0.0,0.0,0.0,0.0,0.0,0.0,0.0
-432.4065850370781,3506.674241172241,460.1593825960193,364.0164045266934,-270.5699732419066,98.89803539193082,1328.298808653751,-686.149814604471,100.0,-7.464741423904115,193.69942116274444,0.0,38.54209904712053,-1241.150149211576,1246.6217498765477,294.3577040713904,-193.7906578937475,-40.68159840420776,8.29889149968949,92.86882068651266,0.0,0.0,0.0,0.0,0.0,0.0,0.0,-1262.7400266884542,686.1498146044713,147.17078405218422,189.33211744596065,-193.69942116274274,-34.19390901860865,60.46834659244848,1291.1186665402954,-1246.6217498765477,100.0,913.4583401093516,40.68159840420776,0.0,11.151469672236438,0.0,0.0,0.0,0.0,0.0,0.0,0.0,0.0
-174.83821757379076,3473.433427531192,510.68127995929297,712.9602995779735,-1488.180660715468,102.89365566804463,1199.9902539554973,-589.7278276973427,100.0,924.8082802879685,191.9377136922219,0.0,44.98876681281835,-1316.4201610935731,1224.3695831520813,297.7503212135464,-80.37437094517941,-48.315341974166586,5.262747307755831,81.443327304739,0.0,0.0,0.0,0.0,0.0,0.0,0.0,-1211.2591174926877,589.7278276973431,129.91338262281943,-1380.4001232133487,-191.9377136922202,-34.790781895082006,61.7576287976801,1358.4212326739712,-1224.3695831520813,100.0,194.76776249446516,48.315341974166586,0.0,7.32687159442149,0.0,0.0,0.0,0.0,0.0,0.0,0.0,0.0
-98.27521569520914,3565.863962490057,562.7560425547375,1331.1340020550738,932.5326072408075,105.10040144589937,1062.7280079605816,-494.26200141156585,100.0,-111.01787947040862,189.87528255800214,0.0,48.708180095532455,-1383.913228329551,1198.3189690590348,299.6136967820865,134.2078901593004,-55.87338616034003,2.1859052705585214,98.51975512911638,0.0,0.0,0.0,0.0,0.0,0.0,0.0,-1108.7586980544668,494.2620014115661,112.42465520605074,-748.0417048645074,-189.87528255800385,-35.11861090995218,59.741564309205245,1406.854943631306,-1198.3189690590348,100.0,317.88836132677943,55.87338616034003,0.0,0.0,0.0,0.0,0.0,0.0,0.0,0.0,0.0,0.0
64.13345629832386,3457.39135488205,615.4783160706122,-513.0861124883115,1483.9056368240176,105.47990698544538,1051.947914585923,-399.901909442155,105.16015447830839,-1223.470914350724,187.51535913030125,35.17486089788797,50.793230762828415,-1447.517236516932,1168.5107231097118,299.9334209324694,708.7195431829014,-63.343889190184655,-0.9078407958986645,100.0,0.0,0.0,0.0,0.0,0.0,0.0,0.0,-1026.0411687394621,399.90190944215533,100.0,-288.58653761303344,-187.51535913030125,0.0,46.47017222419975,1486.5475491539137,-1168.5107231097122,100.0,-101.42157330698069,63.343889190184655,0.0,9.722946877334875,0.0,0.0,0.0,0.0,0.0,0.0,0.0,0.0
90.5552456228888,3528.543888475495,667.9314887880439,770.9484453248408,241.29886931129477,104.02557433098707,1000.949034912532,-306.7953930446356,122.70505968764019,-747.6141771955639,184.86164088376825,34.95909686682694,59.08854445170947,-1467.9587045063547,1134.9915481889248,298.70702117585245,-598.8423616502484,-70.71514644872423,-3.994566353468656,97.25923856646578,0.0,0.0,0.0,0.0,0.0,0.0,0.0,-979.5310784640963,306.79539304463594,100.0,237.86330121977812,-184.86164088376825,0.0,39.0142427621244,1519.3152580897324,-1134.9915481889252,100.0,-136.6115643689784,70.71514644872423,0.0,2.408308295271254,0.0,0.0,0.0,0.0,0.0,0.0,0.0,0.0
300.4593369266789,3543.3194145539437,719.2036274841615,432.85091225144754,748.5980365086652,100.76268802097673,885.2494318141598,-215.08832940072364,140.07438226836894,97.96761587918866,181.9182856040061,34.47298736185317,56.18317702304801,-1645.9234792348618,1097.813961380978,295.94398149932715,-488.3479489168883,-77.97560881696427,-7.0504011549684265,97.73407576349892,0.0,0.0,0.0,0.0,0.0,0.0,0.0,-904.0872619803127,215.08832940072386,100.0,1411.9416347989147,-181.9182856040061,0.0,43.83247766292604,1525.0856246399762,-1097.81396138098,100.0,820.5802984933371,77.97560881699155,0.0,7.416136900115542,0.0,0.0,0.0,0.0,0.0,0.0,0.0,0.0
398.86691442212805,3457.279930940459,768.403331996446,-1342.8961779100407,356.01725639411825,95.74797549970128,801.6095795331084,-124.92440306123149,157.13380188142847,-763.0227781934764,178.68990487360747,33.7202915620162,69.38128038633258,-1614.2456679008917,1057.036211687077,291.6656690244075,-1013.184480465842,-85.11390076693942,-10.051713837403327,87.99055168958701,0.0,0.0,0.0,0.0,0.0,0.0,0.0,-823.3266621175421,124.92440306123171,100.0,1845.0585953339532,-178.68990487360406,0.0,33.44568149914057,1697.822964441257,-1057.0362116870788,100.0,-712.6960266125661,85.11390076693942,0.0,0.0,0.0,0.0,0.0,0.0,0.0,0.0,0.0,0.0
457.1510137947993,3470.3065858579516,814.6752328062134,709.5746582218777,284.6724964621126,89.0686208727908,680.732810392606,-36.444880824395796,173.75139472748316,1170.4457647503284,175.1815568462132,32.70683020986681,63.62283594180007,-1653.7932485721683,1012.7221887621245,285.90516877093796,-632.9536584519349,-92.11883818437627,-12.975294667925823,96.5172155490316,0.0,0.0,0.0,0.0,0.0,0.0,0.0,-757.796353234738,36.44488082439625,100.0,1572.108670316732,-175.1815568462132,0.0,20.093470046974193,1683.7426334929048,-1012.7221887621267,100.0,1434.1205532949527,92.11883818437627,0.0,5.567929288599692,0.0,0.0,0.0,0.0,0.0,0.0,0.0,0.0
789.2433996580962,3394.3540275195987,857.2148622054497,301.21874066342343,132.32626813304933,80.84074915367296,631.8539542953456,50.21160959775443,189.79865373924977,1349.6962751828028,171.39873832208195,31.440440598521775,73.91029707783979,-1659.9935995197075,964.9413228138524,278.70702780422033,758.2433171350192,-98.97944589193912,-15.798535029126981,95.92878255447972,0.0,0.0,0.0,0.0,0.0,0.0,0.0,-663.6252807097534,-50.211609597754205,100.0,1614.0225604828988,-171.39873832208195,0.0,27.618369535069323,1726.4911065756266,-964.9413228138524,100.0,-195.11863659195342,98.97944589190502,0.0,15.199604456084266,0.0,0.0,0.0,0.0,0.0,0.0,0.0,0.0
814.6095290781386,3425.83054835595,895.2826405018686,955.994184763394,-414.5808532753358,71.20740735347454,572.0110844233371,134.90929677816803,205.15148235156082,-142.0023586315412,167.34737613574453,29.930915964400242,82.59045578769216,-1763.5781593986287,913.768475821138,270.12691074391887,-831.1153417090406,-105.6849748448667,-18.49960225594856,88.80842044701552,0.0,0.0,0.0,0.0,0.0,0.0,0.0,-550.2383214589104,-134.9092967781678,100.0,-1368.6060557585615,-167.3473761357377,0.0,18.584518457322396,1712.216138682457,-913.7684758211358,100.0,-1059.212999695443,105.6849748448326,0.0,17.39493765643799,0.0,0.0,0.0,0.0,0.0,0.0,0.0,0.0
857.7736534274484,3412.371380311912,928.2167341027387,-1071.3173618020955,294.1118520736268,60.336077513311466,386.5174930676853,217.51547829835658,219.69115416416338,-389.87719720980834,163.03381786971727,28.18992975413437,82.09870589835465,-1792.8494788132887,859.2838242419575,260.2311692987683,807.4133234631211,-112.224918972247,-21.05760847184854,76.14812218714127,0.0,0.0,0.0,0.0,0.0,0.0,0.0,-382.9509234561582,-217.51547829835613,100.0,304.82473205642236,-163.03381786971727,0.0,14.244852008961145,1693.7226905709206,-859.283824241958,100.0,-879.8232511399169,112.224918972247,0.0,20.188630752611044,0.0,0.0,0.0,0.0,0.0,0.0,0.0,0.0
1007.1010288847888,3257.685819806852,955.4445619311866,-477.56082663641905,272.7832751419669,48.41576491821172,263.6411499222455,297.90072866354853,233.30523107599137,-729.6495233570016,158.46482190933443,26.230945351639292,85.06334956461318,-1747.0329075761508,801.57273339472,249.0963291559407,2150.439271176152,-118.58903163761397,-23.452772118780274,63.05497688753238,0.0,0.0,0.0,0.0,0.0,0.0,0.0,-351.77408300360025,-297.9007286635481,100.0,477.3626010212004,-158.46482190933102,0.0,20.8860912608419,1766.4613383752287,-801.5727333947175,100.0,274.5642374149804,118.58903163760715,0.0,20.111654344492788,0.0,0.0,0.0,0.0,0.0,0.0,0.0,0.0
1094.2203490987574,3240.4714829279224,976.4927501282602,1154.0513271720738,-1850.7325046787446,35.65371211459308,240.26840697087874,375.93910208359785,245.88843279079836,534.086897717415,153.6475468539993,24.06911196310574,86.04776062120963,-1780.906637185954,740.725623709839,236.8084981930751,-824.5825033095355,-124.76734169334804,-25.66657093194067,70.30555641936755,0.0,0.0,0.0,0.0,0.0,0.0,0.0,-230.71138239177395,-375.9391020835974,100.0,-497.8266724810217,-153.6475468539993,0.0,11.369261874062175,1790.8782956848486,-740.725623709839,100.0,-400.97305296456966,124.76734169338897,0.0,38.55166949506984,0.0,0.0,0.0,0.0,0.0,0.0,0.0,0.0
1188.3465645609733,3148.468375658385,990.9953619716631,-2.3925975048382497,430.201707764229,22.27179586114346,171.46287755722017,451.50832980203745,257.3434509701034,-1418.184280323742,148.58954030135806,21.721147465262334,83.70784164012625,-1849.5423126869964,676.8378290610208,223.46270058936315,1215.9957384731638,-130.7501691032769,-27.68188517583937,59.09856957151044,0.0,0.0,0.0,0.0,0.0,0.0,0.0,-183.10581905094122,-451.5083298020372,100.0,2024.826996351924,-148.58954030135806,0.0,3.2571604947598374,1820.2744671518124,-676.8378290610237,100.0,-1300.8195953078723,130.7501691032769,0.0,23.21361374345315,0.0,0.0,0.0,0.0,0.0,0.0,0.0,0.0
1370.497605097571,3069.9470379897075,998.7002599285573,-1624.6007333309649,2600.3247485957695,8.502669654001807,55.868590366435654,524.4900116639735,267.58170173743633,809.0872878840886,143.29872702139141,19.205209122790734,100.0,-1754.8186462520312,610.0094473983247,209.16214198514453,420.7864302948735,-136.52814010874636,-29.48313003474766,75.34767816114774,0.0,0.0,0.0,0.0,0.0,0.0,0.0,-12.456184767982286,-524.4900116639733,100.0,-174.52874298350892,-143.29872702139141,0.0,7.500725113907614,1780.1730985855356,-610.0094473983277,100.0,-82.49335955386528,136.52814010873954,0.0,42.15477055065409,0.0,0.0,0.0,0.0,0.0,0.0,0.0,0.0
1466.1879165350826,2987.7595826790766,999.4734892339259,854.0908606125038,950.4830145819778,-5.414281108627392,-57.08503518372727,594.7698016227621,276.52401071462964,-1350.298786603857,137.78339654059437,16.54075317468312,88.6860004279286,-1764.2855050106891,540.34518391697,194.01741137268868,14.56344182265866,-142.09220191566146,-31.056376132950163,52.52501011771142,0.0,0.0,0.0,0.0,0.0,0.0,0.0,8.646947517769458,-594.7698016227616,100.0,-99.22412670075522,-137.78339654059778,0.0,4.052362627629924,1834.5960691358064,-540.34518391697,100.0,-1559.6834496572421,142.09220191565805,0.0,39.68888502250521,0.0,0.0,0.0,0.0,0.0,0.0,0.0,0.0
1457.948991205964,2966.572633180028,993.3016067830724,509.7160799656797,-526.1785726273752,-19.237101000517782,-97.82294198412112,662.2375868948259,284.1012252926354,158.36188529711222,132.05219015384955,13.748384375366527,96.23717735610003,-1835.5216753066225,467.9541870075857,178.14562589006732,-493.73251964438737,-147.4336368779143,-32.389457253294864,52.628703811224376,0.0,0.0,0.0,0.0,0.0,0.0,0.0,157.0916332882058,-662.2375868948257,100.0,743.89598967962,-132.05219015384614,0.0,6.431494945083832,1843.4034904567782,-467.9541870075859,100.0,-249.3350395707398,147.43363687786996,0.0,50.83634467950839,0.0,0.0,0.0,0.0,0.0,0.0,0.0,0.0
1570.7153085810498,2914.297772776083,980.2919148489219,36.264336800524006,-1117.583804209546,-32.72547112311372,-220.35713342456955,726.7876604818493,290.254749402057,-898.1221080702613,126.11408738567889,10.849696654149739,99.54276000009996,-1836.4794266338545,392.94987724500675,161.66952513162764,-263.25818470786885,-152.5440761563118,-33.47206442109709,47.687031332498464,0.0,0.0,0.0,0.0,0.0,0.0,0.0,219.87012056530335,-726.7876604818491,100.0,1123.2332046456477,-126.11408738567548,0.0,1.5649474665972605,1821.7446997979903,-392.9498772450038,100.0,1311.413439600517,152.5440761563118,0.0,50.84630309697461,0.0,0.0,0.0,0.0,0.0,0.0,0.0,0.0
1646.9381218658527,2739.0405682055703,960.6705955607798,-39.04865542281982,-364.36412554515755,-45.644887209080025,-326.8029940465041,788.3188867901299,294.93699664791643,-255.8793712577281,119.97839192090055,7.867106125177372,88.84657229271276,-1698.3949448827645,315.44976968346214,144.71652197890904,784.6357900022656,-157.41551283014246,-34.2958256251535,52.61948515694523,0.0,0.0,0.0,0.0,0.0,0.0,0.0,346.1189777488601,-788.3188867901299,100.0,-768.8097584872262,-119.97839192090737,0.0,5.275939975938311,1756.654051512772,-315.44976968345895,100.0,-191.46306209973318,157.41551283014587,0.0,60.88974668851488,0.0,0.0,0.0,0.0,0.0,0.0,0.0,0.0
1767.5392092195589,2583.961438255929,934.7787785778938,1247.7009395406685,-328.32814602054214,-57.770736634630566,-428.6484617901482,846.7348600875168,298.11175830447115,21.374486427318402,113.65471702827563,4.823677739269954,92.22260260386687,-1717.7531826136556,235.5752897366733,127.41771729212326,-431.4326267224112,-162.04031444273596,-34.85437056042478,39.280486394241834,0.0,0.0,0.0,0.0,0.0,0.0,0.0,348.91616963132867,-846.7348600875166,100.0,467.20087392794284,-113.65471702827563,0.0,8.362158262522646,1708.078575171124,-235.57528973667354,100.0,135.82514853034695,162.04031444279394,0.0,52.57935534423036,0.0,0.0,0.0,0.0,0.0,0.0,0.0,0.0
1847.2596512993232,2499.084170390666,903.0666103239043,-243.03587283669458,1719.855122601632,-68.89220345917693,-549.497683740539,901.9440555497458,299.7544833243108,541.2837625673787,107.15297049852552,1.7429469181942636,93.75336191901773,-1797.9376892540004,153.45158293124268,109.90688608179416,-508.1061787689623,-166.41123495979855,-35.143379890636055,35.80376134311236,0.0,0.0,0.0,0.0,0.0,0.0,0.0,515.358233038526,-901.9440555497458,100.0,1418.3254909899842,-107.15297049852552,0.0,0.9603326785197437,1714.4746062266374,-153.45158293124655,100.0,-1073.9890360145534,166.41123495979855,0.0,66.09973465771161,0.0,0.0,0.0,0.0,0.0,0.0,0.0,0.0
1815.5292854255215,2280.0774536843924,866.0854278924903,891.6527827562606,-1512.9914260213923,-78.81593360016552,-618.2007768617897,953.8599726594562,299.8524681963668,-543.0174589012472,100.48333912079897,-1.351262449319961,88.4214053871436,-1653.986730509724,69.20731883148574,100.0,613.3281996017047,-170.5214261218714,0.0,32.80882876243475,0.0,0.0,0.0,0.0,0.0,0.0,0.0,621.0092896839426,-953.8599726594557,100.0,-709.8352992280508,-100.48333912079897,0.0,5.855438409424272,1665.2031447466688,-69.20731883148983,107.68055699934516,154.5469017028813,170.5214261218714,35.16061865056216,68.247708034901,0.0,0.0,0.0,0.0,0.0,0.0,0.0,0.0
1900.824487591029,2277.1523608203934,824.4781736860524,-243.24144405971992,11.558818815631184,-87.36939642235143,-681.2307965442675,1002.4012707332331,298.40495518462626,-1015.6116332771637,93.65627272255779,-4.4350222423335595,89.69376314858191,-1655.3548916590346,-17.025510557120924,100.0,914.1878083342237,-174.36444817456845,0.0,20.98510349468258,0.0,0.0,0.0,0.0,0.0,0.0,0.0,669.0567472002305,-1002.4012707332331,100.0,127.5546785291715,-93.65627272255779,0.0,5.24322193437964,1638.803944936244,17.02551055711683,125.20860484410913,328.90624133105916,174.36444817456504,34.905953529530294,72.91168506400933,0.0,0.0,0.0,0.0,0.0,0.0,0.0,0.0
1915.765423483393,2147.038030551453,778.9682174353013,1017.7240445671475,-607.5035732785204,-94.40388429731627,-743.3524950758381,1047.4918963643609,295.4231381878516,109.71979031168871,86.6824677968134,-7.484485148487465,81.47458722459955,-1676.960882241199,-105.11179759003267,100.0,1359.5954995574425,-177.93427995788647,0.0,19.002287347538676,0.0,0.0,0.0,0.0,0.0,0.0,0.0,785.1914188528782,-1047.4918963643604,100.0,1235.9791453354837,-86.6824677968134,0.0,20.018314638322348,1669.760455345953,105.11179759003244,142.54170966018978,493.8894599838204,177.93427995782508,34.381353902358995,77.19912179396424,0.0,0.0,0.0,0.0,0.0,0.0,0.0,0.0
1959.835214679236,2105.7956196811174,730.3467799363641,603.8298517527949,51.877563466528045,-99.79709798428814,-752.4101933268618,1089.0612025815758,290.9300761749912,-1529.1511966824219,79.57285074330684,-10.476069079902857,88.6278327380738,-1537.7732292179949,-194.91353066724184,100.0,1727.8062539818393,-181.2253283404027,0.0,15.227005321440885,0.0,0.0,0.0,0.0,0.0,0.0,0.0,843.7042168137795,-1089.0612025815758,100.0,-1067.8172330519628,-79.57285074330684,0.0,4.967080826595783,1598.6655663850338,194.91353066724582,159.54583118751472,228.64647048733673,181.2253283404027,33.5908765996102,95.78473295932652,0.0,0.0,0.0,0.0,0.0,0.0,0.0,0.0
1967.328689709886,1890.3692460622867,679.4591771520691,1400.3771478023543,139.75026115572973,-103.45527288359506,-907.6000721400883,1127.0440595371415,284.9605148657018,376.88745368465504,72.33856074898313,-13.386639538032057,76.59852776817335,-1488.2631673174712,-286.2900104667227,100.0,505.2131000577401,-184.23243698184763,0.0,8.713231849208764,0.0,0.0,0.0,0.0,0.0,0.0,0.0,955.6931634373137,-1127.044059537141,100.0,720.6230281534499,-72.3385607489763,0.0,22.827006873820608,1493.7718028260026,286.2900104667266,176.08947325757066,1478.3902497354836,184.23243698184763,32.54063453552547,85.4020881336138,0.0,0.0,0.0,0.0,0.0,0.0,0.0,0.0
1853.1303677774533,1798.7135573281985,627.1901238328791,910.814911272289,304.3643669281437,-105.3148091966267,-1014.3840249535073,1161.38095655081,277.56061803496164,1321.2872156480903,64.9909323355837,-16.19368851722271,71.48227983505198,-1452.1008076302255,-379.09807038892814,100.0,-894.8541454100564,-186.9508944124857,0.0,16.067032531518937,0.0,0.0,0.0,0.0,0.0,0.0,0.0,1015.3130179044862,-1161.38095655081,100.0,-60.431485560686724,-64.9909323355837,0.0,25.050572438685734,1450.4829673204047,379.0980703889279,192.04470067875928,-290.6895200442432,186.9508944125522,31.23874943566463,89.18117818535777,0.0,0.0,0.0,0.0,0.0,0.0,0.0,0.0
1986.5477681921873,1657.9183924565336,574.4483521637227,633.5638210093578,2175.3728985488283,-105.34337765033456,-1134.0448086711683,1192.0180953498248,268.7876105196486,-1802.2429086390582,57.54147760101432,-18.875508563490087,70.7695714507861,-1463.5654356967589,-473.1923008670067,100.0,126.05218400736817,-189.37644141496435,0.0,11.886977863250813,0.0,0.0,0.0,0.0,0.0,0.0,0.0,1127.8771093702599,-1192.0180953498248,100.0,-189.5800958344273,-57.54147760101432,0.0,30.74075947357999,1463.9829981656603,473.19230086700645,207.28812858404862,913.474067890952,189.37644141496435,29.69528902983697,85.94586912850777,0.0,0.0,0.0,0.0,0.0,0.0,0.0,0.0
1982.52875164677,1564.165140620351,522.1508128518152,-1045.8673325173618,1071.691903553401,-103.54048156310569,-1124.2151898934214,1218.9074743588208,258.70933568778275,-740.1807425208938,50.00186818222346,-21.411360642468082,68.57522940950376,-1433.5494567898486,-568.4252771911853,100.0,891.3347257356372,-191.5052776969651,0.0,5.339104799526815,0.0,0.0,0.0,0.0,0.0,0.0,0.0,1244.5625850803262,-1218.9074743588208,100.0,274.9839425656569,-50.00186818222346,0.0,42.02996565114794,1415.2887077930225,568.4252771911806,221.70187659006234,-44.74426517894358,191.5052776969634,27.92218919667846,97.64592328733009,0.0,0.0,0.0,0.0,0.0,0.0,0.0,0.0
1961.627996445372,1376.5741094717412,471.20673332997,-663.8650345296651,943.5814510972398,-99.93746548010961,-1239.871964282249,1242.0069639076169,247.40373079260632,-2080.5857557619847,42.383916968540234,-23.78163451837949,58.63879566080986,-1308.0055680212433,-664.6477904905006,100.0,-417.3529844792415,-193.33406784606893,0.0,12.871902522870815,0.0,0.0,0.0,0.0,0.0,0.0,0.0,1250.7293629965293,-1242.0069639076169,100.0,1180.4275387323491,-42.383916968540234,0.0,40.61801856613584,1305.973906925974,664.6477904904959,235.1744803889431,-236.34232359670023,193.33406784606723,25.933161660913697,82.44570503166074,0.0,0.0,0.0,0.0,0.0,0.0,0.0,0.0
1937.474545501275,1266.369646988345,422.5018102342185,465.6380569165219,-475.06988289243736,-94.59697022741153,-1370.8149869657993,1261.2803722390217,234.95822426869526,-392.65341315018077,34.69955959342542,-25.96800040379776,48.77665525841538,-1250.683869031626,-761.7090815098452,100.0,1345.0475539143247,-194.85994655521267,0.0,9.98823867012277,0.0,0.0,0.0,0.0,0.0,0.0,0.0,1272.0855896644773,-1261.2803722390213,100.0,507.7914899259588,-34.69955959342542,0.0,56.27660586993298,1209.7406611360611,761.709081509845,247.60175372345893,438.4967716407209,194.85994655514446,23.74358795810963,92.97514759703068,0.0,0.0,0.0,0.0,0.0,0.0,0.0,0.0
1882.6847173224128,1083.2924405669858,376.88281097990983,396.5110018697419,-102.93615920014417,-87.611843859668,-1423.3162838359299,1276.6975022132642,221.46905963092362,1285.8339146283856,26.96083573405531,-27.953550707438097,51.00817117292097,-1160.2202387773511,-859.4570768161853,100.0,-1096.67199159157,-196.08052311238055,0.0,0.0,0.0,0.0,0.0,0.0,0.0,0.0,0.0,1374.637854404915,-1276.6975022132642,100.0,-581.9563494157023,-26.96083573405531,0.0,46.58878263071286,1140.7141219005744,859.4570768161894,258.8875940795223,-420.50063467328755,196.08052311238225,21.370400486267727,98.81378647320133,0.0,0.0,0.0,0.0,0.0,0.0,0.0,0.0
1711.9747019193064,986.2431998777895,335.14285214815413,125.21983681104302,-1827.0050518425558,-79.10352743504774,-1330.7173611160094,1288.2341986201882,207.04055120470295,-1708.8738008998155,19.179870247701274,-29.72293078384567,41.65008044755223,-1108.4146644102696,-957.7386270637634,100.0,-427.3851099002229,-196.99388514566863,0.0,0.0,0.0,0.0,0.0,0.0,0.0,0.0,0.0,1440.1622288857443,-1288.2341986201882,100.0,1125.4702610327513,-19.179870247701274,0.0,48.41634179141565,1057.5470179561253,957.738627063763,268.9447258655721,476.0782916573703,196.99388514566863,18.831951564162637,92.6949001036627,0.0,0.0,0.0,0.0,0.0,0.0,0.0,0.0
1845.6944740306499,908.4000726311053,298.0076106276615,-263.75453352463296,-970.012676010453,-69.21994368195726,-1478.9447641892789,1295.8723860250825,191.78427744308186,1224.886810581396,11.36885417493204,-31.26245767384475,36.87775883296717,-1026.6904935270231,-1056.3997469449946,100.0,1042.2240294747064,-197.59860162012046,0.0,2.5250940354141873,0.0,0.0,0.0,0.0,0.0,0.0,0.0,1455.5561896169625,-1295.8723860250825,100.0,-746.1898891702901,-11.36885417493204,0.0,62.218550050771135,1082.85228140667,1056.3997469449987,277.69537533163725,805.3010777873203,197.59860162018526,16.14787150951088,92.19116836123449,0.0,0.0,0.0,0.0,0.0,0.0,0.0,0.0
1775.8364066078273,703.7105411241115,266.1227072403487,-846.9549653619026,-392.4328910742247,-58.13292526402222,-1541.2822731030951,1299.6000970888722,175.81821806893237,-523.7858469782987,3.54002563887434,-32.56022591750181,36.59443022866328,-920.9617002849097,-1155.2858564512132,100.0,341.7657170580486,-197.89372507978555,0.0,2.8392405480430183,0.0,0.0,0.0,0.0,0.0,0.0,0.0,1489.3030205924726,-1299.6000970888722,100.0,135.41389089692643,-3.54002563887434,0.0,60.6177727703858,933.0924310271505,1155.285856451213,285.0718720088273,-412.56728484091127,197.89372507985036,13.338916833721726,90.83081035934354,0.0,0.0,0.0,0.0,0.0,0.0,0.0,0.0
1695.521144091971,510.5649651933481,240.0424821948398,-1468.7583952218006,-1783.6997192126041,-46.0352273553363,-1524.4851129644137,1299.4114913182675,159.2658417148814,1434.5842563482483,-4.294349329202305,-33.60619962140902,28.657094779924424,-870.3404242284038,-1254.2420230650948,100.0,244.31086980270436,-197.8787931319141,0.0,8.270261731077603,0.0,0.0,0.0,0.0,0.0,0.0,0.0,1525.6552248723337,-1299.4114913182675,100.0,610.2468371747898,4.294349329202305,0.0,65.9708044476653,869.568611634961,1254.24202306509,291.0171720181896,-24.2745037056784,197.8787931319141,10.426809727927946,92.07618229095131,0.0,0.0,0.0,0.0,0.0,0.0,0.0,0.0
1605.7814673312748,367.5096346387862,220.2203575139946,-1672.7591633073393,628.9093379330577,-33.13717646370776,-1550.0124781506456,1295.3068642165194,142.25515111643602,-1314.68906819469,-12.121996007990674,-34.39229006809114,35.45917203342859,-784.8737603076551,-1353.113204505429,100.0,-162.40627592167698,-197.55382917140878,0.0,5.9169384539635415,0.0,0.0,0.0,0.0,0.0,0.0,0.0,1607.9384300209197,-1295.3068642165194,100.0,-274.2962088991442,12.121996007990674,0.0,74.4274701256809,820.6434413799575,1353.1132045054242,295.48529920208097,-2.0594974438569125,197.55382917140878,7.434070080971367,91.87399985763909,0.0,0.0,0.0,0.0,0.0,0.0,0.0,0.0
1565.6595303321885,312.64630699255633,207.00095399209636,-765.7625167178912,-933.691385353864,-19.6630137648404,-1619.6784996607648,1287.2926468204305,124.9176932420122,1078.316035340747,-19.930650217900165,-34.912418267727006,16.341201214157326,-665.1304275621118,-1451.744491643842,100.0,1011.9263184438302,-196.91934234444375,0.0,26.542094670848606,0.0,0.0,0.0,0.0,0.0,0.0,0.0,1600.8200945702613,-1287.2926468204305,100.0,554.1313509230224,19.930650217900165,0.0,78.11967457397333,733.8938289375698,1451.7444916438371,298.4417006667121,1342.7318846440908,196.91934234437895,4.3838413287573985,90.44022063895947,0.0,0.0,0.0,0.0,0.0,0.0,0.0,0.0
1440.4653025465698,132.56988201269178,200.61409973359883,578.4375704611341,-2.858897303485719,-5.846996520575374,-1719.581069127245,1275.3813956243548,107.3875420147265,234.6674857236485,-27.708077536344717,-35.16256196810765,23.52439162358809,-616.5852294087576,-1549.9813512129208,100.0,1557.8068468688257,-195.97632675081627,0.0,17.479649541299732,0.0,0.0,0.0,0.0,0.0,0.0,0.0,1756.8493076522216,-1275.3813956243548,100.0,-242.96194817724427,27.708077536344717,0.0,83.3781305772377,615.6275643639713,1549.9813512129208,299.86351398637186,1067.3059425022493,195.97632675081968,1.299711481620136,81.14079736219993,0.0,0.0,0.0,0.0,0.0,0.0,0.0,0.0
1402.5143755902668,-107.01077817601535,201.17083443898628,-295.3925151682495,179.84069628995158,8.070674639072877,-1724.3223970483768,1259.5917729069615,100.0,1154.3482630327833,-35.442092466284976,0.0,16.335142355898803,-552.9954863750587,-1647.6698679254507,100.0,719.8238519464081,-194.7262598858083,0.0,19.530502650018192,0.0,0.0,0.0,0.0,0.0,0.0,0.0,1781.0080276996734,-1259.5917729069615,110.19973850724968,-95.40986446166585,35.442092466284976,35.14078675949989,83.96207882581122,493.36054709167723,1647.6698679254505,299.7397440029994,-419.06092473506817,194.7262598858083,-1.79446928639436,82.75013281669271,0.0,0.0,0.0,0.0,0.0,0.0,0.0,0.0
1285.933819587766,-386.8215333057864,208.66147890587945,-2713.4456312166435,-282.27485766245763,21.848031763312292,-1809.6473184335928,1239.9485174916058,100.0,1368.7860334447873,-43.120577528263766,0.0,7.3585856691120295,-412.20608121774086,-1744.6569856253705,100.0,192.6710875071214,-193.17110032593405,0.0,28.604157486181254,0.0,0.0,0.0,0.0,0.0,0.0,0.0,1776.1686377154124,-1239.9485174916058,127.70814247383232,-488.25991346201477,43.120577528263766,34.84726103381384,86.71228719387419,483.41025547884715,1744.6569856253745,298.07134785387257,-132.9386545082059,193.17110032593746,-4.874773075506766,62.20673495154848,0.0,0.0,0.0,0.0,0.0,0.0,0.0,0.0
1130.4247782015448,-367.6304932396683,222.95580330839306,-728.9584311585224,-473.0962883956141,35.245546353963846,-1806.7925333450683,1216.4824059860957,100.0,66.91476079972972,-50.73150224571009,0.0,7.5842178163153084,-402.82694994198863,-1840.7907470927237,100.0,628.7162636030403,-191.3132846599308,0.0,33.251490466799865,0.0,0.0,0.0,0.0,0.0,0.0,0.0,1770.5741969318346,-1216.4824059860957,145.0022740026327,665.0378699322846,50.73150224571009,34.284254682394675,83.99043425603836,258.6687998913317,1840.7907470927234,294.87122756988015,118.80407281490392,191.3132846599956,-7.917379299314291,68.26996784356879,0.0,0.0,0.0,0.0,0.0,0.0,0.0,0.0
993.2979184236319,-591.0181579262238,243.80529132909754,-774.1399645527537,633.8606979865034,48.03029372743083,-1753.1134401552379,1189.2302045625997,100.0,-327.09044737603676,-58.262941994173616,0.0,10.537202756723103,-218.3517929931738,-1935.9205321267764,100.0,-1003.2324132311531,-189.15572367149707,0.0,38.47168306232774,0.0,0.0,0.0,0.0,0.0,0.0,0.0,1784.250025533644,-1189.2302045625984,161.9483942215671,-214.55032709147872,58.262941994173616,33.45612154251327,88.84868487490584,196.21877981744822,1935.920532126776,290.16413030161436,-2054.461566021631,189.15572367149707,-10.898758893974048,68.57068613364456,0.0,0.0,0.0,0.0,0.0,0.0,0.0,0.0
888.182763596215,-706.664075073328,270.84746078014746,-1625.1220449558064,438.156021009446,59.980002564896324,-1707.7378198471217,1158.2346113532458,100.0,562.9467971213273,-65.7030966843331,0.0,9.277201686220142,-143.54439854836383,-2029.897293534329,100.0,1063.4615660820923,-186.70179777815065,0.0,41.85429644297835,0.0,0.0,0.0,0.0,0.0,0.0,0.0,1875.8892682533544,-1158.2346113532444,178.41545549748116,162.54794997415502,65.7030966843331,32.36926572829759,95.85970997317676,81.00410527267448,2029.897293534329,283.9864569448591,-196.29701331994397,186.70179777815065,-13.795856273077902,57.10838891158065,0.0,0.0,0.0,0.0,0.0,0.0,0.0,0.0
856.9200438240151,-810.3192614952422,303.6121655967084,-1097.046126941082,-588.5828622891052,70.88691924674151,-1827.6534558752764,1123.544189551652,100.0,757.9547449516065,-73.04030925027973,0.0,0.5853692121627283,-42.31582637591548,-2122.5737906534932,100.0,-345.2114812904497,-183.95535173542157,0.0,40.143492711855984,0.0,0.0,0.0,0.0,0.0,0.0,0.0,1737.4526305388358,-1123.5441895516524,194.27611485290845,-856.2050083701604,73.0403092503002,31.03209210647833,96.17421121701165,73.36785385672974,2122.573790653489,276.38598064540525,-1752.3519681164985,183.95535173535336,-16.586267620876924,51.341119296024345,0.0,0.0,0.0,0.0,0.0,0.0,0.0,0.0
771.3889558590453,-962.6542232774067,341.5297696383556,-988.4109018945327,1200.2097920380163,80.5614197870787,-1769.8283850276591,1085.2132913252103,100.0,101.73508617124412,-80.26308391357361,0.0,0.0,74.14984115872201,-2213.8048200470344,100.0,-247.72356276936682,-180.92068861295274,0.0,46.65079971104497,0.0,0.0,0.0,0.0,0.0,0.0,0.0,1813.1529722241808,-1085.2132913252121,209.40771873400172,1341.5014280873368,80.26308391358043,29.45494129991374,89.83766109566912,22.324492691203055,2213.804820047034,267.4214773600493,-731.2527167580101,180.92068861295957,-19.248414145438915,50.2952400052726,0.0,0.0,0.0,0.0,0.0,0.0,0.0,0.0
590.0719397883863,-1144.0673428671937,383.94105019145405,93.9523006746407,-326.41185390354053,88.8353065727415,-1813.0830327654007,1043.3019726573439,100.0,-612.3564571949748,-87.36010419434251,0.0,11.854113452266702,182.02806142795475,-2303.44744300382,100.0,1510.684898239589,-177.60256305205075,0.0,50.07762607368441,0.0,0.0,0.0,0.0,0.0,0.0,0.0,1833.5533866790781,-1043.3019726573461,223.69325151424596,-436.2761231783338,87.36010419433569,27.65000972160294,87.77586344348582,-188.6363001284675,2303.44744300382,257.162271330729,584.6241284131925,177.60256305205075,-21.76170895156133,48.06304492798941,0.0,0.0,0.0,0.0,0.0,0.0,0.0,0.0
447.1635024938733,-1244.6558388758103,430.10865899359317,356.3948508948073,-325.4030102125762,95.56473259027058,-1843.1283668400324,997.8758992531602,100.0,-947.3096853292793,-94.32025064191976,0.0,8.067520827356487,258.2511216077643,-2391.3612094919454,100.0,2143.7611193143416,-174.00617381676057,0.0,52.06723922478105,0.0,0.0,0.0,0.0,0.0,0.0,0.0,1902.9449531028845,-997.8758992531607,237.0222403989825,-305.82639448047075,94.32025064192658,25.631255257336676,92.51842530305598,-179.3856082395169,2391.361209491949,245.687698986714,191.61754503971366,174.00617381676057,-24.106716243191926,44.17023279595198,0.0,0.0,0.0,0.0,0.0,0.0,0.0,0.0
293.72504347393544,-1470.0231645951992,479.2299415225334,-473.63449241249043,134.9438582326843,100.63270230170133,-1744.6413054685954,949.0062436558951,100.0,617.6528143907183,-101.13261825643349,0.0,3.5844956902295153,271.0014374681231,-2477.408378212692,100.0,-937.1251052320415,-170.13715564824906,0.0,66.59853101099206,0.0,0.0,0.0,0.0,0.0,0.0,0.0,1746.1634311368157,-949.0062436558951,249.29160973295413,418.48578275048226,101.13261825639256,23.414289326782978,93.18957924198186,-404.18583020379725,2477.4083782126954,233.08649542062204,91.48874051268962,170.13715564830363,-26.265301624352873,44.809486509906975,0.0,0.0,0.0,0.0,0.0,0.0,0.0,0.0
114.64035749149349,-1580.8970749567382,530.4508916778284,2067.7324631884385,-162.79684579680747,103.95110568982886,-1736.723695693198,896.7695737354011,100.0,183.60188235409396,-107.78653357464918,0.0,8.53821794965158,460.6309123506099,-2561.4541324104403,100.0,965.5547873289513,-166.00157043674017,0.0,73.6312556976458,0.0,0.0,0.0,0.0,0.0,0.0,0.0,1747.0085654901943,-896.7695737353988,260.4064781043249,-1804.9222902405643,107.78653357464236,21.01625615733809,93.17836520542167,-382.6546207761867,2561.45413241044,219.45610818274196,641.1898355968483,166.00157043674017,-28.220772335725144,26.15223765117811,0.0,0.0,0.0,0.0,0.0,0.0,0.0,0.0
40.359056836316334,-1627.0083006215568,582.8809992437174,762.7478360961937,1156.5502576319466,105.46225010920011,-1681.964132999299,841.247732723325,100.0,-565.2813057030232,-114.27157139259293,0.0,14.026494856040628,521.7784056058132,-2643.366791100545,100.0,-1752.281611891422,-161.60589772334788,0.0,66.1133726313657,0.0,0.0,0.0,0.0,0.0,0.0,0.0,1722.289039520507,-841.2477327233228,270.28089208103654,1133.869526979238,114.27157139259634,18.45570020442608,81.1945687209357,-545.0050433735117,2643.366791100545,204.90194370023048,549.8675574730038,161.60589772334788,-29.958006343221513,27.418733925325995,0.0,0.0,0.0,0.0,0.0,0.0,0.0,0.0
-9.194232791398392,-1881.7419200994975,635.6087320002895,392.6701910355612,648.6039202005509,105.13986331107674,-1697.7964017912036,782.5277109830047,100.0,-1201.194476785139,-120.57757109987051,0.0,10.344634700222272,648.9247278957926,-2723.0180153840884,100.0,384.06492810166924,-156.95702454854654,0.0,87.80910755219283,0.0,0.0,0.0,0.0,0.0,0.0,0.0,1648.7262814642345,-782.5277109830049,278.8384909053648,-742.4787478499024,120.57757109991485,15.752422743632337,86.58966985430108,-590.4904190902622,2723.0180153840847,189.53655214878282,-623.9695869692582,156.9570245485943,-31.46356927945064,13.431935253285019,0.0,0.0,0.0,0.0,0.0,0.0,0.0,0.0
-282.3658223484308,-2038.1570611088057,687.717383316157,-2744.0787388328267,1812.24140680824,102.9895502038886,-1580.5625706951644,720.7015097149201,100.0,121.03218410866361,-126.69465259902495,0.0,23.047494021447665,732.1488760088396,-2800.2830095263857,100.0,-282.71842955019054,-152.06223466171878,0.0,73.0787627554002,0.0,0.0,0.0,0.0,0.0,0.0,0.0,1673.6310065410398,-720.7015097149233,286.0130970064613,-1508.4356251517784,126.69465259903177,12.92732874370813,75.79814474622724,-703.0485468474476,2800.2830095263853,173.47875708029343,440.8470891943608,152.06223466171878,-32.72581833427253,14.624830899846783,0.0,0.0,0.0,0.0,0.0,0.0,0.0,0.0
-326.25529237807064,-2136.773020596927,738.3010097016812,-1816.3784145707646,-217.20413151923367,99.04869540832806,-1603.846125435921,655.865996811302,100.0,-498.3592321111962,-132.61323178516477,0.0,20.679724936182275,768.7211617869007,-2875.040716484107,100.0,-172.65436643094745,-146.92919710867045,0.0,85.2247676955956,0.0,0.0,0.0,0.0,0.0,0.0,0.0,1622.302752314164,-655.865996811305,291.7492277643388,1155.8658572839033,132.61323178516477,10.002265204274465,76.12156592080481,-819.3431276504048,2875.040716484107,156.85273653730042,205.4375777189341,146.92919710867045,-33.73499229109953,11.236203997715798,0.0,0.0,0.0,0.0,0.0,0.0,0.0,0.0
-536.3282838908419,-2277.981681226726,786.4801812378496,1188.2712691330853,-248.77191557485048,93.38581330071065,-1578.4932412534417,588.1227550857184,100.0,-1586.6206851269362,-138.32403556245936,0.0,16.854061603276893,947.4974963426818,-2947.174007574706,100.0,1263.2641906845515,-141.56595421646443,0.0,83.1782184089464,0.0,0.0,0.0,0.0,0.0,0.0,0.0,1614.1353111771364,-588.1227550857218,296.0025245677299,-381.47372931503355,138.32403556245595,6.9998522087777815,71.81332975949321,-875.6661580661263,2947.1740075747057,139.78706276010354,-20.411413987988567,141.56595421647125,-34.48328701198648,8.491582920340209,0.0,0.0,0.0,0.0,0.0,0.0,0.0,0.0
-666.1499973535834,-2346.3914400720782,831.4172710491408,-633.0834634077638,-1850.0685401986811,86.09935684507263,-1606.537899808144,517.5779231154181,100.0,-524.5290865985407,-143.81811637281885,0.0,30.03504515882861,991.7406648068879,-3016.5698659909913,100.0,-56.36727191489172,-135.98090899259205,0.0,90.61034885985916,0.0,0.0,0.0,0.0,0.0,0.0,0.0,1549.3679380365354,-517.5779231154181,298.74009584782897,-1498.4201807101783,143.81811637277792,3.943307999021499,70.10291018998444,-935.3189370723057,3016.569865990994,122.41370791269799,754.0965123003679,135.98090899253748,-34.96491578883848,4.943899750744469,0.0,0.0,0.0,0.0,0.0,0.0,0.0,0.0
-615.2801694228823,-2518.386621002393,872.3310180027188,-975.590257564632,-993.7697631752167,77.31600592323389,-1412.6663872210972,444.3420289458022,100.0,-482.8959726956032,-149.0868662149751,0.0,24.562162144576476,994.7185036002637,-3083.1195638733093,100.0,-1415.923271812294,-130.1828119595666,0.0,93.79481321410846,0.0,0.0,0.0,0.0,0.0,0.0,0.0,1430.133028043672,-444.34202894579903,299.9407714351685,516.4477615593421,149.0868662149785,0.856269423988465,69.12700128472943,-1017.3474536038909,3083.119563873309,104.86702351645349,-503.5397212809187,130.18281195957343,-35.17615409294706,1.3773452826942592,0.0,0.0,0.0,0.0,0.0,0.0,0.0,0.0
-801.2024713375417,-2521.091604454004,908.5101094517686,86.493006062733,1068.318550144345,67.18846492081809,-1462.2566332468477,368.5298169175935,100.0,409.6925606720572,-154.12203013083627,0.0,37.38586170508968,1021.0183656470568,-3146.718832661887,112.71729851625902,25.1159710599768,-124.18074744442038,35.115368377509526,89.33206384995125,0.0,0.0,0.0,0.0,0.0,0.0,0.0,1420.844550978918,-368.5298169175903,299.59526627264574,-37.20320404211179,154.12203013083285,-2.237390848514167,59.67075226141554,-1100.4551543072948,3146.7188326618866,100.0,807.6680389203807,124.18074744442038,0.0,5.017117627248033,0.0,0.0,0.0,0.0,0.0,0.0,0.0,0.0
-944.0901020792257,-2656.775653334979,939.3255478779968,1124.8781074050794,1104.6557497355798,55.892807860189464,-1416.9509447710893,290.2600678880067,100.0,-250.15689654362518,-158.91571913956568,0.0,36.969366676224226,1177.1189601036053,-3207.2680264624432,130.2032752139265,295.34668341048473,-117.98411934591513,34.78302871024866,97.20372792518408,0.0,0.0,0.0,0.0,0.0,0.0,0.0,1353.770740868873,-290.2600678880035,297.70625221866857,-343.2518267278624,158.91571913961684,-5.3137489438000785,56.03419112434654,-1136.816529332767,3207.2680264624432,100.0,724.42136192264,117.98411934596288,0.0,6.362867721142705,0.0,0.0,0.0,0.0,0.0,0.0,0.0,0.0
-1061.4540019271271,-2709.8218370632535,964.2415864309737,337.66996486815174,-1421.485492010022,43.625417236693806,-1270.7111449599752,209.6554131275857,100.0,578.0115419526339,-163.46042259793876,0.0,46.91618099144769,1212.1693176431681,-3264.672278169128,147.45568412857824,433.7519837541174,-111.6026364007962,34.181705138307876,92.45729981334598,0.0,0.0,0.0,0.0,0.0,0.0,0.0,1327.1085688719254,-209.65541312758592,294.288337385157,1286.4120172533615,163.46042259793876,-8.349014788278168,51.120469539375094,-1227.1498504528095,3264.6722781691246,100.0,11.134532313207046,111.60263640078938,0.0,5.367408394372309,0.0,0.0,0.0,0.0,0.0,0.0,0.0,0.0
-1185.5631506694347,-2747.483496197871,982.8250432427246,-986.1193747376228,941.6468549824822,30.599569778696605,-1191.1091461889255,126.84214218429793,100.0,-115.57706552737386,-167.74901996726157,0.0,51.32807904459128,1327.9694183803108,-3318.8416481001555,164.34110903719284,-357.93243243835263,-105.04629697186601,33.31604781337063,93.67255911935436,0.0,0.0,0.0,0.0,0.0,0.0,0.0,1183.8523691043906,-126.84214218430179,289.3679531701814,-480.9128752668312,167.74901996731955,-11.319716082699642,46.03927938014392,-1324.046754676859,3318.8416481001555,100.0,-1363.674675306704,105.04629697183191,0.0,1.0501564724146366,0.0,0.0,0.0,0.0,0.0,0.0,0.0,0.0
-1281.3840297520048,-2993.339487855051,994.7528325820239,-909.4511545973342,-1097.1495637175212,17.04172848999235,-1229.7796999317948,41.950005015936085,100.0,-520.9195599360805,-171.7747919705073,0.0,54.582247673684336,1394.306021470102,-3369.6912649132632,180.72897167522228,708.1627446126311,-98.32537338343627,32.19275103142465,100.0,0.0,0.0,0.0,0.0,0.0,0.0,0.0,1153.4501959695706,-41.95000501594018,282.9831498588362,-677.6189685791087,171.7747919705073,-14.20287981799504,38.690727383381606,-1409.4544104255867,3369.691264913263,100.0,-588.240357021325,98.3253733834431,0.0,9.364356596414693,0.0,0.0,0.0,0.0,0.0,0.0,0.0,0.0
-1302.6255967306856,-2961.9582087839713,999.8175819142757,-1577.855378690059,-1422.7349324916509,3.1876054402300724,-1097.350967443172,-44.88799129916492,100.0,289.7059792398795,-175.53143111902273,0.0,60.531017066092375,1439.8712103162668,-3417.1414585801967,196.49254152361857,-429.04901014875804,-91.4503958262867,30.820501464266954,92.1620787430245,0.0,0.0,0.0,0.0,0.0,0.0,0.0,1060.6367364099028,44.887991299164696,275.1833023730078,-56.78173096153614,175.53143111896475,-16.976209930016353,41.07318201940856,-1401.097313225356,3417.1414585801986,100.0,251.63079198020114,91.45039582625259,0.0,2.393507861645372,0.0,0.0,0.0,0.0,0.0,0.0,0.0,0.0
-1516.0702990890534,-3129.051501810723,997.9312372106706,-1506.2214529273683,1914.4770582307501,-10.7219362458477,-952.3143789999043,-133.5357909546342,100.0,55.784555811091536,-179.01305159589242,0.0,61.073079118445726,1449.4272243301639,-3461.1178852119237,211.5099158405185,-749.382994059772,-84.4321358597017,29.209910983795027,93.31525514820972,0.0,0.0,0.0,0.0,0.0,0.0,0.0,1007.2017626679369,133.53579095463374,266.02872844553264,-374.6182109542485,179.01305159589242,-19.618259719325977,35.46496883447369,-1478.4138070341196,3461.1178852119256,100.0,1129.3661305196736,84.4321358597017,0.0,5.515983403935672,0.0,0.0,0.0,0.0,0.0,0.0,0.0,0.0
-1528.0822933780112,-3151.4489649451543,989.1265938259207,-1079.9829915864143,-59.25309135135649,-24.445069953732173,-951.5893853653625,-223.8545025851938,100.0,819.5163457829022,-182.21419847679613,0.0,68.51515134852767,1548.889877128974,-3501.551643538941,225.6649623587718,343.4127356487943,-77.28158953439106,27.373434598526956,96.96570373909734,0.0,0.0,0.0,0.0,0.0,0.0,0.0,944.037768039298,223.85450258519347,255.59022217147412,-1063.4077311583837,182.21419847679783,-22.108597702644488,17.234987090249888,-1530.3638588118426,3501.5516435389422,100.0,95.22377275018243,77.28158953439106,0.0,12.679077812053322,0.0,0.0,0.0,0.0,0.0,0.0,0.0,0.0
-1558.520755271216,-3166.3303170092995,973.5567263292488,759.7321521168351,-1563.6831798922094,-37.74320989533692,-873.4541575056854,-315.7026168785178,100.0,-990.0362391736672,-185.12985627729051,0.0,75.35176004692974,1632.3481959715743,-3538.37938286423,238.84821735928296,1061.9285108243525,-70.00996016443878,25.325274136336446,90.89087843598189,0.0,0.0,0.0,0.0,0.0,0.0,0.0,793.2461235812837,315.70261687852167,243.94850654365698,198.46554128532262,185.12985627735532,-24.427965613515994,24.42869721057852,-1595.0783876242072,3538.37938286423,100.0,104.68242136600907,70.00996016445924,0.0,8.355834487074214,0.0,0.0,0.0,0.0,0.0,0.0,0.0,0.0
-1615.4939663952089,-3265.4525942227874,951.4923272014036,-1414.1381125587611,-1487.8106469371687,-50.385159081276925,-778.8957921756219,-408.9362282888259,100.0,131.70051743537329,-187.7554568108775,0.0,80.2609591252486,1631.1294720247563,-3571.5434023196985,250.9577321751763,-2358.318700420832,-62.628640774146334,23.08126841922231,94.18817813155681,0.0,0.0,0.0,0.0,0.0,0.0,0.0,853.373245954365,408.93622828882553,231.19360920611825,-959.8115123912538,187.7554568109406,-26.55842733025395,18.945429720888527,-1677.3888665320555,3571.5434023196967,100.0,-1141.851983526658,62.6286407741668,0.0,18.10696855581508,0.0,0.0,0.0,0.0,0.0,0.0,0.0,0.0
-1830.860948312087,-3268.208259568366,923.3170006662112,-841.5106333525796,-54.2202189775503,-62.15112883406107,-662.6914802249421,-503.4092605048219,100.0,-1208.4783031004936,-190.08688634608404,0.0,76.98706875588881,1713.9213909437292,-3600.9917412705863,261.89986158059577,138.86940286437834,-55.14919624758022,20.658770778456983,80.96802388293429,0.0,0.0,0.0,0.0,0.0,0.0,0.0,650.2956006442109,503.4092605048173,217.42416625287942,-944.5369878081584,190.08688634608575,-28.483507579305893,15.820657497024026,-1662.9251931625354,3600.991741270586,100.0,1328.1152742107213,55.1491962475734,0.0,17.420305548847256,0.0,0.0,0.0,0.0,0.0,0.0,0.0,0.0
-1879.4123805173501,-3473.5645875289338,889.520593476532,-178.1304391227036,-1243.861921148366,-72.83655995995616,-523.0786199908929,-598.973695318764,100.0,1071.520982809463,-192.1204920517863,0.0,81.54798511325836,1776.5296770487819,-3626.678260726217,271.5899879673998,113.16735537019213,-47.583345209050094,18.076514857932295,81.60704688707419,0.0,0.0,0.0,0.0,0.0,0.0,0.0,575.6614876473128,598.9736953187638,202.74665945590408,-1139.611956290081,192.1204920517863,-30.18831934186906,9.252363463319979,-1681.4095160137854,3626.678260726216,100.0,1550.656339604103,47.583345209050094,0.0,14.476933878869126,0.0,0.0,0.0,0.0,0.0,0.0,0.0,0.0
-1918.4469952400916,-3387.6481990084876,850.6906786033311,347.39078574682594,1042.3446045805622,-82.25567914652629,-433.81724295685666,-695.4798045380069,100.0,74.67643922811192,-193.85308772060398,0.0,84.99720516508886,1750.0135163201655,-3648.5627156295163,279.95317570952454,-1182.2364904876713,-39.94294166264126,15.354469743371908,71.09270961464468,0.0,0.0,0.0,0.0,0.0,0.0,0.0,526.303017867964,695.4798045380023,187.2745928209174,149.31311136782995,193.85308772053918,-31.659678978092387,17.72309039592878,-1684.1722655768735,3648.5627156295163,100.0,-1217.6928616032149,39.94294166263444,0.0,38.17218972077551,0.0,0.0,0.0,0.0,0.0,0.0,0.0,0.0
-1934.551892093298,-3366.550671844538,807.5023398895845,-1003.4544433761585,434.7029091244326,-90.244728754883,-380.5792254254549,-792.7763845757943,100.0,1.3687268149996612,-195.28195876107134,0.0,84.60134133264972,1788.9340496384318,-3666.6108179120674,286.9247506547116,509.88873022318444,-32.239956419682585,12.51368553735631,71.9863217696069,0.0,0.0,0.0,0.0,0.0,0.0,0.0,396.92867479229557,792.7763845757939,171.12761483892078,716.426745654911,195.28195876107134,-32.886208178645404,7.81683677126544,-1758.0646421632541,3666.6108179120683,100.0,55.62354587098753,32.239956419689406,0.0,32.269649350169196,0.0,0.0,0.0,0.0,0.0,0.0,0.0,0.0
-1971.0383547949277,-3515.559145110953,760.7064352695915,1605.1825484178198,821.0487402557305,-96.66481385494649,-264.1671370130847,-890.7109933535856,100.0,-191.76937204519504,-196.40486645019791,0.0,93.56625544933817,1761.7253883641224,-3680.7942902158725,292.45080026226753,-1935.9151190407829,-24.486458342989863,9.576130574946546,62.13010717773618,0.0,0.0,0.0,0.0,0.0,0.0,0.0,316.8848065903963,890.7109933535853,154.4305932212107,282.4143082783925,196.40486645019962,-33.85842195536128,6.297379994235676,-1744.3722920881141,3680.794290215873,100.0,1258.09788256027,24.486458342989863,0.0,32.46239125434529,0.0,0.0,0.0,0.0,0.0,0.0,0.0,0.0
-1980.682050933984,-3475.1213221432395,711.1165426054039,-574.1338684229527,816.2402559103998,-101.40431700595002,-264.70512966375793,-989.1301891438444,100.0,-1052.0014862206,-197.22005144171249,0.0,94.82699241716246,1810.5064818151059,-3691.0909101976767,296.48859051919044,61.7370356025981,-16.694595437809312,6.564521538191457,48.104783099348246,0.0,0.0,0.0,0.0,0.0,0.0,0.0,185.56235349158072,989.1301891438485,137.3126492731605,-1561.2301294951592,197.22005144171249,-34.56880199067342,14.760026076881607,-1757.8958194332863,3691.0909101976767,100.0,2037.1783735351084,16.694595437809312,0.0,40.59617811672321,0.0,0.0,0.0,0.0,0.0,0.0,0.0,0.0
-2047.1035421799845,-3522.287526030792,659.5948150957064,-276.95478896082136,-284.66143146659306,-104.38083879990813,-85.41750326303742,-1087.8797709790883,100.0,14.709046243713857,-197.7262365221543,0.0,93.8802663900203,1820.5541024148586,-3697.484545346437,299.00689641058057,-1165.324927609189,-8.876575818505898,3.502147783650571,60.12198250117791,0.0,0.0,0.0,0.0,0.0,0.0,0.0,103.80193052596123,1087.8797709790879,119.9061593741348,111.81655281565234,197.7262365222225,-35.01185477804171,10.07529762401876,-1833.1359230673588,3697.484545346437,100.0,1228.6516282666014,8.876575818505898,0.0,44.418207040990566,0.0,0.0,0.0,0.0,0.0,0.0,0.0,0.0
-1955.1770908721728,-3546.9886773723656,607.0369921702008,-821.6391655569191,-1481.3914780902155,-105.54263042980381,-46.66579948337994,-1186.8050202504603,100.0,-335.57127939791036,-197.92262861241056,0.0,100.0,1818.3078570596456,-3699.9651782593714,299.9862433887323,1251.1259292943191,-1.0446485811939965,0.4126912413084938,54.33122234906641,0.0,0.0,0.0,0.0,0.0,0.0,0.0,42.347233054242096,1186.80502025046,102.34573128528037,-442.8805856810219,197.92262861240715,-35.18415410432041,4.863950835271646,-1774.018827440094,3699.965178259371,100.0,1277.1922712885919,1.0446485811939965,0.0,61.01579371758116,0.0,0.0,0.0,0.0,0.0,0.0,0.0,0.0
-2058.843835192147,-3433.3939728594664,554.3568264651001,-2020.8143953695458,709.3342794060959,-104.86949337693773,27.2108791901223,-1285.7509431173341,115.23283679839307,-510.70775363176904,-197.80892000958943,35.08436754542444,94.13424362970345,1722.8740840426128,-3698.5289223369996,299.4190579735887,867.6280147917703,6.788915387846828,-2.6799567224165344,35.13427835798755,0.0,0.0,0.0,0.0,0.0,0.0,0.0,-112.96759235588992,1285.7509431173337,100.0,109.00564635698537,197.80892000959284,0.0,0.0,-1849.374783554663,3698.5289223369996,100.0,-1430.1091661442388,-6.788915387846828,0.0,47.18705947832494,0.0,0.0,0.0,0.0,0.0,0.0,0.0,0.0
-1983.6925230033783,-3504.3474232161116,502.4701976270271,413.9569889293682,159.21940124826506,-102.37313057580593,135.37187534966426,-1384.5625133481608,132.69360640177376,-327.4543548194249,-197.38528886976383,34.71326677018183,85.13423162621255,1751.8163976768053,-3693.1780278725805,297.3097263199305,-1755.3890803153513,14.611842637984864,-5.751880061217207,27.55213797095424,0.0,0.0,0.0,0.0,0.0,0.0,0.0,-180.66115479402896,1384.5625133481562,100.0,-740.460873448312,197.38528886982863,0.0,0.6609607938854314,-1766.9023257041963,3693.1780278725805,100.0,-218.01712332302486,-14.611842637984864,0.0,62.19930904945863,0.0,0.0,0.0,0.0,0.0,0.0,0.0,0.0
-2023.7250090305997,-3395.7135499432193,452.2791891374821,-481.996486639398,-476.35977580665667,-98.09694295063679,226.70813672970442,-1483.0849152120697,149.90155000823975,1688.4399112248732,-196.65239892880663,34.07372157282609,94.69733934916837,1767.9185019155107,-3683.9208785264027,293.67456029839127,505.49164897684363,22.411876383930576,-8.779322996340113,37.61675728196849,0.0,0.0,0.0,0.0,0.0,0.0,0.0,-372.8399403648525,1483.0849152120693,100.0,1314.5242752561282,196.65239892881004,0.0,3.6774538675033552,-1793.7045857550024,3683.9208785264022,100.0,-857.0728495687445,-22.411876383937397,0.0,66.16149445329043,0.0,0.0,0.0,0.0,0.0,0.0,0.0,0.0
-1903.044278528767,-3442.3240294184734,404.6564049927573,311.8282153338487,-1912.599261393077,-92.11527486156484,372.318922778833,-1581.1637860406388,166.7235952536201,517.298307944003,-195.61139846188667,33.17067768036125,99.57800959015229,1759.1181286607703,-3670.7719781904534,288.5416713525979,746.9102045499699,30.17679570942846,-11.738873724594328,33.76384778714415,0.0,0.0,0.0,0.0,0.0,0.0,0.0,-374.9952157640128,1581.1637860406383,100.0,614.1113223842888,195.61139846188667,0.0,11.034896589024184,-1751.4778860817787,3670.771978190453,100.0,982.0790146435718,-30.17679570942846,0.0,71.71273193423893,0.0,0.0,0.0,0.0,0.0,0.0,0.0,0.0
-1932.0931752536155,-3433.648335202485,360.42979890427137,950.8524603506226,386.53675276523245,-84.53212157854637,423.0276738849597,-1678.6454580798209,183.0296540005884,135.3831739951849,-194.2639184850293,32.01111850629047,85.30567951604176,1799.0202884457817,-3653.751928264053,281.95075310792896,-1457.880398690869,37.8944347146944,-14.607645466426504,35.07437156426563,0.0,0.0,0.0,0.0,0.0,0.0,0.0,-511.0359297871143,1678.6454580798209,100.0,455.3263027708178,194.2639184850293,0.0,3.2394248109556596,-1694.4078762433696,3653.7519282640524,100.0,1244.3426955365805,-37.89443471468758,0.0,68.00874702130966,0.0,0.0,0.0,0.0,0.0,0.0,0.0,0.0
-1863.1441680548871,-3401.734273693011,320.3682797737763,-1479.4668431619891,540.2230239378946,-75.47932125470766,567.2851271818565,-1775.3771992531106,198.69362833544776,679.8009924280217,-192.61207019928406,30.604011146520946,79.75933596127493,1671.7183681451318,-3632.887395376047,273.95277441301295,355.0559587856844,45.55270157765335,-17.36345345373195,26.01705392314415,0.0,0.0,0.0,0.0,0.0,0.0,0.0,-572.3049189807707,1775.3771992531147,100.0,344.485850262443,192.61207019934886,0.0,18.41415036185483,-1739.7230269134132,3632.887395376047,100.0,982.5288834676087,-45.552701577673815,0.0,89.70269704814503,0.0,0.0,0.0,0.0,0.0,0.0,0.0,0.0
-1800.0797757491237,-3393.60510857756,285.1683437017213,762.8401688533813,-1383.501470751155,-65.11426283233305,635.9865710328563,-1871.2074524587106,213.5943857077487,379.6930453313911,-190.65844168327658,28.960237035066143,76.43625394853922,1672.9739077919514,-3608.211069604134,264.60958518773793,-512.9874486201459,53.13959749923697,-19.984986489074572,31.658393231934824,0.0,0.0,0.0,0.0,0.0,0.0,0.0,-631.7439911868119,1871.2074524587101,100.0,673.6794888004596,190.65844168334138,0.0,16.041864682501775,-1679.636578620128,3608.2110696041354,100.0,-209.23500631544584,-53.139597499264255,0.0,86.02242744297554,0.0,0.0,0.0,0.0,0.0,0.0,0.0,0.0
-1654.789346481159,-3268.220506820745,255.441964940268,120.81243977718714,-1578.38614106073,-53.61714973182501,726.2052137959267,-1965.9860730257637,227.616695671785,600.8421482889594,-188.40609383799233,27.092507795857443,80.52751117422936,1646.3823785885133,-3579.761613256792,253.9934381258336,-808.5667685483133,60.643235502707284,-22.45197174923902,14.67902650151269,0.0,0.0,0.0,0.0,0.0,0.0,0.0,-692.8870716038901,1965.9860730257674,100.0,346.396097767244,188.40609383793094,0.0,15.904871640423046,-1622.2721517964019,3579.7616132567923,100.0,2015.5843235594716,-60.64323550275503,0.0,89.26570685988746,0.0,0.0,0.0,0.0,0.0,0.0,0.0,0.0
-1687.9973388533188,-3266.0603647044068,231.70595631472395,1200.2809303618517,1117.1924698229031,-41.18786689539945,858.5324308827587,-2059.564563957589,240.6521209859692,-648.6753691244695,-185.85855559058928,25.015266941157535,78.59707034547296,1628.7866662648673,-3547.5836002980595,242.18642995078054,-211.44692275370517,68.0518590579004,-24.745331558869026,10.599216226946734,0.0,0.0,0.0,0.0,0.0,0.0,0.0,-793.3458570049626,2059.5645639575846,100.0,-1309.206106020427,185.85855559058928,0.0,29.970863685408126,-1595.9245125959822,3547.5836002980595,100.0,-551.9634186762175,-68.05185905781173,0.0,77.15799412449557,0.0,0.0,0.0,0.0,0.0,0.0,0.0,0.0
-1548.9214942499457,-3173.911504860219,214.3729840895419,-265.7928591212999,-373.6216731463969,-28.04250565503935,879.8733481060369,-2151.796308593487,252.59985617905105,-1078.3238166320916,-183.0198183668881,22.744578177277788,65.3859016115148,1585.1473779922221,-3511.7274465100363,229.27986654592766,-549.5409200767699,75.35386050119541,-26.847330921963533,12.104645896169396,0.0,0.0,0.0,0.0,0.0,0.0,0.0,-844.3970457010644,2151.7963085934825,100.0,-521.2109471561638,183.01981836694267,0.0,39.82735062618546,-1608.2561056864888,3511.7274465100363,100.0,105.60296527533524,-75.35386050114766,0.0,92.0174848849114,0.0,0.0,0.0,0.0,0.0,0.0,0.0,0.0
-1544.9493562902342,-3182.273153912735,203.74439349141744,804.3986694117643,1084.2970812163821,-14.409606841002187,994.6494988335793,-2242.5368003243257,263.3675070983634,-269.4595237562396,-179.89432983588586,20.298001180665608,62.1429308455457,1507.6478430576385,-3472.249330502603,215.37355686840084,1057.1699334936886,82.53779922208196,-28.741714669916405,11.399045730900577,0.0,0.0,0.0,0.0,0.0,0.0,0.0,-962.4221130910507,2242.5368003243257,100.0,-996.0403622994028,179.89432983594725,0.0,21.94188645011966,-1491.0941904618542,3472.249330502599,100.0,-273.04219358930027,-82.53779922213653,0.0,91.29386103438186,0.0,0.0,0.0,0.0,0.0,0.0,0.0,0.0
-1292.6889223781006,-3033.432116046267,200.00496962250145,-485.27529690000506,-2344.12094565045,-0.5261874478134132,1035.8774892282283,-2331.643869002281,272.87180541172546,1529.2350631825116,-176.48698694195446,17.69445580553935,65.73003371099207,1462.4729083721193,-3429.2111056940207,200.57504110707816,572.0676564941073,89.59241958795701,-30.413833165873427,1.121527252213502,0.0,0.0,0.0,0.0,0.0,0.0,0.0,-995.9872689949034,2331.6438690022806,100.0,1210.938206064961,176.48698694188624,0.0,42.15642414235829,-1473.1129650283503,3429.2111056940166,100.0,1024.942466958181,-89.59241958802522,0.0,92.83661179923999,0.0,0.0,0.0,0.0,0.0,0.0,0.0,0.0
-1370.2850986903927,-2905.989425087433,203.21972484875567,-493.0082898703779,-17.544856765362056,13.36638006340678,1190.8145175883844,-2418.977903689769,281.03925253759354,1820.8530625708875,-172.80312823319946,14.954075773102318,54.312947633772694,1474.5125707457696,-3382.6802034004218,184.99875905346724,1436.2377927341186,96.50666857955912,-31.850755593384577,0.0,0.0,0.0,0.0,0.0,0.0,0.0,0.0,-1104.5911092745584,2418.977903689769,100.0,448.7578511741299,172.80312823319264,0.0,46.940230650900794,-1416.3929553500095,3382.6802034004177,100.0,190.285767600775,-96.50666857955912,0.0,99.57631930582879,0.0,0.0,0.0,0.0,0.0,0.0,0.0,0.0
-1185.3054320658352,-2930.8279807932986,213.33276851681381,1001.2982436155119,-1169.5633387295743,27.0265641854337,1232.3978775493783,-2504.402071398714,287.8066880238448,832.8447164633451,-168.8485254957368,12.098052973410631,49.76638485738283,1386.7501573830066,-3332.7295271859334,168.76516511660682,574.2598318319779,103.26971310787258,-33.04136995265594,3.050390797493428,0.0,0.0,0.0,0.0,0.0,0.0,0.0,-1197.543773415819,2504.402071398714,100.0,1141.7128984738804,168.848525495805,0.0,54.4742454521165,-1395.6190365232494,3332.729527185938,100.0,1973.9842281301776,-103.26971310794079,0.0,93.95681738332206,0.0,0.0,0.0,0.0,0.0,0.0,0.0,0.0
-1017.650366410494,-2705.356049181138,230.16827865009242,974.8211056462992,1143.4172661319826,40.21687355055093,1261.3365804233767,-2587.7825314774027,293.1217779798002,-370.3517813270662,-164.62937471178975,9.148473584523629,49.45524021949987,1293.5262228242473,-3279.4373386390303,151.99979682576407,514.4377866144725,109.87095698806797,-33.976468992068476,13.850792987345972,0.0,0.0,0.0,0.0,0.0,0.0,0.0,-1317.4038377782795,2587.782531477406,100.0,-257.75638710275757,164.62937471184432,0.0,47.242899237378055,-1300.2388157488476,3279.4373386390303,100.0,-142.837887952968,-109.870956988143,0.0,100.0,0.0,0.0,0.0,0.0,0.0,0.0,0.0,0.0
-1087.8156920708188,-2672.6688923265815,253.43355873054833,-308.1280386397998,-108.62524241843403,52.70798587551781,1332.0681655678202,-2668.988645308921,296.94341978434414,934.0780641595234,-160.1522863512514,6.128147275712763,47.25861850537903,1311.5121228764149,-3222.8871347540526,134.83230402439074,-953.5478007163988,116.30005754070453,-34.64882140945605,15.955057044188822,0.0,0.0,0.0,0.0,0.0,0.0,0.0,-1325.7895331775505,2668.9886453089175,100.0,-77.30645611186446,160.1522863512514,0.0,54.957109092539696,-1213.2448795036396,3222.8871347540526,100.0,394.30202983841696,-116.30005754070453,0.0,87.74736174570384,0.0,0.0,0.0,0.0,0.0,0.0,0.0,0.0
-851.3597304546887,-2541.6662886577565,282.72412642192586,1533.3117937474344,1091.0637468217692,64.28273488165928,1376.1565663720837,-2747.8931809928636,299.242059940466,-927.0359114799612,-155.42427501462498,3.0604308158916638,39.730652213486294,1140.7569383653108,-3163.167517109988,117.39544626273664,-38.709530309211004,122.54694179646322,-35.053227773157545,18.69997120569856,0.0,0.0,0.0,0.0,0.0,0.0,0.0,-1429.5059258573374,2747.89318099286,100.0,-300.0553349241534,155.42427501467273,0.0,73.06731154129126,-1180.7203402324672,3163.167517109988,100.0,449.94053527505,-122.54694179637454,0.0,98.37372642885451,0.0,0.0,0.0,0.0,0.0,0.0,0.0,0.0
-769.0239046019807,-2481.1944239729273,317.53074576363707,-797.1940624420574,1942.3318881519822,74.73988587503612,1424.7014306826309,-2824.3725126893255,299.99992261817954,369.5853434438902,-150.45274844329015,-0.030952548779623612,23.708395465490376,1002.5316568114342,-3100.372053051551,100.0,154.8891264620488,128.60182227860605,-14.954317883144412,11.850034368363612,0.0,0.0,0.0,0.0,0.0,0.0,0.0,-1440.8709171591925,2824.372512689322,100.0,-690.2527707018612,150.45274844334472,0.0,71.51476376386393,-1108.3856683692266,3100.372053051551,100.17593385748147,631.956245773199,-128.60182227869473,20.232242847284425,93.72450104200603,0.0,0.0,0.0,0.0,0.0,0.0,0.0,0.0
-601.3137360306042,-2365.243269564132,357.2482805759309,-343.37013256244063,3.9902148686974215,83.8976343446501,1446.9192206706807,-2898.3068143131013,299.21114711846434,491.2598805697405,-145.24549591214964,-3.122096551389859,18.260901445988807,1004.5776219757868,-3034.5991290899756,100.0,266.91009143058807,134.45521233741147,0.0,13.020950963719274,0.0,0.0,0.0,0.0,0.0,0.0,0.0,-1510.2681285505616,2898.306814313101,100.0,-171.2944816957031,145.2454959121019,0.0,77.56387264539111,-1024.3595625254625,3034.59912908997,117.74595344706907,739.8528651059559,-134.45521233750014,35.047789191609766,91.50724749591052,0.0,0.0,0.0,0.0,0.0,0.0,0.0,0.0
-554.6229463610443,-2205.2341331966018,401.18621515405164,1669.611997010397,336.0119061356977,91.59676675519961,1587.781856837451,-2969.5802472744854,296.8818331951868,-107.13475131797964,-139.81067602681833,-6.189096776058705,22.92251775967311,921.0237539842641,-2965.9517967532356,100.0,-692.7662542196509,140.09794101403486,0.0,20.30571260440156,0.0,0.0,0.0,0.0,0.0,0.0,0.0,-1545.358807075069,2969.5802472744854,100.0,-70.6128333898198,139.81067602673647,0.0,75.99237743536554,-929.4608585612895,2965.9517967532292,135.17874013808085,-850.8508234535515,-140.09794101402804,34.63798630394521,83.51875584383109,0.0,0.0,0.0,0.0,0.0,0.0,0.0,0.0
-260.92318489157293,-2232.6926956343978,448.58065934205536,-706.9658506138893,1026.5535335029767,97.70342857946389,1586.5039902123426,-3038.08114197253,293.0299938845214,732.5162852869892,-134.15680394017727,-9.20823551542668,21.287904673127578,838.8434473432928,-2894.53761112728,100.0,355.4611159151233,145.52116740907422,0.0,16.25992638811606,0.0,0.0,0.0,0.0,0.0,0.0,0.0,-1577.9525382170623,3038.0811419725296,100.0,-1378.3928082010414,134.15680394022502,0.0,89.22512930554474,-906.2079301480488,2894.5376111272867,152.33948281117796,1289.4991103911157,-145.52116740897873,33.96032115262784,91.70245686990523,0.0,0.0,0.0,0.0,0.0,0.0,0.0,0.0
-330.2781615284525,-2011.3337977033602,498.607629270229,1626.2428585833645,167.2398869446465,102.11145144824371,1568.6177149809953,-3103.7021727564825,287.68541620664837,902.6864998271037,-128.29273801056388,-12.156165184258612,20.324742031346318,801.9923842194951,-2820.4684623411367,100.0,-341.40501012536276,150.71639453362423,0.0,24.07975947735615,0.0,0.0,0.0,0.0,0.0,0.0,0.0,-1611.1594082268448,3103.702172756485,100.0,-396.07377989119414,128.29273801061163,0.0,77.76198941545351,-757.7058010862011,2820.4684623411367,169.09547411616126,-1244.5489088726822,-150.71639453372654,33.02003425359757,74.61049484547901,0.0,0.0,0.0,0.0,0.0,0.0,0.0,0.0
-125.52125848976718,-1914.0025089336964,550.3973728615484,-359.0719191995903,-1484.8944702587971,104.74419895838707,1718.0228793041563,-3166.3405260811364,280.88943081695345,231.8733447496288,-122.22766592405378,-15.010088870906486,16.656521913695396,662.6073936598589,-2743.8604002599977,100.0,-1359.3319050827904,155.67548262414903,0.0,29.41062321637032,0.0,0.0,0.0,0.0,0.0,0.0,0.0,-1676.235470913645,3166.3405260811387,100.0,-784.0484765975191,122.22766592405378,0.0,84.11904038419551,-662.3735153178783,2743.8604002599977,185.31713672362986,375.3836526131579,-155.6754826241422,31.824397027826308,71.38951920772581,0.0,0.0,0.0,0.0,0.0,0.0,0.0,0.0
-13.663997221537755,-1718.400843155627,603.0494910488347,305.834855789116,2343.572687815171,105.55589904676651,1725.8834559440875,-3225.898061592803,272.69459238805587,-1404.287670127569,-115.97109029806461,-17.747936630153447,8.335863075104353,498.46465077977393,-2664.833452660924,100.0,-868.7129722848751,160.39066189330924,0.0,31.718716082684143,0.0,0.0,0.0,0.0,0.0,0.0,0.0,-1723.4160778641717,3225.8980615928003,100.0,9.527996302654174,115.97109029811236,0.0,92.49185518881751,-599.297864299894,2664.833452660924,200.87902537159633,574.6538121925363,-160.39066189319328,30.38265556971254,71.69432928698052,0.0,0.0,0.0,0.0,0.0,0.0,0.0,0.0
132.21701776893508,-1693.2727371764095,655.6485918101785,334.91705657791033,983.5929146875321,104.53243976875797,1727.7388752023037,-3282.281465893397,263.1642731943336,-143.39453299865454,-109.5328137937372,-20.348536154493786,12.12351646370514,512.552147241187,-2583.5114371760164,100.0,-241.19664719027327,164.8545447050924,0.0,26.600538149302864,0.0,0.0,0.0,0.0,0.0,0.0,0.0,-1755.6041499382402,3282.2814658933944,100.0,490.722208022421,109.53281379377131,0.0,91.40000716489122,-478.89554266331857,2583.5114371760164,215.66079695802205,-867.2915637743392,-164.85454470497643,28.70595914553192,62.687811388182034,0.0,0.0,0.0,0.0,0.0,0.0,0.0,0.0
289.02861375282396,-1480.883541010788,707.28020486679,1300.3533507428783,-229.43948142912404,101.69161464330216,1724.056236558357,-3335.402398741726,252.37217304184378,557.0183565822833,-102.9229237569507,-22.791776503607935,7.714635316613901,337.885550545916,-2500.021767297799,100.0,-326.275133255337,169.06013714898108,0.0,40.46060943108308,0.0,0.0,0.0,0.0,0.0,0.0,0.0,-1760.512429314261,3335.4023987417254,100.0,802.4546280273421,102.9229237569848,0.0,96.70316444190802,-372.75715753933366,2500.0217672977915,229.54814117734895,74.73522639489317,-169.06013714909705,26.807273973808066,64.96182599132182,0.0,0.0,0.0,0.0,0.0,0.0,0.0,0.0
402.2153522675741,-1336.02257097091,757.0466803558076,6.130229249900481,2827.4216010117902,97.08281330051875,1785.4301161510139,-3385.1776314630097,240.40174933342752,-1225.203500927854,-96.15177641350328,-25.058763626140745,0.0,294.3648981217697,-2414.4952527505907,100.0,-576.4288576962306,173.00084999785213,0.0,45.16411015570313,0.0,0.0,0.0,0.0,0.0,0.0,0.0,-1769.9879478911516,3385.1776314630097,100.0,-228.42775060502618,96.15177641343507,0.0,91.22193523256948,-213.40907360613613,2414.495252750583,242.43366450426427,1039.333132036823,-173.00084999785213,24.70128295503983,58.3416222493083,0.0,0.0,0.0,0.0,0.0,0.0,0.0,0.0
463.91041772591484,-1114.2656713619087,804.0827950689262,362.54289914872174,-428.1151491074536,90.7861628110328,1758.5958067281529,-3431.529177349664,227.34557167643877,-436.227744305279,-89.22998064409285,-27.131966471209665,6.7482709563430365,143.18543447617904,-2327.065894540838,100.0,608.3499531746324,176.67050903250583,0.0,48.737736082149496,0.0,0.0,0.0,0.0,0.0,0.0,0.0,-1744.0848907167697,3431.5291773496638,100.0,-782.6360640497717,89.22998064412013,0.0,100.0,-132.00328890095298,2327.0658945408304,254.217720688645,844.2190183915285,-176.67050903238305,22.4042721261452,56.16521775397662,0.0,0.0,0.0,0.0,0.0,0.0,0.0,0.0
573.7823004765387,-977.3386937400537,847.570794932184,-1701.5509857873826,260.95176012336026,82.91113462270232,1789.1781828723579,-3474.384413849117,213.30460602402135,354.2730039522928,-82.16838136126626,-28.995352559201137,0.0,43.73377983987905,-2237.8706750073475,100.0,-875.8663452520866,180.06336471343957,0.0,51.038390181801766,0.0,0.0,0.0,0.0,0.0,0.0,0.0,-1741.966882041977,3474.384413849119,100.0,127.10080017669156,82.16838136130036,0.0,97.78547246317105,-73.60405451582177,2237.870675007348,264.80918133933324,1026.259513611246,-180.06336471355553,19.934004717149207,47.62078816007248,0.0,0.0,0.0,0.0,0.0,0.0,0.0,0.0
785.0534192406252,-886.1255029837936,886.7546122033077,-2367.9451008579877,685.7824511449695,73.59464132771905,1759.3803976856275,-3513.6761963471845,198.38743388581415,777.7144481272296,-74.97804251913522,-30.634511964291704,1.7252103760075683,-85.85654691440179,-2147.0493432004614,100.0,27.946084400512724,183.1741011920144,0.0,48.91742957567346,0.0,0.0,0.0,0.0,0.0,0.0,0.0,-1777.8398807848296,3513.676196347186,100.0,-538.2235549400878,74.97804251913522,0.0,87.5670312031271,21.108350225408905,2147.049343200462,274.1261406376552,-300.15758146211283,-183.1741011920144,17.309583784911524,47.58086708649046,0.0,0.0,0.0,0.0,0.0,0.0,0.0,0.0
899.672490137544,-747.997404362615,920.9530102112312,636.1772369610867,778.2882877223165,62.99865634560717,1737.725773448333,-3549.3429633687147,182.7094126460935,-478.13567680861183,-67.67022977765919,-32.03676874895038,3.2373904602865444,-0.43343044280709364,-2054.744195926423,100.0,-318.7843181530082,185.99784463628794,0.0,62.60960745394636,0.0,0.0,0.0,0.0,0.0,0.0,0.0,-1807.8759188760189,3549.342963368713,100.0,57.80691160705828,67.67022977765919,0.0,89.18603076122824,135.45708085418363,2054.7441959264233,282.096548730991,480.3911811379882,-185.99784463628794,14.551304485285641,40.852508556165944,0.0,0.0,0.0,0.0,0.0,0.0,0.0,-0.05156825150425344
992.8483282723364,-525.6400437430844,949.5714271078023,-1339.2586178950392,-1167.3664275320316,51.307397908288976,1861.242753235839,-3581.3288330307373,166.39178348274567,-1282.5081766812627,-60.25639285238185,-33.19127898959067,6.874363172066975,-146.8626430065171,-1961.0998547999247,100.0,-1478.3738295066726,188.5301708690679,0.0,66.84838901413133,0.0,0.0,0.0,0.0,0.0,0.0,0.0,-1837.926476689031,3581.328833030736,100.0,942.6318081246893,60.256392852402314,0.0,95.90149442131701,199.21833038368592,1961.0998547999252,288.6587689082598,160.27719562860995,-188.5301708689417,11.680497126873206,42.94437190243121,0.0,0.0,0.0,0.0,0.0,0.0,0.0,-0.05995901467146544
1137.4582134065786,-435.0564506857144,972.112312720128,289.5569324172959,810.1763198925173,38.72412630372537,1752.4991180009524,-3609.5836905969113,149.56073378574075,-1379.4104501287654,-52.74814757521426,-34.08911463474624,13.535909542880242,-276.76497504688973,-1866.2630396542822,100.0,-1175.784007197384,190.76711229897455,0.0,76.00666474349359,0.0,0.0,0.0,0.0,0.0,0.0,0.0,-1753.595284002004,3609.5836905969113,100.0,177.86237308617615,52.748147575227904,0.0,77.93924465637411,331.18640014210155,1866.263039654291,293.7620542485522,1425.4643688335773,-190.76711229910075,8.719362219585491,29.504314349023637,0.0,0.0,0.0,0.0,0.0,0.0,0.0,-0.06971505404010991
1201.8658224876317,-280.8450097788952,988.1837787905856,140.0785594869069,-903.183224521792,25.467610060632637,1739.9139978058495,-3634.0632669961633,132.34642132557732,-251.51279853586288,-45.157257694695545,-34.72333254722017,11.434260561471412,-399.86987495985113,-1770.382338664137,100.0,1550.0902093485681,192.70516413668474,0.0,69.49300689437423,0.0,0.0,0.0,0.0,0.0,0.0,0.0,-1769.46766511651,3634.0632669961633,100.0,206.66551769238254,45.15725769466144,0.0,91.36523325331595,394.5395827424978,1770.3823386641286,297.3669400569108,866.2835874699829,-192.70516413668474,5.690798793742431,25.805544905644197,0.0,0.0,0.0,0.0,0.0,0.0,0.0,-0.08105851616218128
1212.8688807048873,-159.31574639409848,997.5064122142943,1000.1059365369429,1161.3675891615808,11.768322512827467,1752.7549842882413,-3654.7292081824808,114.88196771800393,-140.9853535847992,-37.495616445396536,-35.08902819701731,5.119170107250637,-503.42991630712896,-1673.6079755407586,100.0,-691.8348714284618,194.34128988697807,0.0,70.0840199222635,0.0,0.0,0.0,0.0,0.0,0.0,0.0,-1681.4623798738703,3654.7292081824808,100.0,1084.877860237757,37.49561644541018,0.0,90.39992421410665,500.8580071488575,1673.60797554075,299.44554905246764,-508.90416190524576,-194.34128988684847,2.6182273175064097,21.33087123632176,0.0,0.0,0.0,0.0,0.0,0.0,0.0,-0.0942476934556249
1478.783923589956,135.17910008195173,999.9181328213923,-1331.8780353853015,1104.943086299623,-2.1355651329679404,1668.2900963219206,-3671.549135227143,100.0,440.87564467718266,-29.775227913205526,0.0,17.64140621564291,-517.8354050234157,-1576.0915741650717,100.0,-693.6811194333586,195.672926104437,0.0,92.59503856683494,0.0,0.0,0.0,0.0,0.0,0.0,0.0,-1633.1875664247552,3671.549135227144,102.69757103123584,-2898.808106074861,29.77522791321917,35.18337358873502,85.89702472128386,576.7384490095118,1576.091574165072,299.9818069488608,-277.0795332396767,-195.672926104304,-0.4745914182001343,9.312536531164529,0.0,0.0,0.0,0.0,0.0,0.0,0.0,-0.10958290556334815
1542.9139132732614,105.70202937692831,995.3770112483738,782.8860394616447,-1395.2898283834663,-16.002324561457613,1681.2032179785483,-3684.4966950493067,100.0,360.67185655945195,-22.00818822809879,0.0,26.515702993530635,-728.1680149134835,-1477.985921026716,100.0,577.2702044596411,196.69798641157286,0.0,87.2586359806962,0.0,0.0,0.0,0.0,0.0,0.0,0.0,-1679.6550221878688,3684.496695049307,120.25624894068753,609.910184407579,22.00818822810561,35.00563913110291,84.64827415276663,630.8241758443502,1477.9859210267164,298.9715667598084,1153.2411434439916,-196.69798641170928,-3.563740046453745,16.398144339379073,0.0,0.0,0.0,0.0,0.0,0.0,0.0,-0.1274133376787588
1557.1669831913696,334.98281032801776,983.9619979079032,1976.8790077557549,139.39093772940083,-29.590872956104022,1637.1374783132023,-3693.551601705409,100.0,999.5520431152397,-14.206666612028584,0.0,26.82467896774499,-803.1719206476663,-1379.4447258416596,100.0,268.45719558645897,197.41486476777482,0.0,88.6623159794674,0.0,0.0,0.0,0.0,0.0,0.0,0.0,-1632.2746042345843,3693.5516017054088,137.6582813498158,-19.488946505725835,14.206666612028584,34.55719927924818,66.7677937792221,762.5953990901571,1379.4447258416599,296.4226408685569,968.5919164102756,-197.4148647677714,-6.62532958199705,15.624540860683172,0.0,0.0,0.0,0.0,0.0,0.0,0.0,-0.14814499154757946
1609.7730996054977,511.675459872945,965.8715503834844,-951.0334074579009,-1486.1468573259203,-42.664964383766915,1569.3357561607459,-3698.6996681727305,100.0,319.0216751492494,-6.3828863123785595,0.0,32.85714235264988,-830.5214792875511,-1280.622380723261,100.0,-870.6155270875337,197.82243798372747,0.0,90.6052217861861,0.0,0.0,0.0,0.0,0.0,0.0,0.0,-1558.828713823426,3698.69966817273,154.76909496811174,-288.2835172143757,6.382886312385381,33.84152190544583,64.8163888638728,810.9389286275081,1280.6223807232614,292.3547406132068,-355.02570963251515,-197.82243798359787,-9.635684159361801,12.256427216104957,0.0,0.0,0.0,0.0,0.0,0.0,0.0,-0.1722499301915014
1787.045817295867,551.494345988933,941.420183112655,-361.375123125963,-131.68829547724272,-54.997297087313655,1519.3523891654631,-3699.932828577295,100.0,520.7101351642859,1.4508945490138103,0.0,43.93286303312716,-905.3142356756827,-1181.6737182842455,100.0,-2112.092767288784,197.92006748309404,0.0,96.84208670344596,0.0,0.0,0.0,0.0,0.0,0.0,0.0,-1510.406220442659,3699.932828577295,171.45636855642897,62.06280674605068,-1.4508945490206315,32.86414148162066,65.1129720354358,910.8970164392015,1181.6737182842548,286.7993238551139,112.50968687773536,-197.92006748322365,-12.571524122974722,7.427783102753023,0.0,0.0,0.0,0.0,0.0,0.0,0.0,-0.2002770268574893
1853.657370831429,730.0490465309115,911.0329993447331,558.4417707323087,-2037.0378375320734,-66.37346527717284,1470.520793660991,-3697.2491508313033,100.0,422.52063665812557,9.28240218169094,0.0,39.73743214401458,-1031.931685724791,-1082.7537690484924,100.0,-1472.639038918248,197.7076003021648,0.0,87.61152665098015,0.0,0.0,0.0,0.0,0.0,0.0,0.0,-1554.7823985634514,3697.2491508313033,187.5910561927967,-742.6671664272419,-9.28240218169094,31.632616279966612,59.091499672950256,949.2916656608718,1082.7537690484837,279.79935170914905,-356.8227473957643,-197.7076003021648,-15.410146053180824,2.2967053964957316,0.0,0.0,0.0,0.0,0.0,0.0,0.0,-0.232864462948006
1829.293864405361,1014.9322081429309,875.2383004386598,-1692.8914788308748,-1741.516479178025,-76.59568671851616,1466.4251058371267,-3690.6528396602816,100.0,-459.5136472163608,17.09936635679469,0.0,41.120427348721044,-1128.387015588769,-984.0175185526034,100.0,-864.7198234346081,197.18536932972484,0.0,83.92234401954971,0.0,0.0,0.0,0.0,0.0,0.0,0.0,-1460.0712896050616,3690.6528396602816,203.04838520954533,171.34894447243937,-17.09936635678787,30.156469923753093,58.61811216439276,1093.3780192702925,984.0175185525949,271.40895631706456,-714.1372591659638,-197.18536932959182,-18.129598336242907,3.1814116658106175,0.0,0.0,0.0,0.0,0.0,0.0,0.0,-0.27075425951199406
1846.8434261089133,1076.368813054731,834.658400993237,485.8853334630203,1553.364959497419,-85.48624130682413,1335.951795925603,-3680.1542300152146,100.0,1291.1604067784072,24.88953963188351,0.0,49.264402228797074,-1126.5868422030678,-885.6196645182173,100.0,-321.7933615601612,196.354192785559,0.0,89.2188723195482,0.0,0.0,0.0,0.0,0.0,0.0,0.0,-1414.1241345285378,3680.154230015214,217.70882108452892,1542.9694535926706,-24.88953963189715,28.447117738941614,54.61021415186816,1106.4127589577947,885.6196645182176,261.6930222331519,-1478.934679009683,-196.3541927854277,-20.708850920439374,0.372863756184481,0.0,0.0,0.0,0.0,0.0,0.0,0.0,-0.31480917318095203
1895.999966978736,1211.0063236261578,789.9988094947558,1339.3146928752321,927.948810665124,-92.89056084940682,1392.3675145605325,-3665.7697708799765,100.0,839.0278915495219,32.64071653982228,0.0,57.956008317877995,-1180.2934243079073,-787.7143744750407,100.0,-739.749626411317,195.2153729377352,0.0,100.0,0.0,0.0,0.0,0.0,0.0,0.0,0.0,-1361.7744921238536,3665.769770879976,231.45899182477544,349.04406397194066,-32.6407165398291,26.517778477282548,54.89083197074354,1260.6557823883097,787.714374475041,250.72668465939785,1242.1207139260787,-195.2153729378665,-23.127957945427653,15.790833213467828,0.0,0.0,0.0,0.0,0.0,0.0,0.0,-0.3660323412732292
1885.4500871628545,1370.9954910226472,742.0359625837021,169.34957134621413,2204.0066054128365,-98.67991633669988,1343.2593946985808,-3647.521999499438,100.0,-263.4119123192215,40.34075271218171,0.0,63.99779128445938,-1321.7589021747153,-690.4550442146721,100.0,-1343.937680876743,193.77069406418968,0.0,89.01570137171728,0.0,0.0,0.0,0.0,0.0,0.0,0.0,-1222.4591179328042,3647.5219994994372,244.1925646940806,622.5739181819608,-40.34075271218171,24.383372093447946,46.93569353359546,1311.498322330231,690.4550442146724,238.59474841040551,599.3023746444408,-193.77069406418968,-25.368211987622686,4.580177742715255,0.0,0.0,0.0,0.0,0.0,0.0,0.0,-0.4255901233886546
1965.845756115546,1480.0972096962853,691.6037261884152,-50.27548744052751,1566.7346310940388,-102.75365598079247,1133.605467051929,-3625.439506068621,100.0,1492.5341984160661,47.977583906622385,0.0,58.71774658399197,-1355.920772623563,-593.994057453557,100.0,2070.1194177761818,192.02241965468033,0.0,84.42684537209125,0.0,0.0,0.0,0.0,0.0,0.0,0.0,-1192.6126303991093,3625.4395060686224,255.8110685046672,-399.4406185420155,-47.97758390660874,22.060404365812616,32.54031019885069,1400.5606446873594,593.9940574535573,225.39103210131944,-609.5539223702701,-192.02241965455073,-27.41228872813494,13.465686183876608,0.0,0.0,0.0,0.0,0.0,0.0,0.0,-0.49483865960020695
2000.0112415328506,1649.7371611124559,639.5788982124277,106.33300729817734,-373.6423198504315,-105.04095511407172,1114.8039916992739,-3599.5568889382203,100.0,-1205.8690508158827,55.539244908884484,0.0,66.82462680143664,-1459.2493262997345,-498.4825470815887,100.0,-927.3706803990353,189.97328886570472,0.0,84.89209743375474,0.0,0.0,0.0,0.0,0.0,0.0,0.0,-1094.6791899614973,3599.5568889382203,266.22465511398406,741.8906120442523,-55.53924490890495,19.566839254110278,36.8099354936709,1371.1493844337872,498.48254708159743,211.21764263028143,-118.52883941217556,-189.97328886557682,-29.244380925222515,1.3538484946824623,0.0,0.0,0.0,0.0,0.0,0.0,0.0,-0.5753547499769285
1961.189433250097,1799.0647044386476,586.8659648209886,-2243.5950022925385,790.9133582421748,-105.50204752310549,1063.0365026768295,-3569.91470040671,100.0,-362.5869151862736,63.013888279888306,0.0,68.97826126528194,-1454.5761013994534,-404.0701583706208,100.0,737.6728488248841,187.62651222937222,0.0,90.25275065189412,0.0,0.0,0.0,0.0,0.0,0.0,0.0,-1057.7886428839126,3569.91470040671,275.35279423780366,432.85498491630676,-63.013888279888306,16.921959980880104,20.76759764223816,1487.009532437482,404.0701583706126,196.18418556599852,-954.4666001641838,-187.62651222962631,-30.850320654774066,6.453298384987901,0.0,0.0,0.0,0.0,0.0,0.0,0.0,-0.6689717585696803
2030.4828248011731,1855.875797842288,534.381375348697,78.67342756257585,1508.8973434389254,-104.12891681006386,993.0772632553205,-3536.5593831838946,100.0,104.50819487014655,70.38980291742746,0.0,85.74149935763066,-1511.6895420634055,-310.9048145134909,100.0,-324.9405008951419,184.9857666220521,0.0,84.62357779056697,0.0,0.0,0.0,0.0,0.0,0.0,0.0,-966.6629818498473,3536.559383183895,283.12489620652644,-1163.3062722294653,-70.38980291743428,14.14621991030117,27.779669578484757,1497.3432719523298,310.90481451348285,180.40691754662083,-4.7666707325277,-184.9857666220521,-32.21768887342961,19.439171104839588,0.0,0.0,0.0,0.0,0.0,0.0,0.0,-0.7778213593991467
2031.1691138076371,1976.159115228486,483.0376092195686,2385.875013289605,-962.7482315079703,-100.94543576400355,797.5649289327766,-3499.5431976255477,100.0,-1405.495081128045,77.65543240563375,0.0,75.9785580659018,-1518.1606739801048,-219.13248486145528,100.0,715.3628287207323,182.0551895041683,0.0,83.43777992371946,0.0,0.0,0.0,0.0,0.0,0.0,0.0,-927.7514032755407,3499.5431976255477,289.48085784877696,-228.6335206486126,-77.65543240562693,11.26108437851201,14.096817978699505,1603.9574047718536,219.13248486144732,164.0078472446273,162.73210831412712,-182.0551895041683,-33.33591145772644,15.013490541894026,0.0,0.0,0.0,0.0,0.0,0.0,0.0,-0.9043820750088044
1948.5077632885746,2174.664909094253,433.72731188658923,312.7566723639575,161.31733684982237,-96.0069513157049,748.6806769114894,-3458.9241398530585,100.0,333.8569874572448,84.79939312059741,0.0,88.35448004719544,-1610.7644685729088,-128.89695622263844,100.0,1131.3574793585906,178.83937243735204,0.0,68.00190716615069,0.0,0.0,0.0,0.0,0.0,0.0,0.0,-806.7352575367464,3458.9241398530585,294.37152728088836,206.16610050242343,-84.79939312060424,8.288864697907457,9.024650826576831,1554.6832425824932,128.89695622264662,147.11379185010304,1070.7958883097774,-178.83937243759078,-34.19634097554166,18.63181345292334,0.0,0.0,0.0,0.0,0.0,0.0,0.0,0.0
1864.5752070118858,2369.3631293350763,387.30777559802243,1346.0665390161012,-142.18691272866408,-89.39932229532928,743.4174189413241,-3414.765850886408,100.0,1016.6343764741981,91.81049206657008,0.0,86.3142897163402,-1646.29547663748,-40.3396075801345,100.0,1030.7891140848517,175.34335389145667,0.0,82.4162760568761,0.0,0.0,0.0,0.0,0.0,0.0,0.0,-652.153052704082,3414.765850886408,297.75908400794356,-1178.8027886843201,-91.81049206657008,5.252545619567854,20.453257501771617,1610.5869838254766,40.33960758012677,129.8553963688169,211.60150524943788,-175.343353891692,-34.79232355865406,31.778028469017883,0.0,0.0,0.0,0.0,0.0,0.0,0.0,0.0
1975.8819535290631,2426.8993875386536,344.5860348026829,-945.5620068930818,2519.8803077248726,-81.23742671919103,678.1799930743181,-3367.1375169329012,100.0,-900.4701910300895,98.67774441247775,0.0,85.83747521348565,-1688.4181299925303,46.400811417381874,100.0,-464.95361992041126,171.5726113491587,0.0,68.89722454326774,0.0,0.0,0.0,0.0,0.0,0.0,0.0,-675.1321569892843,3367.1375169329017,299.6173313969945,-1946.5997214843742,-98.67774441247775,2.1756075875961756,9.781006615753661,1730.896403819901,-46.400811417373916,112.36612331907217,-544.8080053269621,-171.5726113491587,-35.1192503582012,26.797309821960983,0.0,0.0,0.0,0.0,0.0,0.0,0.0,0.0
1801.8378699540556,2458.6855402461715,306.30483532034793,-438.36007347739724,-378.09051831044144,-71.66316455904166,465.3186467241304,-3316.1137609877305,100.0,718.464892283734,105.39039070270746,0.0,87.72299326608793,-1736.4335994350727,131.1883978454639,105.21877935983504,1894.692428426082,167.5330527240328,35.174593185794194,60.64140390808933,0.0,0.0,0.0,0.0,0.0,0.0,0.0,-499.64199484591546,3316.1137609877305,299.9318992607067,569.0630660761417,-105.39039070270746,-0.9181548396600192,0.0,1704.7697090841216,-131.18839784545617,100.0,-584.12110940699,-167.53305272403622,0.0,45.19305666412687,0.0,0.0,0.0,0.0,0.0,0.0,0.0,0.0
1823.813974558212,2651.845382565193,273.1297212127261,-1008.0721350732335,-16.858485778739123,-60.84299071752042,391.4984290566317,-3261.7745259163976,100.0,-262.61096501818145,111.93791371518273,0.0,100.0,-1709.717743121843,213.89030843351657,122.76332420613922,1636.347225526315,163.23100710530866,34.95792406470251,57.75988131043378,0.0,0.0,0.0,0.0,0.0,0.0,0.0,-509.79610161258273,3261.7745259163976,298.7003549848016,271.73227502051617,-111.93791371518273,-4.00481699752703,10.647282961910488,1771.9449021505252,-213.89030843350884,100.0,1011.3426651557018,-163.23100710552353,0.0,37.23851658023774,0.0,0.0,0.0,0.0,0.0,0.0,0.0,0.0
1703.587796950681,2655.2466528605314,245.63746385817427,824.7010838682206,-2674.027167571785,-48.96502109847006,316.6685065367571,-3204.2049492020305,100.0,-762.548375665661,118.31005493887687,0.0,93.0678439435373,-1713.9586438434028,294.3769677006121,140.13183585302113,217.18705238233724,158.6732148406395,34.470918539162625,51.40342861111589,0.0,0.0,0.0,0.0,0.0,0.0,0.0,-374.1221380251583,3204.2049492020305,295.93222233993606,105.3049523212843,-118.31005493887687,-7.0605091291031385,6.906543262487202,1788.2164443543434,-294.37696770061916,100.0,-561.6142567124211,-158.6732148406395,0.0,47.36171204604328,0.0,0.0,0.0,0.0,0.0,0.0,0.0,0.0
1688.2625204087683,2798.5682172032803,224.30603439846493,438.00399076408553,-607.345492812376,-36.23576208766764,246.38450053210934,-3143.4952295538833,100.0,52.093992318052926,124.49683064734018,0.0,81.19284921400735,-1733.4087491789696,372.5222709714758,157.19000023252534,633.0110777502114,153.86681697575,33.717342717386174,49.71040118702986,0.0,0.0,0.0,0.0,0.0,0.0,0.0,-231.93855470357258,3143.4952295538833,291.648907832536,-909.3297638992553,-124.49683064734018,-10.061600974697171,2.661884905410729,1836.9809966432967,-372.5222709714826,100.0,-1296.4097660299467,-153.86681697554536,0.0,46.65547155972403,0.0,0.0,0.0,0.0,0.0,0.0,0.0,-0.05368359952302263
1543.557064386888,2886.134013052246,209.50629389324604,-1625.232525404416,305.2894909887118,-22.876520301934136,105.28390201878429,-3079.740485586079,100.0,219.3573724449658,130.48854754067634,0.0,91.92190433291844,-1804.589640254537,448.20378195435,173.8059032522793,1466.3612295226983,148.8193440659802,32.70302414730537,52.491693496750955,0.0,0.0,0.0,0.0,0.0,0.0,0.0,-121.0177373988252,3079.7404855860796,285.88353516413264,579.2493735473367,-130.48854754066952,-12.984884509218944,0.24028126983805453,1766.3554907913924,-448.20378195434296,100.0,-487.6392738565653,-148.81934406598702,0.0,59.098365335861814,0.0,0.0,0.0,0.0,0.0,0.0,0.0,-0.06241855477982408
1463.2111480492545,3008.0812530834446,201.49554565435488,-1153.1251189071156,973.0091454626972,-9.11955502670537,57.55119226637045,-3013.0406067878694,100.0,29.488407330438022,136.27581793214858,0.0,90.41288137852989,-1854.300742236509,521.3029245714608,189.85105091275625,-1200.9495471201228,143.53870437741648,31.43580675101873,47.586782200827834,0.0,0.0,0.0,0.0,0.0,0.0,0.0,-96.0826556235341,3013.0406067878694,278.68068907935526,223.08616243981305,-136.27581793214176,-15.80775341433224,6.5822402915926785,1776.15303354048,-521.302924571467,100.0,201.71835515492717,-143.53870437761088,0.0,58.03208239843186,0.0,0.0,0.0,0.0,0.0,0.0,0.0,-0.07257479035344933
1271.4487537881103,3008.9698368753175,200.41306185696766,1141.2674747090114,-401.0954157473998,4.795959765647808,-41.08586225226288,-2943.5000970191054,100.0,-1365.2660532466712,141.8495744579286,0.0,89.2393264251803,-1767.3710482611361,591.7051687413191,205.20136297627607,-419.08007947109354,138.03317149732266,29.92549016641547,37.631906317867795,0.0,0.0,0.0,0.0,0.0,0.0,0.0,27.16058235757039,2943.500097019106,270.0960705834617,467.3550209427276,-141.8495744579218,-18.508377897520063,7.73416546317213,1759.8775118983995,-591.7051687413252,100.0,67.53564386255334,-138.03317149731924,0.0,60.70503295553202,0.0,0.0,0.0,0.0,0.0,0.0,0.0,-0.08438356532646984
1265.260217772919,3136.7573894347843,206.277662200387,-16.518386071913937,911.2460039252142,18.628093614211423,-135.99455456530634,-2871.2279107759086,100.0,-674.3742739933248,147.20108428220556,0.0,91.33624387088649,-1777.2679296793926,659.3002098218572,219.7381325035445,188.52789261506814,132.31137136937946,28.183753964389382,22.19734259621235,0.0,0.0,0.0,0.0,0.0,0.0,0.0,109.35768709851224,2871.227910775909,260.19606619565855,-245.069943371726,-147.2010842822192,-21.065873505992556,9.28311434528456,1882.5950998587998,-659.300209821851,100.0,1147.9085903475595,-132.31137136938287,0.0,62.756115021350666,0.0,0.0,0.0,0.0,0.0,0.0,0.0,-0.0981137673636859
1148.6503787542676,3178.132007292909,218.98738671508255,-547.6168554375636,41.078440132082505,32.13636569112765,-154.80282320387306,-2796.337282483234,100.0,422.10582377900636,152.32196278067022,0.0,83.59780194868718,-1858.058453428829,723.9821414332448,233.3489438374324,1652.1343598335113,126.38226878066234,26.224067328731167,32.30755263028029,0.0,0.0,0.0,0.0,0.0,0.0,0.0,180.19510049705795,2796.337282483234,249.0572345692796,1048.4108145171092,-152.32196278067022,-23.46046263043135,10.56381134658194,1733.9851299532045,-723.9821414332389,100.0,-313.61664202043244,-126.38226878066234,0.0,69.47123922984487,0.0,0.0,0.0,0.0,0.0,0.0,0.0,-0.1140780353265762
1059.3255273277834,3312.427765723543,238.32126840443294,-864.3142232191713,-920.5616499069583,45.08592572037401,-302.3940712813557,-2718.9455490817763,100.0,-1143.210246693283,157.2041866769382,0.0,85.02910951623609,-1789.8154131258348,785.6496213895971,245.9285419350396,1100.413711640963,120.2551533148528,24.061584896134747,19.548375905708447,0.0,0.0,0.0,0.0,0.0,0.0,0.0,345.11123714957074,2718.9455490817763,236.7657144488827,-342.79380011580133,-157.20418667693139,-25.673627448884986,11.528531257382022,1755.888708045741,-785.6496213896025,100.0,-610.420754314531,-120.25515331501651,0.0,81.61852117654128,0.0,0.0,0.0,0.0,0.0,0.0,0.0,-0.1326398781093821
992.5129825277394,3312.367541876895,263.94317490263137,685.7774279586874,43.097577942185126,57.25163700565162,-452.6442269323804,-2639.1739661870565,100.0,712.2027374401066,161.84010661272396,0.0,84.66339998761055,-1728.9436935740155,844.2060304796594,257.37964632535704,-392.333851439505,113.93962479773677,21.713029562465636,17.719159395082904,0.0,0.0,0.0,0.0,0.0,0.0,0.0,420.7780930874019,2639.173966187057,223.41655854262723,472.73827365353185,-161.84010661273078,-27.688253128632283,19.17497819623579,1751.0248119305152,-844.2060304796644,100.0,-814.810698269373,-113.9396247975867,0.0,84.72587894145765,0.0,0.0,0.0,0.0,0.0,0.0,0.0,-0.1542219517938446
904.7335715093694,3306.9154277576667,295.40765235896487,-1341.5455758754188,779.8695038736582,68.42199058154137,-553.7492137122956,-2557.1475181089163,100.0,-829.0440048500437,166.2224591342965,0.0,80.11619946377164,-1777.0617805669203,899.5596238475341,267.6137033980026,-864.9336778414602,107.44557825639504,19.196563161512188,17.140257565929016,0.0,0.0,0.0,0.0,0.0,0.0,0.0,495.8321136035589,2557.1475181089163,209.11299846125732,-251.5929187303226,-166.22245913430334,-29.488760178790585,22.232873144903625,1775.7058850658561,-899.5596238475391,100.0,-134.47737061521138,-107.44557825639504,0.0,84.212378068204,0.0,0.0,0.0,0.0,0.0,0.0,0.0,-0.17931568359471053
721.0852877933049,3439.9487568092704,332.1676699486679,-594.3841559753741,1123.7026333308359,78.40278243678455,-610.6015508279892,-2472.9947220289023,100.0,-1015.753833616489,170.34437807039467,0.0,78.15526549086786,-1710.9676155778905,951.6236747364878,276.55157120546215,-1150.5260766885988,100.78318841575538,16.53164601579391,10.510138409383414,0.0,0.0,0.0,0.0,0.0,0.0,0.0,570.4524471616139,2472.9947220289027,193.9656464080494,693.5453274044937,-170.3443780704083,-31.06122492922964,20.197186008037626,1708.714065086886,-951.6236747364919,100.0,-472.0460871189084,-100.7831884158918,0.0,81.8182004736741,0.0,0.0,0.0,0.0,0.0,0.0,0.0,-0.20849246173476124
637.5763955661564,3465.5047777856166,373.5841303669165,1715.9213122270387,788.2118837497524,87.02048988051587,-569.8319090476074,-2386.8474266424664,100.0,-893.9906690545752,174.19940529212,0.0,72.60568040108673,-1689.4718345286462,1000.3166103704584,284.1241314831155,652.3291995070667,93.96289375766628,13.738886446304832,11.993505934504672,0.0,0.0,0.0,0.0,0.0,0.0,0.0,674.3773827305725,2386.847426642467,178.09163979318504,-142.46238623786667,-174.19940529210635,-32.39348720516659,32.77108495424752,1696.8856181468798,-1000.3166103704625,100.0,426.8786693853406,-93.96289375778224,0.0,89.50433085000739,0.0,0.0,0.0,0.0,0.0,0.0,0.0,-0.2424166460445802
520.36072222342,3357.975286958643,418.936980959636,140.3468807936065,2511.899836804721,94.12528834888064,-831.426281682517,-2298.8406055814194,100.0,-388.9511312968193,177.78150083008086,0.0,55.401858690620855,-1595.0437308892342,1045.562139760436,290.27282415417244,410.25667334145055,86.9953801653196,10.839881404247933,0.21907642956453266,0.0,0.0,0.0,0.0,0.0,0.0,0.0,788.7413019309477,2298.84060558142,161.61373538745636,813.528149647363,-177.78150083008086,-33.47524436412172,33.102788808503675,1614.5963631871434,-1045.5621397604318,100.0,1092.1218981090192,-86.99538016531278,0.0,88.05915907216135,0.0,0.0,0.0,0.0,0.0,0.0,0.0,-0.2818606955404635
239.09642322870812,3413.589280914881,467.4377323168509,-829.2170733910922,-1124.8597356346158,99.59365620462194,-904.1342487795472,-2209.1121459402707,100.0,762.5659509225954,181.08505233788037,0.0,59.38847538136833,-1611.597825290719,1087.2893732354528,294.95010018610526,611.7057720367029,79.89156418101629,7.857049457652181,3.186195280582824,0.0,0.0,0.0,0.0,0.0,0.0,0.0,857.7594838365759,2209.112145940271,144.65936002035284,-1826.4553335925148,-181.0850523378872,-34.29813096825711,35.094492190908234,1570.7829551251882,-1087.2893732354491,100.0,-282.0204768035353,-79.89156418100947,0.0,94.11305503877313,0.0,0.0,0.0,0.0,0.0,0.0,0.0,-0.3277227574378037
272.32787765141654,3482.9193843204853,518.2431666844033,-715.2808072577036,-821.2440576980475,103.33052224319204,-874.0970488179154,-2117.802632237898,100.0,132.00999979056462,184.10488388606154,0.0,61.24225851023917,-1511.628156787692,1125.4329335109182,298.1197892965319,-1098.0047681123688,72.66257590291616,4.813457424293119,7.73994547280052,0.0,0.0,0.0,0.0,0.0,0.0,0.0,901.9087413940267,2117.8026322378983,127.35962516369429,-52.78703138606488,-184.10488388606836,-34.85578347596295,40.672090122379146,1544.5609743075747,-1125.4329335109146,100.0,-252.82283213525943,-72.66257590301166,0.0,95.50151681337783,0.0,0.0,0.0,0.0,0.0,0.0,0.0,-0.38104711810454966
17.02377598989778,3516.677018459086,570.4699978642932,-708.2702242278378,489.01817810236025,105.2709185680078,-990.4868610476849,-2025.0551261528835,100.0,-1409.321045210433,186.83626407043562,0.0,55.35429911531324,-1509.7128865028678,1159.9330581202598,299.7573796650247,-627.830266909358,65.31974154617046,1.732641991434889,7.123769065904743,0.0,0.0,0.0,0.0,0.0,0.0,0.0,1003.8657141636752,2025.055126152884,109.84831302118303,967.4083665022977,-186.83626407043903,-35.143889452154156,47.35426886812351,1475.6427022049015,-1159.9330581202626,100.0,1452.8755053729094,-65.31974154608861,0.0,93.88139610104498,0.0,0.0,0.0,0.0,0.0,0.0,0.0,-0.4430479816261725
-74.36171186602303,3463.8310514785553,623.210227731514,-1374.1831558080507,563.2337477220904,105.38111010120588,-1073.203623397179,-1931.0149423776902,107.7391580353061,-1857.778106674192,189.2749134269934,35.16022091758536,49.77848803992143,-1478.624517799995,1190.7356930494293,299.8502074877696,995.6583443547709,57.874565697386515,-1.3615722978622102,9.548839865731932,0.0,0.0,0.0,0.0,0.0,0.0,0.0,1115.7501128056654,1931.0149423776904,100.0,-1246.2658506373702,-189.27491342699,0.0,49.45636508626212,1379.488536164511,-1190.735693049432,100.0,1063.2985177653973,-57.87456569731148,0.0,92.70041155423196,0.0,0.0,0.0,0.0,0.0,0.0,0.0,-0.5151371174238033
-203.36511643336027,3483.8277279867684,675.5469323840977,212.94527325760654,-382.7842057690509,103.65918108993412,-1233.5508866091025,-1835.82942094294,125.2667806822444,-1194.3181517827645,191.41701113500972,34.90465157784698,51.978437817174495,-1349.36674233106,1217.7925774274681,298.3975549092159,-727.5875577285717,50.33871328949772,-4.4452572846034855,0.0,0.0,0.0,0.0,0.0,0.0,0.0,0.0,1147.932067270896,1835.8294209429403,100.0,-6.7807297337969885,-191.41701113501313,0.0,54.649123879556406,1303.3492086683284,-1217.7925774274704,100.0,-806.6333116049907,-50.33871328949772,0.0,97.84273042785044,0.0,0.0,0.0,0.0,0.0,0.0,0.0,-0.598956006466161
-280.1145994817234,3387.393293435354,726.5702034737902,8.040910601505686,-40.70519458025274,100.13506841271067,-1200.0796512979464,-1739.6476963683585,142.59901041546541,-455.5369384847677,193.2592010039309,34.379157800129434,35.408537708618496,-1350.4365640475442,1241.0613191405737,295.41065557339255,88.69580461662736,42.72399132538112,-7.494566234912838,9.053153574616351,0.0,0.0,0.0,0.0,0.0,0.0,0.0,1231.576010075863,1739.6476963683588,100.0,1254.0277971740136,-193.2592010039309,0.0,63.12525264876638,1252.7957262068917,-1241.061319140576,100.0,513.7416704815746,-42.72399132544251,0.0,89.74281319006859,0.0,0.0,0.0,0.0,0.0,0.0,0.0,-0.6964132180495735
-415.36185994339894,3461.8966189264934,775.3929675665853,-1998.92994837101,1578.7736094376305,94.8700411077624,-1326.408437539437,-1642.6204640021942,159.60181374208213,-1640.7674192006277,194.79859673288615,33.58780332978213,29.776150792608348,-1241.2684415720862,1260.505461251098,290.912607751961,-842.0783887184257,35.04233037915128,-10.485918251498276,3.7863690405379753,0.0,0.0,0.0,0.0,0.0,0.0,0.0,1312.0175003128443,1642.6204640021947,100.0,388.972998526732,-194.79859673288615,0.0,59.0933583599523,1253.2584524520717,-1260.5054612510994,100.0,-196.44740358657032,-35.0423303791581,0.0,82.88902758440891,0.0,0.0,0.0,0.0,0.0,0.0,0.0,-0.8097278682212584
-558.4458441357991,3391.7535148599095,821.1664085031873,1264.8514637811336,-52.307677339347265,87.95563516915024,-1387.2836735740766,-1544.8997439151678,176.1437046874788,-808.7851951871937,196.03278643112048,32.53670786426895,33.91300586354469,-1220.0882996277464,1276.0945391174496,284.9381957208028,-475.0060868355956,27.30576590309738,-13.396180629228525,12.511864639772845,0.0,0.0,0.0,0.0,0.0,0.0,0.0,1356.5160292419962,1544.899743915168,100.0,-412.01765592136326,-196.03278643112048,0.0,73.17650996159023,1124.6075814045894,-1276.0945391174482,100.0,-311.9423537199623,-27.30576590309738,0.0,87.44492533937155,0.0,0.0,0.0,0.0,0.0,0.0,0.0,-0.941480149401
-624.9363835821886,3442.606843706562,863.0947246313286,-653.8407107662522,-2100.996818832448,79.51206213359569,-1466.3095073967495,-1446.638642718832,192.09676160184893,7.025671834278455,196.9598363982891,31.23399972867105,24.89675647475099,-1039.7199754812327,1287.8041281254064,277.5336207664682,-431.622050292533,19.526419371286465,-16.202847744920916,16.347461814783973,0.0,0.0,0.0,0.0,0.0,0.0,0.0,1397.3104005344073,1446.6386427188322,100.0,-189.72523073733782,-196.9598363982891,0.0,81.54547177548201,1109.0939193138386,-1287.804128125406,100.0,333.78476342270346,-19.526419371293287,0.0,78.84395079240544,0.0,0.0,0.0,0.0,0.0,0.0,0.0,0.0
-810.2708343551794,3375.3384876552664,900.4489643456839,-1334.6853387615204,-1308.1963047752288,69.68611912270944,-1488.3193640609145,-1347.9911136816606,207.3376164031055,677.8189790881243,197.5782941534908,29.68975301756757,21.40005223893351,-1078.8088596598177,1295.6158819560474,268.7561439026731,-1370.3842620053717,11.716479287745187,-18.88421509761713,14.247063394243318,0.0,0.0,0.0,0.0,0.0,0.0,0.0,1536.7191761057647,1347.9911136816609,100.0,-591.9546940410271,-197.5782941534942,0.0,76.16100884133813,1043.5657071941716,-1295.6158819560478,100.0,-1303.682269889077,-11.716479287745187,0.0,79.36718982901101,0.0,0.0,0.0,0.0,0.0,0.0,0.0,0.0
-928.7588813942143,3347.2821336210645,932.5796993953819,-1471.226703038269,-225.52976936835876,58.648636677439185,-1586.1459640866672,-1249.111715518484,221.7484086061883,492.9441126341703,197.8871907109908,27.91590969011679,8.751239539699313,-821.1589373784246,1299.5175613303522,258.67364305977395,-785.9521121679387,3.888182089744987,-21.419547153684846,28.61459662126984,0.0,0.0,0.0,0.0,0.0,0.0,0.0,1650.1684696839604,1249.1117155184845,100.0,1697.2443252048583,-197.8871907109908,0.0,78.96438474284446,926.62983022623,-1299.5175613303527,100.0,-63.84740925303959,-3.8881820897313446,0.0,85.14022220513931,0.0,0.0,0.0,0.0,0.0,0.0,0.0,0.0
-1127.140018166042,3201.1323417711974,958.928315625177,-94.7614451737013,-44.825393671353595,46.59150875627461,-1493.4049867102365,-1150.1553702314557,235.21769676103688,91.04082197601429,197.88604209905202,25.926187220753576,11.56953870162441,-833.007136845527,1299.50305318542,247.3640881715766,1134.215676214223,-3.9462070239187597,-23.789237698834853,25.50934546483,0.0,0.0,0.0,0.0,0.0,0.0,0.0,1600.9113681087465,1150.1553702314561,100.0,12.029740555825583,-197.88604209905202,0.0,82.66496256407122,810.2633480870915,-1299.50305318542,100.0,-1460.6302465320357,3.9462070239187597,0.0,73.18905012449292,0.0,0.0,0.0,0.0,0.0,0.0,0.0,0.0
-1173.283280037154,3217.776929315867,979.0367248533244,-2171.6681869997947,-1218.704103778698,33.724356530746036,-1554.6692654624874,-1051.277120381731,247.64132025093429,216.12850700268268,197.5748501167618,23.735972519032202,14.556048415694903,-659.0022389313281,1295.5723802522843,234.91493821871984,1213.742110574026,-11.774413309749434,-25.974961456592638,38.97535064926481,0.0,0.0,0.0,0.0,0.0,0.0,0.0,1635.9928741455965,1051.2771203817315,100.0,713.543545046241,-197.57485011676522,0.0,98.88304627756975,685.529903623487,-1295.5723802522834,100.0,-1440.4616820674328,11.774413309769898,0.0,75.49502061853896,0.0,0.0,0.0,0.0,0.0,0.0,0.0,0.0
-1266.0164310677524,3048.0883669247132,992.5553290386731,-326.00577390452827,-2053.588920614477,20.270883982819896,-1616.4105454316018,-952.6318861723031,258.92320478675305,-947.1034755491019,196.95410233320843,21.362202939939152,18.508976009364602,-699.0862781497481,1287.7317010202946,221.4224648914182,620.6197446704329,-19.584171711446743,-27.95981580143348,36.85764141403907,0.0,0.0,0.0,0.0,0.0,0.0,0.0,1684.6722207649286,952.6318861723034,100.0,819.3278635567219,-196.95410233321013,0.0,86.38103078765269,707.7733667977155,-1287.7317010202942,100.0,-35.11092618516159,19.584171711446743,0.0,79.92894747007185,0.0,0.0,0.0,0.0,0.0,0.0,0.0,0.0
-1434.696433350309,3081.2993337706494,999.2490982746431,-1454.103900924797,-1550.3382919292335,6.464988662258975,-1638.8447290668257,-854.3742227225442,268.9761053680533,679.2504027922337,196.0247713216927,18.823235303809156,15.750819278779767,-607.9341140283848,1275.9933000881388,206.9910081018236,34.84461899131418,-27.363246076367886,-29.728451469839996,39.191574303056164,0.0,0.0,0.0,0.0,0.0,0.0,0.0,1696.6051244218345,854.3742227225446,100.0,544.5194852918553,-196.0247713216927,0.0,94.27390597547945,561.3165607484184,-1275.9933000881397,100.0,321.2499207508273,27.36324607632696,0.0,59.696344131562,0.0,0.0,0.0,0.0,0.0,0.0,0.0,0.0
-1463.3751349739769,2995.29910327643,999.001656940156,61.6459736413276,-2022.1128867972516,-7.453304777250196,-1760.1175313103304,-756.65807791471,277.7222809655933,26.314021121047517,194.78831313673766,16.138703939633672,5.104087451278852,-495.9600798832271,1260.3755689166069,191.73216910324675,435.0109258769754,-35.09944832683232,-31.267191259282612,39.985297585808176,0.0,0.0,0.0,0.0,0.0,0.0,0.0,1785.3283353676695,756.6580779147104,100.0,-94.2337902213751,-194.78831313673766,0.0,83.47628715275845,553.9346065077193,-1260.3755689166082,100.0,-2140.1281264826584,35.09944832683914,0.0,57.533755740600796,0.0,0.0,0.0,0.0,0.0,0.0,0.0,0.0
-1628.3966758474387,2890.7250075448765,991.8173069670471,-153.911404525428,-404.4803476912034,-21.242017566165714,-1684.5813801590377,-659.6365511919357,285.09409570777495,1442.382405148736,193.24666503342712,13.329368848952186,4.430615668402423,-362.4793399331957,1240.902977013271,175.7639474560361,-160.05880015288056,-42.78065755644775,-32.56413579669811,45.41420380155859,0.0,0.0,0.0,0.0,0.0,0.0,0.0,1743.8990075567474,659.6365511919361,100.0,-658.9389790477298,-193.24666503342883,0.0,98.88619653502064,361.51734710498556,-1240.9029770132734,100.0,567.1753459368583,42.78065755644775,0.0,46.26652530790337,0.0,0.0,0.0,0.0,0.0,0.0,0.0,0.0
-1540.0212535241246,2768.450522084939,977.8209530481295,995.4799963596406,1322.4896369353837,-34.66142378052041,-1798.7693043364025,-563.4616536854687,291.0345419219551,-1437.7471349422967,191.40224243084333,10.416955164659498,3.74636674382766,-336.5961798636403,1217.6060335942184,159.20982851409673,308.6964617290482,-50.39483902046868,-33.60925555844972,50.78596690508953,0.0,0.0,0.0,0.0,0.0,0.0,0.0,1740.9788928093103,563.461653685469,100.0,209.41726892073916,-191.40224243084162,0.0,90.93732491478093,299.3029922821925,-1217.6060335942161,100.0,242.13935622270895,50.39483902040729,0.0,46.1817056234042,0.0,0.0,0.0,0.0,0.0,0.0,0.0,0.0
-1661.1510324788976,2739.2484491494306,957.255931086198,-835.4193704197053,1809.2382904621104,-47.47821813638723,-1732.8034210792835,-468.28407004704434,295.49768098583155,218.50577686003817,189.25793512894018,7.423985146459984,11.780224383421597,-216.62398314887213,1190.5212397828823,142.1978284887031,1.8967442717864458,-57.93006299179751,-34.39446843087367,44.77641671205307,0.0,0.0,0.0,0.0,0.0,0.0,0.0,1777.1626285783998,468.2840700470447,100.0,-266.71148431050483,-189.25793512894188,0.0,92.85202099625107,226.3642649499156,-1190.5212397828795,100.0,141.07779336303722,57.93006299179751,0.0,42.940178612818826,0.0,0.0,0.0,0.0,0.0,0.0,0.0,0.0
-1729.4165731594614,2575.91121375381,930.4797776378597,-802.488847576019,-422.5240520120269,-59.46957215683483,-1775.0250176499226,-374.2529223596374,298.4489985797129,1073.6299297770643,186.8171027794608,4.373604011760506,19.3790027600189,-112.56815560721068,1159.6910314209376,124.85950447432705,-499.33729318831746,-65.37452345211705,-34.913702210529536,54.49529571618995,0.0,0.0,0.0,0.0,0.0,0.0,0.0,1852.4175800764483,374.25292235963775,100.0,656.8461361091022,-186.81710277946422,0.0,100.0,111.13532974963474,-1159.6910314209345,100.0,-2623.8572145896906,65.37452345211705,0.0,37.45858389661491,0.0,0.0,0.0,0.0,0.0,0.0,0.0,0.050036622866325604
-1802.3666454729735,2552.8356917396072,897.9580139031709,-113.47501122722178,-85.91891128687621,-70.42700819304855,-1743.9804026234513,-281.51553649632444,299.86567159244703,395.962792657175,184.08356962327161,1.289400949285664,2.632345071589109,-30.601391545370753,1125.1637125807665,107.3289370921091,442.8264809179112,-72.71655658925965,-35.16294156192984,65.87782965107837,0.0,0.0,0.0,0.0,0.0,0.0,0.0,1813.9206090545756,281.5155364963248,100.0,478.75806821709716,-184.08356962327161,0.0,84.60918532642754,40.52040910987908,-1125.1637125807633,100.0,-125.32516931016585,72.71655658935515,0.0,27.69085596695922,0.0,0.0,0.0,0.0,0.0,0.0,0.0,0.05817817197670824
-1933.9912582275672,2426.481028747789,860.256052330606,-214.5750633308387,-532.1160652172921,-80.16002394677514,-1818.7777257245443,-190.21721129345826,299.73674461696294,170.3740881964029,181.06161849871512,-1.8047733007153965,13.395746267758325,51.89634025338908,1086.9933798837355,100.0,828.9861155865914,-79.9446590723278,0.0,66.28519125511505,0.0,0.0,0.0,0.0,0.0,0.0,0.0,1770.2634501525722,190.2172112934585,100.0,581.8763675679838,-181.06161849871512,0.0,94.4786422185402,-70.63002967395995,-1086.9933798837392,110.25830638156833,-680.5751234551143,79.94465907221183,35.14025906891192,30.616546620945254,0.0,0.0,0.0,0.0,0.0,0.0,0.0,0.0676444472200646
-1889.0786087857464,2283.148071752011,818.0293665463389,94.8931851477721,2817.2679595362,-88.49940447880101,-1853.9510942627198,-100.50099089970854,298.0632146705581,476.14387583466396,177.75598412965337,-4.884990888872949,10.932064005834349,108.06653237804579,1045.2398377428344,100.0,146.74785076901927,-87.04750607342021,0.0,83.77509481772145,0.0,0.0,0.0,0.0,0.0,0.0,0.0,1792.306127940144,100.50099089970877,100.0,-454.64897627854384,-177.75598412965337,0.0,85.30424263826608,-216.71283592829684,-1045.2398377428385,127.76622038312715,341.055241324391,87.04750607342021,34.84583013950669,20.094069498832155,0.0,0.0,0.0,0.0,0.0,0.0,0.0,0.07865099717364833
-1925.3179809915612,2176.406346936639,772.0120955102008,89.39721027695214,199.41826793600512,-95.3001641236142,-1797.8300999065566,-12.507440657778261,294.8580234847708,641.8310279670197,174.17184570965787,-7.927431895393795,15.404960476951443,323.0426646416831,999.9685046624759,100.0,1131.0991867560685,-94.01396901309226,0.0,85.91889283284925,0.0,0.0,0.0,0.0,0.0,0.0,0.0,1776.4060158246282,12.507440657778488,100.0,-107.56538590686773,-174.17184570965446,0.0,78.30187334628096,-176.34860408226893,-999.9685046624804,145.059412819171,-1186.3074852668597,94.01396901309226,34.28193164979362,22.43056402021011,0.0,0.0,0.0,0.0,0.0,0.0,0.0,0.09144844271229938
-1930.912122465301,1996.728670455706,723.004280022592,-481.1826420719683,-968.4427590918347,-100.44406716072615,-1804.1198423781898,73.62557313021898,290.14595742446096,-385.4489772612055,170.31481878552654,-10.908568534101448,19.37628141046141,354.3606210508643,951.2503107422745,100.0,103.47485597633096,-100.83313299485098,0.0,81.74492578998152,0.0,0.0,0.0,0.0,0.0,0.0,0.0,1763.1237831328692,-73.62557313021875,100.0,-1507.6272320937733,-170.31481878552654,0.0,82.78874511085525,-358.1828488066826,-951.2503107422699,162.00415207980052,-395.1143364459807,100.83313299485098,33.45292433605806,15.161934817399736,0.0,0.0,0.0,0.0,0.0,0.0,0.0,0.10632818368521114
-1971.1683411787365,1971.6921546194496,671.8579534841224,3170.8835217871765,-444.8634732721018,-103.84168342162468,-1812.205016637237,157.7630992085799,283.96345581004374,-1090.9912417290968,166.19094645960217,-13.805347097381002,28.20644832900091,461.4706137603997,899.1615865453336,100.0,-258.3799806522336,-107.49431390695918,0.0,81.1986172003268,0.0,0.0,0.0,0.0,0.0,0.0,0.0,1778.351534494778,-157.7630992085799,100.0,-581.4880864703025,-166.19094645960217,0.0,82.19519502311873,-458.60100207783285,-899.1615865453291,178.46940121108372,-908.5281021023479,107.49431390681593,32.36521907258691,14.328944601665166,0.0,0.0,0.0,0.0,0.0,0.0,0.0,0.12362903413636196
-1939.311130874708,1823.6012809638703,619.4623287294548,123.28135473062844,-290.0624462943824,-105.43394309265068,-1737.3351259036278,239.77331280653948,276.35832912516287,-409.754403719993,161.80668992200253,-16.59536623500486,28.31473501757791,487.4743742248047,843.7839435053045,100.0,-180.0917654863082,-113.98707516201284,0.0,98.61928582038952,0.0,0.0,0.0,0.0,0.0,0.0,0.0,1728.273346040408,-239.77331280653925,100.0,-1208.2720336908835,-161.8066899219957,0.0,74.94996943572981,-629.8989566622516,-843.7839435052995,194.32783124921662,1087.4078760749535,113.98707516200943,31.027227295124362,3.513087828240119,0.0,0.0,0.0,0.0,0.0,0.0,0.0,0.1437449371536248
-1928.3051561473724,1687.9505371763976,566.728338471928,1315.492709118156,261.7443487776336,-105.19316368232978,-1677.7113469426583,319.5277221783656,267.3893892889469,261.1861221316815,157.16891832614692,-19.25705018801608,24.27780951008111,603.229057944237,785.2041460594016,100.0,1235.0447332749623,-120.30124404850767,0.0,86.56355314172657,0.0,0.0,0.0,0.0,0.0,0.0,0.0,1638.150547296438,-319.52772217836537,100.0,394.3350495693426,-157.16891832615033,0.0,68.26703689386441,-714.7798953488295,-785.2041460593964,209.45680588009733,562.01426093571,120.30124404867479,29.44929595341648,0.0,0.0,0.0,0.0,0.0,0.0,0.0,0.0,0.1671339350148836
-1966.3475091060618,1600.9991953992335,514.5727981337459,-68.34059334013773,1224.5020426534404,-103.12353130073348,-1663.8267504803343,396.901369921311,257.12599485204083,236.91430516804303,152.28489802811282,-21.769815638406556,30.065005404815977,739.3449105851328,723.5139757078582,100.0,431.9300194070513,-126.42692767027484,0.0,85.2070907127337,0.0,0.0,0.0,0.0,0.0,0.0,0.0,1693.023995560614,-396.9013699213108,100.0,-336.61425122030664,-152.28489802811282,0.0,52.1350711118784,-689.5755030292761,-723.513975707853,223.73932980971074,-2133.1675150838264,126.4269276701043,27.643627496531735,2.8490400940940557,0.0,0.0,0.0,0.0,0.0,0.0,0.0,0.19432859888279502
-1999.8167057843193,1433.1385974116793,463.90246640132443,-1638.0378942716266,-489.60739156732643,-99.26102788034598,-1694.1097887650164,471.7730287560346,245.6475146334847,32.669460541508215,147.16228119977472,-24.114230883738657,35.75724071993176,736.6216569943803,658.8100872127479,100.0,262.5119820556131,-132.35452844409338,0.0,91.55478252333086,0.0,0.0,0.0,0.0,0.0,0.0,0.0,1590.3825999249545,-471.77302875603414,100.0,548.7638182760668,-147.16228119977472,0.0,57.21196863094095,-852.1429827593574,-658.8100872127541,237.06495351142385,-989.7094571539986,132.3545284439126,25.624185508674344,6.897454929996978,0.0,0.0,0.0,0.0,0.0,0.0,0.0,0.22594815553398728
-1974.6945594841677,1275.044513929711,415.59828062366824,-167.6711850736865,859.2092469087538,-93.67280560687163,-1583.6616050932644,544.0253914627842,233.0427139462452,-48.021588529607016,141.80909384131496,-26.272166106383565,45.37130539722228,912.0226647959817,591.1938571614942,100.0,5.7904985206363335,-138.07475913941857,0.0,93.44452668798553,0.0,0.0,0.0,0.0,0.0,0.0,0.0,1637.4095235216355,-544.0253914627842,100.0,-350.7993451757943,-141.80909384131496,0.0,60.70484203510465,-886.3332659901927,-591.1938571615005,249.3306273535925,304.40443184008984,138.07475913941857,23.406586726268017,17.1615927615913,0.0,0.0,0.0,0.0,0.0,0.0,0.0,0.2627125872502283
-1822.692852985228,1203.7134448429595,370.5000411318746,176.18401435905298,519.7559968895109,-86.4560194338327,-1555.4514650734754,613.5452546756483,219.40906815784723,-436.83099484071136,136.23372320566432,-28.226933574933355,51.223368022355864,896.0912143749254,520.7712251323383,100.0,602.082127860811,-143.57865742869535,0.0,92.82334029333455,0.0,0.0,0.0,0.0,0.0,0.0,0.0,1477.003089313579,-613.5452546756483,100.0,-55.639656736275356,-136.23372320566773,0.0,47.55806474750937,-947.7566072811447,-520.7712251323321,260.44149850233424,-152.55622419143833,143.57865742869535,21.00798027068521,0.0,0.0,0.0,0.0,0.0,0.0,0.0,0.0,0.3054590259283046
-1843.1045464503864,1053.3304993629724,329.3918107529314,1587.5341155879198,-613.5044093131438,-77.73613797865039,-1429.4339019754125,680.2236962470756,204.85200889445048,344.75165060836616,130.44490465710965,-29.96341669349917,58.53153774799115,1095.610739641251,447.65252771055975,100.0,1109.2466200610897,-148.85759992851945,0.0,94.13908486349645,0.0,0.0,0.0,0.0,0.0,0.0,0.0,1485.4031314766191,-680.2236962470754,100.0,660.496205875653,-130.44490465710965,0.0,44.9568389728754,-1070.2063523265415,-447.65252771055293,270.3116444368911,-37.582551335205494,148.85759992831822,18.446915030634443,9.32665347712299,0.0,0.0,0.0,0.0,0.0,0.0,0.0,0.355160814705073
-1852.3801667844916,804.6352349778181,292.98828335709413,-1130.6125668029165,-1022.8472981927723,-67.66476216834178,-1350.4788552281138,743.9562459045915,189.48410871765068,-480.7305365645493,124.451707985736,-31.46818690152756,52.000233421542106,1038.6898795820764,371.9523256156715,100.0,173.41042102548045,-153.90331571131924,0.0,92.43345002111366,0.0,0.0,0.0,0.0,0.0,0.0,0.0,1418.1855374266027,-743.9562459045912,100.0,117.87824378325695,-124.4517079857394,0.0,39.04609666378663,-1043.1640586938752,-371.9523256156783,278.8647374051342,860.7566345482212,153.90331571131583,15.743196220201412,16.609488098905985,0.0,0.0,0.0,0.0,0.0,0.0,0.0,0.41294967113388814
-1704.4926454044846,613.1248237667394,261.9223584305572,1274.4511110773124,-199.47769555385776,-56.4169895559499,-1330.3435466018404,804.6430489324534,173.42421057903232,232.58734199407627,118.26352319604894,-32.72960751918205,67.73235209334133,1177.805771489659,293.7892242102994,100.0,-154.54649936301962,-158.7078992636259,0.0,89.42646997968222,0.0,0.0,0.0,0.0,0.0,0.0,0.0,1358.2098229903945,-804.6430489324532,100.0,-558.3072483222816,-118.26352319605235,0.0,38.67150718586132,-1156.3262625401974,-293.78922421029233,286.03463468087295,-709.027589487855,158.70789926384077,12.917732221100096,8.833442232418724,0.0,0.0,0.0,0.0,0.0,0.0,0.0,0.4801414565714212
-1748.7067868339964,451.70477241811864,236.73413769781206,-1475.618378382428,1635.2565545526354,-44.18837013401571,-1351.447734906353,862.1890226218084,156.79650878457878,-723.6680954091196,111.89004579619223,-33.73792373631986,64.01346818418344,1233.4998525060182,213.2856876718597,100.0,-116.16350326735301,-163.26382287338447,0.0,87.99297823904597,0.0,0.0,0.0,0.0,0.0,0.0,0.0,1323.3487513743328,-862.1890226218084,100.0,773.9276607568104,-111.8900457961854,0.0,28.080218569200575,-1281.0680529329688,-213.28568767185243,291.7658900583814,-1025.6814269513598,163.26382287338447,9.992372894262473,7.944913087230602,0.0,0.0,0.0,0.0,0.0,0.0,0.0,0.5582661385478637
-1648.7691703417936,343.73043521051886,217.8615350946892,1602.4973443023816,-325.8075467640879,-31.19150656781926,-1285.1540309847055,916.5040052440663,139.72958857603453,675.6115693483127,105.34126160605183,-34.48533804814488,69.8690118823192,1349.6117649307585,130.56784711859586,100.0,551.4531663889693,-167.5639484222063,0.0,91.5692105175388,0.0,0.0,0.0,0.0,0.0,0.0,0.0,1256.4210184003462,-916.5040052440663,100.0,-952.9049442477253,-105.34126160605865,0.0,31.768982588269026,-1304.3668249151133,-130.5678471186036,296.0141826286532,640.1316599898598,167.56394842197778,6.989740610524677,7.543177178719251,0.0,0.0,0.0,0.0,0.0,0.0,0.0,0.6491026283684022
-1473.7350527946048,177.0784339028116,205.63266334391216,137.04430290683035,-2129.237511975649,-17.652357956908702,-1156.3281227027492,967.502897314303,122.35543175629005,970.1455768165704,98.62743111230884,-34.96607055481178,80.4192521649453,1357.8364865137262,45.765302990131204,100.0,335.21957095595894,-171.6015385702883,0.0,96.20949257464935,0.0,0.0,0.0,0.0,0.0,0.0,0.0,1154.26022743396,-967.502897314303,100.0,211.78548859753278,-98.62743111230202,0.0,29.157240965256257,-1410.537198872415,-45.765302990138935,298.7466595215875,-841.2873418398851,171.6015385702883,3.933055307471136,16.0470804141338,0.0,0.0,0.0,0.0,0.0,0.0,0.0,0.7547192872036326
-1383.6510016831885,11.778356892488418,200.2601294976423,284.41433967775424,-1668.7016208257069,-3.80631138639842,-1109.307611372197,1015.1057949231708,104.80839604852126,-124.25427858050853,91.75907339275,-35.17640365872779,94.13286408610665,1428.566168758627,-40.9890780075541,100.0,1056.1690472197984,-175.370267313491,0.0,91.21820480735626,0.0,0.0,0.0,0.0,0.0,0.0,0.0,1134.1347601899013,-1015.1057949231708,100.0,-1061.7382823873522,-91.75907339275682,0.0,19.192870433013418,-1396.6202564897953,40.98907800754614,299.94218996360064,-184.61341633131383,175.37026731349442,0.8459549251944054,11.560843350913611,0.0,0.0,0.0,0.0,0.0,0.0,0.0,0.8775210229989678
-1343.5928113484886,-59.486748259443004,201.8373386227534,-575.8022561550399,246.59035780278543,10.105910433969427,-1041.6132674156183,1059.238114928551,100.0,950.9001467703882,84.74694963463435,0.0,72.58640568069235,1527.661864944329,-129.55937107465093,100.0,1800.5948767283382,-178.86422989273228,0.0,81.59099607109945,0.0,0.0,0.0,0.0,0.0,0.0,0.0,1005.9144267764783,-1059.2381149285507,112.7758239181365,889.554270608599,-84.74694963463435,35.1147108131358,23.5544869675683,-1488.4380699201377,129.55937107465866,299.59152868599597,-809.052340109148,178.86422989249013,-2.247687390534452,14.611814221175417,0.0,0.0,0.0,0.0,0.0,0.0,0.0,0.0
-1214.8884195939459,-229.5334576879083,210.33686989175084,971.8293704886787,-972.4942287820637,23.842434293771078,-920.2739483261784,1099.830711810746,100.0,809.6093898016193,77.60204627478288,0.0,83.81364087499735,1566.9549447176848,-219.8068062815014,100.0,1318.4345055825804,-182.07795204653962,0.0,76.18581095657456,0.0,0.0,0.0,0.0,0.0,0.0,0.0,910.1859199209069,-1099.830711810746,130.26124596147253,372.67577439796526,-77.60204627478288,34.78146910083552,12.997912765835396,-1562.8882667359292,219.80680628149298,297.6973874204192,124.24193548913308,182.07795204629406,-5.323947903891053,32.02461264182768,0.0,0.0,0.0,0.0,0.0,0.0,0.0,0.0
-1099.5094176620912,-475.03698720366884,225.61095331205706,892.3253489688182,384.525795329846,37.16444160824665,-862.6604367192738,1136.8199860080726,100.0,-757.2298220127414,70.3355577859952,0.0,90.41583759939849,1590.2092629264173,-311.5899859900055,100.0,904.470014908751,-185.00639858782336,0.0,71.42642688062394,0.0,0.0,0.0,0.0,0.0,0.0,0.0,838.5699400202099,-1136.8199860080726,147.51265192275991,-1656.0424382123313,-70.3355577859952,34.17925554461689,16.46674275919058,-1566.9609771395646,311.5899859900136,294.2744139285119,-803.196737681867,185.00639858782165,-8.359037295909673,28.586824442485163,0.0,0.0,0.0,0.0,0.0,0.0,0.0,0.0
-925.0311816741041,-539.9456350124999,247.3940388054162,-1034.1056716972878,625.9307459669895,49.84032043784623,-752.3335014487234,1170.1479835632667,100.0,920.311863941397,62.95886913780805,0.0,88.43287055351794,1615.6222406938507,-404.765106392465,100.0,-771.985415109649,-187.64498129284505,0.0,72.2209199035972,0.0,0.0,0.0,0.0,0.0,0.0,0.0,723.7708480839939,-1170.1479835632667,164.39663333501431,296.2661937211135,-62.95886913781487,33.31272717854304,0.25295004824317324,-1592.8727629267505,404.7651063924732,289.3490787279296,-932.6361241863594,187.64498129284505,-11.329484631865796,36.7027313544874,0.0,0.0,0.0,0.0,0.0,0.0,0.0,0.0
-850.909709320156,-716.4733652780318,275.30741297225705,-2147.7235376525277,-798.0192790886827,61.64969221575518,-668.2742492905619,1199.7624869243914,100.0,1249.8988923217526,55.483537959050864,0.0,94.88359045285537,1636.1915985322091,-499.1861828199544,100.0,-716.034929153642,-189.9895660902223,0.0,57.13078206687979,0.0,0.0,0.0,0.0,0.0,0.0,0.0,758.5264009739413,-1199.7624869243914,180.7826230965248,-968.1071596204748,-55.483537959050864,32.18858503459458,3.6596025517082884,-1651.3202999799396,499.1861828199626,282.9594703906988,-867.6826776490236,189.9895660899682,-14.212318866625537,43.89779242002877,0.0,0.0,0.0,0.0,0.0,0.0,0.0,0.0
-744.3880236001488,-908.3553025320722,308.86578327550626,1406.339365776555,-703.1492885540143,72.38724317514766,-590.0209201256845,1225.617096758131,100.0,-463.360657560674,47.9212764292447,0.0,99.18585701570947,1716.044871525605,-594.7052784678762,100.0,-816.900586440596,-192.03647953682037,0.0,58.10472469487671,0.0,0.0,0.0,0.0,0.0,0.0,0.0,642.8920792040807,-1225.617096758131,196.54390517155792,498.83673950928994,-47.9212764292447,30.81552232187704,5.662089206165295,-1774.176263641188,594.7052784678673,275.15500099690394,541.0508236837848,192.03647953682037,-16.98524648410057,35.74430625980467,0.0,0.0,0.0,0.0,0.0,0.0,0.0,0.0
-716.957251908933,-1020.0625191719172,347.4857151734704,-216.80690741555793,-714.5071828781334,81.86629386583093,-532.5719085423246,1247.671304647221,100.0,-343.42182217183336,40.28393292860528,0.0,98.23753426761263,1723.858489106186,-691.1727361799807,100.0,464.38058068216037,-193.78251457549993,0.0,46.75986166543835,0.0,0.0,0.0,0.0,0.0,0.0,0.0,536.9186928533384,-1247.6713046472205,211.55859451004562,-745.4441608578918,-40.28393292860528,29.2041572005553,4.351072805121042,-1784.6033355878878,691.1727361799717,265.99602402149014,1895.473122914783,193.78251457576084,-19.62682389743634,42.65085636605249,0.0,0.0,0.0,0.0,0.0,0.0,0.0,0.0
-527.1596133460328,-1258.9665773501215,390.49577551656375,1303.898679831192,-2452.023340814633,89.9220446998973,-379.3959024905372,1265.890556558104,100.0,-552.8980249597703,32.58347347404424,0.0,97.47428974110127,1813.1489814738384,-788.4374129277917,100.0,1306.836637771222,-195.22493555862638,0.0,54.9922504071164,0.0,0.0,0.0,0.0,0.0,0.0,0.0,366.69468896833104,-1265.890556558104,225.7105796082977,-1396.1161370106063,-32.58347347404424,27.366950669523646,6.324127164354847,-1718.965269432101,788.4374129278002,255.55336760914494,-788.946405181324,195.22493555862638,-22.116623276353664,49.1108647297159,0.0,0.0,0.0,0.0,0.0,0.0,0.0,0.0
-502.0456971745046,-1268.0048379015122,437.14820585830006,1784.8642496291613,294.65734876997203,96.41444110203935,-311.7340561998446,1280.2463069794235,100.0,727.7962528593241,24.831962970984023,0.0,96.63912216700571,1780.474137385519,-886.3469166181696,100.0,-288.0133877266212,-196.36148253287956,0.0,46.678874497952,0.0,0.0,0.0,0.0,0.0,0.0,0.0,264.63621685388244,-1280.2463069794235,238.89042042177596,390.35327354149473,-24.831962970984023,25.31811020308311,1.4464980023481164,-1731.0759767980132,886.3469166181605,243.90778684651687,-1192.2195852674906,196.36148253261695,-24.435390519495428,66.83788079714842,0.0,0.0,0.0,0.0,0.0,0.0,0.0,0.0
-335.336008979762,-1417.6798183634844,486.63192273217715,118.37300251861905,-1518.1301266641003,101.23060845173313,-203.48565997925581,1290.7160636464682,100.0,-398.0603832916621,17.041546310631475,0.0,87.905492256251,1798.7309017074847,-984.7478448576163,100.0,631.2278838126713,-197.1903747824581,0.0,34.30665447843842,0.0,0.0,0.0,0.0,0.0,0.0,0.0,309.93938690865446,-1290.7160636464682,250.99619468616876,-602.3906424993696,-17.041546310631475,23.073479881814336,15.35148478468269,-1754.8820086270628,984.7478448576071,231.14933926747995,-189.67642403070727,197.1903747824581,-26.565194150266223,58.39896254171887,0.0,0.0,0.0,0.0,0.0,0.0,0.0,0.0
-251.95630454909127,-1580.6146508045001,538.0866188760974,-726.2209390728766,-438.057795203606,104.28681448272869,-173.47829573434413,1297.283422781557,100.0,-742.6152711552809,9.224429341372797,0.0,88.35036674891693,1841.5723514517435,-1083.4860252998299,100.0,-1115.765527391211,-197.71031361775385,0.0,35.58948071711818,0.0,0.0,0.0,0.0,0.0,0.0,0.0,50.641519019915066,-1297.283422781557,261.9342861020341,-504.07899465636063,-9.224429341372797,20.6504178670977,0.0,-1761.4763288521588,1083.4860252998383,217.37668842076138,-55.81691375623109,197.71031361775385,-28.489563984202846,68.1854057196116,0.0,0.0,0.0,0.0,0.0,0.0,0.0,0.0
-184.508130652082,-1636.3949737004496,590.61772024515,-454.2209265219717,-2985.1649431654437,105.5299250248197,-11.525857237338547,1299.9380947951013,100.0,1596.467212305969,1.392859745080841,0.0,100.0,1815.8828704584203,-1182.406757199429,100.0,-717.7072327353812,-197.92048441036627,0.0,24.638967708816423,0.0,0.0,0.0,0.0,0.0,0.0,0.0,54.103318759686076,-1299.9380947951013,271.62010828778625,633.6037316496407,-1.392859745080841,18.067662167354683,13.368156722712081,-1787.6361845273777,1182.4067571994374,202.69634088558706,85.95871718460558,197.92048441036968,-30.193618496331283,77.95321780279394,0.0,0.0,0.0,0.0,0.0,0.0,0.0,0.0
4.870498868346914,-1892.4197079783312,643.3119387751144,1428.438155621658,-198.07193390686507,104.93832777621947,68.26278694282608,1298.6759204070981,100.0,754.350285986785,-6.44089215232043,0.0,89.90697246027355,1826.5399870738315,-1281.355053793489,100.0,682.0793357188938,-197.82055786972933,0.0,23.722925806702154,0.0,0.0,0.0,0.0,0.0,0.0,0.0,-58.51284425658721,-1298.6759204070981,279.9787589025804,-260.608585337399,6.44089215232043,15.345185733148696,23.16622081493444,-1789.792963136998,1281.35505379348,187.2218226356627,98.66177883679256,197.8205578694633,-31.66417990273402,73.15501493066722,0.0,0.0,0.0,0.0,0.0,0.0,0.0,0.0
215.681260841624,-1977.374220184561,695.2531505016825,48.03547034103346,-465.59542313001884,102.52230804750582,180.46142968934504,1293.4988771637995,100.0,238.70898893878447,-14.264552605714016,0.0,80.64004711221234,1750.6090393335378,-1380.1758851313648,100.0,1721.724561113466,-197.41069055741718,0.0,18.05975983685079,0.0,0.0,0.0,0.0,0.0,0.0,0.0,-209.60524929974642,-1293.4988771638,286.9455988806456,883.5082092945916,14.264552605720837,12.504042002517792,27.607232114853595,-1787.0082044674655,1380.1758851313557,171.07280112079943,-94.67671674968983,197.41069055768662,-32.88987606688366,75.03447532752335,0.0,0.0,0.0,0.0,0.0,0.0,0.0,0.0
404.58823828591136,-2142.6292157908806,745.5383229836035,-1321.9117420482041,-314.40321791704037,98.32386994551598,254.352382939553,1284.4150763393372,100.0,-489.03162077487565,-22.06586368110493,0.0,81.94447780765067,1731.947578425473,-1478.7144209720873,100.0,-1286.7035935772856,-196.6915246458541,0.0,23.430756830780663,0.0,0.0,0.0,0.0,0.0,0.0,0.0,-259.21958049642757,-1284.4150763393377,292.466752297707,-1295.0784878564382,22.065863681098108,9.566202090826152,25.41740628264121,-1803.2777745956264,1478.7144209720782,154.3741598553321,-1853.150417256245,196.6915246458541,-33.861228442786455,85.59889475302992,0.0,0.0,0.0,0.0,0.0,0.0,0.0,0.0
505.9980837931923,-2186.9006920356533,793.2932151210803,1413.719039819449,1750.4111491141225,92.41600610307842,389.7228833848955,1271.438750227161,100.0,-466.14342133447536,-29.832602460874114,0.0,80.04820228446722,1808.844397964049,-1576.8162733688812,100.0,1488.5770175997698,-195.66418690683804,0.0,12.97758092570534,0.0,0.0,0.0,0.0,0.0,0.0,0.0,-286.4927392577406,-1271.438750227161,296.49952300395194,-592.1586335377242,29.832602460874114,6.5543848836796315,33.98106738574733,-1713.0260513247113,1576.816273368872,137.25503266968693,-486.06860859608105,195.66418690657542,-34.570725374112925,82.89462115519157,0.0,0.0,0.0,0.0,0.0,0.0,0.0,0.0
653.803760356174,-2406.5467288426607,837.6875764175525,-203.3931884114162,60.5525162646677,84.90142865449172,470.4177175886978,1254.5902298412038,100.0,18.737706419019275,-37.55260019462639,0.0,72.81321599316765,1777.084726342944,-1674.3277385607028,100.0,-657.0094009133459,-194.3302869501406,0.0,17.34732370679172,0.0,0.0,0.0,0.0,0.0,0.0,0.0,-441.5947475437784,-1254.5902298412038,299.0127248016397,-2074.690011568964,37.55260019461957,3.4918813474681087,36.95887491205433,-1784.88044011356,1674.3277385606937,119.84780509343025,2198.9793489868625,194.33028694988138,-35.01288018359695,96.5718327744963,0.0,0.0,0.0,0.0,0.0,0.0,0.0,0.0
697.5355333482299,-2518.0356753004085,877.9495814356349,1013.6327769780587,-1201.4524163014062,75.91078351647809,571.5214367279295,1233.8959130617122,100.0,472.96235016328353,-45.21376136469826,0.0,62.77932122554243,1620.146293063985,-1771.0960377917963,100.0,-180.7718694351786,-192.69191470001715,0.0,8.550660337473095,0.0,0.0,0.0,0.0,0.0,0.0,0.0,-512.8001059560604,-1233.8959130617122,299.98692261401135,1265.6093176947136,45.21376136470508,0.40237441579364486,35.591897780345775,-1756.715560500086,1771.0960377918045,102.2870905923112,-499.16295243025843,192.69191470001715,-35.18427360237432,91.52423400477575,0.0,0.0,0.0,0.0,0.0,0.0,0.0,0.0
838.654776408471,-2506.325108807485,913.3792484946555,-374.83923381333454,467.30324712098536,65.60037902204215,665.0417213695666,1209.3882232756373,100.0,-263.66065788227786,-52.80408263721256,0.0,60.928636284304275,1615.9845214199893,-1866.9695566820583,115.29131042377962,49.443379317356175,-190.75163712101585,35.0835802118435,4.946438944336926,0.0,0.0,0.0,0.0,0.0,0.0,0.0,-622.0797550622316,-1209.3882232756373,299.41458278050675,-709.6170260817064,52.80408263721256,-2.6902441552493883,39.42066839685775,-1659.5524008750003,1866.9695566820665,100.0,-428.9879349953924,190.75163712100903,0.0,85.39200314615447,0.0,0.0,0.0,0.0,0.0,0.0,0.0,0.0
1086.1179659762847,-2663.326427906501,943.3606093167589,-1600.8364495597475,1425.9043221825095,54.149468396921634,628.114675980326,1181.1055585764175,100.0,547.4186195793129,-60.31167166871455,0.0,66.58559232355695,1686.3285770732575,-1961.7980827729098,132.75146077169578,876.7949319908416,-188.51249419635224,34.711578693601126,9.269243430330121,0.0,0.0,0.0,0.0,0.0,0.0,0.0,-782.5717823465463,-1181.1055585764175,297.30013131602357,523.2885604819592,60.31167166871455,-5.762058546665401,43.74355518164425,-1602.6230669951533,1961.798082772918,100.0,1424.2636062336965,188.51249419609644,0.0,100.0,0.0,0.0,0.0,0.0,0.0,0.0,0.0,0.0
1064.2757740887869,-2719.6508837123697,967.37241804427,-1647.9046532751568,436.1763877488579,41.7571333225726,773.3051326745489,1149.0922316027095,100.0,1433.663833644634,-67.72476573853965,0.0,42.4207589921729,1601.9779711023573,-2055.4330408768474,149.95833772363645,-1348.8878603836906,-185.97799416346106,34.07114580742629,4.858745792664556,0.0,0.0,0.0,0.0,0.0,0.0,0.0,-749.1552520476546,-1149.0922316027095,293.6599196836846,-159.7446050711568,67.72476573854647,-8.789313822181839,43.95543529543523,-1608.8602056756188,2055.4330408768387,100.0,1016.7935385644989,185.97799416371345,0.0,100.0,0.0,0.0,0.0,0.0,0.0,0.0,0.0,0.0
1059.5104855266204,-2872.044796665775,984.9972134449072,-259.2212377082069,-2030.6336315399722,28.638822769628405,964.3145143170916,1113.3984001103418,100.0,-587.4963415849817,-75.03175017896638,0.0,50.69459476648056,1592.0295263786097,-2147.7277258616627,166.7788771640797,-599.4641068256431,-183.1521080208654,33.16723414505731,4.457634818805751,0.0,0.0,0.0,0.0,0.0,0.0,0.0,-917.7170365397376,-1113.3984001103418,288.5220983458032,891.2023272363325,75.03175017896638,-11.74859962985522,54.259287074570224,-1575.6560851332433,2147.727725861654,100.0,-353.3835357536361,183.15210802111096,0.0,96.89648638054919,0.0,0.0,0.0,0.0,0.0,0.0,0.0,0.0
1157.4886409284056,-2946.0959589858494,995.9285767523726,623.4815835033032,2384.547726595349,15.02260727413443,955.1348914251595,1074.0799883862942,100.0,-607.0108579956815,-82.22117657218632,0.0,48.434054566227104,1527.2347346904155,-2238.5375325047235,183.08300260037743,41.44850469690141,-180.0392633027377,32.00683383062852,3.4002365594883424,0.0,0.0,0.0,0.0,0.0,0.0,0.0,-993.2944360542245,-1074.0799883862946,281.92639907090347,-995.7206778283506,82.22117657218632,-14.617031238799143,65.63855018096672,-1507.0448920851766,2238.5375325047153,100.0,-2.5051048471846116,180.03926330272407,0.0,97.34023912911834,0.0,0.0,0.0,0.0,0.0,0.0,0.0,0.0
1438.2876696205021,-3042.4312497151614,999.976458960005,1456.3152818459469,-1800.7621520793941,1.1452137800955597,1018.4299782205418,1031.1985996277804,100.0,34.92207106458068,-89.2817806875496,0.0,37.05050477611878,1518.3857805659925,-2327.7201820571627,198.7446310695027,-1514.335065340125,-176.64433714318193,30.59891846468929,2.196822476447757,0.0,0.0,0.0,0.0,0.0,0.0,0.0,-1084.5179609930547,-1031.1985996277808,273.92382768024623,-1507.2103571912419,89.2817806875496,-17.372426511199137,60.72802784325588,-1493.2641249098965,2327.7201820571545,100.0,212.09602835751866,176.6443371429432,0.0,93.42489068909904,0.0,0.0,0.0,0.0,0.0,0.0,0.0,0.0
1512.271321878947,-3090.296240432333,997.0704849488868,-33.81526871594019,82.90753699558536,-12.752090015629278,1111.6099711882407,984.8214194237571,100.0,1172.1653972855745,-96.20250013063469,0.0,38.28496780962362,1421.6384487669848,-2415.135945162997,213.6426481620387,783.1773109843243,-172.97264863589817,28.95437572980569,10.066942200824352,0.0,0.0,0.0,0.0,0.0,0.0,0.0,-1169.251297284977,-984.8214194237571,264.5762696099259,-1088.6308389666476,96.20250013063469,-19.993477441254015,66.48989506851014,-1430.0452936642455,2415.1359451629887,100.0,1484.3077228887773,172.97264863589817,0.0,93.83082026216002,0.0,0.0,0.0,0.0,0.0,0.0,0.0,0.0
1535.5923308806273,-3128.559449883292,987.2611770060093,-808.1810154074003,-274.7010843363182,-26.42769026236067,1192.858769957706,935.0211104900663,100.0,-2505.723057270512,-102.97249167473637,0.0,21.789134641198473,1327.7076398792049,-2500.647860783907,227.66184462339234,700.9027470136266,-169.02995049930496,27.0859231937186,15.449973225361758,0.0,0.0,0.0,0.0,0.0,0.0,0.0,-1218.77165451895,-935.0211104900663,253.95601133880018,-1177.1524591884713,102.9724916747432,-22.459914933936744,73.34063948423429,-1390.9501088732306,2500.6478607839144,100.0,1309.9439099508402,169.02995049931178,0.0,94.0960728050062,0.0,0.0,0.0,0.0,0.0,0.0,0.0,0.0
1696.8612964709353,-3223.5058383482965,970.7190764607715,664.9218287933672,-1551.0733686792605,-39.643827572851364,1233.6310931401588,881.8756988231225,100.0,161.05120330503723,-109.58114825054281,0.0,34.17375299782771,1335.1335226911926,-2584.1219507867518,240.6938072892997,-25.720031435610053,-164.82242006379693,25.008009962210593,16.236596881402956,0.0,0.0,0.0,0.0,0.0,0.0,0.0,-1295.4524380572107,-881.875698823123,242.14518138312536,1034.937399366662,109.58114825054281,-24.75266554995514,64.67886798618619,-1267.7892338208571,2584.121950786759,100.0,-149.12567630764897,164.82242006357183,0.0,89.94040612650652,0.0,0.0,0.0,0.0,0.0,0.0,0.0,0.0
1775.3013524606595,-3214.952324326017,947.7317787107831,131.45400981894795,572.749087867212,-52.17073062787961,1251.3017032370165,825.4684514505798,100.0,1091.0135379717678,-116.01811556433631,0.0,21.36830476694432,1172.9745335856842,-2665.4274298573782,252.63775746583704,190.5459817460155,-160.35664959209953,22.736704941115136,5.78257768348076,0.0,0.0,0.0,0.0,0.0,0.0,0.0,-1487.1356392057519,-825.46845145058,229.23511518082276,25.080594393881483,116.01811556432949,-26.85399900418986,70.34694970509142,-1190.8859332446511,2665.4274298573705,100.0,-658.3807567912675,160.35664959209953,0.0,97.0293293740397,0.0,0.0,0.0,0.0,0.0,0.0,0.0,0.0
1699.475124186995,-3329.988734417624,918.6989331849747,1125.8331839021491,569.1018654406616,-63.790610903139964,1416.8659931796758,765.8877459703972,100.0,2.1883480017470447,-122.27330832161101,0.0,16.003657034709246,1163.5279089647017,-2744.4369104121542,263.4013302706077,1108.5682118154682,-155.63963595276164,20.28957257252415,14.018761445054995,0.0,0.0,0.0,0.0,0.0,0.0,0.0,-1367.5729928504636,-765.8877459703974,215.32564877682557,-435.6945017201076,122.2733083216076,-28.747665277722803,76.9391041520064,-1080.7943761121755,2744.436910412147,100.0,2200.5398428010335,155.63963595296627,0.0,72.02190618334146,0.0,0.0,0.0,0.0,0.0,0.0,0.0,0.0
1898.6255729098573,-3340.6026009094016,884.1252951730328,-710.3718724831265,-1640.8100473388754,-74.30144906761598,1442.2951631440685,703.226932082858,100.0,-390.12900048463166,-128.3369260281711,0.0,10.702903918027674,1078.5691014728993,-2821.026602185937,272.9012889082785,-289.71410024563284,-150.67876965632195,17.685537005527863,16.68956096988842,0.0,0.0,0.0,0.0,0.0,0.0,0.0,-1441.8971041511963,-703.226932082858,200.52434677159647,-10.002413731988327,128.3369260281711,-30.41902028212718,80.08042831757095,-1051.1011922157143,2821.0266021859297,100.0,506.8191491936449,150.67876965632195,0.0,76.82446514225728,0.0,0.0,0.0,0.0,0.0,0.0,0.0,0.0
1919.7224073734317,-3345.6357507444045,844.6119503196429,1185.9700759122939,-1667.4452998727088,-83.52050722332763,1508.4604038467037,637.5841853323495,100.0,-526.8249998612873,-134.19946834476036,0.0,19.70436834251904,1023.2047956570565,-2895.076506183852,281.06416835685974,-808.3243672932684,-145.4818232751586,14.944735751989526,32.906459222599025,0.0,0.0,0.0,0.0,0.0,0.0,0.0,-1519.3321575935,-637.58418533235,184.9456705032041,1180.467812344624,134.19946834476036,-31.855139105000347,91.39062031562699,-1005.4774808788434,2895.0765061838456,100.0,-658.6552518331916,145.4818232749608,0.0,75.68483421732316,0.0,0.0,0.0,0.0,0.0,0.0,0.0,0.0
2019.46347007554,-3535.375041414077,800.8458643515999,1689.613672185077,816.0903066567425,-91.28750592519111,1574.6301603871254,569.0623532881518,100.0,-812.9723996924508,-139.85174997316335,0.0,7.769968525777779,865.6609220447826,-2966.470602693007,287.8268434869642,-835.717565400102,-140.0569392673833,12.088363959425692,29.604245142682625,0.0,0.0,0.0,0.0,0.0,0.0,0.0,-1547.4292347363348,-569.0623532881518,168.71009289561027,-304.66210854837414,139.85174997316335,-33.044915961163355,87.0293435901045,-835.3679000881878,2966.4706026930007,100.0,897.9929626244137,140.0569392673833,0.0,69.01018383443585,0.0,0.0,0.0,0.0,0.0,0.0,0.0,0.0
1908.795621947281,-3445.91955638082,753.5879397226988,161.3895850836525,1188.9664059510892,-97.46741074552801,1554.5207217007942,497.76879440519724,100.0,-481.5000226446193,-145.28491504633962,0.0,5.969444174847094,797.1950248493717,-3035.097033059536,293.1370172206679,-1119.6031663278818,-134.41261721843603,9.138510504672581,35.15773696180808,0.0,0.0,0.0,0.0,0.0,0.0,0.0,-1597.478683683994,-497.76879440519747,151.94316681820044,-1025.9367905979957,145.28491504633962,-33.97915007551845,86.23269917011808,-819.6189073626111,3035.097033059542,100.0,527.9494710590478,134.41261721861338,0.0,65.61112134325586,0.0,0.0,0.0,0.0,0.0,0.0,0.0,0.0
2030.2521890824369,-3517.74987773512,703.659786819502,-660.9852679197616,793.7484835774262,-101.9527799371059,1651.05120864079,423.815209817252,100.0,623.6643916872879,-150.4904510040717,0.0,2.9726793319338274,752.738037457347,-3100.848274946252,296.9536249549567,-592.331813976752,-128.55770052429534,6.117987176416477,38.69858510196486,0.0,0.0,0.0,0.0,0.0,0.0,0.0,-1593.3914932639793,-423.81520981725225,134.7745541610865,103.16595449481156,150.4904510040717,-34.65061683440737,98.50659362139804,-728.4454115400634,3100.848274946258,100.0,868.8108424401491,128.55770052430216,0.0,57.570617372670455,0.0,0.0,0.0,0.0,0.0,0.0,0.0,0.0
1964.393030620927,-3447.545815235911,651.9294397194737,1192.1703134724737,1096.9517444816347,-104.66563237975322,1715.1302025214154,347.31746832615136,100.0,1090.1608383891926,-155.46020193078107,0.0,7.270063379077,616.2302847423907,-3163.621310796142,299.2471521222599,-1995.3606821289968,-122.5013625358747,3.050152267181261,45.48246808244998,0.0,0.0,0.0,0.0,0.0,0.0,0.0,-1694.378629185696,-347.3174683261518,117.33702313458267,288.7946922653339,155.46020193078107,-35.05412365532386,92.86639361407498,-652.0400391362564,3163.6213107961366,100.0,2301.0111624037813,122.5013625358747,0.0,51.442513552947325,0.0,0.0,0.0,0.0,0.0,0.0,0.0,0.0
2086.283915822534,-3435.804958977861,599.2962648423543,225.86599445555635,1732.281136448612,-105.55880333262962,1633.4082748089224,268.3954248611342,100.23457845311101,-305.56394089316655,-160.18638133303284,21.111891360683117,11.43831275062824,610.7790559726143,-3223.317789237988,299.99986243232604,-1193.7252945884711,-116.25309218623443,-0.041270060899591954,59.303596710674825,0.0,0.0,0.0,0.0,0.0,0.0,0.0,-1692.6750515351048,-268.3954248611344,100.0,-175.92985344727254,160.18638133303284,-14.074658781076579,100.0,-499.3711858680979,3223.3177892379827,100.0,1340.9544960452706,116.25309218639131,0.0,51.65567917938088,0.0,0.0,0.0,0.0,0.0,0.0,0.0,0.0
2018.959098347385,-3522.2450779967676,546.675324868052,2202.46915365895,153.73735127116788,-104.61676442622263,1741.7296641284463,187.172732692899,117.80436600014616,818.8768117196844,-164.6615843402867,35.046872214008715,18.205980049363024,449.9115642174175,-3279.844179181057,299.2059350303922,-876.4890898089357,-109.82267912435418,-3.1323732395989623,58.1778113847722,0.0,0.0,0.0,0.0,0.0,0.0,0.0,-1777.8066499939819,-187.172732692899,100.0,752.0288925257239,164.6615843402867,0.0,100.0,-500.53253740396343,3279.844179181052,100.0,1135.8529325845684,109.82267912435418,0.0,38.87280373359019,0.0,0.0,0.0,0.0,0.0,0.0,0.0,0.0
2045.4245727812904,-3461.941688856984,494.9814697645526,1964.652982493452,-123.14793473405871,-101.8558936321034,1739.3292030805128,103.77664969643229,135.23646893300477,1463.1147454591576,-168.87879930547,34.636170028557416,2.972540106844332,349.6246161102167,-3333.111916357497,296.87150951098374,-1198.9291101711765,-103.22019837534299,-6.199253168734913,59.21028333669522,0.0,0.0,0.0,0.0,0.0,0.0,0.0,-1800.8840199036629,-103.77664969643251,100.0,289.8557377984321,168.87879930547,0.0,94.05696934485616,-365.7129728058823,3333.1119163574926,100.0,62.49300274233207,103.22019837534299,0.0,36.08429487282615,0.0,0.0,0.0,0.0,0.0,0.0,0.0,0.0
1984.1319556662468,-3457.6400616136193,445.11343151402104,-836.8503533089267,-773.5924183991074,-97.3241905214445,1716.4998167426513,18.337838966260506,152.39608141998792,-182.64412721832286,-172.83141879165896,33.957619625022915,11.921371933607155,283.1575715838956,-3383.0375420828273,293.0146384392385,-338.17662083221705,-96.45599455671118,-9.218193071204155,62.10226336691099,0.0,0.0,0.0,0.0,0.0,0.0,0.0,-1769.4662911256996,-18.337838966260733,100.0,-502.55252848685814,172.83141879166237,0.0,91.25561558430094,-354.6922366363623,3383.0375420828227,100.0,360.2451564076455,96.4559945565884,0.0,33.17643937938003,0.0,0.0,0.0,0.0,0.0,0.0,0.0,0.0
1853.6657402990272,-3455.4889160252033,397.9381990607846,-755.3100127244602,-256.0201429689755,-91.10044176092657,1734.6993297266804,-69.00983590352348,169.15050485083927,1880.0382783912937,-176.5132499246124,33.0164683652923,4.419433033981011,217.4370515544564,-3429.542834017103,287.6651477469219,274.6439608884332,-89.54066566983784,-12.165846899449662,67.9352526543164,0.0,0.0,0.0,0.0,0.0,0.0,0.0,-1744.939759923322,69.00983590352303,100.0,1240.5607062875333,176.5132499246124,0.0,90.74017570036565,-241.44597243632842,3429.542834017107,100.0,277.49322616241227,89.5406656699538,0.0,33.464312548621045,0.0,0.0,0.0,0.0,0.0,0.0,0.0,0.0
1821.6329786691272,-3389.2170153665447,354.27594513304564,-1149.2805516585634,-1238.7580921387553,-83.29285135338722,1830.4272413520996,-158.1295205537374,185.37017402083677,264.8445084666514,-179.9185240939653,31.8199943544478,12.61488262542473,150.5186383088905,-3472.5549287219455,280.8644060827116,-834.0635139984688,-82.4850464954261,-15.01941987490369,76.29654776650901,0.0,0.0,0.0,0.0,0.0,0.0,0.0,-1730.464331927914,158.12952055373694,100.0,59.94612362303087,179.9185240939687,0.0,93.33421965893619,-99.50587900248428,3472.5549287219487,100.0,-824.4629847374539,82.4850464954261,0.0,25.892299716410548,0.0,0.0,0.0,0.0,0.0,0.0,0.0,0.0
1802.3333451146636,-3361.4772323485595,314.8857669956612,226.67752193567935,-64.94663676914115,-74.0371594405994,1815.6768111235879,-248.88158428037445,200.92965908363118,465.5704512368243,-183.04190599373158,30.377450158063937,17.460888640057778,2.9246191904847354,-3512.006435821272,272.6650049004196,-384.90509921965105,-75.30019161785731,-17.75684476452824,75.4533598770902,0.0,0.0,0.0,0.0,0.0,0.0,0.0,-1774.887413185302,248.88158428037423,100.0,532.0567708243709,183.04190599372987,0.0,78.53769904325516,47.27639284883097,3512.0064358212753,100.0,213.2654524262967,75.30019161785731,0.0,24.41841956043113,0.0,0.0,0.0,0.0,0.0,0.0,0.0,0.0
1753.132967500445,-3326.0192867840346,280.4524890403146,-1020.2910853321453,1636.5233932373098,-63.49428236949677,1752.3459819310835,-341.123838804853,215.7086355245704,-533.7324892511731,-185.87850197975172,28.699991250032753,20.584933954813767,-91.21997996225647,-3547.8355435870494,263.1303517590827,540.0797239892021,-67.99735810506036,-20.356952530898127,75.88139075660261,0.0,0.0,0.0,0.0,0.0,0.0,0.0,-1835.8077842091725,341.12383880485265,100.0,202.498186286889,185.87850197975342,0.0,83.44079898108458,53.38982236920606,3547.835543587046,100.0,20.30223780522121,67.99735810506036,0.0,12.999630586208553,0.0,0.0,0.0,0.0,0.0,0.0,0.0,0.0
1686.8323321838325,-3309.443172002065,251.57475665895544,-807.066584646999,-296.2950896563666,-51.84751505572592,1799.1464692720429,-434.7117610514148,229.59281465350318,1267.0839981874508,-188.42386773753617,26.80058974531832,26.907045698021577,-220.45786248405358,-3579.9861157844975,252.33417998001204,223.02572503798984,-60.58798787114711,-22.799636036543234,77.18762884061822,0.0,0.0,0.0,0.0,0.0,0.0,0.0,-1833.2323707314947,434.71176105141456,100.0,-907.3418563378459,188.42386773753617,0.0,82.73934903905675,236.18971961249602,3579.9861157844944,100.0,-787.1563539287644,60.58798787122896,0.0,12.012035788075615,0.0,0.0,0.0,0.0,0.0,0.0,0.0,0.0
1635.7928020624818,-3240.6144026443385,228.75462839628898,-2360.081436651292,519.6638666473382,-39.29934427965975,1762.2795325361321,-529.4987195825604,242.4748274213698,35.411008654640455,-190.67401524603213,24.693934084059066,21.783844473075284,-316.80156925308233,-3608.407779625074,240.35997845272996,-562.2964403459478,-53.08368974987616,-25.066005536370852,83.77010383470979,0.0,0.0,0.0,0.0,0.0,0.0,0.0,-1793.2297334005686,529.49871958256,100.0,55.92253079466218,190.67401524602872,0.0,66.38313696256519,240.2283313083923,3608.4077796250717,100.0,-214.07539067233984,53.08368974987616,0.0,20.44982963768443,0.0,0.0,0.0,0.0,0.0,0.0,0.0,0.0
1634.3955120621704,-3197.635112543261,212.3888473287555,343.9778142455543,181.70208699595605,-26.06792831874401,1766.955397332737,-625.3362043378968,254.25505472588432,-30.34898840039773,-192.6254190245561,22.39631544285814,34.57052907424133,-372.31706598379793,-3633.0560046894175,227.30034599919344,854.9325165720569,-45.496221305377276,-27.138534755577695,90.02674306090428,0.0,0.0,0.0,0.0,0.0,0.0,0.0,-1791.1112594577392,625.3362043378964,100.0,-147.02280573527332,192.6254190245561,0.0,71.35079867455012,377.4787805222379,3633.056004689415,100.0,-399.4559432237452,45.496221305315885,0.0,9.01875400730573,0.0,0.0,0.0,0.0,0.0,0.0,0.0,0.0
1526.960400227256,-3094.4521391517865,202.76194342281394,-1617.4820513289967,-1035.4870780511374,-12.383304121763388,1720.807615030366,-722.0740593163299,264.8423977853589,127.16994968800918,-194.27502165850797,19.925501752185824,30.824655175039698,-431.1414589461965,-3653.892172696598,213.25627528915751,542.0977266266954,-37.83747041150036,-29.00119642395623,93.09780694701406,0.0,0.0,0.0,0.0,0.0,0.0,0.0,-1669.2936960405743,722.0740593163296,100.0,197.50143804029108,194.27502165850626,0.0,65.91066081256787,462.5722523629552,3653.892172696597,100.0,383.8360861247841,37.83747041154811,0.0,8.319132469578893,0.0,0.0,0.0,0.0,0.0,0.0,0.0,0.0
1430.6566538004063,-2979.1847850714576,200.04128679261476,-135.2250919028802,1290.8480019342437,1.5166120366669134,1655.4372044244762,-819.5607178370782,274.15498262324854,1488.3605249537925,-195.6202385870472,17.300600293298203,41.567287130960096,-629.5935475559742,-3670.883638010369,198.33637184427718,-1209.4030027559788,-30.11943662572321,-30.639586217624526,87.54943201521864,0.0,0.0,0.0,0.0,0.0,0.0,0.0,-1678.650194584134,819.5607178370778,100.0,273.1133864257856,195.6202385870455,0.0,61.275381592907394,522.7859646663297,3670.8836380103703,100.0,-903.1847540266779,30.11943662573003,0.0,1.05687037287555,0.0,0.0,0.0,0.0,0.0,0.0,0.0,0.0
1379.8402271519672,-2887.539671896277,204.27417785947688,110.22388059472064,540.6287840494338,15.390160888209152,1662.4198032985792,-917.643440010951,282.12079321548686,-229.03674400169962,-196.65896215527027,14.541909938128583,47.14671012445611,-640.9959464181727,-3684.0037787876145,182.65601417054802,-388.5231373831118,-22.354212388627275,-32.041034150711454,98.9625087896305,0.0,0.0,0.0,0.0,0.0,0.0,0.0,-1677.4148892139315,917.6434400109506,100.0,-1101.1990255567014,196.65896215527027,0.0,55.895075365008566,652.7947139395092,3684.0037787876154,100.0,660.6742775448873,22.354212388634096,0.0,11.096934110181877,0.0,0.0,0.0,0.0,0.0,0.0,0.0,0.0
1221.0516657498447,-2851.1336253688305,215.38702500267203,-552.3297167583212,114.27117034124421,28.996141577691787,1700.8769210578218,-1016.1685520496876,288.6782284043579,927.3607412990577,-197.38956491448107,11.670764174041892,44.58354788811932,-690.3182538170779,-3693.232038688837,166.33646151395848,1026.3015411905626,-14.55396407772696,-33.19470255464154,88.4493591796239,0.0,0.0,0.0,0.0,0.0,0.0,0.0,-1742.1648393033545,1016.1685520496874,100.0,358.7042632267128,197.38956491448107,0.0,50.819997176801955,812.6688478293876,3693.232038688836,100.0,112.68578979447852,14.553964077720138,0.0,8.606392750544067,0.0,0.0,0.0,0.0,0.0,0.0,0.0,0.0
1024.9628607626748,-2890.537852581761,233.18662399859022,-2412.808791916699,-270.03416891596544,42.09800509991197,1642.9959875274233,-1114.9816870386392,293.7765782721971,194.0993704278526,-197.8109021726857,8.709366127864087,64.06466686378108,-836.7709999239183,-3698.5539590853755,149.503916139221,963.5211267069138,-6.73091294544065,-34.09166988791412,100.0,0.0,0.0,0.0,0.0,0.0,0.0,0.0,-1574.7962653410375,1114.981687038639,100.0,-842.5847444985629,197.8109021726857,0.0,43.42125596877469,826.4699586885936,3698.5539590853755,100.0,-94.4304871454301,6.73091294544065,0.0,11.466647690090502,0.0,0.0,0.0,0.0,0.0,0.0,0.0,0.0
1019.3448878874717,-2642.082958055,257.36351700441406,-796.5475182460841,2016.4905562951458,54.46796686150037,1512.0061902835275,-1213.9280267953022,297.37641629101194,256.6910455612208,-197.92231378860834,5.680616864865442,61.53234351134562,-897.0930529863281,-3699.9612017128566,132.28854738319984,14.07265361784539,1.102684028837757,-34.72499972831969,88.02421867903652,0.0,0.0,0.0,0.0,0.0,0.0,0.0,-1599.5542607708596,1213.928026795302,100.0,1417.0423616144808,197.92231378860834,0.0,42.058360450058935,894.1489856834373,3699.9612017128566,100.0,-728.5835286533188,-1.102684028837757,0.0,3.546272361633867,0.0,0.0,0.0,0.0,0.0,0.0,0.0,0.0
873.2145200296312,-2615.121832168258,287.4973726881002,-995.4010524009783,-633.778342711912,65.89096686663396,1490.2476953148655,-1312.8525444349332,299.449904215469,1090.9903258053419,-197.72362520451793,2.60793829029069,64.53145465264912,-948.8598356546063,-3697.451561735394,114.82348503018852,423.27742401703745,8.934553342744493,-35.089794413329685,92.15349948420156,0.0,0.0,0.0,0.0,0.0,0.0,0.0,-1475.80981701594,1312.8525444349327,100.0,229.27951553288494,197.72362520451793,0.0,29.98694177565189,993.9677933551119,3697.451561735395,100.0,-1016.2624302558322,-8.934553342730851,0.0,7.115381206732771,0.0,0.0,0.0,0.0,0.0,0.0,0.0,0.0
790.7948651097436,-2420.9892281819707,323.0642939675973,-1273.0056309774754,-1945.0023169522274,76.16840867853313,1408.8193271109847,-1411.6002472632397,299.9810073614428,1324.7615535820194,-197.21514772171986,-0.48490797670382335,65.66114235206068,-1144.4330344554057,-3691.028971200081,100.0,354.2607166771006,16.75242420077666,0.0,86.01876168822845,0.0,0.0,0.0,0.0,0.0,0.0,0.0,-1357.9589441685039,1411.6002472632395,100.0,14.366146288846267,197.21514772172327,0.0,27.05652070711638,1066.8597672056096,3691.0289712000817,102.75621020652716,289.4418914339201,-16.75242420077666,35.18323291498163,1.5259277706678738,0.0,0.0,0.0,0.0,0.0,0.0,0.0,0.0
625.2558955665426,-2348.5363219534975,363.4459263093228,-316.2190153847132,-394.48631468718077,85.12161214960571,1433.6395328523963,-1510.016419615329,298.9656186053355,-214.03012497871487,-196.39767801096355,-3.5740043563046697,65.55570133495765,-1109.5181039867014,-3680.703492876344,100.0,-825.6773569170912,24.544047739893813,0.0,85.64678106814772,0.0,0.0,0.0,0.0,0.0,0.0,0.0,-1426.5033297398243,1510.0164196153287,100.0,-1059.0228890573587,196.39767801096013,0.0,22.588594502239715,1114.0546221105146,3680.7034928763433,120.31459113534328,311.9968328414984,-24.54404773992792,35.0045926552265,14.623032768583228,0.0,0.0,0.0,0.0,0.0,0.0,0.0,0.0
453.9274237091011,-2182.4980462332724,407.94020823217977,609.6939200065566,702.8519753349747,92.59491989497405,1294.204044012598,-1607.9468652607861,296.4115901452607,-787.2361950165578,-195.27249686500681,-6.635462267287551,69.50925327778378,-1265.2140316563493,-3666.4913044898217,100.0,-7.866030158368176,32.29721622076113,0.0,86.75852484606412,0.0,0.0,0.0,0.0,0.0,0.0,0.0,-1343.8387107746037,1607.9468652607857,100.0,1640.9148969062312,195.2724968650034,0.0,21.276802975266556,1175.5429149827416,3666.4913044898203,137.7158753923348,1164.9773116728034,-32.29721622075431,34.555255093764,13.057387208651798,0.0,0.0,0.0,0.0,0.0,0.0,0.0,0.0
374.3572825790577,-2070.716997648444,455.7735771123819,-781.8294087487027,1066.2551349161345,98.45840349924686,1247.5640285724164,-1705.2381489947759,292.33867277847304,-115.3675047822594,-193.84136719259004,-9.645606862087845,81.44434309446189,-1279.7388792366016,-3648.414673375476,100.0,453.1116031562169,39.999782154538934,0.0,77.72031255121762,0.0,0.0,0.0,0.0,0.0,0.0,0.0,-1171.3997070999576,1705.2381489947757,100.0,376.0479577874014,193.84136719259345,0.0,9.489786367496226,1323.4121544747181,3648.4146733754737,154.82549547259413,-1020.1048050742077,-39.999782154538934,33.83869504515886,18.983619698306406,0.0,0.0,0.0,0.0,0.0,0.0,0.0,0.0
226.69006761130623,-1873.1140752829576,506.11441808309337,1158.6699608070471,-245.42289671318485,102.61012240782122,1172.2592717684806,-1801.7378370368738,286.7783631646244,-503.1096281689338,-192.10653125502404,-12.581160108929055,81.37951155050301,-1283.9340370764953,-3626.5019215896327,100.0,-657.4489828601281,47.63967733528716,0.0,74.99415040068176,0.0,0.0,0.0,0.0,0.0,0.0,0.0,-1163.4375247781072,1801.7378370368735,100.0,1092.7774984458529,192.10653125502404,0.0,20.357694186709942,1358.3587619175637,3626.501921589635,171.51113936684004,-358.1815776756014,-47.63967733535537,32.86045380710931,26.442035546446572,0.0,0.0,0.0,0.0,0.0,0.0,0.0,0.0
178.18621525827126,-1884.689533380896,558.0875222109006,-2126.917235994646,-698.8947840450032,104.97789623221877,1148.00782452232,-1897.2947358608958,279.7736602559861,-1335.8192621821581,-190.07070715423197,-15.419420805428956,96.0026392904517,-1411.5734897442946,-3600.7873815356265,100.0,627.7589276104925,55.20493174832609,0.0,71.43344507209142,0.0,0.0,0.0,0.0,0.0,0.0,0.0,-1064.735025391017,1897.2947358608958,100.0,-985.4149187063342,190.07070715423197,0.0,6.650001670024038,1419.9588042357204,3600.787381535624,187.64377375584195,-345.5166358902568,-55.2049317483943,31.628096308833022,28.115336528552756,0.0,0.0,0.0,0.0,0.0,0.0,0.0,0.0
75.73398175045192,-1726.5380056978124,610.7893025839862,-561.447209966935,-509.5868198596395,105.52055965284353,1030.7046545593316,-1991.759129081398,271.3787327782179,-331.3167757428238,-187.7370845733094,-18.13844013134741,89.17224642670756,-1563.2494409964513,-3571.3113421725666,100.0,138.74681166447886,62.68369232437635,0.0,67.86129980659204,0.0,0.0,0.0,0.0,0.0,0.0,0.0,-1069.5265311164767,1991.7591290813975,100.0,594.5336105392903,187.7370845733128,0.0,3.2227543291259204,1476.9128686752053,3571.3113421725698,203.09864185008513,-304.3035378624825,-62.68369232438317,30.151152609788596,33.982316592397,0.0,0.0,0.0,0.0,0.0,0.0,0.0,0.0
-176.47005479781402,-1476.6287463683045,663.3035037703804,-2825.5816283956033,-1258.0436811017728,104.22867810577372,1012.081467444669,-2084.983012026037,261.6585003331056,-670.0052095007453,-185.10931977903283,-20.717191383042177,100.0,-1571.6078695620806,-3538.11998589151,100.0,-750.991533658123,70.06424151054944,0.0,59.75235550341916,0.0,0.0,0.0,0.0,0.0,0.0,0.0,-1036.6218007850582,2084.983012026037,100.0,1714.2795236807285,185.10931977903283,0.0,1.2122187134551927,1528.9838041472767,3538.1199858915134,217.75622815822192,1627.9513512322103,-70.06424151054262,28.441044201895096,33.869240621652246,0.0,0.0,0.0,0.0,0.0,0.0,0.0,0.0
-281.52107839361224,-1459.8035753493757,714.717131526761,734.9531559486003,3383.795529240499,101.12471180925866,898.8428926553271,-2176.8203236258496,250.68813136269875,1594.452252965815,-182.1915298940212,-23.13573257716328,89.69843415552918,-1554.9893210602302,-3501.2653161579356,100.0,-865.5808206408881,77.33501562956008,0.0,66.7022575575042,0.0,0.0,0.0,0.0,0.0,0.0,0.0,-900.0923504587182,2176.820323625849,100.0,741.2052260457358,182.19152989401437,0.0,4.1023326447342505,1566.0826678367714,3501.265316157939,231.50318272352942,885.5446303531676,-77.3350156296624,26.510995685096077,34.97092226082653,0.0,0.0,0.0,0.0,0.0,0.0,0.0,0.0
-423.24103199607475,-1231.238789538027,764.1363258093743,-1028.3039903118029,183.74519456044482,96.26262527758911,821.269704138198,-2267.127175260458,238.55246185717274,634.3224337194022,-178.98828644503737,-25.375360665701407,100.0,-1642.1538349925743,-3460.8050760338992,100.0,454.8197984080798,84.48462299716084,0.0,54.611753323505596,0.0,0.0,0.0,0.0,0.0,0.0,0.0,-740.4117235805137,2267.1271752604575,100.0,161.3453224945266,178.98828644503737,0.0,12.053593719559235,1646.9677633455124,3460.8050760338956,244.23319768110468,954.4381176161721,-84.48462299716766,24.37593249870247,51.11937609745591,0.0,0.0,0.0,0.0,0.0,0.0,0.0,0.0
-482.1606540404378,-1188.3841354337296,810.7019011242219,273.74685007098435,1522.4566344506013,89.72694911226597,680.4917714469568,-2355.762076199529,225.34533930166555,310.8850065844774,-175.50460820163835,-27.418756170470857,90.51338537128102,-1632.1047980360386,-3416.802657707484,100.0,-1411.6030185507805,91.5018617704186,0.0,49.531222228608094,0.0,0.0,0.0,0.0,0.0,0.0,0.0,-726.9460733674333,2355.7620761995286,100.0,-874.7389004482352,175.50460820163153,0.0,20.769601671322405,1646.3661765112156,3416.8026577074797,255.84782935719787,1007.3061913445588,-91.501861770289,22.052365500326374,53.21416230602077,0.0,0.0,0.0,0.0,0.0,0.0,0.0,0.0
-630.8345703949202,-869.639378640702,853.6042840370799,-1770.152792514361,-191.72756831163952,81.63131038140818,598.9235456065095,-2442.5861552871906,211.16889693548725,416.1762742141781,-171.74595331224054,-29.25011711786638,97.5504983164379,-1763.2530634799837,-3369.3270031713955,100.0,-333.55271432711334,98.37573749849753,0.0,56.89936154076022,0.0,0.0,0.0,0.0,0.0,0.0,0.0,-639.8881327581507,2442.58615528719,100.0,-35.70107566984177,171.74595331224737,0.0,4.3843738384288695,1671.5071744377099,3369.3270031714005,266.25725955322054,1759.2486861380041,-98.37573749849753,19.558263284051804,55.122254043823936,0.0,0.0,0.0,0.0,0.0,0.0,0.0,0.0
-866.783158865003,-955.7427273641247,892.0975881450588,484.6633416050747,946.5485500509226,72.11645713767552,537.919273811082,-2527.4633785222836,196.13276393597036,1063.3900642860522,-167.71821075175467,-30.855281238564203,97.41417899158067,-1726.0352546194706,-3318.4524962061846,100.0,708.063063945342,105.09548034841828,0.0,40.60276584679508,0.0,0.0,0.0,0.0,0.0,0.0,0.0,-529.7698970992353,2527.463378522283,100.0,125.04475523361123,167.7182107517615,0.0,3.4274332909064147,1695.6262918251518,3318.45249620618,275.3809901272966,-979.6245413978215,-105.09548034856152,16.912913225840498,56.27602556658276,0.0,0.0,0.0,0.0,0.0,0.0,0.0,0.0
-938.2519073045328,-711.307896762027,925.5125818067531,957.413817986648,1082.891632417012,61.34781142025872,453.6195534143465,-2610.260762193271,180.35321763479442,-762.6870729954703,-163.42769109649907,-32.22183548728552,97.07135690418347,-1676.8749972218504,-3264.2588458374266,100.0,1420.923435770634,111.65056197965441,0.0,42.55866148224055,0.0,0.0,0.0,0.0,0.0,0.0,0.0,-462.25110234140374,2610.260762193271,100.0,-678.7662657824669,163.42769109648543,0.0,3.0805823208895045,1770.2547131638894,3264.258845837422,283.14846550199456,-134.82671648055316,-111.65056197965441,14.136772330610654,63.71362571239818,0.0,0.0,0.0,0.0,0.0,0.0,0.0,0.0
-1076.930176218484,-516.3079792057083,953.2683231785375,682.5106421245073,278.62882295175893,49.51259328234755,297.3722198194333,-2690.8485812341746,163.95228432283346,-149.42611182806672,-158.88111663514337,-33.33921203500097,96.56744142587266,-1720.8267381102787,-3206.8309614494287,100.0,46.15027065254935,118.03071203830996,0.0,43.353976568694904,0.0,0.0,0.0,0.0,0.0,0.0,0.0,-326.44541332010414,2690.848581234174,100.0,183.92249662641376,158.8811166351502,0.0,14.218760077379171,1756.9592560949632,3206.830961449434,289.49961828428945,-359.42737934805564,-118.03071203831678,11.251309034105645,71.50889135507249,0.0,0.0,0.0,0.0,0.0,0.0,0.0,0.0
-1030.7545628841747,-389.01537491059156,974.8822602741183,559.1078063018915,308.5578746043481,36.81656584681036,267.642527256211,-2769.1005724748625,147.0567955971858,-85.34950664377988,-154.0856108377693,-34.198769992290465,91.04938479464573,-1756.4376914389106,-3146.258819751127,100.0,-846.3241460111385,124.22593424988918,0.0,23.564752409723333,0.0,0.0,0.0,0.0,0.0,0.0,0.0,-279.7188430982981,2769.100572474862,100.0,1231.698727362968,154.0856108377625,0.0,15.563921360219663,1774.5935458660083,3146.2588197511323,294.3853337783605,-1289.681745457492,-124.22593424988918,8.278837183453902,75.38793727633707,0.0,0.0,0.0,0.0,0.0,0.0,0.0,0.0
-1261.44824284876,-196.49879707829638,989.9786204510831,-656.2406969927326,-828.5830524436273,23.480457977460674,203.08582828560668,-2844.894132467282,129.79740754785323,-1044.3989695912383,-149.04868719433125,-34.793862230820594,88.08050858605961,-1774.8692278979188,-3082.6373238026276,100.0,-673.5043908325906,130.22652208049522,0.0,20.04031094959551,0.0,0.0,0.0,0.0,0.0,0.0,0.0,-130.96323607852435,2844.8941324672815,100.0,771.987891214128,149.04868719433125,0.0,9.493108431406284,1846.6288308544758,3082.6373238026217,297.76782979905283,-993.1902424131272,-130.22652208066575,5.242343479771421,72.21409594709526,0.0,0.0,0.0,0.0,0.0,0.0,0.0,0.05645022209082803
-1354.266259449201,-172.39077833521964,998.2949434677282,1302.4082712759775,-487.92619144756,9.736126761289938,133.5994206560796,-2918.110509577822,112.30759036885455,-377.32480409022565,-143.77823744236593,-35.11988678687182,88.76207138839085,-1813.5944110208484,-3016.0661543231977,100.0,411.0174090385317,136.02307394497757,0.0,27.81641822402696,0.0,0.0,0.0,0.0,0.0,0.0,0.0,-114.57606393682927,2918.110509577822,100.0,133.3578654356823,143.77823744236593,0.0,20.709121188462454,1846.3467006922422,3016.0661543231918,299.62094884884317,-670.1822056907054,-136.0230739447934,2.1653097175715175,81.91063774465245,0.0,0.0,0.0,0.0,0.0,0.0,0.0,0.06563533949318147
-1452.0425922843053,-36.520471592902894,999.6866445285423,-2010.8382634046075,616.0611373476836,-4.177473480865501,-21.90324012551765,-2988.6349900446367,100.0,919.1134335884485,-138.28251920380808,0.0,76.85856860300072,-1808.087199758877,-2946.649613513836,100.0,966.6947655743309,141.60650793713785,0.0,26.024629385549403,0.0,0.0,0.0,0.0,0.0,0.0,0.0,41.206630457720294,2988.6349900446367,105.27740379265278,-967.5912639134616,138.28251920380808,35.174322449406645,22.637830862882744,1810.826147099273,2946.6496135138304,299.93036039883816,-1288.8157397926511,-141.60650793714467,-0.9284688044786549,84.38469153649682,0.0,0.0,0.0,0.0,0.0,0.0,0.0,0.0763149839065938
-1506.8382500530527,202.1611254263748,994.1295279868586,292.8353332888048,103.44004717069467,-18.018445573791837,-95.33581661065497,-3056.357077708596,100.0,34.386259479206345,-132.570143045059,0.0,78.21790683303152,-1751.92444220962,-2874.496461638905,100.0,366.52049628135956,146.96807605882213,0.0,19.640230402403297,0.0,0.0,0.0,0.0,0.0,0.0,0.0,63.90944604213924,3056.357077708596,122.82158676745067,485.06165297925577,132.570143045059,34.95674825687104,19.951016982532458,1792.7588201321241,2874.496461638899,298.69367170953325,66.21120453340723,-146.96807605902677,-4.0150672972532675,85.67355847138664,0.0,0.0,0.0,0.0,0.0,0.0,0.0,0.08873233251530138
-1564.3617610881465,424.0406728516879,981.7202080022251,621.6418149136155,894.6680665453291,-31.546155030889622,-209.3255362094775,-3121.1706671361594,100.0,-1339.4821586179166,-126.65005898802974,0.0,61.02934062332899,-1792.3641688672956,-2799.719746623019,100.0,-1.9286716683939176,152.09937792689743,0.0,13.839919100424826,0.0,0.0,0.0,0.0,0.0,0.0,0.0,249.3010298741489,3121.170667136159,140.18928598714518,-408.5221903733275,126.65005898803656,34.468846752678814,25.81104447193133,1787.8998239467537,2799.7197466230123,295.9204463343309,793.6136799135522,-152.09937792709525,-7.070616496180833,92.40495767014109,0.0,0.0,0.0,0.0,0.0,0.0,0.0,0.10317013030157669
-1674.544558688092,492.06258733598594,962.674428839119,-536.3402049432432,266.0479733513682,-44.525413644450964,-361.82592813502725,-3182.9742098629617,100.0,-475.8717988946671,-120.53154248638066,0.0,66.88653909746199,-1805.740246555395,-2722.4366269301167,100.0,-1000.3930819367201,156.99237393376734,0.0,9.435312715696284,0.0,0.0,0.0,0.0,0.0,0.0,0.0,341.02555277574953,3182.9742098629617,157.24619366643506,-238.19930039577002,120.53154248637384,33.71439097375628,38.91115921764441,1779.8193497133755,2722.436626930124,291.63213016272863,671.2708639883772,-156.99237393376734,-10.071487246902961,100.0,0.0,0.0,0.0,0.0,0.0,0.0,0.0,0.11995712819347787
-1873.3320567945677,791.619808346733,937.3233140097017,-761.0142324074457,3.8567841991999785,-56.730568388479696,-467.20531097472946,-3241.6708734976705,100.0,123.51747216255433,-114.22417989301493,0.0,55.674891276366225,-1795.428259947327,-2642.7681880022337,100.0,189.48158996067264,161.6393978436986,0.0,0.1982146614507112,0.0,0.0,0.0,0.0,0.0,0.0,0.0,322.87574914584604,3241.67087349767,173.8604054312596,167.49844096560793,114.22417989300811,32.699215272915296,33.28798812037806,1722.9961992925084,2642.7681880022415,285.86188557509604,-967.505460240584,-161.63939784369177,-12.994473234082022,95.30982048439938,0.0,0.0,0.0,0.0,0.0,0.0,0.0,0.139475568775225
-1821.1121245426275,766.4283060965095,906.107609471796,-205.3631569045126,-521.80930464087,-67.94942454685781,-528.9133570268411,-3297.1686934367476,100.0,-1967.579606010405,-107.73785344101498,0.0,53.42189674985977,-1660.6137070062912,-2560.8392525455733,100.0,1234.683354680534,166.0331688050337,0.0,1.849537557152832,0.0,0.0,0.0,0.0,0.0,0.0,0.0,463.1493660398839,3297.168693436747,189.90344036088618,115.64089657719904,107.7378534410218,31.4311702007096,41.16654211243034,1674.10379045656,2560.839252545581,278.65433499155995,679.624547846355,-166.033168805252,-15.816970440398563,87.99554178152685,0.0,0.0,0.0,0.0,0.0,0.0,0.0,0.16216989001100654
-1878.482618478241,971.1988800845285,869.5700209678523,132.48737345636528,44.886373131561754,-77.98693485884485,-671.9207567633138,-3349.38071695253,100.0,1043.553832744384,-101.08272575950878,0.0,59.89533768032252,-1600.1983034524492,-2476.778184961131,100.0,-1271.6209913935302,170.16680275693943,0.0,2.785141061015997,0.0,0.0,0.0,0.0,0.0,0.0,0.0,443.78809104548156,3349.3807169525294,205.2512345557962,45.574853884397726,101.08272575950878,29.92006179541562,41.41550260178259,1744.8258242327147,2476.7781849611238,270.0652157981776,400.5173468353996,-170.1668027567007,-18.5171519476998,85.30705470861525,0.0,0.0,0.0,0.0,0.0,0.0,0.0,0.1885568451673771
-1909.6851334624089,1102.8525419077998,828.3457787254074,-421.55507662592186,1333.3433131645415,-86.66859054538861,-732.1937075460844,-3398.2251394288032,100.0,-468.90696116412414,-94.26922395228303,0.0,46.289776969817076,-1691.6078759519012,-2390.7166902261965,100.0,-276.817831061868,174.03382321530898,0.0,4.839423118583722,0.0,0.0,0.0,0.0,0.0,0.0,0.0,709.7585105425919,3398.2251394288032,219.78510054786483,-693.7963085138671,94.2692239522762,28.17757575141968,48.022913682689655,1645.3010178426457,2390.716690226189,260.16094931892144,89.72378636923509,-174.0338232153158,-21.07413672892193,90.09871605568499,0.0,0.0,0.0,0.0,0.0,0.0,0.0,0.2192372693664723
-1950.8007088939767,1312.5754373127718,783.1515935579667,1167.6588108982003,-729.5151846544468,-93.84345526003074,-796.4282218127322,-3443.625432530398,100.0,-617.7100120210952,-87.30802325940886,0.0,46.40250946189455,-1602.150390723651,-2302.7896075420704,100.0,-439.26251243884394,177.62817142006952,0.0,3.178891983603921,0.0,0.0,0.0,0.0,0.0,0.0,0.0,721.1280474200721,3443.625432530398,233.3926451335566,-1171.6637705171206,87.30802325940203,26.217187051123148,54.54357336637957,1628.336167609685,2302.789607542063,249.0181271667083,116.51219227632623,-177.62817142007634,-23.46815112497083,89.30312593640676,0.0,0.0,0.0,0.0,0.0,0.0,0.0,0.2549097606963093
-1914.4880443228435,1389.6119121423208,734.7731963717723,1508.0169158297315,-920.6419971944956,-99.38678921739495,-828.6711238688279,-3485.510464106068,100.0,-1885.5948322331892,-80.210030332521,0.0,36.58815242836964,-1587.9568855777964,-2213.1346990709944,100.0,588.7663926314656,180.94421582758514,0.0,1.485533403603485,0.0,0.0,0.0,0.0,0.0,0.0,0.0,780.0042240396792,3485.510464106068,245.96863853237318,562.160463178356,80.210030332521,24.05405576033033,72.9689503507976,1621.63078335869,2213.1346990709867,236.72291894560078,738.678701118514,-180.94421582783752,-25.680681758369275,84.52716974438584,0.0,0.0,0.0,0.0,0.0,0.0,0.0,0.296386587399208
-1958.6029021583536,1501.4639897842271,684.0516777125158,-1045.3374214592498,-199.5540600683853,-103.20221787762762,-943.6674855378319,-3523.814609636731,100.0,-258.85237584442734,-72.98636614640372,0.0,30.823276334700996,-1589.6361177335784,-2121.8924340935314,100.0,542.2422432051098,183.97676093531118,0.0,10.566346617741175,0.0,0.0,0.0,0.0,0.0,0.0,0.0,927.5182792480094,3523.814609636731,257.41582814913977,-177.7436407392804,72.9863661463969,21.70490979279407,59.25196591275319,1538.448598567225,2121.892434093523,223.3704058845585,789.6491867981683,-183.97676093530436,-27.694618700811304,97.24547841998879,0.0,0.0,0.0,0.0,0.0,0.0,0.0,0.3446121833475176
-2020.7420805860024,1669.097132595902,631.8688648478967,747.5152085931336,1063.5303897710935,-105.22340748053864,-1049.621603280562,-3558.4778550544765,100.0,1490.4242377999606,-65.64834857435244,0.0,31.0547062147018,-1470.2847654931372,-2029.2057689244748,100.0,-2310.426202870971,186.72105541947758,0.0,15.965638026508872,0.0,0.0,0.0,0.0,0.0,0.0,0.0,1037.7679143927744,3558.4778550544765,267.6456906471745,1019.3441097024845,65.64834857434562,19.18791554970028,74.33343853261957,1488.3598958521834,2029.2057689244834,209.0638455558581,-311.34746725147465,-186.72105541947758,-29.494387787396477,82.25706425698245,0.0,0.0,0.0,0.0,0.0,0.0,0.0,0.40068465295154054
-2081.931126474741,1810.8496026754904,579.1319906153135,1731.6124933437504,1207.9223263831568,-105.41521830366946,-1075.8316570681604,-3589.4458907712597,100.0,-1029.0183044312357,-58.20747465624663,0.0,26.262513060780016,-1462.0948280042487,-1935.2199229321345,100.0,-814.7825230752051,189.17279958189283,0.0,15.912362147117825,0.0,0.0,0.0,0.0,0.0,0.0,0.0,1070.3514632196727,3589.4458907712597,276.57911651642456,-826.3079591455335,58.20747465624663,16.522537435542688,73.43583453305469,1457.7074326343418,1935.2199229321434,193.9138733642634,-1689.8443967981154,-189.17279958214522,-31.06607105490852,84.51808483416632,0.0,0.0,0.0,0.0,0.0,0.0,0.0,0.46588077516979337
-1952.114139183478,1905.1707510091353,526.7579205767819,-82.2545660134449,-454.95881561886677,-103.77431558846524,-1233.304001504557,-3616.6701967699155,100.0,876.7419988516428,-50.67540258476356,0.0,20.33575610430072,-1339.0293880670351,-1840.0821510119345,100.0,858.535917781137,191.32815208530246,0.0,10.726578991845098,0.0,0.0,0.0,0.0,0.0,0.0,0.0,1183.1877922245937,3616.6701967699155,284.14702184263774,-430.2202131866045,50.67540258475674,13.72938733598005,79.94451063352369,1354.8975379751605,1840.082151011926,178.0376469819987,645.5464644340441,-191.32815208530246,-32.39751437187124,94.52011916159134,0.0,0.0,0.0,0.0,0.0,0.0,0.0,0.5416850759668536
-1995.5400418593908,2097.399756429725,475.6572127025972,-1257.9290377478515,277.3567109405667,-100.32922751767586,-1153.441857392586,-3640.108118624241,100.0,-71.61840416710561,-43.063933439930224,0.0,18.460618127700883,-1310.417973066,-1743.9415128707071,100.0,938.5931429030074,193.18373597222035,0.0,21.012466810349505,0.0,0.0,0.0,0.0,0.0,0.0,0.0,1284.4837924080962,3640.1081186242404,290.29088254666794,-19.419193293534818,43.063933439930224,10.830065222326652,78.7117985435031,1254.074989102311,1743.9415128706987,161.55794034574538,-845.7625674394751,-193.18373597195432,-33.47842142897207,88.33475801255581,0.0,0.0,0.0,0.0,0.0,0.0,0.0,0.6298236312032323
-1959.7952094251202,2207.554524149286,426.7182867166593,2347.856189564525,-410.7935706230296,-95.1398492342932,-1279.4805876765029,-3659.7229343289705,100.0,-142.8283099749865,-35.38499269933254,0.0,15.7189432419946,-1288.4827045503507,-1646.948639483425,100.0,-261.9170546642056,194.73664395580727,0.0,28.65933632747393,0.0,0.0,0.0,0.0,0.0,0.0,0.0,1357.4512233075588,3659.72293432897,294.9631869625223,-577.2713665752451,35.38499269933254,7.846992114592695,83.46289329241672,1285.2336170086483,1646.9486394834166,144.60219422199495,591.4943924982458,-194.73664395581068,-34.30043336243472,75.20900157309607,0.0,0.0,0.0,0.0,0.0,0.0,0.0,0.7323033696543975
-1932.3230556220701,2297.3789561501494,380.79197832988234,254.61049350225608,681.0204867319112,-88.2964015238494,-1401.5793795551135,-3675.48391183499,100.0,-1502.136635058764,-27.650611553347062,0.0,21.800619258564083,-1148.338127267248,-1549.2554970879296,100.0,-509.57651356080305,195.98444297475794,0.0,26.605559080099237,0.0,0.0,0.0,0.0,0.0,0.0,0.0,1392.8280919767526,3675.48391183499,298.1278032542914,327.39459878753223,27.65061155334024,4.803236695450437,74.56267275265934,1151.8594645982605,1549.255497087921,127.30153068289009,322.88462976752385,-195.98444297502056,-34.857193394523094,70.04125106823643,0.0,0.0,0.0,0.0,0.0,0.0,0.0,0.8514577710948755
-1823.2417927341096,2338.2643142004436,338.67674689661897,910.7309769760286,-109.60497521845127,-79.91786226740942,-1433.1926323837924,-3687.3663571996162,100.0,138.13126150458857,-19.872908055285734,0.0,13.625575400084259,-1082.1925214560463,-1451.015149087688,100.0,1780.5010936678343,196.9251780065963,0.0,40.24215222938667,0.0,0.0,0.0,0.0,0.0,0.0,0.0,1405.8509780650288,3687.3663571996162,299.760258830638,583.3732379630271,19.872908055285734,1.7223369157036927,92.34876530833172,1165.359449514465,1451.0151490876794,109.78973911381446,-288.0994315702924,-196.9251780065963,-35.14439599205005,70.13216128460549,0.0,0.0,0.0,0.0,0.0,0.0,0.0,0.99
-1869.718426877589,2527.162761791604,301.10479366882834,2330.6225608731856,982.0431739213814,-70.14989793075301,-1477.5528039442436,-3695.3516532765,100.0,110.17910509229637,-12.064068134864101,0.0,9.188081249159994,-1018.047204133874,-1352.3815162355197,107.79775840585427,1778.3358086296676,197.55737512846167,35.15982016158205,41.515753506519424,0.0,0.0,0.0,0.0,0.0,0.0,0.0,1444.9734530071871,3695.3516532765,299.84792959609047,-463.4980307610658,12.064068134864101,-1.3718820293397016,87.21787410257666,945.2026397317012,1352.3815162355288,100.0,-243.61649062834886,-197.55737512819223,0.0,61.90673201336881,0.0,0.0,0.0,0.0,0.0,0.0,0.0,0.0
-1683.470041104677,2690.333912530007,268.7293319913314,-45.68301739229696,-1683.1431278096625,-59.162331057296456,-1522.018046723294,-3699.4272888845594,100.0,138.96551321673428,-4.236326505626948,0.0,2.1294231027185146,-935.2034403596791,-1253.5091354740443,125.32495434794815,1137.7619847970818,197.880043827671,34.9033466250264,34.092301737831356,0.0,0.0,0.0,0.0,0.0,0.0,0.0,1578.2844520880922,3699.4272888845594,298.3901375756224,2180.3318387482877,4.236326505626948,-4.455491944666505,91.99592055831285,919.7676216125077,1253.5091354740534,100.0,-326.69282598180473,-197.8800438276744,0.0,51.670827126465895,0.0,0.0,0.0,0.0,0.0,0.0,0.0,0.0
-1696.5911343886148,2828.5699820273594,242.1132307542236,255.21488152170605,-444.16118470656784,-47.146187790249314,-1598.7934641716718,-3699.5868784102067,100.0,513.1080225502399,3.5980525040508837,0.0,1.8692843318908312,-816.5179639325445,-1154.5529178107179,142.6563075080864,166.4626263441187,197.8926785550209,34.37695874202902,31.1715660488484,0.0,0.0,0.0,0.0,0.0,0.0,0.0,1542.6122302576948,3699.5868784102067,295.39815615756373,-1351.143378888254,-3.5980525040508837,-7.504646676960647,89.77002039545005,822.0775775072766,1154.5529178107092,100.0,-1060.7606900239193,-197.8926785550243,0.0,55.974461160973156,0.0,0.0,0.0,0.0,0.0,0.0,0.0,0.0
-1580.118466074562,2762.549466138487,221.7192285436385,-1534.370575850711,-255.62675324294332,-34.31037675565818,-1624.1312700160588,-3695.830171812185,100.0,-786.1692079726822,11.426794166518448,0.0,0.4161006401645997,-796.4972477935222,-1055.6679056067026,159.65779117209578,94.33156040921972,197.59525951444175,33.58472717206084,45.25619360585168,0.0,0.0,0.0,0.0,0.0,0.0,0.0,1620.2576668425957,3695.830171812185,290.89512291430225,337.1129578318187,-11.426794166518448,-10.495766521506198,95.20204431483455,792.0474789881251,1055.667905606694,100.0,-1244.5427452973263,-197.59525951417572,0.0,51.79886108750626,0.0,0.0,0.0,0.0,0.0,0.0,0.0,0.0
-1567.0645118207124,2963.5737900617587,207.90188862429238,-696.7127596040143,841.5531642322003,-20.878057048110747,-1628.048453580468,-3688.1630550133323,100.0,-597.0470826326766,19.23763258663712,0.0,3.6926610964676865,-634.4165079892994,-957.0090296601127,176.19792957056728,-121.48521269553612,196.98825269534552,32.532778395532205,58.097934054394706,0.0,0.0,0.0,0.0,0.0,0.0,0.0,1676.1068219518022,3688.1630550133323,284.91586067495405,-45.50326506166357,-19.23763258663712,-13.405720568645734,91.42732685204783,700.546954250366,957.0090296601043,100.0,-276.5655882336432,-196.98825269534552,0.0,42.55299868745778,0.0,0.0,0.0,0.0,0.0,0.0,0.0,0.0
-1533.7991857755283,3032.0475421121782,200.90143462178247,1310.2619589644405,-79.36959037846918,-7.082758461185676,-1686.2318035236394,-3676.5975406786424,100.0,-444.2136386847221,27.018329919606003,0.0,9.804202674903529,-600.0077383293228,-858.730866463877,192.14881460647564,657.7475597249975,196.07260914227368,31.229247336221988,43.77775771565679,0.0,0.0,0.0,0.0,0.0,0.0,0.0,1661.4235039263826,3676.5975406786424,277.50660823366985,679.4471940541041,-27.018329919612825,-16.21200557950715,96.70714118727071,595.2138677866707,858.7308664638684,100.0,1462.9156741595887,-196.07260914227368,0.0,48.68331724757287,0.0,0.0,0.0,0.0,0.0,0.0,0.0,0.0
-1355.9638894383695,3046.772594597077,200.83957407541055,1094.5611912192771,376.37589904397146,6.835678582683897,-1770.2666509842395,-3661.151749394102,100.0,211.74236028747032,34.756695545002,0.0,8.25958132706682,-535.0021723086322,-760.987396018807,207.3870949932962,610.8515012918349,194.84976346455312,29.684214452541653,60.124517017876755,0.0,0.0,0.0,0.0,0.0,0.0,0.0,1738.5318893988267,3661.151749394102,268.72466277607646,350.4889227999354,-34.756695545002,-18.89292000806762,93.61731650139252,468.6664696103574,760.9873960187986,100.0,-1418.9364722502794,-194.84976346481233,0.0,26.698076076347025,0.0,0.0,0.0,0.0,0.0,0.0,0.0,0.0
-1253.7178298287365,3062.603880460405,207.71738247183566,589.1110592590724,-1285.1113403991599,20.635272817308703,-1778.2549773668695,-3641.849881275762,100.0,184.9689159196805,42.44060516688478,0.0,5.0900397059563245,-380.8096889702343,-663.9317605812189,221.7949301544097,575.6100572527748,193.32163159014328,27.90962778338482,68.37546766256048,0.0,0.0,0.0,0.0,0.0,0.0,0.0,1754.0101384676436,3641.849881275762,258.63793678903664,-1745.2588537585723,-42.44060516687796,-21.427731823286535,86.7842544469466,351.75092665430014,663.9317605812279,100.0,-32.97721313775952,-193.32163158988408,0.0,28.34476684620845,0.0,0.0,0.0,0.0,0.0,0.0,0.0,0.0
-1202.090920290242,3233.741425768739,221.41528454701904,555.2836633758818,-616.9275327595619,34.07610913752137,-1677.126526571041,-3618.7221780535406,100.0,401.9513798548883,50.05801980948263,0.0,9.640996296179077,-302.6859942368866,-567.7160247231136,235.26090150713833,-992.6019019476505,191.49060775990563,25.9192105514488,67.59334240266801,0.0,0.0,0.0,0.0,0.0,0.0,0.0,1758.3564504773353,3618.7221780535406,247.32443288021318,599.3048013607381,-50.05801980948263,-23.796838833874006,94.56123689059119,383.03124693249583,567.7160247231226,100.0,-522.442592082065,-191.49060775990563,0.0,22.143459270083007,0.0,0.0,0.0,0.0,0.0,0.0,0.0,0.0
-1096.5669739256653,3221.6751823120535,241.6951331815631,582.2246549411398,1254.8982734267156,46.924509682827704,-1769.9726793715006,-3591.804875689174,100.0,1846.963462173976,57.59700468010351,0.0,15.565991341514332,-230.4360823277811,-472.4909370808484,247.68087408423858,-368.69248833909666,189.35956078155357,23.72835503915482,83.4460792712461,0.0,0.0,0.0,0.0,0.0,0.0,0.0,1778.0478720234958,3591.804875689174,234.8716405687838,-782.4043495682861,-57.59700468010351,-25.98192027607297,91.81699575113603,240.87373616677752,472.49093708085707,100.0,-509.88956728343464,-189.35956078155357,0.0,25.197012946595095,0.0,0.0,0.0,0.0,0.0,0.0,0.0,0.0
-977.176970468233,3285.3079368652257,268.20434974643786,-2580.7067308504834,1332.872121252658,58.957096481624944,-1764.2152813827627,-3561.1401476025285,100.0,1351.047871128294,65.04574786791409,0.0,18.561646644173422,-192.29141704381303,-378.4056941656037,258.9588018297967,898.3345637916838,186.93182953098585,21.354003556880343,73.61724537917134,0.0,0.0,0.0,0.0,0.0,0.0,0.0,1800.9740469236247,3561.1401476025285,221.375859712034,222.36112128800983,-65.04574786791409,-27.966078491423758,91.44714157364359,207.80446208028565,378.4056941655955,100.0,-753.1346329450815,-186.93182953073517,0.0,21.487535438095126,0.0,0.0,0.0,0.0,0.0,0.0,0.0,0.0
-850.0778293036354,3400.980279776153,300.482053916484,-3.583891639750618,-50.128923917254724,69.96467502609534,-1824.787495809067,-3526.7760385952324,100.0,19.464711014811655,72.3925788508177,0.0,24.507369712664698,-13.310100570685059,-285.60770660560013,269.00747034200265,6.635108599127406,184.21121772255162,18.814517425016106,77.85314132755377,0.0,0.0,0.0,0.0,0.0,0.0,0.0,1737.8999080903814,3526.7760385952324,206.94145579987816,11.210441669284137,-72.39257885081088,-29.733969599760144,77.71598989646631,136.66261315556716,285.60770660559217,100.0,390.2579727073944,-184.21121772230435,0.0,18.642469635530386,0.0,0.0,0.0,0.0,0.0,0.0,0.0,0.0
-635.8700243599825,3383.6445775818756,337.9670763807471,61.565925017691825,-11.062310956967849,79.75587125695,-1810.088639225349,-3488.7663895751843,100.0,-377.47553515403297,79.62598678039058,0.0,31.200002818322698,49.80918676753595,-194.24236818656607,277.74917131902225,-1354.7943396717421,181.20198794923112,16.12953498217223,91.17024473948305,0.0,0.0,0.0,0.0,0.0,0.0,0.0,1840.2262506242516,3488.7663895751843,191.68005287629947,78.16683672487329,-79.62598678039058,-31.271922156383454,68.51634472649934,13.134726503536093,194.24236818655822,100.0,1657.225397332792,-181.20198794923283,0.0,6.586948688854786,0.0,0.0,0.0,0.0,0.0,0.0,0.0,0.0
-589.4290662878116,3461.345705044984,380.0077151434407,2068.2523005007083,-343.05421269670205,88.16045872896723,-1779.6850781073845,-3447.1707531998277,100.0,480.21046773674016,86.73463851671158,0.0,25.25740979712366,200.28905825297153,-104.45282805197712,285.1163034923677,268.2644091139066,177.9088550038557,13.319819718111034,84.29770286827309,0.0,0.0,0.0,0.0,0.0,0.0,0.0,1807.7825219127283,3447.1707531998277,175.7096703289717,498.87603256512875,-86.73463851671158,-32.5680428759965,64.38882100204064,-214.86449006127623,104.45282805196939,100.0,118.89540825905385,-177.90885500409445,0.0,13.207844126986638,0.0,0.0,0.0,0.0,0.0,0.0,0.0,0.0
-458.2739482526785,3529.74975852156,425.87306579569486,-437.8997302477683,-568.7627919353781,95.03231811057844,-1758.7332094440874,-3402.0543005703967,100.0,800.4727197159639,93.70739638550049,0.0,37.73007518035566,270.24219486102123,-16.3797664202375,291.05189540060815,1572.6066680298302,174.33697849351574,10.407099705749943,90.76797416296344,0.0,0.0,0.0,0.0,0.0,0.0,0.0,1781.0263815345081,3402.0543005703967,159.15381022246322,-255.24040179999133,-93.70739638550731,-33.6123086058241,81.62722805829279,-223.94172831805042,16.37976642023,100.0,-1570.1357118375702,-174.336978493277,0.0,7.06952658512291,0.0,0.0,0.0,0.0,0.0,0.0,0.0,0.0
-281.5999235089112,3486.00946953893,474.76572877381636,-210.27825480689756,-2485.0949473156766,100.25197756500546,-1768.2530212945135,-3353.487719123317,100.0,-654.0634299746273,100.53333562723765,0.0,35.18778746795919,311.9656910188588,69.838825829901,295.51004596072926,386.5822335109121,170.49195475202168,7.413899573630829,94.76762859963588,0.0,0.0,0.0,0.0,0.0,0.0,0.0,1792.0821569829257,3353.4877191233177,142.1405022328119,1178.9579750837413,-100.53333562723765,-34.396643836395526,63.930182279248825,-311.93601802889,-69.83882582989327,100.0,-402.32876937495433,-170.4919547520251,0.0,5.075556448961952,0.0,0.0,0.0,0.0,0.0,0.0,0.0,0.0
-252.67016908748494,3552.4744835805636,525.8356726800038,-60.23555017944261,183.4293618152583,103.72868984853199,-1814.753899614938,-3301.547101878713,100.0,-11.298586010489089,107.20176151512078,0.0,40.497112466120896,474.9108154736591,154.0678633603236,298.45627943010766,-163.08722575394313,166.37980807645476,4.363366318715407,95.19830089896453,0.0,0.0,0.0,0.0,0.0,0.0,0.0,1740.8886837404666,3301.5471018787134,124.80131356922513,1160.039462014148,-107.20176151511396,-34.91498315142678,59.92261004410413,-520.2682592374766,-154.06786336031587,100.0,1169.6337238386177,-166.37980807645818,0.0,9.491196229387246,0.0,0.0,0.0,0.0,0.0,0.0,0.0,0.0
-53.62012044157914,3568.333122107796,578.1950126423548,2952.509080100369,678.3184615356845,105.40201001041567,-1746.7195409431383,-3246.313828219615,100.0,1678.2471453033838,113.70222611039935,0.0,46.85543322643011,606.2777751746329,236.17537802218703,299.8678120141107,-585.7133453116157,162.00698128489307,1.2790903060903247,91.77526969673859,0.0,0.0,0.0,0.0,0.0,0.0,0.0,1706.8900906044466,3246.3138282196155,107.27033153935182,-11.18326410157465,-113.70222611040617,-35.16331813250254,45.77106523506949,-454.2590425750181,-236.17537802219408,100.0,-1333.6378535306699,-162.00698128488966,0.0,3.864441218593358,0.0,0.0,0.0,0.0,0.0,0.0,0.0,0.0
86.08894077370158,3432.5955707982534,630.9334467827313,-523.1862324923351,905.1536977773594,105.24284626882263,-1704.632351575948,-3187.8744363885526,110.31687337388198,-812.0394730090209,120.02454463225604,35.1397283569392,48.266436804978134,614.396696019017,316.03272562068514,299.73372805759993,-488.8875525724825,157.38032562332592,-1.8150771598607207,96.49220464247738,0.0,0.0,0.0,0.0,0.0,0.0,0.0,1783.3317179785786,3187.8744363885526,100.0,1512.5207620476806,-120.02454463225604,0.0,45.74999947591373,-625.6579524145279,-316.0327256206922,100.0,-31.661211902131186,-157.38032562311105,0.0,5.7771193739149425,0.0,0.0,0.0,0.0,0.0,0.0,0.0,0.0
199.07617372752358,3438.9613328884993,683.1340824190738,7.258598174493898,332.6439578486543,103.2539657911309,-1650.0949351499908,-3126.3204879014183,127.82429590508922,42.10428950696496,126.15881141543468,34.8443962491929,52.576592338366325,676.8998616309556,393.5147874717868,298.0550644578068,134.7274156538225,152.50709003108796,-4.895208282231636,94.52389628333111,0.0,0.0,0.0,0.0,0.0,0.0,0.0,1623.297961065496,3126.3204879014183,100.0,970.9770275078574,-126.15881141542786,0.0,48.83629155644378,-614.7156624806331,-393.5147874717795,100.0,-878.832235112921,-152.50709003109137,0.0,10.60456161705853,0.0,0.0,0.0,0.0,0.0,0.0,0.0,0.0
316.7058602812748,3428.636111481798,733.889376853268,1272.933782632278,-1145.3000820779948,99.46994658453718,-1595.4619846949367,-3061.7484240909707,145.11654776150914,-33.43710595470725,132.0954154292781,34.27960566960692,70.77865640981233,757.3108271894846,468.5001664353458,294.8448026458069,-288.2268018967238,147.39490978316553,-7.937483809871537,91.63391336707865,0.0,0.0,0.0,0.0,0.0,0.0,0.0,1652.8399087943387,3061.7484240909707,100.0,472.8086652572688,-132.0954154292849,0.0,37.74643140105944,-768.9578422665448,-468.5001664353522,100.0,-374.56045273505083,-147.39490978336676,0.0,7.773004239433576,0.0,0.0,0.0,0.0,0.0,0.0,0.0,0.0
479.41829578559435,3440.4270931181636,782.3169156033599,-764.5737611614152,-1027.3969340671783,93.9565763345496,-1623.4364614752803,-2994.2594150046843,162.05990460693107,-335.6465570162868,137.8250553374187,33.44972425329672,70.49176517174749,895.0170841468714,540.871377117516,290.1277681985947,165.98215395718512,142.0517945284132,-10.918377236298795,98.59374818291674,0.0,0.0,0.0,0.0,0.0,0.0,0.0,1538.7167331411433,2994.2594150046843,100.0,-401.06499131649684,-137.82505533740505,0.0,24.565158902885614,-886.9253824576552,-540.8713771175221,100.0,355.80020488424054,-142.05179452841662,0.0,21.3004088657329,0.0,0.0,0.0,0.0,0.0,0.0,0.0,0.0
676.8703836468918,3441.180754900835,827.5747537649468,136.1439688462508,1.4076896293659047,86.80970864240066,-1574.2210351708623,-2923.959200893874,178.52334017790247,-581.9243623784973,143.33875406958214,32.36116963414986,67.37583398123994,946.3999774760662,610.515029944067,283.9404388580863,428.9847240024096,136.48611573842118,-13.814836734720188,93.32735543863761,0.0,0.0,0.0,0.0,0.0,0.0,0.0,1587.02186244905,2923.9592008938744,100.0,-1896.8322114277623,-143.33875406958214,0.0,34.33391029330614,-935.8878677244463,-610.5150299440609,100.0,-1228.159614201212,-136.4861157382336,0.0,9.251125136073796,0.0,0.0,0.0,0.0,0.0,0.0,0.0,0.0
661.8749704733866,3401.3636211802605,868.8760537822343,-605.9261984469794,1070.4176228528127,78.15359654650308,-1548.159347316719,-2850.957926542208,194.3795395352381,-142.22523383782232,148.62787288726395,31.022359816025755,74.96829355693237,999.3221075570357,677.3220088166718,276.3306624416649,237.2915556888313,130.70659359233332,-16.604463422246454,91.73431123609623,0.0,0.0,0.0,0.0,0.0,0.0,0.0,1487.742694364326,2850.957926542208,100.0,-476.64666564240065,-148.62787288726395,0.0,15.911707029305433,-1009.2004617028937,-677.3220088166656,100.0,-463.3158648956618,-130.70659359233332,0.0,9.673561244253879,0.0,0.0,0.0,0.0,0.0,0.0,0.0,0.0
898.0634856025422,3208.571711961097,905.5027651411588,817.6686895000415,-354.8546283817768,68.13873230122965,-1399.4991110816848,-2775.3699686934006,209.5058836151193,498.6907588504073,153.68412491913887,29.44364807489322,84.0472952205161,1048.6550688689088,741.1876420735236,267.35728682573665,469.33633447110196,124.72228331514316,-19.265684574888553,79.40877315179509,0.0,0.0,0.0,0.0,0.0,0.0,0.0,1465.0000486246786,2775.3699686934006,100.0,753.8718605984172,-153.6841249191457,0.0,27.60793405829278,-1080.441888304656,-741.1876420735177,100.0,-205.099680569798,-124.72228331513634,0.0,15.090985066271905,0.0,0.0,0.0,0.0,0.0,0.0,0.0,0.0
976.1430223510886,3343.3203998665945,936.8181081541876,-1262.990800644156,-153.94241692868036,56.939230968542915,-1343.9179238726426,-2697.313756848299,223.78539746609198,-943.9744487929772,158.4995881438158,27.637242894649887,91.28897180492352,1181.9997514114566,802.0118664865158,257.08970486369105,640.3073450549152,118.54256098849874,-21.777920453474167,76.19559520371192,0.0,0.0,0.0,0.0,0.0,0.0,0.0,1389.43325458945,2697.313756848299,100.0,1321.558398579624,-158.49958814380898,0.0,15.494296449727036,-1179.2511511206367,-802.0118664865211,100.0,-1918.6989131396638,-118.54256098833844,0.0,14.999610752127701,0.0,0.0,0.0,0.0,0.0,0.0,0.0,0.0
1152.9774089598711,3267.2777411979196,962.2776447978508,667.2155929748732,-13.090063525589812,44.74980331271297,-1329.6298233502785,-2616.9115877121967,237.10765483904825,449.43694080894375,163.066717802742,25.617113556834425,85.67562655504331,1169.075867554609,859.699384038096,245.6073177575095,-314.1063652633568,112.17710886143095,-24.12174345091927,73.3881366564658,0.0,0.0,0.0,0.0,0.0,0.0,0.0,1281.1122292015991,2616.9115877121967,100.0,-543.0163645390485,-163.06671780273518,0.0,15.143289960697095,-1260.028649340134,-859.699384038091,100.0,371.4590760361341,-112.17710886127406,0.0,22.700651489072165,0.0,0.0,0.0,0.0,0.0,0.0,0.0,0.0
1210.627521088331,3289.8426137990173,981.4387441291192,-134.70610495113988,1184.9594358045738,31.78237062413075,-1291.4493533209168,-2534.2894335832025,249.36963213481255,1254.4348800673038,167.37835822060333,23.39888211327306,91.61873642154708,1241.7421773992387,914.1598112319248,232.99892103288173,-47.27083240769957,105.63590018017976,-26.27902832957048,71.09163904368721,0.0,0.0,0.0,0.0,0.0,0.0,0.0,1272.3705520031588,2534.2894335832025,100.0,-899.1197911752761,-167.37835822061015,0.0,10.940346994304548,-1354.7814537153376,-914.1598112319289,100.0,1712.2870152363498,-105.63590018018658,0.0,17.25417480599204,0.0,0.0,0.0,0.0,0.0,0.0,0.0,0.0
1263.5133696800544,3160.995625343161,993.9682777181699,278.9097561360825,-244.21859827822118,18.2623803270684,-1181.1263460048553,-2449.576744981594,260.4765051056165,807.4216356283671,171.42775401659037,20.999702577745154,81.54669715703923,1403.3837302802483,965.3078207038361,219.36201786618295,2190.4432869376137,98.9291835624249,-28.233092387160923,70.34667846024492,0.0,0.0,0.0,0.0,0.0,0.0,0.0,1196.0612265706543,2449.576744981594,100.0,424.76774025730833,-171.4277540165972,0.0,5.963247940684461,-1380.8924977858926,-965.3078207038402,100.0,-148.64274582918028,-98.92918356243172,0.0,27.11926866504126,0.0,0.0,0.0,0.0,0.0,0.0,0.0,0.0
1349.565086462312,3038.291509611745,999.6484113072199,-1422.44453107774,-940.1143515788021,4.424886426579064,-1099.5756810120797,-2362.9062478297537,270.3423821493843,225.5236876002789,175.20856068930698,18.438128270803134,87.1807394737466,1418.814730632655,1013.0632749107094,204.802065073514,893.8602690604057,92.06746694001367,-29.968824467546398,66.52608963128797,0.0,0.0,0.0,0.0,0.0,0.0,0.0,1111.2039792065768,2362.9062478297537,100.0,-872.0253895738335,-175.20856068930698,0.0,0.0,-1503.4056550923444,-1013.0632749107131,100.0,1351.793989623019,-92.06746693989089,0.0,35.66983767166826,0.0,0.0,0.0,0.0,0.0,0.0,0.0,0.0
1524.983820392961,2975.1948188422366,998.3803920037014,-1889.7114873710188,868.038875562263,-9.48953706139946,-998.1167227859369,-2274.413735500173,278.8909685261476,-326.894880899232,178.71485455609218,15.733968343151616,100.0,1471.1510023606813,1057.3513516882063,189.43165759269363,-715.3039393182007,85.06150109480359,-31.472801817956935,61.03771359486521,0.0,0.0,0.0,0.0,0.0,0.0,0.0,980.6302488960993,2274.4137355001735,100.0,947.3720512215186,-178.71485455608536,0.0,6.378538372939147,-1473.5630091020066,-1057.3513516882026,100.0,-420.44233159251235,-85.06150109479677,0.0,37.17059832377665,0.0,0.0,0.0,0.0,0.0,0.0,0.0,0.0
1493.2822292807002,3039.9475011161767,990.1862651648387,-1168.0865525593128,1212.8774670095345,-23.23897864899095,-896.125533736451,-2184.2378560574434,286.0561563600635,-27.428814352051063,181.9411420353299,12.908134587825941,100.0,1569.8258469469763,1098.102661480434,173.36965776477064,-365.7744219532583,77.9222628157163,-32.7333938900064,48.439581038126505,0.0,0.0,0.0,0.0,0.0,0.0,0.0,925.3290135569964,2184.237856057444,100.0,1421.340344752295,-181.94114203533672,0.0,5.283423375849733,-1459.4823167029583,-1098.1026614804305,100.0,-577.2917989366658,-77.92226281581861,0.0,59.699149341204276,0.0,0.0,0.0,0.0,0.0,0.0,0.0,0.0
1535.3489905600063,2783.14500629677,975.208491124484,365.5183037099471,1393.1805292051513,-36.58439516822568,-857.9782483609603,-2092.5198950276654,291.7825358644301,88.20980772417556,184.8823682531247,9.982479725119049,97.24990411324539,1564.8016074963655,1135.253356057924,156.7402761485044,-779.5215379719764,70.66093769984036,-33.74085228080048,49.80071543379568,0.0,0.0,0.0,0.0,0.0,0.0,0.0,909.3227905425247,2092.5198950276654,100.0,1891.7471418222135,-184.88236825311787,0.0,1.1909768839339452,-1603.045264815455,-1135.2533560579272,100.0,-779.2005592638645,-70.66093769984036,0.0,47.86751805370616,0.0,0.0,0.0,0.0,0.0,0.0,0.0,0.0
1612.1765739022903,2712.4408873944853,953.707468425649,-814.0531297413418,-345.51034122678857,-49.29376769491341,-772.8558256038497,-1999.403554035412,296.02582383631545,980.9715317410149,187.53392496232777,6.979628411290548,91.74895972224758,1599.3354447794504,1168.7452285536237,139.67211097602186,-595.540366746751,63.28890262662071,-34.48738611921783,37.5054446813899,0.0,0.0,0.0,0.0,0.0,0.0,0.0,764.6899087162603,1999.403554035412,100.0,-866.7389918310005,-187.53392496232436,0.0,2.912454447854537,-1597.17329921074,-1168.7452285536206,100.0,-231.1306433998675,-63.288902626532035,0.0,57.24838323543122,0.0,0.0,0.0,0.0,0.0,0.0,0.0,0.0
1796.2641305731959,2588.4575670665236,926.0570066190119,927.4754374261488,-11.054507626313352,-61.1461353520923,-730.9409104927211,-1905.0347256553682,298.75320610714715,1409.975892995055,189.8916577644252,3.9228022777609795,99.3315121856225,1727.4177527799113,1198.5258046600343,122.2971536777651,1596.5711236882953,55.81770793379064,-34.967222314430444,47.38521963078522,0.0,0.0,0.0,0.0,0.0,0.0,0.0,719.0420359976792,1905.0347256553687,100.0,544.5070645632825,-189.89165776442178,0.0,5.697530286318838,-1644.20157623321,-1198.525804660032,100.0,137.5815349248967,-55.817707933797465,0.0,58.06959457424789,0.0,0.0,0.0,0.0,0.0,0.0,0.0,0.0
1832.8768113489025,2543.2876432121184,892.7378273357517,-834.0335552648753,-654.045945285161,-71.93543686114026,-602.4163083481812,-1809.5612648310744,299.94359130104215,-1038.5753877027912,191.9518726166723,0.8356403536640755,87.7854153592277,1633.430005023035,1224.5484248448274,104.74976816716556,310.96547164514845,48.25905932004616,-35.17665020002674,41.60301171924618,0.0,0.0,0.0,0.0,0.0,0.0,0.0,548.8545719275928,1809.5612648310748,100.0,-754.973227022262,-191.9518726166757,0.0,6.759933305338321,-1646.5267623769003,-1224.5484248448297,100.0,-270.38548993182417,-48.259059320052984,0.0,69.30101131754925,0.0,0.0,0.0,0.0,0.0,0.0,0.0,0.0
1975.9170758252146,2450.7689954142825,854.3292066229221,-978.4023646909441,263.96331879252557,-81.47409305397332,-499.09933547257526,-1713.1327572191549,299.5877739385054,1122.956614257864,193.71134162122075,-2.2579837392987656,93.01149136549797,1750.8681402351267,1246.77231745593,100.0,20.253140770838627,40.62479950487841,0.0,35.176000938607054,0.0,0.0,0.0,0.0,0.0,0.0,0.0,490.4595206996363,1713.1327572191549,100.0,445.47594351390813,-193.71134162121734,0.0,4.578409687994601,-1771.5582521759927,-1246.772317455932,112.83434822155255,-78.28583708293195,-40.62479950487841,35.114050229627054,64.63709664154801,0.0,0.0,0.0,0.0,0.0,0.0,0.0,0.0
1986.4986778347568,2232.7700850542997,811.4989038448998,-72.49116000231993,-969.8004243951686,-89.59626806171514,-384.0635696760554,-1615.90028482195,297.6885056241869,178.44760860179235,195.16730808199213,-5.334146406234481,85.02498319599327,1808.905032125717,1265.1626626016027,100.0,-265.552224479552,32.926889673735786,0.0,22.70837688171696,0.0,0.0,0.0,0.0,0.0,0.0,0.0,342.9825461768281,1615.9002848219502,100.0,228.0765992262812,-195.16730808199213,0.0,14.361652595159255,-1759.2589869585665,-1265.1626626016014,130.3192141071597,425.07225731462995,-32.92688967368804,34.77990650093943,76.43267362130608,0.0,0.0,0.0,0.0,0.0,0.0,0.0,0.0
1847.154541008064,2110.9059958709868,764.9915522435876,263.58890024129323,569.1364337586992,-96.16075248057712,-338.7953040500241,-1518.0161892755877,294.26047376818974,-586.6474252778867,196.31749082318606,-8.369059084822652,84.76428368144201,1823.5923785924133,1279.6906467054787,100.0,-139.44432427244124,25.177390737287624,0.0,15.9480655648907,0.0,0.0,0.0,0.0,0.0,0.0,0.0,305.45067522433754,1518.016189275588,100.0,-1243.9738410949565,-196.31749082318947,0.0,9.985938160551768,-1741.618580298817,-1279.6906467054778,147.569615631813,-528.1666357148947,-25.17739073731491,34.1768030121375,82.54762812241287,0.0,0.0,0.0,0.0,0.0,0.0,0.0,0.0
2080.8262510300888,2019.8574416391439,715.6157129952988,1278.7057918593996,562.7667553009553,-101.05341839221865,-220.5926654862882,-1419.6338331646173,289.33018800548035,890.1404094659422,197.1600877653168,-11.339252206932429,83.47163513450293,1810.0945738876096,1290.333507651017,100.0,1811.8032317102666,17.388444435225665,0.0,21.023292424536663,0.0,0.0,0.0,0.0,0.0,0.0,0.0,244.05902658669925,1419.6338331646177,100.0,-1244.883100351011,-197.1600877653168,0.0,19.815331411307135,-1771.0046050010903,-1290.3335076510161,164.45215209602713,-601.6127935218014,-17.388444435225665,33.30940367951399,75.60640319521248,0.0,0.0,0.0,0.0,0.0,0.0,0.0,0.0
1949.5191158652244,1928.640280513074,664.2298178379943,-1107.3540662673986,-1644.2765555246342,-104.18920355183559,-177.1573937047168,-1320.9073597369502,282.9357751917422,-1014.1563794952555,197.69377874590646,-14.221756693266059,86.51724577517444,1759.6911802341576,1297.0745704446713,100.0,-1105.5476167019413,9.572254312113273,0.0,17.807058190446742,0.0,0.0,0.0,0.0,0.0,0.0,0.0,133.00356136009594,1320.9073597369504,100.0,-700.9236657278317,-197.69377874590646,0.0,23.986846871481514,-1817.5189901491408,-1297.0745704446713,180.83626757215046,-350.2515843197614,-9.57225431209963,32.184416270195726,87.75173302614013,0.0,0.0,0.0,0.0,0.0,0.0,0.0,0.0
2031.9278290331715,1781.3674282425895,611.7272446657862,-170.7062486739119,-1433.477586826508,-105.51359025341412,-61.48345328775217,-1221.9914513957178,275.1266845610064,2174.5097347689525,197.91772759054766,-16.994281577806305,75.7201994396768,1757.097840242494,1299.9032733418926,100.0,-304.5798918419507,1.7410665976763084,0.0,14.187922183283101,0.0,0.0,0.0,0.0,0.0,0.0,0.0,28.64180947986809,1221.991451395718,100.0,-415.6228957666525,-197.91772759054766,0.0,28.823258446750096,-1782.5722913566099,-1299.9032733418926,196.59526051866985,569.7423358399647,-1.7410665976831297,30.810540530010968,81.61782620668137,0.0,0.0,0.0,0.0,0.0,0.0,0.0,0.0
2068.1276725047205,1639.3319789592297,559.0207855612409,1482.7712883896345,-1035.957648892662,-105.00355315501565,96.00554593827596,-1123.0410873463934,265.96330532514185,546.5912942648594,197.8315834208604,-19.635386388058578,71.00435622857876,1777.4559732544153,1298.8151843950313,100.0,960.5970447706591,-6.092848980463259,0.0,12.297866945800509,0.0,0.0,0.0,0.0,0.0,0.0,0.0,-64.14667457015015,1123.0410873463936,100.0,153.84121797010835,-197.8315834208638,0.0,25.511182908696902,-1791.9226495334913,-1298.8151843950313,211.60726358778658,1211.5571664301592,6.092848980463259,29.198400906365407,89.57657210795723,0.0,0.0,0.0,0.0,0.0,0.0,0.0,0.0
2038.7977090437,1433.7789584637965,507.0267772991856,-691.4055073579527,-345.1764790950142,-102.66795959004469,212.64354218175032,-1024.2113007788473,255.51649967236654,1431.436459830486,197.43548120571404,-22.124646948466733,67.81243197407412,1800.4176877679547,1293.8120083972121,100.0,-900.2461796493651,-13.917218420792778,0.0,6.14307361652076,0.0,0.0,0.0,0.0,0.0,0.0,0.0,-151.82464463133624,1024.2113007788478,100.0,-1553.4106705162103,-197.43548120571234,0.0,37.97659243401386,-1769.1746105967327,-1293.8120083972117,225.7561860492546,-404.22284848977824,13.917218420792778,27.36046438753192,97.67404219435952,0.0,0.0,0.0,0.0,0.0,0.0,0.0,0.0
1946.9568005720835,1377.0924498721076,456.64917022368104,-58.19636336288113,725.1540060507671,-98.54741540310158,298.6693379334172,-925.6569359649083,243.86705477621226,-455.36375888307845,196.7300415492207,-24.442813324540396,55.917901034044284,1809.2301428365809,1284.9015842113022,100.0,-1184.071216771431,-21.719782678449064,0.0,10.703727196204884,0.0,0.0,0.0,0.0,0.0,0.0,0.0,-283.82464812110294,925.6569359649086,100.0,-64.61146460061656,-196.7300415492207,0.0,35.536272581736014,-1783.3384493221351,-1284.9015842113013,238.93261154249663,13.965689570948143,21.71978267841496,25.310944092998255,100.0,0.0,0.0,0.0,0.0,0.0,0.0,0.0,0.0
2021.5336666904655,1226.328136063849,408.76381247129177,-404.8328216851246,488.4271549679886,-92.71355898951356,391.8526519997389,-827.5324056518372,231.10505805264688,-151.55803496258613,195.71636971773387,-26.571958686192403,53.66696827554918,1728.9970049374674,1272.0978724881602,100.0,168.72556665389652,-29.488316872300402,0.0,0.0,0.0,0.0,0.0,0.0,0.0,0.0,0.0,-363.25332211097384,827.5324056518375,100.0,-1010.3731325507053,-195.71636971773387,0.0,51.481785543331135,-1755.9753303000114,-1272.0978724881616,251.0346442145378,17.520710017284955,29.48831687234133,23.06568936049743,96.3505823703187,0.0,0.0,0.0,0.0,0.0,0.0,0.0,0.0
1939.7296820452773,1073.4758378210681,364.20322276988753,122.35873464100791,-1165.3012786536783,-85.26781581556207,458.21952604403043,-729.9914491319056,217.32920049661735,-241.263461755035,194.39605391011753,-28.495617939607456,47.21307959564175,1801.7761227413512,1255.4209337934035,100.0,-21.005426650674508,-37.210649439075496,0.0,0.5317936590700416,0.0,0.0,0.0,0.0,0.0,0.0,0.0,-391.10274630143994,729.9914491319058,100.0,-732.8475984738424,-194.39605391011924,0.0,49.92346969472684,-1764.9035859294952,-1255.4209337934053,261.96869670039484,-541.2955458382464,37.21064943908232,20.642063180243042,100.0,0.0,0.0,0.0,0.0,0.0,0.0,0.0,0.0
1807.597823753582,913.2418404631994,323.7421165479971,-1213.2030754092102,-634.318301556608,-76.3396350679838,536.0114632005248,-633.186891367206,202.64601348545864,-473.905937034894,192.7711627667577,-30.198915054771334,43.399199113582654,1721.3341324604903,1234.8968971769673,100.0,-178.19938974284355,-44.87468120282756,0.0,0.0,0.0,0.0,0.0,0.0,0.0,0.0,0.0,-514.942141138998,633.1868913672063,100.0,-927.4657385494442,-192.7711627667577,0.0,54.936314449050336,-1710.0802833449488,-1234.8968971769696,271.65021385230773,431.9108499440176,44.87468120283438,18.058807923335962,96.27442820673559,0.0,0.0,0.0,0.0,0.0,0.0,0.0,0.0
1802.7517763582396,745.6582165022302,288.083936992886,215.8035226775155,-866.8143893135976,-66.08423909509582,711.8710160456343,-537.2704035469266,187.16904495109003,800.3702094488978,190.84424213030786,-31.668678104856696,40.86760514472363,1646.8187057564144,1210.5579192347027,100.0,308.9707582870858,-52.46840433215539,0.0,11.285288795364785,0.0,0.0,0.0,0.0,0.0,0.0,0.0,-625.7521343817651,537.2704035469269,100.0,-201.7360076987353,-190.84424213030957,0.0,66.46670144445211,-1761.5713161276592,-1210.5579192347054,280.00432662109756,-346.57645066414375,52.468404332087175,15.3359004035201,95.27750279775417,0.0,0.0,0.0,0.0,0.0,0.0,0.0,0.0
1668.1922338627924,682.0976415172839,257.84862522381496,1055.302800812285,1358.272628300569,-54.67992476306193,733.5704148838754,-442.39226545237455,171.01798129185107,74.41504318812804,188.61831105677652,-32.89354112729754,39.72146436612574,1669.7135345052059,1182.4421337261497,100.0,-211.15942690740894,-59.97992115361285,0.0,3.973787231915308,0.0,0.0,0.0,0.0,0.0,0.0,0.0,-724.4302979558647,442.3922654523748,100.0,328.6797686153312,-188.61831105677652,0.0,65.81428598859749,-1726.153356572869,-1182.4421337261524,286.9664310330339,-1229.3662829342259,59.97992115360603,12.494397392591736,90.9263344999125,0.0,0.0,0.0,0.0,0.0,0.0,0.0,0.0
1668.788739944897,479.62649818813725,233.56184220423273,-980.0126183895441,-233.23379685075054,-42.32496364576889,818.7273712594974,-348.7011300020266,154.3177218143751,975.4192965604017,186.09685708418397,-33.864032018788635,26.298449941633365,1643.7320848127993,1150.5935918274304,100.0,2117.7063903381054,-67.39746279269184,0.0,9.074503718512142,0.0,0.0,0.0,0.0,0.0,0.0,0.0,-759.7898952685829,348.70113000202684,100.0,1256.900795208007,-186.09685708418226,0.0,71.06184002520867,-1563.1333581642637,-1150.5935918274276,292.4826877848917,109.63420711449999,67.39746279269184,9.556272784207636,90.22107306275349,0.0,0.0,0.0,0.0,0.0,0.0,0.0,0.0
1675.23057535782,371.5800809798235,215.64582977699985,-1951.4010380834986,-753.6386269178181,-29.234154942859334,875.5145567059321,-256.34379034546794,137.19741286303145,-696.679190992536,183.28383076977047,-34.572645785188314,25.03283807575663,1597.1558568723196,1115.062193112844,100.0,-19.765730411892264,-74.70940761323845,0.0,11.533582516772933,0.0,0.0,0.0,0.0,0.0,0.0,0.0,-858.073580823618,256.3437903454683,100.0,-941.1650326651045,-183.28383076977047,0.0,75.01087840837178,-1603.7362402267336,-1115.0621931128408,296.5104385937224,924.0540527812789,74.70940761314978,6.54424766563011,80.94775479896417,0.0,0.0,0.0,0.0,0.0,0.0,0.0,0.0
1550.1949539390373,157.24011779130896,204.4120697097128,0.2748165249977319,-751.7885901395525,-15.635091052401435,976.5373038585318,-165.4649498712688,119.78944910621524,-296.7627175571539,180.18363949910508,-35.01390257879393,25.58043615686331,1545.8759342256087,1075.9036073733737,100.0,-267.76550471951055,-81.90429942537094,0.0,5.893941002911989,0.0,0.0,0.0,0.0,0.0,0.0,0.0,-893.9371172949034,165.46494987126903,100.0,599.0905901345474,-180.18363949910508,0.0,74.64350062292664,-1590.8277128900581,-1075.9036073733778,299.01853608162355,-678.8240083658195,81.90429942536412,3.481614611056898,76.84993802595658,0.0,0.0,0.0,0.0,0.0,0.0,0.0,0.0
1408.8228481535484,-26.715970910662076,200.0558683774168,1127.1641645870727,133.1189417634454,-1.7642007263890491,1023.8766459012978,-76.20699548892435,102.22844970269695,-1103.9409245162392,176.8011405819243,-35.18439007526986,20.392874609023846,1482.6299855129216,1033.1791873945003,100.0,226.50807504821955,-88.97086543567184,0.0,15.767841471471327,0.0,0.0,0.0,0.0,0.0,0.0,0.0,-1020.2088405806016,76.20699548892458,100.0,-612.4270296417097,-176.8011405819209,0.0,93.25618401906003,-1483.9860424776148,-1033.1791873945044,299.9875846444537,36.42957633342007,88.97086543578098,0.39205755568417544,85.49279055991565,0.0,0.0,0.0,0.0,0.0,0.0,0.0,0.0
1220.8282066484578,-73.89061703545902,202.6529612316525,-2296.7188882050996,-284.19572486708574,12.137361400230304,1204.450017389853,11.290225459673366,100.0,-447.66156655188524,173.14163364116894,0.0,15.45368046392271,1419.1553885714247,986.9558728300499,100.0,28.78333766988021,-95.8980339087816,0.0,21.650363962677492,0.0,0.0,0.0,0.0,0.0,0.0,0.0,-1150.3032169433955,-11.290225459673138,115.34978273442158,914.0680429407223,-173.14163364116894,35.08278986183619,85.92333392495546,-1437.285051466133,-986.9558728300544,299.41009044179805,-52.78340978765982,95.8980339087816,-2.7005313567792655,75.07851747791884,0.0,0.0,0.0,0.0,0.0,0.0,0.0,0.0
1202.5123954839949,-260.458337100113,212.15819608935834,789.3811952907879,147.5576372882884,25.827907442831304,1188.7254743415635,96.88962430991614,100.0,-863.7975649679436,169.2108523089962,0.0,18.68625022711189,1413.0423005618004,937.3060853226602,100.0,439.8035390928135,-102.67495151364074,0.0,24.562842104843387,0.0,0.0,0.0,0.0,0.0,0.0,0.0,-1194.1087472514726,-96.88962430991592,132.80931232565075,297.54745215260186,-169.2108523089962,34.70988763249366,89.00156082762774,-1343.0822069789567,-937.3060853226648,297.2905193482897,423.26847698629535,102.67495151350431,-5.7722365366797135,77.74019962408596,0.0,0.0,0.0,0.0,0.0,0.0,0.0,0.0
1155.3224660697877,-404.95047202191574,228.40631813354577,-356.93452228475167,-1337.871534208889,39.06941817161794,1248.9900143100306,180.45708586188812,100.0,333.92207326379776,165.0149552450398,0.0,14.927764320154035,1196.9840699491774,884.3076150351926,100.0,-347.8412164683414,-109.29100032931274,0.0,29.22904850883942,0.0,0.0,0.0,0.0,0.0,0.0,0.0,-1328.71104266914,-180.4570858618879,150.01512114362566,-754.1924134614692,-165.0149552450364,34.06856711260659,75.1655302446478,-1244.0152515366115,-884.3076150351981,293.64526241813553,227.93841492846354,109.29100032930592,-8.799303892332375,75.22956380416157,0.0,0.0,0.0,0.0,0.0,0.0,0.0,0.0
1007.6211897069055,-593.3310792265896,251.1148429779708,-1872.45829880254,967.2585844202678,51.631681133598306,1323.911980204826,261.86167850901643,100.0,-359.81965635008123,160.56051648558764,0.0,10.30774553499829,1212.6666337041352,828.043498770875,100.0,519.3512898886115,-115.73581448030268,0.0,35.051991867423865,0.0,0.0,0.0,0.0,0.0,0.0,0.0,-1316.21775341249,-261.861678509016,166.83415333290313,-43.49733004714608,-160.56051648558764,33.16378775809227,100.0,-1275.2295636605234,-828.0434987708702,288.5025091299162,-718.5891556804631,115.73581448046298,-11.758324524981845,74.62770012785869,0.0,0.0,0.0,0.0,0.0,0.0,0.0,0.0
890.0836810226409,-800.1721379233664,279.8889678456983,-183.76918131679133,-1021.1905595140507,63.29629304914107,1385.122023942603,340.9758593787765,100.0,530.6751886251573,155.85451514421266,0.0,6.151204926874307,1155.8283148611038,768.6018898730777,100.0,24.622504776480127,-121.99929637774972,0.0,41.71491676481794,0.0,0.0,0.0,0.0,0.0,0.0,0.0,-1375.5008044380227,-340.97585937877625,183.136344056706,-1199.9969757832787,-155.85451514421607,32.00254640299576,94.19200857700217,-1143.6172394269188,-768.6018898730722,281.90202939188157,2043.3967192129842,121.9992963777463,-14.626415754374875,59.88617840554566,0.0,0.0,0.0,0.0,0.0,0.0,0.0,0.0
698.4860582998094,-922.8339470107899,314.2284354774054,1666.089457489179,-932.0488126652134,73.8604568978451,1459.594696515279,417.67567416392717,100.0,-72.65148332172998,150.9043244775944,0.0,0.0,1067.618887990465,706.0759201087119,100.0,652.6228772990976,-128.07163254002376,0.0,49.6693649627066,0.0,0.0,0.0,0.0,0.0,0.0,0.0,-1443.1659987735077,-417.67567416392694,198.79562531351166,33.15213766453212,-150.90432447758758,30.593823151977375,91.95176730653075,-1042.038464749273,-706.075920108718,273.8948659935427,-103.39369031394483,128.07163254001694,-17.38139807499863,49.15074031992115,0.0,0.0,0.0,0.0,0.0,0.0,0.0,0.0
579.1725847367627,-1004.7178029767801,353.53623143589493,-1607.6310797702167,-1550.832135752039,83.14050767935981,1539.4408008896842,491.8409513313686,100.0,-956.5595036026423,145.7177003321624,0.0,11.025504887346735,990.9511133655918,640.5635537514474,100.0,-640.3594032158196,-133.94330896812903,0.0,35.8273593550697,0.0,0.0,0.0,0.0,0.0,0.0,0.0,-1501.5095702331682,-491.8409513313686,213.69090084535483,-518.2655218132629,-145.7177003321624,28.948511935020065,100.0,-1017.179520965777,-640.5635537514538,264.54293988187976,-974.49810146537,133.94330896831661,-20.001966674398943,51.10989312921858,0.0,0.0,0.0,0.0,0.0,0.0,0.0,0.0
534.7020575433313,-1222.554349988968,397.1289635983403,497.4174664784425,-111.80455322653415,90.97510555139564,1571.3822034475472,563.3554904041316,100.0,-1768.7308384820335,140.30276899349474,0.0,3.968549674251725,1010.4505678828546,572.1674340935153,100.0,-277.5488189464636,-139.60512605295776,0.0,49.119302538987895,0.0,0.0,0.0,0.0,0.0,0.0,0.0,-1577.8309339653435,-563.3554904041312,227.7069825986591,376.26616650191863,-140.30276899349133,27.079336262787024,86.85107313072777,-913.1051639366416,-572.1674340935217,253.91857131465883,-669.3742357437202,139.60512605296117,-22.467856187563058,44.64494479398142,0.0,0.0,0.0,0.0,0.0,0.0,0.0,0.0
436.39301253294104,-1379.641916373942,444.2487433819183,601.7944903050559,-1160.636810213972,97.22804082952678,1544.52453194772,632.107244021679,100.0,-556.4154599240089,134.66801445300462,0.0,0.9793304232256759,812.8960365124583,500.9947226265217,100.0,175.79939467078646,-145.0482129871432,0.0,62.70782696444265,0.0,0.0,0.0,0.0,0.0,0.0,0.0,-1593.802905836526,-632.1072440216788,240.73548149580205,359.1379026524112,-134.66801445300803,25.000750833049352,92.77389658988433,-851.2403578367375,-500.9947226265285,242.10392059385512,-675.0350290761509,145.04821298694537,-24.759997412752455,47.79318290292909,0.0,0.0,0.0,0.0,0.0,0.0,0.0,0.0
243.4349638212169,-1418.3387507278203,494.07636213989485,-1052.7404774144102,-321.34004234257986,101.79060208400017,1679.605997917748,697.9884934931692,100.0,56.757712948731296,128.82226511682575,0.0,11.010984340200356,747.945834939382,427.15693114324995,100.0,108.35305078045167,-150.26404166550265,0.0,71.97732681621909,0.0,0.0,0.0,0.0,0.0,0.0,0.0,-1640.510193348971,-697.988493493169,252.67564562885926,350.08913664106103,-128.82226511682575,22.7288297500273,100.0,-744.5366352457997,-427.156931143257,229.1903527041056,-176.43376802910666,150.26404166530483,-26.86066477751453,42.59927934815922,0.0,0.0,0.0,0.0,0.0,0.0,0.0,0.0
210.72920598851658,-1656.7401948019935,545.7455336476486,1021.0294954202463,-1195.6587062959863,104.58346615899643,1714.8680309893625,760.8960175686552,100.0,-949.1359605180241,122.77467997270833,0.0,14.609854638281433,659.2958993332539,350.7697470235221,100.0,-840.8338968428188,-155.24444004576935,0.0,70.10443571500315,0.0,0.0,0.0,0.0,0.0,0.0,0.0,-1676.2264872150758,-760.8960175686552,263.4351393936365,-1408.7695898505126,-122.77467997270492,20.281142219925528,88.86680388367188,-523.8791650202804,-350.7697470235155,215.27773076957578,1468.3276983008686,155.2444400459808,-28.753613413844903,27.21005752342129,0.0,0.0,0.0,0.0,0.0,0.0,0.0,0.0
-121.97511908493514,-1728.4363853677075,598.3579550637155,-90.8914033579235,1160.5869115285213,105.55807725867624,1691.2286247706456,820.7312541638237,100.0,34.3255719911042,116.53473423970695,0.0,0.0,535.894198838389,271.9528519777766,100.0,589.9607289367088,-159.9816049525225,0.0,81.46797079776077,0.0,0.0,0.0,0.0,0.0,0.0,0.0,-1743.4717900358046,-820.7312541638237,272.930757538811,-400.6643506196167,-116.53473423970354,17.676616684896373,92.80096100735602,-592.6895624453762,-271.9528519777698,200.473643793051,-702.0901881913937,159.9816049525225,-30.424204782885056,35.63801539603145,0.0,0.0,0.0,0.0,0.0,0.0,0.0,0.0
-106.69587024683756,-1881.1179506845058,650.9989245208881,1169.0461722011466,-1656.5163130748113,104.69749112226793,1776.6527099235548,877.4004547848035,100.0,-460.79104792038606,110.11220452384578,0.0,16.05427125800733,475.43693641078625,190.82973453255659,100.0,-271.04149347296385,-164.4681143030607,0.0,74.20262163156507,0.0,0.0,0.0,0.0,0.0,0.0,0.0,-1725.1282606439363,-877.4004547848035,281.0890686082646,-229.6798311400687,-110.11220452384578,14.935394445939778,83.47306834757458,-454.5974884799512,-190.8297345325493,184.89257464932615,-1877.1304421017091,164.46811430305388,-31.859519877755673,27.326432313420774,0.0,0.0,0.0,0.0,0.0,0.0,0.0,0.0
-335.8922387278035,-2026.6141507809855,702.7532438253099,-378.0139147957462,974.5093417280452,102.01666961095214,1772.659723212595,930.8148314112018,100.0,-573.8859190894004,103.5171534990991,0.0,17.422572605230066,443.89100716587586,107.52749655142748,100.0,477.6621157054399,-168.6969387358738,0.0,85.9510043664647,0.0,0.0,0.0,0.0,0.0,0.0,0.0,-1721.0269524251376,-930.8148314112013,287.84698280076776,-235.6909636251214,-103.5171534990991,12.078673906071629,89.03038252485165,-420.0986204702448,-107.52749655143543,168.655014766936,909.577638796475,168.6969387361023,-33.048459128475116,23.96241362305316,0.0,0.0,0.0,0.0,0.0,0.0,0.0,0.0
-318.7113197198794,-2082.3725405849186,752.7211297845674,-946.2084292350181,-164.25327476709072,97.56222058607136,1830.6298932954903,980.8906956071751,100.0,409.842565612571,96.75991414223745,0.0,20.073184451381387,279.92736880407034,22.176654094669857,100.0,-164.90499785689025,-172.66145262506257,0.0,79.6069975778494,0.0,0.0,0.0,0.0,0.0,0.0,0.0,-1762.205348428762,-980.8906956071751,293.1522398556525,-1181.449279657403,-96.75991414224427,9.128546639082913,79.85267877653608,-293.8999343276977,-22.176654094677815,151.8865323445734,155.25352026360395,172.6614526252979,-33.98182823736519,10.305373746206545,0.0,0.0,0.0,0.0,0.0,0.0,0.0,0.0
-525.8208642443467,-2227.323387693735,800.0338575356385,-30.051756197528903,963.390243115773,91.41158760050985,1822.8205621979448,1027.549589642551,100.0,783.571588944933,89.85107354286583,0.0,22.009231197709287,203.28534614856008,-65.08906707032975,100.0,-481.1364347549582,-176.3554444600345,0.0,84.05255245213422,0.0,0.0,0.0,0.0,0.0,0.0,0.0,-1884.4147572769837,-1027.5495896425505,296.96381319153437,-187.47400814826392,-89.85107354287265,6.107826551100857,88.87729868158993,-176.27330987377636,65.08906707032156,134.71680130787288,867.6014627548168,176.35544446003792,-34.65240928014694,15.005152327145002,0.0,0.0,0.0,0.0,0.0,0.0,0.0,0.0
-572.7686410730917,-2323.6617229302874,843.8688639033073,578.6960295610146,1087.4135363560276,83.67170349106686,1742.9868363677376,1070.7184094186377,100.0,858.6541442648797,82.80145631582627,0.0,23.652955284323536,73.1079161793682,-154.1329409875823,100.0,536.2513871782886,-179.7731265775667,0.0,100.0,0.0,0.0,0.0,0.0,0.0,0.0,0.0,-1753.801974503156,-1070.7184094186373,299.2522271728226,-271.57637040676946,-82.80145631582627,3.039873456215787,79.27656186560509,-60.42421015034705,154.1329409875741,117.27859851579197,858.2566531748386,179.77312657732114,-35.05501652354354,3.1682444640821528,0.0,0.0,0.0,0.0,0.0,0.0,0.0,0.0
-818.6843427574985,-2473.9553225211735,883.4640482068899,-1185.3395302050699,-1558.6531630441118,74.4771312804437,1827.9941533236113,1110.3295190060699,100.0,-900.243309190131,75.62210764203883,0.0,30.292086705696327,-34.59755016045556,-244.8154557316294,100.29322302857292,-72.20184337353545,-182.90914423092033,21.991538058906173,96.10384410590464,0.0,0.0,0.0,0.0,0.0,0.0,0.0,-1753.6646162741024,-1110.3295190060699,299.99978505052326,-326.2658784392909,-75.62210764203883,-0.05158756947253096,72.480378031147,37.86862501721502,244.815455731621,100.0,480.02146469138006,182.9091442311659,-13.194998468872114,8.661258915122566,0.0,0.0,0.0,0.0,0.0,0.0,0.0,0.0
-893.4738939525649,-2608.9725423016116,918.1310218864214,292.9461764271633,277.37460696257585,63.98772470911126,1804.753668622834,1146.3208566152452,100.0,168.29058730488214,68.32427596212256,0.0,47.09103006238115,-108.68427169764948,-336.99453199165134,117.86277702240588,-370.24114879932824,-185.75858397865545,35.04595222304211,92.94546562367982,0.0,0.0,0.0,0.0,0.0,0.0,0.0,-1801.1762847212274,-1146.3208566152452,299.2007058146327,829.196623144743,-68.32427596212256,-3.1426496584836627,65.27567173290664,64.68039992443036,336.9945319916594,100.0,724.3666208002445,185.75858397865545,0.0,9.114072556035033,0.0,0.0,0.0,0.0,0.0,0.0,0.0,0.0
-913.4512769210866,-2725.764469974175,947.2670765946892,-1594.3726378157703,608.0723572504598,52.385849072603605,1762.5680189700624,1178.636031833346,100.0,58.24255292461089,60.91939535373058,0.0,41.901834516531544,-221.34917695761908,-430.5257456781811,135.2941946983053,-617.0747450823094,-188.3169813830898,34.634350775116616,84.42999519539305,0.0,0.0,0.0,0.0,0.0,0.0,0.0,-1751.3252585731934,-1178.636031833346,296.8611688998064,349.96718515420866,-60.9193953537374,-6.209409028391519,62.29989759845618,215.78152747572162,430.5257456781892,100.0,654.1119295359649,188.3169813830898,0.0,2.896377547605573,0.0,0.0,0.0,0.0,0.0,0.0,0.0,0.0
-1100.9785029945108,-2789.667884987739,970.3656626818638,178.56553308077878,-187.94030349299874,39.873210679466524,1747.5344117552581,1207.224413975538,100.0,197.24643142044556,53.4190676160847,0.0,39.8601308506768,-213.63933734756958,-525.2625542033984,152.45267552379156,541.3197652134963,-190.58032800510205,33.95491517778822,94.28708622933506,0.0,0.0,0.0,0.0,0.0,0.0,0.0,-1768.3671168026071,-1207.224413975538,292.9992663985949,-18.766390383815406,-53.4190676160847,-9.228149834420094,63.203946273895305,258.75849884233935,525.2625542033898,100.0,745.5161781662463,190.58032800510034,0.0,0.0,0.0,0.0,0.0,0.0,0.0,0.0,0.0,0.0
-1293.5895484369935,-2893.5582017751344,987.0251958974112,-1279.9039643374533,78.6084406076975,26.667350053287464,1743.7032775603473,1232.0412114120045,100.0,-172.18249354459772,45.835044092814314,0.0,52.416462082820594,-422.855577203016,-621.0565260808046,169.20552963997162,-933.2975385252695,-192.5450776841899,33.01289963819755,94.9617853452576,0.0,0.0,0.0,0.0,0.0,0.0,0.0,-1819.7870131325665,-1232.041211412004,287.6448631517824,19.273650880926425,-45.83504409280749,-12.175527568610676,52.09691139225978,437.2314742285218,621.0565260807957,100.0,65.25000634658568,192.5450776844508,0.0,1.7153663526949279,0.0,0.0,0.0,0.0,0.0,0.0,0.0,0.0
-1332.9629601372988,-2992.134735418416,996.9560391988018,-441.0029352590175,-48.14765436196922,12.997859846289543,1708.717533869088,1253.04754174644,100.0,637.7275125410699,38.179207260343446,0.0,59.18655043624449,-456.79066038853006,-717.7575734842972,185.42320397793395,-577.9348814373768,-194.2081520958243,31.81558894523107,100.0,0.0,0.0,0.0,0.0,0.0,0.0,0.0,-1756.1705725849015,-1253.04754174644,280.83936579778265,148.07832576233864,-38.179207260343446,-15.02874958754262,37.13751460833936,466.0440849931163,717.7575734843056,100.0,626.6984524543398,194.2081520958243,0.0,1.3211283857788763,0.0,0.0,0.0,0.0,0.0,0.0,0.0,0.0
-1482.6918692428033,-3109.3041074019284,999.9855382837588,486.80922809565914,1057.0280868510577,-0.8976067813148347,1693.5721540316117,1270.210492736112,100.0,774.8632747305658,30.463552110379624,0.0,58.9740085537465,-574.1870932432687,-815.2141874023782,200.98028411775232,-413.3175015983454,-195.56694557189303,30.37224213453129,91.75585346814061,0.0,0.0,0.0,0.0,0.0,0.0,0.0,-1778.2545030625063,-1270.210492736112,272.6354025670805,192.69419102246502,-30.463552110379624,-17.765751372151612,30.87494302504053,641.7518640006506,815.2141874023691,100.0,-439.98915092259494,195.5669455716304,0.0,1.7017031931643576,0.0,0.0,0.0,0.0,0.0,0.0,0.0,-0.050036622866325604
-1480.7700927847395,-3123.3713677479354,996.0610232998963,-1282.5065279182252,-1303.0356297999515,-14.777467919240053,1659.9549239583603,1283.5031738580306,100.0,1126.1103006630424,22.700167356777,0.0,69.16805892052405,-670.4536467535225,-913.273675019043,215.756464142514,654.6697585720796,-196.6193291858093,28.694020886879343,87.8844983064748,0.0,0.0,0.0,0.0,0.0,0.0,0.0,-1664.9414100703223,-1283.5031738580306,263.0964162979159,-456.93957813656084,-22.700167356777,-20.36536715699185,36.57708561285293,686.8601061628211,913.2736750190339,100.0,-315.46480237659637,196.619329185811,0.0,17.720726532054222,0.0,0.0,0.0,0.0,0.0,0.0,0.0,-0.05817817197670824
-1653.611967020315,-3159.2979361976,985.2507245450607,1467.2029010565598,1041.7529394160056,-28.40041296906179,1690.041438120711,1292.9047584403947,100.0,-732.7529299796129,14.901216494952223,0.0,70.60722490791993,-704.1836348831725,-1011.7823989494088,229.6374769872913,970.7138246898461,-197.36365408675,26.793903212551697,86.49629809957284,0.0,0.0,0.0,0.0,0.0,0.0,0.0,-1578.9906968432335,-1292.9047584403947,252.29617382051896,-680.79288750008,-14.901216494952223,-22.80749360918506,31.5026275200074,723.6059718130523,1011.7823989494174,100.0,1005.3427992381773,197.36365408701772,0.0,9.579736270044018,0.0,0.0,0.0,0.0,0.0,0.0,0.0,-0.0676444472200646
-1788.9403920624545,-3228.5450130216295,967.7425862383129,-1532.0464954970055,-638.3004892968165,-41.529597988916294,1564.4245371712195,1298.4005162933586,100.0,-1168.2042472108185,7.078918744500697,0.0,78.98746237532231,-797.8759665300867,-1110.5860179553613,242.51597808851838,1245.8763866037918,-197.7987540833169,24.686583089868748,89.43662313717985,0.0,0.0,0.0,0.0,0.0,0.0,0.0,-1546.3895634110713,-1298.4005162933586,240.31819550390776,355.42649538848195,-7.078918744500697,-25.073245291399928,29.38533272280811,835.3324108666169,1110.58601795537,100.0,732.1901057913868,197.7987540833169,0.0,8.84376771887327,0.0,0.0,0.0,0.0,0.0,0.0,0.0,-0.07865099717364833
-1779.3383192078013,-3376.1282359508396,943.8409989849426,-330.4376943811644,-775.3965849084602,-53.936763382965296,1520.5104190581071,1299.9818367879575,100.0,-1431.1327513131516,-0.7544700955463668,0.0,96.9714830349455,-833.3654343560929,-1209.5297287638066,254.29237550030496,-2220.0588396713624,-197.9239474706867,22.38835683396772,87.15500187099052,0.0,0.0,0.0,0.0,0.0,0.0,0.0,-1628.952039683362,-1299.9818367879575,227.25510937668912,-460.5495836131695,0.7544700955463668,-27.145100706629677,20.793648612742867,903.9377861530486,1209.529728763815,100.0,812.6210163012524,197.9239474706833,0.0,12.123730801396448,0.0,0.0,0.0,0.0,0.0,0.0,0.0,-0.09144844271229938
-1783.3553877355605,-3373.7320078556536,913.9615077437495,-319.269261202179,809.201318251578,-65.40620234570326,1456.3887676469624,1297.6462423470448,100.0,2060.746571886385,-8.586676848919979,0.0,80.82457838651257,-1040.3982679345206,-1308.4585086090033,264.87560005826646,-997.4008138962273,-197.73903809842523,19.916997074005565,82.45057019404875,0.0,0.0,0.0,0.0,0.0,0.0,0.0,-1405.218923244793,-1297.6462423470448,213.2079348165435,51.67180806711144,8.586676848919979,-29.007037795159505,22.667178806644568,1012.3136832196401,1308.4585086089942,100.0,-596.229434311357,197.73903809869466,0.0,24.430094297154685,0.0,0.0,0.0,0.0,0.0,0.0,0.0,-0.10632818368521114
-1752.951405745037,-3399.5419891424503,878.6235873021228,-880.627012436421,-102.9332210862708,-75.7385110679894,1482.4238792096626,1291.3973923271055,100.0,-978.9603160942067,-16.405430191432515,0.0,92.64426778297756,-1054.2614646660136,-1407.2173581187064,274.1838096350309,-1623.585413450021,-197.24431567888814,17.291615314192086,83.49583520712734,0.0,0.0,0.0,0.0,0.0,0.0,0.0,-1497.9675732708488,-1291.3973923271055,198.28530134779686,-609.5476016289706,16.405430191432515,-30.64465783659017,12.146849038753547,918.4142542158429,1407.2173581187149,100.0,-181.30230217312487,197.24431567915417,0.0,18.87010950092541,0.0,0.0,0.0,0.0,0.0,0.0,0.0,-0.12362903413636196
-1917.69739139762,-3424.7341632023786,838.4416108620819,-218.13962287240997,-1335.3767601667619,-84.7540555049278,1338.869664421485,1281.2450772848629,100.0,-86.07664503471256,-24.19847987740468,0.0,89.66913385060653,-1157.1967485509497,-1505.651544163672,282.14502204127166,-303.12715911582814,-196.44055533195456,14.53251414067779,72.28458278072318,0.0,0.0,0.0,0.0,0.0,0.0,0.0,-1402.9957074925014,-1281.2450772848629,182.6026085882558,887.9896099853408,24.19847987740468,-32.04529679764917,3.626262797927801,1037.8963723826241,1505.651544163663,100.0,920.4422628498617,196.44055533195456,0.0,22.87598981727055,0.0,0.0,0.0,0.0,0.0,0.0,0.0,-0.1437449371536248
-2014.8760652821347,-3433.029476124054,794.1141687543488,-622.4929994696822,-189.64725471119664,-92.29609443225286,1331.330231850834,1267.2052036376467,100.0,-1345.2595754147592,-31.953615933009587,0.0,98.38124697589943,-1240.9528488030794,-1603.6068422900216,288.6976716779392,1694.4088487791657,-195.32901637060604,11.661030217745747,63.789612328922594,0.0,0.0,0.0,0.0,0.0,0.0,0.0,-1286.4509738963197,-1267.2052036376467,166.28113384157524,-298.95008636959915,31.953615933002766,-33.198123265577806,11.151819547808618,1189.4447934674292,1603.6068422900125,100.0,-212.74395339023613,195.32901637060604,0.0,35.61951987172118,0.0,0.0,0.0,0.0,0.0,0.0,0.0,-0.1671339350148836
-2074.87028030262,-3534.1660996897413,746.4119229818009,1145.5100568094679,-727.9425833219716,-98.23350449764177,1336.5510621112594,1249.2997687415868,100.0,592.7637658323488,-39.658687786718474,0.0,92.99425086103788,-1285.959951874288,-1700.9297783546247,293.7910856349699,896.6902161863027,-193.91144032919442,8.699369287322156,63.64083027116017,0.0,0.0,0.0,0.0,0.0,0.0,0.0,-1281.6701458813316,-1249.2997687415868,149.44709423636274,-381.43710175642354,39.65868778671165,-34.094222209908196,0.0,1240.3388249915934,1700.9297783546158,100.0,-27.778186151697355,193.91144032945022,0.0,31.783696764698092,0.0,0.0,0.0,0.0,0.0,0.0,0.0,-0.19432859888279502
-1964.9391117801306,-3551.3579157358363,696.1642087489954,1067.3630430604953,-116.21205294007495,-102.46305988575841,1240.6473561909615,1227.5568264266535,100.0,76.8830280678037,-47.30162330632311,0.0,100.0,-1299.3051795966408,-1797.467868984893,297.38587555472697,848.193317492993,-192.1900482337469,5.670434447564219,52.57887530262106,0.0,0.0,0.0,0.0,0.0,0.0,0.0,-1186.113901603667,-1227.5568264266535,132.23067066466075,239.80837625190475,47.30162330632311,-34.72666392372858,11.542439990467125,1374.5637827206708,1797.4678689849015,100.0,982.9716158861515,192.1900482337503,0.0,37.045839876322745,0.0,0.0,0.0,0.0,0.0,0.0,0.0,-0.22594815553398728
-1896.7083361482473,-3479.758226038488,644.244615919217,-1617.701410217469,-1482.2427765169846,-104.91122696908803,1073.0663954483464,1202.0104430425422,100.0,-442.38092459618656,-54.87044771356523,0.0,99.91314349202676,-1347.2463223073316,-1893.069860486346,299.4542422298065,1143.4117148638586,-190.167537122436,2.5976490388481466,49.62683131079432,0.0,0.0,0.0,0.0,0.0,0.0,0.0,-1078.7684092788943,-1202.0104430425422,114.76500106785274,1315.4891383726067,54.87044771356523,-35.09055761264975,2.804108471234011,1417.2391150125002,1893.0698604863542,100.0,-1464.2911972392824,190.1675371221836,0.0,52.87952499073323,0.0,0.0,0.0,0.0,0.0,0.0,0.0,-0.2627125872502283
-2014.5264671446446,-3554.01062667209,591.5558010748332,541.83114794208,-121.81376114808245,-105.53544273812292,1007.6071073557782,1172.7006440843052,102.8148491448401,1439.0166390959916,-62.35330234581397,35.18308921624467,94.78730610647827,-1443.1185729876856,-1987.5859658233699,299.9801905796967,1146.1134652590283,-187.8470758198671,-0.4952244935162753,44.17343240533745,0.0,0.0,0.0,0.0,0.0,0.0,0.0,-1046.7085663021844,-1172.7006440843052,100.0,-498.99420638259187,62.35330234581397,0.0,0.0,1474.158269049592,1987.5859658233612,100.0,-1096.4461139225318,187.8470758198671,0.0,53.64194458380801,0.0,0.0,0.0,0.0,0.0,0.0,0.0,-0.3054590259283046
-1996.7435663501076,-3492.1365784592344,539.0137942334968,129.80596137303792,180.92137695277415,-104.32485478705985,995.0265718403201,1139.6733514812872,120.37293158335592,-1247.1719541616278,-69.73846323571252,35.00354316961939,92.92853562653144,-1605.9120827179017,-2080.868099302224,298.95965334383726,-927.6722370456491,-185.2322999720218,-3.584268358857514,38.45153469179347,0.0,0.0,0.0,0.0,0.0,0.0,0.0,-984.7657571059806,-1139.6733514812877,100.0,660.71819009808,69.73846323571252,0.0,6.851540802623241,1571.4066175053463,2080.8680993022317,100.0,215.95640396346312,185.23229997227418,0.0,55.38505118378598,0.0,0.0,0.0,0.0,0.0,0.0,0.0,-0.355160814705073
-1905.4941655678651,-3488.4231777312034,487.532073058297,-1201.4784077666695,-1221.8045458691427,-101.30050999127945,918.7081291490645,1102.980311647721,137.77346619205022,548.8711091334591,-77.01435948056769,34.553307937247126,94.40797628352193,-1513.2530127356877,-2172.7701085883336,296.40052253453405,208.6596044184398,-182.32730635124653,-6.645594382069078,38.85173950569013,0.0,0.0,0.0,0.0,0.0,0.0,0.0,-903.5997291036398,-1102.980311647721,100.0,1675.9682308600595,77.01435948056769,0.0,8.951114811368178,1680.977862731878,2172.7701085883414,100.0,-924.7952471288806,182.3273063512397,0.0,55.13747964132507,0.0,0.0,0.0,0.0,0.0,0.0,0.0,-0.41294967113388814
-1932.4558730721562,-3522.958308598534,438.00568144226463,-391.69158406315205,659.0028840650052,-96.51498859210278,875.4344222443219,1062.679014407588,154.8818912631911,-11.254537031882137,-84.16959137077356,33.835865275386965,92.353159739777,-1558.710882863796,-2263.14800369446,292.32258840649797,-1113.5501931934755,-179.1366464350108,-9.655528735474093,35.47383790283776,0.0,0.0,0.0,0.0,0.0,0.0,0.0,-779.6560881543654,-1062.679014407588,100.0,1136.747211919439,84.16959137077356,0.0,10.193455200370696,1598.4096282792343,2263.1480036944513,100.0,-20.90063461800696,179.1366464350108,0.0,67.32074901518668,0.0,0.0,0.0,0.0,0.0,0.0,0.0,-0.4801414565714212
-1965.5932857365044,-3492.879032731792,391.29566857620614,833.1343642535512,357.42645031939674,-90.05149005577493,692.585945687225,1018.8326029208661,171.56590402873866,801.9244242397303,-91.19294825108909,32.85676330732301,98.4634032304831,-1670.0071890729962,-2351.860182580952,286.7573864149671,-383.1266236521276,-175.66531927728192,-12.590795013173306,30.4100001848417,0.0,0.0,0.0,0.0,0.0,0.0,0.0,-735.2885207244908,-1018.8326029208661,100.0,324.6855251796643,91.19294825108909,0.0,9.640852008923124,1672.6952302457446,2351.8601825809437,100.0,202.7803460800942,175.66531927752067,0.0,68.83812226503589,0.0,0.0,0.0,0.0,0.0,0.0,0.0,-0.5582661385478637
-1901.4519671779317,-3409.1848291841093,348.214119037022,726.3224334798156,-523.8014069965402,-82.02238659404202,622.1559926362116,971.5097747522791,187.69648378329137,98.83522948127109,-98.07342608489989,31.6235736183404,90.27974580923826,-1638.5648832185968,-2438.767653014598,279.74795334591954,-232.56936589293105,-171.91876367483928,-15.428694231935651,29.748687105494284,0.0,0.0,0.0,0.0,0.0,0.0,0.0,-571.643569602681,-971.5097747522796,100.0,732.1734565596046,98.07342608489307,0.0,20.2211654710609,1620.4159028701517,2438.7676530146055,100.0,-1139.6986116538096,171.9187636750712,0.0,75.09974756979895,0.0,0.0,0.0,0.0,0.0,0.0,0.0,-0.6491026283684022
-1844.2730777530398,-3349.790893233501,309.51003415833827,-600.0060364703495,38.975220175270806,-72.5672694998471,506.63919524335694,920.7846742374763,203.1488896262262,-568.980606132323,-104.80024469521595,30.145832703397133,91.30794796527485,-1716.6123422832347,-2523.734250338576,271.3484945042603,-662.3412256395886,-167.90284964618422,-18.147280366891323,20.23909235244196,0.0,0.0,0.0,0.0,0.0,0.0,0.0,-490.5841760350515,-920.7846742374763,100.0,1277.3750325151502,104.80024469521595,0.0,11.736741874394506,1733.972065352456,2523.7342503385835,100.0,785.3091714702532,167.90284964596594,0.0,77.34914869975469,0.0,0.0,0.0,0.0,0.0,0.0,0.0,-0.7547192872036326
-1805.2049715845162,-3376.8313020921287,275.85631014514973,-636.6213604224629,1503.6840551345426,-61.85052225989807,468.4121315868406,866.7367763153939,217.80362510725854,555.7157595202972,-111.36286465532521,28.43496821954446,86.83384911891841,-1746.8027011108386,-2606.6268508120565,261.62396453369286,341.68924587828656,-163.62386923448867,-20.725530064409554,15.194538698030476,0.0,0.0,0.0,0.0,0.0,0.0,0.0,-533.0780338791131,-866.7367763153939,100.0,1092.6275411149295,111.36286465532521,0.0,15.181447202472013,1758.7231585009345,2606.626850812064,100.0,351.193949481509,163.62386923448184,0.0,78.9322442061748,0.0,0.0,0.0,0.0,0.0,0.0,0.0,-0.8775210229989678
-1732.1904597320258,-3328.0181197879538,247.83803932670116,723.6975767502349,351.1578030977216,-50.05846263779574,385.2211263219706,809.4507620087054,231.54736231566432,-413.1041091515516,-117.75100380048798,26.504210613467478,82.19489279885182,-1841.9731330753202,-2687.315580185531,250.6495651098644,-8.950379442370604,-159.08852664913184,-23.143505219665172,5.733161517420301,0.0,0.0,0.0,0.0,0.0,0.0,0.0,-405.9008305591558,-809.4507620087056,100.0,-2134.8634172458123,117.75100380049139,0.0,24.678241048223903,1739.6343011973004,2687.3155801855373,100.0,-49.026783889058834,159.08852664935694,0.0,76.51509831187293,0.0,0.0,0.0,0.0,0.0,0.0,0.0,0.0
-1668.6465457486843,-3241.6687429002827,225.9423379379674,677.1852144112268,-62.92939805660808,-37.396103417090956,179.89054251412676,749.0163857475163,244.27381826698846,-138.2128221388797,-123.9546533392604,24.368490808133743,69.68365764145798,-1848.137031009604,-2765.6740171848282,238.51016339122526,-611.9966849918717,-154.30392776286453,-25.382507162042458,16.040507000145492,0.0,0.0,0.0,0.0,0.0,0.0,0.0,-203.18120799514134,-749.0163857475163,100.0,327.92542042282975,123.95465333926722,0.0,25.977038573154168,1779.8223614310798,2765.674017184835,100.0,-1141.7223835339769,154.3039277628577,0.0,77.29197673723218,0.0,0.0,0.0,0.0,0.0,0.0,0.0,0.0
-1505.0085759465917,-3114.2931709623713,210.54987728061366,568.4237681578327,1170.97960472747,-24.08358811721115,172.63333113525644,685.5283347441598,255.88457680996248,-485.0359568510827,-129.96409353377544,22.044324738821217,70.21074214476066,-1767.018685437652,-2841.579391585106,225.29963572484496,943.7255650567045,-149.27756897621066,-27.42522125538116,11.570821804957433,0.0,0.0,0.0,0.0,0.0,0.0,0.0,-148.19161265325383,-685.5283347441598,100.0,-885.5388534512124,129.96409353377885,0.0,34.53881795118217,1806.391054409397,2841.579391585099,100.0,1231.427309378255,149.27756897620384,0.0,88.8742885290909,0.0,0.0,0.0,0.0,0.0,0.0,0.0,0.0
-1510.0996587185891,-3153.6122718366487,201.92826549973245,-195.54960573471135,728.431120717089,-10.352363652711176,96.81512375986009,619.0860806393948,266.28984969769095,681.6581341035137,-135.76990892927824,19.54968563235525,58.92114654101981,-1783.7302220897034,-2914.912776564457,211.12014168241183,772.0205428082477,-144.0173254745423,-29.255850795555176,7.29634986739668,0.0,0.0,0.0,0.0,0.0,0.0,0.0,-85.31164011954499,-619.0860806393953,100.0,547.4768656664572,135.76990892927824,0.0,34.80367269390159,1838.0301672301664,2914.9127765644503,100.0,-38.42368278986555,144.0173254745423,0.0,94.91464584963512,0.0,0.0,0.0,0.0,0.0,0.0,0.0,0.0
-1466.875814113586,-2989.18341592783,200.22739503862914,-944.2000797475305,667.8570194758436,3.5588435251537476,3.44230137589091,549.7937236525261,275.4091709375663,954.5248166204191,-141.36300310576758,16.903865016641646,67.0316046511052,-1817.8566427062544,-2985.5592750357623,196.0813340404659,527.7239222343883,-138.53143888825116,-30.86023916946118,6.487781725061143,0.0,0.0,0.0,0.0,0.0,0.0,0.0,-54.10155924190163,-549.7937236525263,100.0,-309.0304533594301,141.36300310576758,0.0,38.10533508506026,1807.4783021026192,2985.559275035756,100.0,410.9512258609425,138.53143888844215,0.0,88.01687740668818,0.0,0.0,0.0,0.0,0.0,0.0,0.0,0.0
-1347.6946663849249,-2932.729848960661,205.47683665920357,2119.0585588489157,-72.09425549998286,17.408177846174056,-156.83224491684302,477.7598294795198,283.1720190503933,-824.2431578240365,-146.73461292954016,14.127323535426513,63.42392681469559,-1792.7432210586514,-3053.408199664834,180.29951081421535,737.6731712590492,-132.82850438024525,-32.22597933067533,9.27830776290847,0.0,0.0,0.0,0.0,0.0,0.0,0.0,140.13047646164358,-477.75982947952,100.0,-822.5598226725865,146.73461292954016,0.0,46.82030452329836,1837.0928777395764,3053.4081996648397,100.0,556.4805745847707,132.82850438007472,0.0,87.94844199400507,0.0,0.0,0.0,0.0,0.0,0.0,0.0,0.0
-1159.326109192376,-2798.8336209708255,217.58532533462704,-4.076680766268055,245.5897242046217,30.95485944089404,-204.57094814023165,403.0972591947109,289.5183624266622,471.1110103784581,-151.87632228453595,11.241532722334,48.308289052567574,-1743.54944584889,-3118.3532462928706,163.89671590243336,-403.51738713005943,-126.91745717917456,-33.34250974581664,9.276514873703707,0.0,0.0,0.0,0.0,0.0,0.0,0.0,226.27494427455036,-403.09725919471134,100.0,-19.297035004580607,151.87632228452912,0.0,53.56620205406624,1796.731383482515,3118.353246292876,100.0,-510.8372665876425,126.91745717918138,0.0,95.47885090648268,0.0,0.0,0.0,0.0,0.0,0.0,0.0,0.0
-1077.36430317414,-2682.046917021187,236.34234695240622,-465.1806137196479,-398.51222243971733,43.96337025829155,-281.6623009657642,325.9229924226647,294.39912356261925,43.01058568684368,-156.78007525656767,8.268808957193414,47.14342323692651,-1790.8232465937717,-3180.2926604913346,146.99979529833584,457.0614644911416,-120.80755857995428,-34.2011960686564,3.115494260596635,0.0,0.0,0.0,0.0,0.0,0.0,0.0,254.6677642313295,-325.92299242266495,100.0,661.4472040681056,156.78007525656767,0.0,54.58749051145618,1760.0193568277853,3180.29266049134,100.0,1618.1811860410153,120.80755857995428,0.0,94.42887676080495,0.0,0.0,0.0,0.0,0.0,0.0,0.0,0.0
-1021.7041809692785,-2727.9449544536924,261.4217982419645,-282.5467445114174,-191.92322757833608,56.20754870357075,-383.25986705930495,246.35794405712522,297.77655858612286,-53.836277134096804,-161.43818875650936,5.232140889231971,43.129472519041585,-1721.3668348310282,-3239.1293969885373,129.73941616491285,984.3828106932676,-114.50838143320198,-34.79539791137526,12.694412434775503,0.0,0.0,0.0,0.0,0.0,0.0,0.0,392.2851084852704,-246.35794405712522,100.0,393.5445178764485,161.43818875650936,0.0,71.21951753042825,1733.680019794556,3239.129396988542,100.0,-52.787956073789246,114.50838143335204,0.0,88.8477921490437,0.0,0.0,0.0,0.0,0.0,0.0,0.0,0.0
-802.723969665203,-2573.4872309443567,292.3876562964331,-193.60537907102582,553.1433379329019,67.47452160753198,-522.9995195589461,164.52677481431033,299.62454913732154,-569.2560037231497,-165.843364557918,2.1550116613781256,41.91205791898753,-1729.1366985228303,-3294.771271717957,112.24905636043417,471.3345829264176,-108.02979514750405,-35.120520195984284,0.0,0.0,0.0,0.0,0.0,0.0,0.0,0.0,553.725962075087,-164.52677481431056,100.0,985.8048381780795,165.8433645579214,0.0,60.7222234994687,1719.0804100541095,3294.7712717179515,100.0,1572.3327674794075,108.02979514750405,0.0,89.75583134657566,0.0,0.0,0.0,0.0,0.0,0.0,0.0,0.0
-713.7422756917797,-2373.1342292290824,328.7015591203088,741.9983512473004,591.2721243802162,77.56840516791499,-586.9049218466554,80.5576959172954,299.9288043469961,216.57768470681845,-169.98870073077683,-0.9387826894678142,24.921484048041126,-1644.9136840613173,-3347.131106250151,100.0,-1438.2579441063365,-101.38195022471564,0.0,8.43715850893726,0.0,0.0,0.0,0.0,0.0,0.0,0.0,623.9109329003389,-80.55769591729563,100.0,1735.8665483058087,169.98870073077683,0.0,64.28281571433534,1620.305615409854,3347.131106250146,105.33602777171751,511.67072435975683,101.38195022470882,35.17404868873726,100.0,0.0,0.0,0.0,0.0,0.0,0.0,0.0,0.0
-639.1271897512559,-2300.5245023341695,369.73216541007184,-793.749799267888,-425.5453329099555,86.31371051939539,-725.0461970258225,-5.417731782383726,298.68697135062126,-876.3656583342339,-173.86770245644925,-4.02531725176658,25.511413860192828,-1630.1669732740415,-3396.126864381943,100.0,-259.0285319701354,-94.57526235786418,0.0,9.80571214613737,0.0,0.0,0.0,0.0,0.0,0.0,0.0,607.513354772114,5.417731782383498,100.0,-949.5273559486787,173.86770245645266,0.0,70.02129606950554,1597.177737501418,3396.1268643819385,122.87984736656651,285.4090084609379,94.57526235799378,34.9555694435071,88.91569496385692,0.0,0.0,0.0,0.0,0.0,0.0,0.0,0.0
-565.9410618486808,-2153.2806192687326,414.76613084177757,-1356.253489219124,-1046.1756232824996,93.55839472363641,-756.1103026039112,-93.26480393131669,295.90865348352384,-80.21596637189134,-177.47429220252002,-7.0807232553318045,24.69528268651647,-1663.1424749876971,-3441.681780668881,100.0,2245.7442940278884,-87.62039611139699,0.0,12.748641325802621,0.0,0.0,0.0,0.0,0.0,0.0,0.0,807.4296417493485,93.26480393131646,100.0,349.7801816453301,177.47429220252343,0.0,70.06426592056376,1574.8584000653373,3441.6817806688846,140.24673266580226,-1575.094135816962,87.62039611139699,34.466772002591455,89.26311312687444,0.0,0.0,0.0,0.0,0.0,0.0,0.0,0.0
-401.2788619203668,-2044.4441649351165,463.02051003563366,-647.7936750796537,-1114.8567862830669,99.17650413729746,-919.9591343067704,-182.8458837259717,291.6153360164276,752.1374427406198,-180.80281924606084,-10.081372653151845,22.866929538247355,-1654.5179074076248,-3483.724480699629,100.0,-1253.5451837697872,-80.52824821226523,0.0,11.486508357514605,0.0,0.0,0.0,0.0,0.0,0.0,0.0,861.5629983724966,182.84588372597148,100.0,-819.9696819219673,180.80281924606254,0.0,86.05519896664863,1553.0137139538663,3483.7244806996327,157.3023821783309,1265.069903781706,80.52824821215609,33.711436331369526,91.78532929569062,0.0,0.0,0.0,0.0,0.0,0.0,0.0,0.0
-244.2313445866735,-1959.9555716627492,513.6563685810609,381.5544707278897,-638.6806331879916,103.07036419943785,-997.6335563793145,-274.02061755887746,285.8402200056912,-475.84635173702054,-183.84806852651423,-13.004060841689693,18.13208092355685,-1543.6965894166385,-3522.189092923733,100.0,768.210004671181,-73.30993047721222,0.0,17.104977381216237,0.0,0.0,0.0,0.0,0.0,0.0,0.0,929.3422553024185,274.02061755887723,100.0,-878.8399237851257,183.84806852651423,0.0,77.5557519346386,1538.337680032522,3522.189092923736,173.91490125973394,-775.0171409449308,73.30993047721222,32.69540358709179,77.03902357102568,0.0,0.0,0.0,0.0,0.0,0.0,0.0,0.0
-13.913752790365663,-1922.3493552376754,565.7933684682946,985.3564354913342,311.8209474353216,105.1722775681327,-908.6302422769191,-366.6461549215078,278.62796554309966,-266.1007228464348,-186.60526881577425,-15.826186106506555,5.048734322599272,-1409.518658902984,-3557.0153518577017,100.0,-759.1512235462267,-65.97675240293711,0.0,23.204627139003225,0.0,0.0,0.0,0.0,0.0,0.0,0.0,983.1853126831686,366.64615492150756,100.0,-1297.8075523842035,186.60526881577425,0.0,91.4957220678717,1470.2167308456412,3557.0153518577044,189.95582207913583,-1547.6044555789622,65.97675240301896,31.426530947877893,79.71756077680547,0.0,0.0,0.0,0.0,0.0,0.0,0.0,0.0
7.773003986377027,-1660.7107964530157,618.5250733489615,116.56064291545661,-852.8230247730073,105.4457010844277,-1154.0888204818489,-460.5773722192163,270.0343463907185,707.5339349013882,-189.07010019535164,-18.525924405813328,15.23559272177138,-1472.7021048416113,-3588.1486925075988,100.0,1151.8016601119007,-58.54020344705987,0.0,33.88282658106593,0.0,0.0,0.0,0.0,0.0,0.0,0.0,1058.999715753085,460.57737221921593,100.0,1516.9745685104942,189.07010019535335,0.0,94.27309672131938,1523.1608338461629,3588.1486925076015,205.30109708583808,-538.4536435229495,58.54020344705987,29.914630851931037,65.55241899117041,0.0,0.0,0.0,0.0,0.0,0.0,0.0,0.0
255.2857331223604,-1576.3336694393658,670.9347075336432,-629.9683657559966,105.08729702880487,103.88588109901036,-1141.4790587029458,-555.6671001475896,260.1258186715778,-395.5506481341058,-191.23870082287795,-21.082398139874385,0.856401071047415,-1328.210569966755,-3615.5403358602375,100.0,234.56359787234987,-51.0119350258492,0.0,31.75664778019307,0.0,0.0,0.0,0.0,0.0,0.0,0.0,1127.3055694193108,555.6671001475894,100.0,659.0811507362753,191.23870082287965,0.0,94.9316517506802,1408.2577568719191,3615.5403358602352,219.83205829308326,-703.6690919567263,51.01193502584238,28.171395115746236,63.94983483224054,0.0,0.0,0.0,0.0,0.0,0.0,0.0,0.0
284.2267587555498,-1374.7445606291203,722.1110947457753,1515.0890476715426,-1762.458113678863,100.51993611763976,-1236.3088187342412,-651.7663542740163,248.9790069515855,-453.483388625275,-193.1076729841186,-23.47583760169485,17.524557022485148,-1308.9397077971585,-3639.147365309034,100.0,1451.7038765948962,-43.40374225987944,0.0,40.58496350016925,0.0,0.0,0.0,0.0,0.0,0.0,0.0,1261.197646643604,651.7663542740161,100.0,-742.1874898421754,193.1076729841186,0.0,95.22259051333837,1262.1121641015454,3639.1473653090316,233.43633496060718,-495.66987416508255,43.40374225987944,26.210304519302525,57.32836590356815,0.0,0.0,0.0,0.0,0.0,0.0,0.0,0.0
349.9920824684629,-1293.1566313922842,771.1644995259255,409.8182777898637,-291.93336734410536,95.406385327924,-1249.4063335390988,-748.7245684630612,236.68011168690884,-953.7440053388764,-194.6740884158089,-25.687733859879813,0.0,-1242.5201168649685,-3658.9327938947713,100.0,279.36233503600874,-35.72754549332558,0.0,49.81965249439475,0.0,0.0,0.0,0.0,0.0,0.0,0.0,1230.9410488738993,748.7245684630609,100.0,633.2893185216153,194.6740884158072,0.0,94.2338689544392,1250.8579409025886,3658.9327938947727,246.00872257935157,409.130695497995,35.72754549332558,24.046524556392512,57.259989141670516,0.0,0.0,0.0,0.0,0.0,0.0,0.0,0.0
563.6542696532174,-1092.3825959384953,817.2420958733737,1069.3566628524593,-1146.0966801236407,88.63413120432938,-1344.6167772549124,-846.3898307801473,223.32424261912735,154.2958758781606,-195.93549289358634,-27.70098189177787,2.0247064303663973,-1097.49312694819,-3674.8656222559443,100.0,52.47846174178903,-27.995371617455476,0.0,47.07053814352816,0.0,0.0,0.0,0.0,0.0,0.0,0.0,1377.6564124415659,846.3898307801471,100.0,281.68224824901586,195.93549289358805,0.0,100.0,1229.6145778461769,3674.8656222559457,257.4519964383384,986.0632704433692,27.99537161741455,21.696788156938283,52.718483157115024,0.0,0.0,0.0,0.0,0.0,0.0,0.0,0.0
783.9382019567336,-1033.3264071759813,859.5427941921442,46.73711629409297,-1714.2890826870807,80.3209138800139,-1353.6408064412926,-944.609121503674,209.01468327316823,-379.08648474392635,-196.8899100778725,-29.500012860097655,0.0,-1103.3562837920988,-3686.9208871978362,100.0,319.8586011744396,-20.219335227227475,0.0,49.89147931197862,0.0,0.0,0.0,0.0,0.0,0.0,0.0,1445.7421684339984,944.6091215036738,100.0,-14.376946195972096,196.8899100778708,0.0,99.02854692772726,1031.5342136103434,3686.920887197837,267.6776634822025,-743.3432400633274,20.219335227227475,19.179266288138592,45.305060988734766,0.0,0.0,0.0,0.0,0.0,0.0,0.0,0.0
893.679455061064,-976.4436242360146,897.3311687653643,831.1628292581383,-2224.3851678755063,70.61126415575188,-1532.9346280936497,-1043.228552872887,193.8620922457808,684.7002652720596,-197.53584460890352,-31.070914509495253,8.195828052224819,-998.2971326982039,-3695.0797008042987,100.0,1158.1213620727556,-12.411619640372464,0.0,60.075483397075466,0.0,0.0,0.0,0.0,0.0,0.0,0.0,1498.3089225568801,1043.2285528728864,100.0,-723.0909877050544,197.53584460890693,0.0,94.96150510838899,1050.6535099548787,3695.079700804299,276.6066466451489,-586.0701078901411,12.411619640386107,16.513427434647383,44.52647217572806,0.0,0.0,0.0,0.0,0.0,0.0,0.0,0.0
897.5778516999138,-700.5189644785727,929.9502436194915,646.5115649305346,1262.0464492026672,59.673990736732776,-1526.1416737820061,-1142.0936101957277,177.9836474611493,-1278.7698939700886,-197.87228445148344,-32.40153875300507,12.483806855494407,-1070.5229108422468,-3699.329280030912,100.0,1014.8631319546439,-4.584457808919069,0.0,58.287397052021795,0.0,0.0,0.0,0.0,0.0,0.0,0.0,1552.0470007345707,1142.0936101957273,100.0,-100.17759244200306,197.87228445148685,0.0,95.06121467788753,980.1360020161825,3699.329280030912,284.16989636923597,1616.645888261026,4.58445780892589,13.719887045214136,34.30489156141447,0.0,0.0,0.0,0.0,0.0,0.0,0.0,0.0
1040.6615348344246,-531.2199613162385,956.8329144876454,789.1686483729461,1161.630087524472,47.69924538083785,-1574.2529285434507,-1241.049393938947,161.50214001129598,1152.0197817276426,-197.89870247941508,-33.48159561537486,3.2559070069881972,-933.1376183191823,-3699.6629667331645,100.0,-751.323698954539,3.249886847227117,0.0,68.07422626736997,0.0,0.0,0.0,0.0,0.0,0.0,0.0,1564.3506154708364,1241.0493939389469,100.0,1119.8176197162456,197.8987024794185,0.0,94.05940080657403,926.5098974089236,3699.6629667331645,290.3089245779895,-1456.4932076344985,-3.249886847227117,10.820248109243664,38.54510018815925,0.0,0.0,0.0,0.0,0.0,0.0,0.0,0.0
1148.152310865305,-424.73710323760474,977.5118082937338,1751.9553049069361,736.9522822528319,34.89521698417491,-1573.6894266060367,-1339.9408624212217,144.54502458874902,-858.3537719671426,-197.6150573008681,-34.302732807425826,9.998632132407597,-821.3323397386209,-3696.0802380982873,100.0,249.52066406039762,11.079139654248138,0.0,72.35817030912735,0.0,0.0,0.0,0.0,0.0,0.0,0.0,1639.2738498801482,1339.9408624212215,100.0,-362.7313784983721,197.6150573008681,0.0,83.41920410861572,779.4689484878307,3696.080238098288,294.9762569760427,-330.97845805868246,-11.079139654248138,7.836934096831101,24.321482528815764,0.0,0.0,0.0,0.0,0.0,0.0,0.0,0.0
1314.9012636960588,-279.48774245187093,991.6274087435559,-675.950305423379,1062.2741920808996,21.484512078948796,-1625.550182299155,-1438.6130747288953,127.24343385470412,-243.75359546374966,-197.02179332521496,-34.85860031613228,7.701065233695081,-678.6666974208166,-3688.5867074643834,100.0,-73.52638962297249,18.89103391612025,0.0,76.99954830388441,0.0,0.0,0.0,0.0,0.0,0.0,0.0,1628.0563981439066,1438.6130747288948,100.0,384.2285384601405,197.02179332521496,0.0,98.55924941152334,624.6966319557407,3688.5867074643843,298.13580017706124,550.7461352205007,-18.89103391612025,4.793015553635485,18.62606137864169,0.0,0.0,0.0,0.0,0.0,0.0,0.0,0.0
1450.1507433963739,-61.11939306239062,998.934306754225,1260.6092248834068,2186.443751523033,7.700284671128088,-1698.8649665891512,-1536.9114334739218,109.73116436472739,594.3156867744062,-196.11984006475382,-35.144899510194776,21.309739538581645,-690.8326997961686,-3677.1941155255777,100.0,462.1416374164835,26.673330133810396,0.0,78.96055006988479,0.0,0.0,0.0,0.0,0.0,0.0,0.0,1782.772218402317,1536.9114334739215,100.0,-1351.7433983769354,196.11984006475382,0.0,85.14461123761062,581.1922243516966,3677.1941155255768,299.76312082090294,860.303351901556,-26.67333013376947,1.712031691885727,15.617048972652771,0.0,0.0,0.0,0.0,0.0,0.0,0.0,0.0
1600.9743252999424,72.48460482890862,999.3054670539588,-304.86192751988256,1047.5582647830847,-6.217817296655994,-1799.337205076143,-1634.6819270135788,100.0,569.945919483464,-194.91061067969667,0.0,23.896363755580857,-529.0468470856962,-3661.920311936957,100.0,977.000562761996,34.413835181792365,0.0,77.045665452217,0.0,0.0,0.0,0.0,0.0,0.0,0.0,1745.3003671606075,1634.6819270135784,107.85635810595268,777.4789674831993,194.91061067970008,35.15941638250169,84.92280359409618,527.6499421111328,3661.920311936956,299.84563452152514,-393.61063718127014,-34.413835181744616,-1.3821916428580039,15.385773712462122,0.0,0.0,0.0,0.0,0.0,0.0,0.0,0.0
1557.1371835277587,173.09562003050831,992.7344367745927,98.30372876524848,-121.37529533414906,-20.027818383765634,-1801.6827307650096,-1731.7713707523683,100.0,-1328.5231154951998,-193.3959997632644,0.0,26.516053661263822,-380.33991068754636,-3642.789227348146,100.0,717.857534453349,42.10042141203985,0.0,87.14569627711485,0.0,0.0,0.0,0.0,0.0,0.0,0.0,1723.9346727223842,1731.771370752368,125.38312583621443,494.2356457162043,193.3959997632644,34.902038671243574,77.5038616713479,444.6264468770443,3642.7892273481443,298.3827031844834,-759.6305786218513,-42.10042141203985,-4.465726221655473,17.531998162746554,0.0,0.0,0.0,0.0,0.0,0.0,0.0,0.0
1574.8680836149952,365.52119740176016,979.3354576389772,2261.568531478904,203.67116632622583,-33.489622555009646,-1812.7710286504778,-1828.0276471482089,100.0,545.0838886130418,-191.5783803731506,0.0,30.338310631133197,-332.36828860350863,-3619.8308359092975,100.0,-731.3103416728143,49.72104565521022,0.0,96.09152603480555,0.0,0.0,0.0,0.0,0.0,0.0,0.0,1784.3046145006265,1828.0276471482086,142.71360093312774,-682.5721927717495,191.5783803731506,34.37475672816177,72.43073264729536,307.1919722637805,3619.8308359092953,295.38563994143885,58.0887043037049,-49.72104565527843,-7.514726473758628,13.398934620008216,0.0,0.0,0.0,0.0,0.0,0.0,0.0,0.0
1744.3971679489762,544.1277338031866,959.3414797928049,-143.9660140556282,627.6873292032383,-46.36918740979695,-1792.9512276588412,-1923.2999440467465,100.0,943.2203472849039,-189.46060031491015,0.0,32.8878539907382,-167.4497867894503,-3593.0811083082785,100.0,-1995.2900561211163,57.26376809008343,0.0,96.33036764830736,0.0,0.0,0.0,0.0,0.0,0.0,0.0,1763.8803386158725,1923.2999440467463,159.71376347274415,-1853.3892977044093,189.46060031491015,33.58164812679206,76.06979287174269,258.0992211751895,3593.0811083082763,290.87762166351763,-637.6809391594506,-57.2637680900084,-10.505613889094434,8.575865000252488,0.0,0.0,0.0,0.0,0.0,0.0,0.0,0.0
1736.7611286579606,655.7386032120347,933.1001118117006,-2091.072432598543,-269.51307734185775,-58.442593164458,-1775.9789644999241,-2017.438990970416,100.0,-643.0505020490921,-187.04597767761356,0.0,35.1845166111094,-125.06652639223017,-3562.581955412608,100.0,312.6953822383129,64.71677094949655,0.0,90.87069248088126,0.0,0.0,0.0,0.0,0.0,0.0,0.0,1772.9277441775266,2017.4389909704155,176.25214790216998,-1086.2466776901942,187.04597767761015,32.52884612959406,60.88049487281798,141.98426156864915,3562.581955412611,284.89350973007504,-200.88193278786335,-64.71677094950337,-13.415259355409717,9.174948223768148,0.0,0.0,0.0,0.0,0.0,0.0,0.0,0.0
1823.2233171213804,866.4336412975774,901.0675772954156,804.9180080806957,-459.8262592405672,-69.49993564630631,-1768.272743685908,-2110.297292992076,100.0,655.150519096718,-184.33829563784457,0.0,44.00402746549078,2.15146927453511,-3528.3811626044585,100.0,874.0839111840893,72.06837703763767,0.0,93.04428332877285,0.0,0.0,0.0,0.0,0.0,0.0,0.0,1759.7026461963292,2110.297292992076,192.20085968816647,1052.4707613158523,184.33829563784457,31.224492258650827,53.19610547821137,127.20367938392485,3528.381162604462,277.4795804388866,-1136.2017735588738,-72.06837703763085,-16.22116202018759,7.3695433076163805,0.0,0.0,0.0,0.0,0.0,0.0,0.0,0.0
1900.2857308821417,914.5474528648607,863.8007831177451,752.1974733327556,-436.6431053547291,-79.34897561727894,-1794.3383546415557,-2201.7293618266676,100.0,306.6714203011884,-181.341796530387,0.0,45.35595691526345,30.24700223919269,-3490.532314911611,100.0,-887.1322362798728,79.30706802445002,0.0,90.76530278859225,0.0,0.0,0.0,0.0,0.0,0.0,0.0,1813.4911755703304,2201.7293618266676,207.4365643503641,1889.8701276094323,181.34179653039382,29.678673335327517,58.37624989913113,65.5856739600636,3490.532314911608,268.69316714256763,-536.33558581134,-79.3070680244432,-18.901623294118508,2.84127367645184,0.0,0.0,0.0,0.0,0.0,0.0,0.0,0.0
1864.1966968895017,1145.298537609427,821.9476372308618,-404.1123859739241,722.2122985389933,-87.81848098005582,-1839.1409363842763,-2291.5919437790267,100.0,12.218725464495037,-178.0611752020809,0.0,55.05651395665656,98.20285874571226,-3449.094713051617,100.0,639.5062868010934,86.42150249280803,0.0,94.89599440646249,0.0,0.0,0.0,0.0,0.0,0.0,0.0,1791.6124589603521,2291.591943779026,221.84144123072676,-805.9010769587439,178.0611752020809,27.903343476954063,51.73213182936511,-151.74593589754647,3449.0947130516133,258.6022168786395,-804.054835172065,-86.42150249269207,-21.43591465048445,7.801311012202387,0.0,0.0,0.0,0.0,0.0,0.0,0.0,0.0
1884.4912408519144,1231.3838801272418,776.2357843555576,-108.3508307134457,-2425.785844371163,-94.76120376271751,-1839.3054850683616,-2379.7442441904823,100.0,-295.2084334256938,-174.50157165650126,0.0,57.56347405475554,259.33837302688846,-3404.133280520808,100.0,641.2145925755273,93.40053370787928,0.0,87.0830658136975,0.0,0.0,0.0,0.0,0.0,0.0,0.0,1762.5647665981674,2379.744244190482,235.3040946235348,471.0017944073377,174.5015716564876,25.912231653631608,40.02288511803419,-208.82393603286326,3404.1332805208126,247.28476492192175,1385.1247119214909,-93.40053370787928,-23.804437922909045,0.0,0.0,0.0,0.0,0.0,0.0,0.0,0.0,0.0
1986.3643509702156,1462.3099755275127,727.4599553947717,-1053.3991515340858,360.64847083638256,-100.0564401210903,-1794.3421266999815,-2466.0481480327335,100.0,223.32928521512486,-170.66856299938763,0.0,64.43166797383066,268.2250096970166,-3355.71846187365,100.0,759.3567038124377,100.23322708144178,0.0,88.68942613039992,0.0,0.0,0.0,0.0,0.0,0.0,0.0,1748.170585549124,2466.048148032733,247.7204152199691,-219.66831422851214,170.66856299939445,23.72073551908926,34.94696406495949,-328.01129845672466,3355.718461873646,234.82833132261237,-1002.1856714938062,-100.2332270815782,-25.9888768616338,6.044229092807522,0.0,0.0,0.0,0.0,0.0,0.0,0.0,0.0
1987.4065745449582,1648.985091604418,676.4681505093876,-740.9439146984766,675.7876778496507,-103.61212885665054,-1712.7817616247673,-2550.368436303417,100.0,95.74751202075731,-166.56815470241327,0.0,68.66249678196361,409.43884329898816,-3303.926112351732,100.0,432.9517391829094,106.90887730463601,0.0,90.80913295881761,0.0,0.0,0.0,0.0,0.0,0.0,0.0,1769.4949106233512,2550.368436303417,258.9943852055935,-2036.4979909564784,166.56815470241327,21.34580233782117,31.681077328305093,-449.21963159457647,3303.9261123517276,221.32924409677585,1490.6050108035652,-106.90887730463601,-27.972338776913546,6.015486030228468,0.0,0.0,0.0,0.0,0.0,0.0,0.0,0.0
2006.1436344066578,1757.1353016702963,624.146896072551,-974.2283977796899,1551.4268338300496,-105.36645196085999,-1683.1484315447235,-2632.5729978840973,100.0,-166.22730776146113,-162.20677119218635,0.0,71.44136805296483,502.09544000473215,-3248.8373790355736,100.0,951.2399793442728,113.41702511960193,0.0,86.64780997353571,0.0,0.0,0.0,0.0,0.0,0.0,0.0,1695.2054984377542,2632.5729978840973,269.038820784721,2100.412470596176,162.20677119219317,18.80579792856622,32.925147048711594,-534.4479287436579,3248.837379035579,206.89189430312598,133.50089993679035,-113.41702511945186,-29.739485173213467,13.09291263614884,0.0,0.0,0.0,0.0,0.0,0.0,0.0,0.0
2031.0102951148726,1905.4679142828725,571.4058318202656,-62.50441999545728,803.6691926935407,-105.28890936179948,-1679.0342588424053,-2712.5330365290374,100.0,1550.1270092922368,-157.59124578544515,0.0,80.51782951619548,559.2064002603983,-3190.5385737051765,100.0,1965.7407656449136,119.7474737073685,0.0,84.96713816183609,0.0,0.0,0.0,0.0,0.0,0.0,0.0,1693.5721536300096,2712.5330365290374,277.7760463896126,-1233.1693053018125,157.59124578543833,16.120364637878595,26.006830715975635,-614.7911400331743,3190.538573705182,191.62792876671654,-1101.0670062872043,-119.74747370736168,-31.276650364729903,4.3959868838528315,0.0,0.0,0.0,0.0,0.0,0.0,0.0,0.0
2107.1116139546048,1981.0251176788097,519.161896160832,795.5855318270255,-1166.0229641209219,-103.3808491893626,-1687.6224284100595,-2790.123272660194,100.0,425.6694326014224,-152.7288099832026,0.0,73.14934996754326,668.319230078712,-3129.121037608689,100.0,1102.036187802908,125.89030466488794,0.0,81.78795468049134,0.0,0.0,0.0,0.0,0.0,0.0,0.0,1687.872052897451,2790.1232726601934,285.13849536069665,-1944.3917557406235,152.72880998320943,13.310269442058598,19.54191290169411,-677.1373671731094,3129.1210376086947,175.65538669240323,-1403.8415488862051,-125.89030466488111,-32.571947155120284,14.686551131386594,0.0,0.0,0.0,0.0,0.0,0.0,0.0,0.0
1928.9647078892212,2090.8269918638957,468.3233845920007,-934.6944729878669,-1013.2587595019163,-99.67544433576279,-1541.722068309198,-2865.222139652442,100.0,303.7284078584469,-147.62708213958376,0.0,89.72547183756176,813.302096164156,-3064.6809983510193,100.0,1453.6847964849999,131.83589354354808,0.0,82.06463998410611,0.0,0.0,0.0,0.0,0.0,0.0,0.0,1704.5871171665417,2865.2221396524415,291.0692324526556,-136.65068408215689,147.62708213958376,10.397243352027203,11.897195062897623,-784.5947735746365,3064.680998351014,159.09778684479528,-625.8095716548769,-131.83589354337755,-33.615358763137806,19.772901945095185,0.0,0.0,0.0,0.0,0.0,0.0,0.0,0.0
1945.7792674635757,2265.412969746205,419.7741583808616,-72.92829584424453,-379.71174014531925,-94.23711572412913,-1560.6592191795244,-2937.7119743014405,100.0,514.0793653505921,-142.2940555264472,0.0,86.22778390201567,921.3859979247079,-2997.3194191265443,100.0,-452.55816505483324,137.57492492934034,0.0,81.0171596469739,0.0,0.0,0.0,0.0,0.0,0.0,0.0,1592.3767039744441,2937.71197430144,295.52239412571157,815.5264440761744,142.2940555264472,7.4038133633604275,10.43863158732288,-833.05574777537,2997.3194191265507,142.0831723536857,639.2305132935002,-137.574924929163,-34.39881628452113,23.519693982749395,0.0,0.0,0.0,0.0,0.0,0.0,0.0,0.0
1936.2113167728965,2249.363711136643,374.3582780490758,607.7698276657486,946.5293985445305,-87.16041230682947,-1566.0634328323695,-3007.479201175602,100.0,-296.223942014567,-136.73808580912464,0.0,83.47989404208836,1005.6972639711041,-2927.141840532392,100.0,1444.6125365049397,143.09840703781447,0.0,72.73041978554237,0.0,0.0,0.0,0.0,0.0,0.0,0.0,1488.1640344035256,3007.479201175602,298.46354321726983,791.2709323728586,136.73808580912464,4.353128250515681,8.304176680615871,-937.1706125590126,2927.1418405323857,124.7431205317139,-1081.9903807586672,-143.09840703781447,-34.91626109036183,21.19923267741745,0.0,0.0,0.0,0.0,0.0,0.0,0.0,0.0
1851.8685809410274,2464.3704268950155,332.86532882048425,-6.081408844166845,-788.0975774027752,-78.56836726966037,-1486.6041536195744,-3074.414510563599,100.0,88.2944257859333,-130.96787795497676,0.0,81.08860634415798,1019.0805350225688,-2854.2582152096556,100.0,401.1605306128149,148.39768580227883,0.0,60.250537470778895,0.0,0.0,0.0,0.0,0.0,0.0,0.0,1566.4987228841776,3074.414510563599,299.8699352511788,61.756582447974324,130.96787795497676,1.2687795529183177,8.632138822590408,-1023.5148804375333,2854.2582152096493,107.21172536149143,-803.0605085861833,-148.39768580229247,-35.163691679654576,32.48651732661557,0.0,0.0,0.0,0.0,0.0,0.0,0.0,0.0
1792.031082790227,2563.2464360278773,296.01669315788047,232.30391556917425,2223.3050152863984,-68.61035901886368,-1444.5111515593305,-3138.4130297382717,100.0,566.2580231285415,-124.99247259520189,0.0,100.0,1089.3687859569152,-2778.7827355722206,110.3754394791528,-1297.24884295459,153.46445843296806,35.139194623701755,68.17811257355068,0.0,0.0,0.0,0.0,0.0,0.0,0.0,1421.592978745818,3138.4130297382717,299.7306943251698,-155.09324813115086,124.99247259520189,-1.8253808629461332,2.3056263426005694,-1109.3382609670523,2778.7827355722143,100.0,495.14755691738173,-153.46445843276342,0.0,24.335850767293927,0.0,0.0,0.0,0.0,0.0,0.0,0.0,0.0
1783.6615837862341,2724.880942956694,264.4530090501206,-768.3791905646513,257.90442376281135,-57.459514137084966,-1416.639440080959,-3199.374487268873,100.0,-1161.9988800201736,-118.82123185937871,0.0,98.93666390313102,1217.9939453582606,-2700.8336548926136,127.88236903472226,747.9818743537123,158.29078642462036,34.84295936292341,65.41000266793458,0.0,0.0,0.0,0.0,0.0,0.0,0.0,1394.6213286180196,3199.374487268873,298.0468972163198,-182.45566615020834,118.82123185937871,-4.905425254694364,3.169716321065994,-1220.7578444998417,2700.833654892621,100.0,-453.1354162616492,-158.29078642462719,0.0,40.916100944865,0.0,0.0,0.0,0.0,0.0,0.0,0.0,0.0
1694.2849946291658,2835.8992198279743,238.72303209544026,-749.7270156834702,-560.6067519103703,-45.309697464040255,-1275.13785590358,-3257.203370124087,100.0,982.1933111510077,-112.46382470798153,0.0,93.66563057744958,1260.3777265279775,-2620.5331020254644,145.17367882473658,805.9706595747957,162.86910799643465,34.277276742108285,51.437821260168576,0.0,0.0,0.0,0.0,0.0,0.0,0.0,1260.1530306479422,3257.203370124087,294.8315650541247,-723.4183010167033,112.46382470798153,-7.947535041898277,10.62757045280717,-1270.691058314557,2620.5331020254716,100.0,-1537.6393831036705,-162.86910799644147,0.0,41.80726465158128,0.0,0.0,0.0,0.0,0.0,0.0,0.0,0.0
1693.6510605711221,2878.938910467707,219.27409502117536,743.5007851454202,-175.341081837596,-32.37214162674945,-1246.3544250931106,-3311.8090733196486,100.0,1011.0757624779012,-105.93021178252684,0.0,100.0,1394.348574842425,-2538.0068900587985,162.1156517981617,1645.448821470353,167.19224993764783,33.44652129457543,46.47918560130181,0.0,0.0,0.0,0.0,0.0,0.0,0.0,1245.6426017548142,3311.8090733196486,290.1095626255809,377.049636799419,105.93021178252002,-10.928184999741575,9.13706102187582,-1310.2090917810863,2538.006890058791,100.0,-543.0038896933843,-167.19224993764783,0.0,53.42567314254289,0.0,0.0,0.0,0.0,0.0,0.0,0.0,0.0
1583.7414204537629,2966.0068251268694,206.44433050736512,-1139.4789925926284,-283.6573093164361,-18.87177462064642,-1128.359142323525,-3363.1060418762268,100.0,468.6464279869472,-99.23062979972883,0.0,100.0,1405.5913203338566,-2453.384319192862,178.57727239330097,465.9743092499491,171.25343884734093,32.35711741326696,42.323889531958756,0.0,0.0,0.0,0.0,0.0,0.0,0.0,1164.210005398954,3363.1060418762263,283.917406090965,-686.7566019696312,99.23062979972883,-13.824325184245367,3.488561258442639,-1398.8659037438138,2453.3843191928704,100.0,-34.820711992872475,-171.25343884711583,0.0,60.32721828199415,0.0,0.0,0.0,0.0,0.0,0.0,0.0,0.0
1524.6405862084982,2980.4104262172345,200.45679252568897,-600.0602785795081,72.27965439601348,-5.043309286846238,-1117.9656132923267,-3411.013904864975,100.0,-403.4285010923156,-92.3755755131424,0.0,93.34482286458848,1422.7530241431612,-2366.79797415565,194.4312397065251,655.7127356378487,175.04631174669385,31.017489669670226,38.978114505122335,0.0,0.0,0.0,0.0,0.0,0.0,0.0,1060.4308434233703,3411.0139048649744,276.3029805972916,1041.8782364205197,92.3755755131424,-16.613559181869277,8.082472376063773,-1421.1293484980538,2366.797974155658,100.0,1501.1924931444628,-175.04631174669385,0.0,57.69243859493795,0.0,0.0,0.0,0.0,0.0,0.0,0.0,0.0
1375.893423539052,3024.2313852394177,201.41557839811844,271.92993732636296,414.8810178944882,8.872837326345575,-1047.3321846357428,-3455.4576013309265,100.0,-270.2079239313963,-85.37578926640663,0.0,96.71388282523012,1486.9584145987546,-2278.3835164720167,209.55495193484546,-285.2547932953587,178.56492604832056,29.437997664773263,31.573963302283232,0.0,0.0,0.0,0.0,0.0,0.0,0.0,995.3789961797517,3455.4576013309265,267.32516997318095,643.1802244301684,85.37578926640663,-19.274317305276156,2.9603167996005286,-1492.0980311461535,2278.3835164720085,100.0,742.9952161030712,-178.56492604831374,0.0,73.08938125602683,0.0,0.0,0.0,0.0,0.0,0.0,0.0,0.0
1231.532024655892,3152.5889299360065,209.3040189958786,-769.6454872119295,833.8571732673404,22.634723773386156,-940.5260500010644,-3496.367497896794,100.0,-649.9545152898583,-78.2422381662468,0.0,99.09619528928468,1582.077845427254,-2188.2794719122858,223.8314544794299,-645.2235994217097,181.80376886724844,27.63085591655681,28.99614100556173,0.0,0.0,0.0,0.0,0.0,0.0,0.0,930.0419909437688,3496.367497896794,257.0534013687982,51.34616690671464,78.24223816625363,-21.78602339609398,2.0464017548001436,-1510.3647550487935,2188.279471912278,100.0,-196.07967685815993,-181.8037688670097,0.0,67.75598336336277,0.0,0.0,0.0,0.0,0.0,0.0,0.0,0.0
1169.633259753603,3157.8886625265854,223.98496854331484,478.8730317214015,-277.82829414831895,36.00309052408505,-898.6245909574193,-3533.6794978629405,100.0,-1134.477712817477,-70.98609889889076,0.0,88.17473254317062,1651.5582935245204,-2096.6270134532906,237.15034437818213,272.70386885077755,184.75776565741626,25.610039402470903,34.75177609191915,0.0,0.0,0.0,0.0,0.0,0.0,0.0,889.5517543133483,3533.67949786294,245.5671083622464,-1281.0723105134475,70.98609889888394,-24.12925394416078,23.15371057140605,-1520.979231117427,2096.627013453299,100.0,-615.2651290631468,-184.7577656571707,0.0,69.87593813557169,0.0,0.0,0.0,0.0,0.0,0.0,0.0,0.0
1023.5441870950766,3209.075468917874,245.20318898823837,-226.29548251444476,2053.4363364397564,48.74551964938746,-789.6315358438164,-3567.335141632671,100.0,-26.78291095824875,-63.618740218992116,0.0,88.5864191652005,1677.1421049056346,-2003.5697400916833,249.40862407326162,662.6591823365527,187.42228816325792,23.391175488418412,21.762961406013225,0.0,0.0,0.0,0.0,0.0,0.0,0.0,750.0362369201238,3567.335141632671,232.95511668429688,-626.6743632232482,63.61874021899894,-26.285888293260058,14.749835840884355,-1640.7224108268265,2003.569740091692,100.0,127.69603739593435,-187.4222881635137,0.0,77.80814601978221,0.0,0.0,0.0,0.0,0.0,0.0,0.0,0.0
829.8423563634614,3335.196288343274,272.58978748486544,-24.718946578831833,552.8637638489681,60.640475561313565,-703.6800623719921,-3597.2816983053785,100.0,812.76865035171,-56.15170513757448,0.0,83.57123588587606,1641.48985446871,-1909.2534518562986,260.51149791116,591.8480278844345,189.7931616725043,20.991423079279343,26.016414591302798,0.0,0.0,0.0,0.0,0.0,0.0,0.0,724.3827304452061,3597.281698305378,219.31495731179564,-1401.7308735616962,56.1517051375813,-28.239248771929937,20.36853599540398,-1700.4124038685623,1909.2534518563075,100.0,-736.7408805396269,-189.79316167251113,0.0,82.66754122812243,0.0,0.0,0.0,0.0,0.0,0.0,0.0,0.0
782.4756646079031,3300.164523721563,305.6686298407877,1511.5612901084883,688.2810461572899,71.48115655619563,-631.4339510767783,-3623.4722482941397,100.0,-808.5320749320357,-48.59669283588573,0.0,77.83003889782665,1727.8628349368696,-1813.8259213719668,270.3731052158719,-1587.0022862587712,191.8666715532288,18.429339925643262,16.510925895497625,0.0,0.0,0.0,0.0,0.0,0.0,0.0,581.9722302668456,3623.4722482941393,204.75211224171755,-705.4264944619695,48.59669283588573,-29.974229664843506,18.377588524465544,-1752.5990717504183,1813.8259213719757,100.0,27.135828986321258,-191.86667155296618,0.0,80.60281555938137,0.0,0.0,0.0,0.0,0.0,0.0,0.0,0.0
625.278234599828,3409.4972614175913,343.86461842596407,-1075.884356907003,-318.8165941931743,81.07909019962477,-484.0342501131725,-3645.865756838257,100.0,-1046.1053731605184,-40.96554033629445,0.0,72.93147213182718,1746.5113408594857,-1717.4366623327128,278.917184266151,350.73550466369625,193.6395690773429,15.724739113319401,8.88013532015193,0.0,0.0,0.0,0.0,0.0,0.0,0.0,469.8757810474998,3645.865756838257,189.37919877842,-1338.265182009216,40.96554033629445,-31.477414028418167,34.68508532189971,-1706.6551525822106,1717.4366623327219,100.0,-345.559818765264,-193.6395690773429,0.0,86.0257125418704,0.0,0.0,0.0,0.0,0.0,0.0,0.0,0.0
544.6120969784158,3428.721882374999,386.51369062668607,1068.2788662293792,422.0364118906605,89.26741004449923,-307.2553337808208,-3664.4271382955912,100.0,-1044.0275360657329,-33.2702039556375,0.0,72.06715907426045,1835.5842306438656,-1620.2366952471025,286.0776620421813,428.55210315884847,195.109076509151,12.89853584472894,11.3761942743339,0.0,0.0,0.0,0.0,0.0,0.0,0.0,367.2313191530939,3664.4271382955912,173.31509864220266,-443.60107433109476,33.27020395564432,-32.73717744641985,31.130405202446035,-1791.5699221844825,1620.236695247094,100.0,1338.494505292506,-195.109076509151,0.0,83.84822046438865,0.0,0.0,0.0,0.0,0.0,0.0,0.0,0.0
427.3252036723691,3457.5329822752433,432.87436401492675,-127.07580802504992,-597.92600637536,95.90375671553232,-340.70582630488957,-3679.1273111139594,100.0,362.8186692307608,-25.52274057275781,0.0,61.425587123184826,1751.394245155248,-1522.37831082266,291.7991651810537,-171.28021755631494,196.27289145768486,9.972585697672116,15.361018329051232,0.0,0.0,0.0,0.0,0.0,0.0,0.0,269.9691890624391,3679.1273111139594,156.68403863391075,313.3764708221446,25.52274057275781,-33.743777924208445,28.965037331758374,-1825.9615318334502,1522.3783108226517,100.0,-605.6233313554401,-196.27289145768486,0.0,85.58659974565911,0.0,0.0,0.0,0.0,0.0,0.0,0.0,0.0
256.35024439236275,3490.100101463693,482.140627512463,-793.0838690244038,-717.0007738144864,100.87275292121319,-216.5097606595698,-3689.9432433954385,100.0,-337.8514724891093,-17.735288737865176,0.0,61.72721297958221,1797.053104371786,-1424.01483136034,296.03744818971495,321.5616257338843,197.1291904842917,6.969515611953625,8.862258656493877,0.0,0.0,0.0,0.0,0.0,0.0,0.0,218.90828993828447,3689.9432433954385,139.6146299650102,208.95375637607984,17.735288737865176,-34.48943122513498,37.584477972173914,-1707.758648596032,1424.014831360349,100.0,1025.18717774028,-197.1291904840291,0.0,94.70627649751492,0.0,0.0,0.0,0.0,0.0,0.0,0.0,0.0
113.09498743839504,3545.44071405596,533.4559544284904,256.96560475775516,437.5861743939663,104.08800936416299,-207.22285928613513,-3696.857988982234,100.0,959.4617436142019,-9.920049654115246,0.0,56.0621044726051,1816.8784353739857,-1325.3003705325475,298.7597356039446,71.12414795703103,197.6766319579997,3.9125489107641442,14.355699175063766,0.0,0.0,0.0,0.0,0.0,0.0,0.0,99.25063356030257,3696.857988982234,122.238873682138,-691.1120605686945,9.920049654115246,-34.968371067531834,36.83645509632839,-1804.0653918363046,1325.3003705325568,100.0,-437.8162707434615,-197.67663195826572,0.0,93.57276351646435,0.0,0.0,0.0,0.0,0.0,0.0,0.0,0.0
93.923050862656,3503.9583381775524,585.9281937446161,1739.0948446396392,89.02343960967983,105.4936266771108,-69.34132435692075,-3699.8607140075273,100.0,1727.8345931713857,-2.0892680612155345,0.0,50.737024544051074,1819.1950911324416,-1226.3895919213448,299.9449754473726,532.1656698080255,197.91435816148123,0.8253257102859379,6.634016812084843,0.0,0.0,0.0,0.0,0.0,0.0,0.0,-8.318977761230578,3699.8607140075273,104.69113987742428,618.2780225369663,2.0892680612155345,-35.17689371686565,50.046594247109574,-1775.6097671418713,1226.3895919213542,100.0,142.69712702793754,-197.91435816148464,0.0,89.4601719420602,0.0,0.0,0.0,0.0,0.0,0.0,0.0,0.0
