pos_x,pos_y,pos_z,vel_x,vel_y,vel_z,blue_p0_pos_x,blue_p0_pos_y,blue_p0_pos_z,blue_p0_vel_x,blue_p0_vel_y,blue_p0_vel_z,blue_p0_boost,blue_p1_pos_x,blue_p1_pos_y,blue_p1_pos_z,blue_p1_vel_x,blue_p1_vel_y,blue_p1_vel_z,blue_p1_boost,blue_p2_pos_x,blue_p2_pos_y,blue_p2_pos_z,blue_p2_vel_x,blue_p2_vel_y,blue_p2_vel_z,blue_p2_boost,orange_p0_pos_x,orange_p0_pos_y,orange_p0_pos_z,orange_p0_vel_x,orange_p0_vel_y,orange_p0_vel_z,orange_p0_boost,orange_p1_pos_x,orange_p1_pos_y,orange_p1_pos_z,orange_p1_vel_x,orange_p1_vel_y,orange_p1_vel_z,orange_p1_boost,orange_p2_pos_x,orange_p2_pos_y,orange_p2_pos_z,orange_p2_vel_x,orange_p2_vel_y,orange_p2_vel_z,orange_p2_boost,Target_Goal_Value
24.835707650561634,3473.511087398464,600.0,-762.554417769333,-241.07357556518764,75.9649248668336,-0.6142295006302654,1300.0,100.0,-368.0820939661259,-0.1352518397379754,25.32173558147207,46.767041736985725,1832.5295827618384,-1199.9999999999998,300.0,-2578.624064544674,-142.43509984245065,-0.05343276232565586,94.47527826822532,0.0,0.0,0.0,0.0,0.0,0.0,0.0,-1.287416963120357,-1300.0,100.00000000000003,-714.3103254383582,0.1352518397379754,-8.526512829121202e-13,45.5622070084092,-1839.1454490493566,1199.9999999999995,100.0,3286.009886997349,142.43509984245065,0.0,0.16539346355292572,0.0,0.0,0.0,0.0,0.0,0.0,0.0,0.0
66.80674263278439,3425.011547176148,637.9256614767261,723.76428679469,1025.8665194411424,75.62270216433262,74.67180217084945,1298.985679494267,112.65245071685523,519.177416404759,-4.0570052029693215,25.27101456264667,58.120522941262585,1816.00033222387,-1271.2079608089944,299.5993875012084,299.1871767436146,-142.3773099054472,-1.6019100575485368,98.27550619723607,0.0,0.0,0.0,0.0,0.0,0.0,0.0,-72.42748483841855,-1298.985679494267,100.0,250.97391271656937,4.0570052029693215,0.0,42.77507773994479,-1776.5261332478062,1271.2079608089934,100.0,683.7516365619615,142.3773099054472,0.0,0.0,0.0,0.0,0.0,0.0,0.0,0.0,0.0,0.0
159.54297677216064,3442.445206441667,675.50961202864,1797.0366531889142,-72.90348314814537,74.5991174898245,53.52736190524115,1295.94354105394,125.25421413473529,77.80990189017288,-8.110718323066521,25.119054700912145,57.84556064057099,1763.3594943639116,-1342.3581394621328,298.3991549085755,1184.6174806688748,-142.20398698845656,-3.1974026631883135,90.88969414597307,0.0,0.0,0.0,0.0,0.0,0.0,0.0,-154.91394822291704,-1295.94354105394,100.0,-1343.5336542020443,8.110718323066521,0.0,39.10028776540529,-1807.1263333430784,1342.3581394621315,100.0,27.72419029071557,142.20398698845315,0.0,5.877273279980488,0.0,0.0,0.0,0.0,0.0,0.0,0.0,0.0
247.91590579243564,3539.441224839307,712.4132195528034,951.4024733741167,-1862.364664521574,72.90339336052398,195.6005271080953,1290.8760532417386,137.75480601432002,-919.8456364764571,-12.15784994884416,24.866464766467544,65.09645238987657,1806.7292464680884,-1413.3928006912597,296.40411050388195,1527.623642232105,-141.91527173546888,-4.7800860741222095,95.71202114226739,0.0,0.0,0.0,0.0,0.0,0.0,0.0,-229.20417270145168,-1290.8760532417386,100.0,-650.932966576615,12.15784994885098,0.0,48.39841822243176,-1755.1210838315242,1413.39280069126,100.0,115.01535968768394,141.91527173546206,0.0,13.961406322072138,0.0,0.0,0.0,0.0,0.0,0.0,0.0,0.0
353.5893482509356,3464.0692302703023,748.3039818497826,-684.4043498823811,807.4830043497263,70.55080828280154,305.07505300628793,1283.7873281031038,150.10414742211685,-522.4273350457429,-16.195116009419053,24.51425666616089,52.83417414121395,1827.2245683639335,-1484.2543029655726,293.6222466843694,-443.00395708311385,-141.5113984263087,-6.343619862789751,99.66164027754779,0.0,0.0,0.0,0.0,0.0,0.0,0.0,-231.351451445828,-1283.7873281031038,100.0,569.9484320722092,16.195116009419053,0.0,31.95134046719093,-1788.375258093123,1484.254302965573,100.0,-1206.5693227191764,141.5113984263087,0.0,1.6855650040382049,0.0,0.0,0.0,0.0,0.0,0.0,0.0,0.0
511.4322210694695,3461.186083262684,782.8585224747333,2214.6812002483725,-156.81680999396576,67.56255909255117,360.2426834193258,1274.68311782945,162.2527653529277,-341.1619253284317,-20.219240439389523,24.06384138966331,73.49948512613787,1768.0427783815005,-1554.8851452652136,290.0647079441981,-531.0754906959392,-140.99269478658584,-7.881740317411925,89.74460575750403,0.0,0.0,0.0,0.0,0.0,0.0,0.0,-350.8435248492125,-1274.68311782945,100.0,-921.23823183193,20.219240439389523,0.0,39.629951450432415,-1786.8451244051487,1554.8851452652132,100.0,225.73315594943665,140.99269478658584,0.0,7.382469199772612,0.0,0.0,0.0,0.0,0.0,0.0,0.0,0.0
566.9199752314192,3463.853945068764,815.7655043652642,523.7925644624607,-108.94357126017667,63.96556997130972,433.1818260530191,1263.5708100905122,174.15199092489132,474.4900207732127,-24.22695783719064,23.5170233568698,70.18206031032376,1763.4613890885337,-1625.2280137408366,285.7457462282107,-1786.1998847422137,-140.3595817216717,-9.388285535199543,91.87251630604686,0.0,0.0,0.0,0.0,0.0,0.0,0.0,-347.26342011097256,-1263.5708100905122,100.0,460.3548084561825,24.22695783719064,0.0,36.420913608229796,-1761.8821909997719,1625.2280137408356,100.0,-303.81652796031744,140.3595817216717,0.0,0.2917826901752463,0.0,0.0,0.0,0.0,0.0,0.0,0.0,0.0
672.7308722304018,3399.244755964469,846.7284349942377,1715.124659854655,-911.3652982349186,59.792249858861624,471.5290259102563,1250.4594220395747,185.75415435310703,-402.52513491913646,-28.215016114902483,22.875993189164916,72.06951694157318,1756.6282560264656,-1695.2258282213,280.6826638368593,913.7409518730431,-139.61257297523275,-10.857220107711214,92.2089528538341,0.0,0.0,0.0,0.0,0.0,0.0,0.0,-556.5804681142711,-1250.4594220395752,100.0,-296.2260416322789,28.215016114902483,0.0,22.088035668931198,-1709.942185610076,1695.2258282212986,100.0,-1180.4175748279545,139.61257297526345,0.0,15.981978235782861,0.0,0.0,0.0,0.0,0.0,0.0,0.0,0.0
781.0715066010657,3364.1328198714705,875.4683377730289,-1069.6124613699362,644.2301663718627,55.08020044808859,509.45456563397596,1235.359592996445,197.01277592075115,-943.3874212565718,-32.180179137076266,22.143318933521385,75.76209498992054,1649.3762682519002,-1764.8217885317367,274.89574411102785,2003.391609844698,-138.75227471228413,-12.282659299448255,82.47282660209218,0.0,0.0,0.0,0.0,0.0,0.0,0.0,-531.1193754434121,-1235.359592996445,100.0,926.1068258824139,32.18017913708309,0.0,14.83690927094419,-1778.6830510054249,1764.821788531737,100.0,332.8409168741359,138.75227471228754,0.0,9.372225606192124,0.0,0.0,0.0,0.0,0.0,0.0,0.0,0.0
906.3369906314182,3383.95523524541,901.7262656358475,274.9655486699447,-142.43253570406978,49.87187739300339,624.0490007814037,1218.2835758141077,207.88275218263206,528.7334745470076,-36.11922934680479,21.32193577458196,76.26918816984401,1665.9166508386465,-1833.9594205844196,268.40817017443305,-572.3525958443088,-137.77938502737697,-13.65889262285009,83.67840071882743,0.0,0.0,0.0,0.0,0.0,0.0,0.0,-626.1970954066389,-1218.2835758141077,100.0,1062.3915845303595,36.11922934680479,0.0,27.19429275976762,-1674.3503655748991,1833.9594205844191,100.0,-705.0557055466561,137.77938502737356,0.0,14.101772468484281,0.0,0.0,0.0,0.0,0.0,0.0,0.0,0.0
926.8172548909605,3326.9216276914995,925.2656341576823,206.00489604045265,476.31687875141324,44.21420778251388,727.073965477382,1199.2452269360701,218.32053665522898,-1457.1691559946867,-40.028970376540656,20.415134275946798,89.9557007209953,1658.4093709378565,-1902.582622205021,261.2459320591333,-949.5891780250167,-136.69469337806277,-14.980406715207835,70.40628967773006,0.0,0.0,0.0,0.0,0.0,0.0,0.0,-647.7990302840587,-1199.2452269360706,100.0,-981.5323744079711,40.028970376533834,0.0,8.560864700716298,-1658.0838300895366,1902.582622205021,100.0,-811.2598799941554,136.69469337806277,0.0,13.562811244768893,0.0,0.0,0.0,0.0,0.0,0.0,0.0,0.0
1018.3233912582858,3279.935003537668,945.8743531844289,58.60948964725935,-834.6196850451952,38.15816732645317,756.6399008815639,1178.259995152463,228.28431426934776,1526.5566343654996,-43.906229641888785,19.426547197756605,89.0293495729341,1632.760328306831,-1970.6357086570838,253.43772258621158,-430.70970812192627,-135.49907994433738,-16.24190742589363,79.49702950110128,0.0,0.0,0.0,0.0,0.0,0.0,0.0,-662.5127330407734,-1178.259995152463,100.0,-272.7634254314614,43.906229641888785,0.0,19.659298998512256,-1636.1966651162973,1970.635708657083,100.0,807.583204163609,135.4990799443408,0.0,16.815619798522153,0.0,0.0,0.0,0.0,0.0,0.0,0.0,0.0
1110.110889214571,3226.5325753691186,963.3667377691777,-2523.0803162613656,-1001.5303927452419,31.758321063492758,759.5667672676794,1155.3449090640183,237.73416888651445,323.357594568119,-47.747860915999354,18.360134943408184,84.32048610896379,1595.8114087477866,-2038.0634578277536,245.01482241874837,-482.47941928448085,-134.1935149143751,-17.438341025390685,78.47553609190625,0.0,0.0,0.0,0.0,0.0,0.0,0.0,-818.2993841161757,-1155.3449090640183,100.0,434.03713283624313,47.747860915999354,0.0,15.206506175615022,-1603.1756080674938,2038.0634578277545,100.0,386.5130844278906,134.1935149143751,0.0,28.633861453574273,0.0,0.0,0.0,0.0,0.0,0.0,0.0,0.0
1176.8051336746053,3087.087211074356,977.5851811970849,-637.9061978833556,-181.23740756146162,25.07233172910105,909.3592621195996,1130.5185632641042,246.632243208015,-1572.2657348564837,-51.550746882562635,17.220169693681555,87.38316562982904,1601.2985687243165,-2104.81115503812,236.0109747475752,-602.4670751972667,-132.7790576972825,-18.56491445115779,70.97116320239815,0.0,0.0,0.0,0.0,0.0,0.0,0.0,-880.8337408837127,-1130.5185632641042,100.0,1066.7119317615015,51.550746882569456,0.0,2.582785213573164,-1617.3816049130119,2104.81115503812,100.0,-1032.8979031066046,132.7790576972825,0.0,30.355295628601635,0.0,0.0,0.0,0.0,0.0,0.0,0.0,0.0
1262.1867005058464,3097.6231424665666,988.4015750248445,-1888.393014407701,496.8409603240184,18.160440213210336,954.4605851463825,1103.8011032500217,254.9428904359658,924.8376191628569,-55.311801665413896,16.01121829184933,98.51676027422717,1589.9508029180881,-2170.8246374417895,226.46225011183498,-1288.4475748423813,-131.2568560634213,-19.617114509243265,61.671191462447425,0.0,0.0,0.0,0.0,0.0,0.0,0.0,-929.5257702818599,-1103.8011032500217,100.0,1157.978357364101,55.311801665413896,0.0,12.086442539715033,-1559.80898152493,2170.824637441789,100.0,1368.944531400732,131.2568560634213,0.0,26.41443232987395,0.0,0.0,0.0,0.0,0.0,0.0,0.0,0.0
1361.4122637185296,3066.222854958112,995.7184633401768,545.9121895827889,-166.8900261644808,11.084922788670042,976.9315260806762,1075.2142090758152,262.63281707884113,1081.853111666801,-59.02797333255194,14.738123948330895,91.47856705336852,1526.550809628196,-2236.0503379756765,216.4069018958936,727.4937825676932,-129.6281452130711,-20.59072595470255,64.26156402724973,0.0,0.0,0.0,0.0,0.0,0.0,0.0,-1001.4392603301205,-1075.2142090758152,100.0,614.6128001280755,59.027973332545116,0.0,0.7177255335097863,-1560.8581699064687,2236.0503379756756,100.0,217.35830571729252,129.62814521306427,0.0,28.24172633584308,0.0,0.0,0.0,0.0,0.0,0.0,0.0,0.0
1337.7156519435093,2982.5815933567656,999.4699208414357,-587.6761412871451,-264.19717382001636,3.909530000850623,1051.7566655066346,1044.7810777598484,269.67121632936176,-626.0639401212273,-62.69624637267498,13.405986838188255,88.8403607285908,1486.5728548818126,-2300.4353288273396,205.88521308150126,-308.57944497462995,-127.89424677407624,-21.4818483783948,58.95208542062618,0.0,0.0,0.0,0.0,0.0,0.0,0.0,-958.8043603238787,-1044.7810777598484,100.0,-951.110479829037,62.69624637267498,0.0,4.733193395673883,-1501.3540943794862,2300.4353288273387,100.0,435.71188010580386,127.8942467740626,0.0,37.655258723291325,0.0,0.0,0.0,0.0,0.0,0.0,0.0,0.0
1420.4027225201096,2978.992085453517,999.6221468258193,2221.049594812016,-1082.2330034460242,-3.30108772597157,1045.6459966814634,1012.5264044614391,276.02989148041524,-1249.6980401382632,-66.31364414213294,12.020143669184904,91.80802765763426,1556.9843883342842,-2363.9273643835927,194.93933486913227,-952.6830397856895,-126.05656772941529,-22.286911832510867,62.07292302024091,0.0,0.0,0.0,0.0,0.0,0.0,0.0,-1091.0821437104769,-1012.5264044614391,100.0,-1116.612461948431,66.31364414212612,0.0,6.847821449191416,-1439.1346772993497,2363.927364383593,100.0,691.1927224514579,126.05656772940847,0.0,34.09476461383075,0.0,0.0,0.0,0.0,0.0,0.0,0.0,0.0
1580.694992632544,2966.6864734426763,996.1737697343385,-1050.2717283024424,44.2496123059459,-10.481962590155263,1075.6879752898164,978.4763624418138,281.68336888458884,840.542496861392,-69.87723128034531,10.586146302270265,92.01593058773277,1445.6379893787569,-2426.4749236255443,183.61311781500805,-994.7647537433807,-124.11659927552819,-23.002691132233508,56.200639281711695,0.0,0.0,0.0,0.0,0.0,0.0,0.0,-1158.4436436371705,-978.4763624418133,100.0,-512.5990243184708,69.87723128034531,0.0,9.248543208473732,-1404.442392600473,2426.474923625544,100.0,567.5990048109497,124.11659927553501,0.0,41.04128269498744,0.0,0.0,0.0,0.0,0.0,0.0,0.0,0.0
1471.6437252695318,2996.0844163234797,989.1558595095906,-1595.8729759643825,288.46493792658066,-17.568394773817886,1213.9533950439713,942.6585818256453,286.60900000478523,262.51147973569687,-73.38411609169952,9.109739510129202,94.58335053010516,1379.8596232056566,-2488.0272519356545,171.9519361602874,-1699.4230082145884,-122.07591561224035,-23.626318776219364,57.26270616235105,0.0,0.0,0.0,0.0,0.0,0.0,0.0,-1147.3461585505222,-942.6585818256453,100.0,579.1122534600163,73.38411609169952,0.0,0.3136669264370431,-1446.7406488944214,2488.027251935654,100.0,-353.97829395762415,122.07591561224717,0.0,52.28184342295643,0.0,0.0,0.0,0.0,0.0,0.0,0.0,0.0
1584.8784202423078,2821.656540468202,978.6316476549894,-781.8213384230717,-1122.6714729128162,-24.496535389397422,1219.7348213591881,905.1021271804129,290.78705214709237,-1027.0443132954506,-76.83145289206095,7.596837962902043,96.725550157889,1345.066225447006,-2548.5344022829004,160.00250605618623,-809.2276240211163,-119.93617266538877,-24.15529643418637,46.0794626363602,0.0,0.0,0.0,0.0,0.0,0.0,0.0,-1236.256119871976,-905.1021271804134,100.0,924.2357700754121,76.83145289205413,0.0,6.622288847444585,-1382.7554663790468,2548.5344022829,100.0,672.8756709683034,119.93617266540241,0.0,43.949606733693784,0.0,0.0,0.0,0.0,0.0,0.0,0.0,0.0
1680.7930413105016,2773.6781617341885,964.6959575177286,-364.56223025700524,-179.09311370155137,-31.20396175935639,1267.1301689844663,865.8374739317724,294.20078751242227,-513.4451086506101,-80.216444317889,6.05350253328254,90.13327617265777,1240.703598900403,-2607.9472757526096,147.81269841323564,-1067.124158868104,-117.6991067430913,-24.587504955514845,43.119385249720004,0.0,0.0,0.0,0.0,0.0,0.0,0.0,-1216.7849962665912,-865.8374739317724,100.0,453.281479716851,80.216444317889,0.0,12.834483349087403,-1269.3564741680093,2607.947275752608,100.0,-185.32558805256713,117.69910674309813,0.0,53.55889566952283,0.0,0.0,0.0,0.0,0.0,0.0,0.0,0.0
1728.7594272797987,2729.2004879329133,947.4743499286357,-1048.804014377431,-166.8299299276896,-37.630239845660185,1384.9057322464148,824.8964836340751,296.8365302502256,-356.198079638242,-83.53634359623697,4.485916015900671,91.28619825203458,1258.7676702702183,-2666.2176613880893,135.43134712443225,146.87984481971284,-115.36653312681892,-24.92121285885247,44.0248937666664,0.0,0.0,0.0,0.0,0.0,0.0,0.0,-1319.0176329984977,-824.8964836340756,100.0,-1184.9609511609935,83.53634359623015,0.0,3.625942070311548,-1085.4382320868249,2666.2176613880893,100.0,-415.48556021582954,115.3665331268462,0.0,53.388990496467166,0.0,0.0,0.0,0.0,0.0,0.0,0.0,0.0
1786.7055653448856,2655.6017371855637,927.1219918967195,-645.2898820230394,300.78549709109666,-43.717468761615805,1437.0243850451814,782.3123781161091,298.68372124565894,687.8272688208631,-86.78845677354502,2.9003583582743886,94.50412728699726,1171.4101686459726,-2723.2982753117185,122.90805343055797,-1406.684116363291,-112.9403445983553,-25.155083268627934,32.47968163975818,0.0,0.0,0.0,0.0,0.0,0.0,0.0,-1396.9866623954938,-782.3123781161091,100.0,-722.2502757894142,86.78845677354161,0.0,10.609471556812622,-1126.4957553255506,2723.298275311718,100.0,-176.77177649039436,112.9403445983553,0.0,64.28205202444256,0.0,0.0,0.0,0.0,0.0,0.0,0.0,0.0
1842.8010145579474,2501.4785194999317,903.8222585514936,1849.3735927962575,246.2889430116411,-49.41080245994954,1360.3775045494206,738.1197125230306,299.73496042071787,-247.00580738842746,-89.97014490176298,1.303181502554196,90.53852014245223,1206.2825705868634,-2779.14279909375,110.29298721141122,-1348.0307116557356,-110.42250990393313,-25.288179270745275,40.3284961228747,0.0,0.0,0.0,0.0,0.0,0.0,0.0,-1411.8575897273272,-738.119712523031,100.0,-1536.4425158157462,89.97014490176639,0.0,11.026539242419345,-1067.7849265419752,2779.14279909375,100.0,820.9560017143122,110.42250990393313,0.0,69.74139404394155,0.0,0.0,0.0,0.0,0.0,0.0,0.0,0.0
1816.102197472688,2475.573489119002,877.785080929604,-889.5275508579664,1911.7638795686025,-54.65894389671121,1516.5283837161646,692.3543472763706,299.9860363798749,1083.1837777723706,-93.07882617967493,-0.2992160611466943,94.22341567629996,1062.781144428342,-2833.705917337701,100.0,-249.28489818809794,-107.81507215663851,0.0,36.23946880703921,0.0,0.0,0.0,0.0,0.0,0.0,0.0,-1491.1305458643012,-692.3543472763713,100.0,-737.5528836973865,93.07882617968176,0.0,10.496720833572386,-1074.1707041952923,2833.705917337701,102.36331400100363,1099.5554535241827,107.81507215663169,25.319967665989793,68.08014936660965,0.0,0.0,0.0,0.0,0.0,0.0,0.0,0.0
1843.005172418007,2392.2164405559533,849.2450544922299,864.2982636896363,-81.5485746397303,-59.41460721862882,1487.6541437085862,645.0534189748666,299.43594328145633,-285.334583952432,-96.11197804796575,-1.9004149279081162,82.45204010787303,1068.8055779821402,-2886.943354451819,100.0,-384.0041377403361,-105.12014717852935,0.0,41.04665103907099,0.0,0.0,0.0,0.0,0.0,0.0,0.0,-1570.2013408235634,-645.0534189748666,100.0,-480.68867749779315,96.11197804796575,0.0,8.33436947431711,-1109.61852175032,2886.943354451818,115.01014748214462,1548.0131048571961,105.12014717853617,25.2503211060732,72.40978010617178,0.0,0.0,0.0,0.0,0.0,0.0,0.0,0.0
1948.2697735410911,2190.5933192610455,818.4593254155577,-409.06401570471303,485.28646350066083,-63.63494380953057,1567.6189574070672,596.2553102597317,298.08688486716926,-422.0647033495436,-99.06713923609914,-3.4940004949402237,89.92624397348631,922.6212918681098,-2938.811910576792,100.0,24.623059959208717,-102.33992178375729,0.0,20.42835662671934,0.0,0.0,0.0,0.0,0.0,0.0,0.0,-1542.2734968214097,-596.2553102597319,100.0,-988.2766484729757,99.06713923610937,0.0,0.6350343815613613,-941.737100040301,2938.811910576793,127.59684843638507,635.064466969348,102.33992178375047,25.07951860382029,75.02297163847201,0.0,0.0,0.0,0.0,0.0,0.0,0.0,0.0
2045.045271368322,2190.7281589732356,785.7052736988861,1311.268098737844,2132.0837051040985,-67.28192835717948,1597.5203835568002,545.9996186688145,295.94426563363743,-421.0883307736799,-101.9419117596226,-5.073588659282393,89.95644757968833,888.0873533202124,-2989.2694966405575,100.0,-1224.0051320931866,-99.47665200398887,0.0,29.018048018150335,0.0,0.0,0.0,0.0,0.0,0.0,0.0,-1551.3313620694084,-545.9996186688145,100.0,-871.9412489251067,101.94191175961578,0.0,14.496793928152139,-883.3460425686985,2989.269496640557,140.07299296651698,478.3208911280133,99.4766520039957,24.808244415401504,77.36898721369268,0.0,0.0,0.0,0.0,0.0,0.0,0.0,0.0
1966.2163643479853,2102.9077882041265,751.2780139656031,131.2919989504917,-937.4673188661995,-70.3227014620461,1584.50711528751,494.3271245049234,293.01666918131184,404.5614173522267,-104.73396286594493,-6.632851393315491,97.13464758678407,855.7085560059893,-3038.275168511743,100.0,-1115.9016107467237,-96.53266125785194,0.0,24.853687644721873,0.0,0.0,0.0,0.0,0.0,0.0,0.0,-1645.7899521087882,-494.3271245049241,100.0,-91.31864095880587,104.73396286595175,0.0,14.53306380145165,-762.6289453029211,3038.2751685117423,152.38860007818514,-1409.3681385993284,96.53266125785194,24.437585299128557,85.60882483353795,0.0,0.0,0.0,0.0,0.0,0.0,0.0,0.0
1975.458361837225,2026.136430926946,715.4877364748668,1538.479327584954,955.059754841634,-72.72986570114199,1636.6153212473555,441.27975774438914,289.3158238274947,-139.27847615433393,-107.44102692733122,-8.165542095643161,72.79290108589299,746.101168481605,-3085.789160224048,100.0,-738.2693302408256,-93.51033846548489,0.0,16.161832392689753,0.0,0.0,0.0,0.0,0.0,0.0,0.0,-1610.2691200637382,-441.27975774438914,100.0,-248.38851674275702,107.4410269273244,0.0,7.283116425521216,-815.9269708293635,3085.789160224047,164.49433190999798,-611.9747493748838,93.51033846548489,23.969026161742164,82.13806518773295,0.0,0.0,0.0,0.0,0.0,0.0,0.0,0.0
1979.1652270156533,1982.0314320702557,678.6569123015232,563.6353674352029,-325.2606637820793,-74.48173247929901,1700.3984945201516,386.90056401271545,284.8565556212343,716.4381528034244,-110.06090727929404,-9.665520615741059,73.2894538438694,627.7237457744623,-3131.7729162445894,100.0,-1481.5754557754065,-90.41213611007834,0.0,12.22098132728216,0.0,0.0,0.0,0.0,0.0,0.0,0.0,-1707.4694537277403,-386.9005640127166,100.0,-871.5468374731506,110.06090727929404,0.0,23.58838557474081,-688.5476380905423,3131.7729162445885,176.3416913871672,-739.5573780956488,90.41213611007834,23.404444109713438,88.66785704884029,0.0,0.0,0.0,0.0,0.0,0.0,0.0,0.0
1990.9537246331402,1792.1990297850034,641.1173878656432,-1546.5626400636154,-1021.8872873073099,-75.56251744381996,1597.9518823111866,331.2336696549319,279.6567289483196,599.73718113926,-112.59147800314963,-11.126777852178122,78.57105334330136,683.628507354078,-3176.189122760039,100.0,-815.3034210096706,-87.24056824775289,0.0,10.415720150326088,0.0,0.0,0.0,0.0,0.0,0.0,0.0,-1619.7830116362834,-331.23366965493165,100.0,-1417.266167302348,112.59147800315645,0.0,20.834068885251064,-553.3159943699776,3176.1891227600386,187.88321650685074,621.5667973495346,87.24056824776653,22.746100929305726,84.21107910544534,0.0,0.0,0.0,0.0,0.0,0.0,0.0,0.0
2026.9294278259067,1802.5032749447025,603.2073949900223,-1919.5162590150824,1306.409310795284,-75.96248270180297,1658.0182068705058,274.32424592898906,273.73717496431783,336.3673028180517,-115.03068565108833,-12.543459825827199,63.28222717100157,578.4196488882826,-3219.00173795515,100.0,-1071.7840108817268,-83.99820846761486,0.0,13.011168561163174,0.0,0.0,0.0,0.0,0.0,0.0,0.0,-1713.3433854600758,-274.3242459289893,100.0,200.59852191220216,115.03068565108833,0.0,19.04253367487287,-568.2447851695107,3219.00173795515,199.0726704768677,505.9112163760233,83.99820846761486,21.996634025590538,86.1335397974457,0.0,0.0,0.0,0.0,0.0,0.0,0.0,0.0
2011.6335754180882,1625.6470645160773,565.2685034250809,577.281244565736,591.5852820390239,-75.67802455873107,1719.2065190450005,216.21847235125028,267.12160814236154,406.06762882519206,-117.37655091242914,-13.909891131633572,68.8572583950162,407.7587606101598,-3260.1760212591275,100.0,-830.2644985304491,-80.68768780322443,0.0,7.206254856120841,0.0,0.0,0.0,0.0,0.0,0.0,0.0,-1678.3416610406573,-216.2184723512512,100.0,-993.681413512694,117.37655091242573,0.0,33.23730865643862,-538.651719834592,3260.1760212591275,209.8652269460676,413.57640858600973,80.68768780322443,21.159045856656746,93.81457790076712,0.0,0.0,0.0,0.0,0.0,0.0,0.0,0.0
1901.490146387648,1522.920895076083,527.6425432989761,-665.4607971366181,567.4240265462504,-74.71170598784056,1734.6154403619812,156.96349922382933,259.8365312700055,-1847.7260044353523,-119.62717021977596,-15.220597674997123,59.942563618415704,389.5993554583484,-3299.6785615360795,100.0,-688.3032820394455,-77.31169259779563,0.0,15.208403649086902,0.0,0.0,0.0,0.0,0.0,0.0,0.0,-1740.5039980914585,-156.96349922383,100.0,-1696.3195781515958,119.62717021977596,0.0,30.996737700555357,-524.2825586379579,3299.678561536079,220.2176495842958,-601.1267097169758,77.31169259780245,20.23669190539451,100.0,0.0,0.0,0.0,0.0,0.0,0.0,0.0,0.0
2022.65345427495,1522.6533100878162,490.66852522170086,-440.8162765957911,-575.733865284393,-73.07223353767085,1806.21575570422,96.60740937417313,251.91112927574687,-591.4953648769665,-121.78071729369094,-16.47032860168494,61.8362095641171,358.7139565840019,-3337.4773041967005,100.0,-1444.0899578577055,-73.87296232426706,0.0,3.643768822813666,0.0,0.0,0.0,0.0,0.0,0.0,0.0,-1851.6792153375125,-96.60740937417222,100.0,-834.4620503482452,121.78071729369094,0.0,33.35782314458493,-333.356930173689,3337.477304196701,230.08846529253583,389.3658338574488,73.87296232426706,19.23326723701507,89.58311378023987,0.0,0.0,0.0,0.0,0.0,0.0,0.0,0.0
1944.9451657440288,1329.74029430309,454.6795857931001,-654.0093437213716,-178.93922871331256,-70.77437888589543,1849.7603921873579,35.1991791379462,243.3771523105541,453.9287714353691,-123.83544462460236,-17.65407733340183,62.27927263192717,276.26194203451206,-3373.541577209174,100.0,-265.9171702228136,-70.37428736232414,0.0,0.31794049297738525,0.0,0.0,0.0,0.0,0.0,0.0,0.0,-1772.6812460511167,-35.199179137945976,100.0,-1236.7498766666904,123.83544462459895,0.0,40.63772103205653,-218.91983010665516,3373.541577209174,239.43813034932793,674.1152049878838,70.37428736232414,18.15279169615991,96.31732744912719,0.0,0.0,0.0,0.0,0.0,0.0,0.0,0.0
1946.7002165074307,1286.0319871412896,419.99998603582463,1477.0418902873098,-831.2686859047926,-67.83884574624437,1789.5591103692427,-27.21136138313159,234.26878855279378,-1275.6460296366538,-125.78968489085582,-18.767101624775506,55.79452228819433,295.092136188568,-3407.8421159881864,100.0,950.4201572786347,-66.81850673419376,0.0,5.647725352809192,0.0,0.0,0.0,0.0,0.0,0.0,0.0,-1767.3260893007475,27.21136138313136,100.0,-107.92640866181046,125.78968489085582,0.0,34.835328459597164,-218.98645141808612,3407.842115988186,248.2291888278593,-204.33962664362753,66.81850673418694,16.99959380289215,94.93462070191835,0.0,0.0,0.0,0.0,0.0,0.0,0.0,0.0
1934.0452624270215,1111.2291752865524,386.94218979740526,-533.561112238641,-1340.541175424005,-64.29208332764716,1775.7780534130086,-90.573568756241,224.6225272461149,-283.14078638174465,-127.64185231168426,-19.804942561379164,46.73915644789532,209.50737542289656,-3440.351087141865,100.0,-380.1259979743428,-63.20850580081469,0.0,11.445458465490688,0.0,0.0,0.0,0.0,0.0,0.0,0.0,-1793.4922876871528,90.57356875624032,100.0,-1129.4117388584266,127.64185231167744,0.0,58.71686674142025,-213.86834466875106,3440.351087141865,256.42642264908875,1462.8696952102484,63.20850580081469,15.778293412106592,100.0,0.0,0.0,0.0,0.0,0.0,0.0,0.0,0.0
1931.0076691072147,1055.6285624885918,355.8040484450969,-1035.841008169649,-1234.437485566079,-60.16604802634873,1786.1523015186176,-154.83602731240012,214.47701251897814,1199.073513356035,-129.3904439339542,-20.763442422703804,40.24836060022615,65.91985544757213,-3471.0421110573607,100.0,-822.0710366126162,-59.54721392060037,0.0,3.113486797102975,0.0,0.0,0.0,0.0,0.0,0.0,0.0,-1792.2125493994542,154.8360273123992,100.0,-925.7827649073727,129.39044393394738,0.0,54.25427519952521,-23.129880998296528,3471.04211105736,263.99699266977336,-254.63490759688554,59.54721392059355,14.493783205811894,88.93014382164466,0.0,0.0,0.0,0.0,0.0,0.0,0.0,0.0
1866.87655060906,890.5376542832748,326.8661172194447,-1821.9724081111713,-1239.3987873547496,-55.49791549818792,1808.5186400312036,-219.9465908680396,203.87288857144713,902.1844688560691,-131.03404085179818,-21.638761338502803,45.568534464040724,16.482036261184128,-3499.890283306754,100.0,1485.1752484355898,-55.8376020722676,0.0,5.169099464677978,0.0,0.0,0.0,0.0,0.0,0.0,0.0,-1807.6927338459514,219.94659086803813,100.0,418.93241880250343,131.03404085182035,0.0,59.53072908566935,6.337406517652948,3499.8902833067536,270.9105702401806,878.840454166087,55.8376020722676,13.15120909244854,93.8813016302928,0.0,0.0,0.0,0.0,0.0,0.0,0.0,0.0
1738.8565561029025,846.2943245988544,300.3891274262778,248.50880556495554,-731.756950915738,-50.329745705237485,1815.6292592701782,-285.8524250393556,192.85263684944306,389.17967042794317,-132.57130935797704,-22.42739267179644,40.07759588670702,-105.684438514656,-3526.8721948559128,100.0,-1519.450593853406,-52.08268044410488,0.0,1.4504334846790714,0.0,0.0,0.0,0.0,0.0,0.0,0.0,-1781.420638048933,285.8524250393559,100.0,182.52998698773695,132.57130935796852,0.0,70.12219575913367,58.859828734038246,3526.8721948559128,277.1394587044498,245.2657666537849,52.08268044409806,11.755949591720594,100.0,0.0,0.0,0.0,0.0,0.0,0.0,0.0,0.0
1768.7981927734681,711.1667108911394,276.6116372427296,-1924.4979375232538,2350.4780608442097,-44.70810395475809,1752.7888360060647,-352.50005011511064,181.4604058587625,-1677.1222941059773,-134.00100202610247,-23.12617706689352,22.201809100302015,-93.91567379366553,-3551.965951059902,100.0,508.3021630536168,-48.28549599133112,0.0,1.6362120980943091,0.0,0.0,0.0,0.0,0.0,0.0,0.0,-1737.2780247222934,352.5000501151103,100.0,-105.79116817622094,134.00100202610417,0.0,63.209565323830205,57.59705367172261,3551.965951059902,282.658704356857,-251.5636534106465,48.28549599133112,10.313594287576393,92.50792898619652,0.0,0.0,0.0,0.0,0.0,0.0,0.0,0.0
1708.6886492991666,609.0380981958594,255.74788230356467,-395.9499678590794,-873.1362016096944,-38.683641344892976,1895.3256584678775,-419.835384453086,169.7418343006454,1036.474593669642,-135.32195872291993,-23.73231510616833,43.42614658471594,-206.79040583215235,-3575.151189429535,100.0,-1669.6140690851362,-44.449129963584255,0.0,3.786821125357756,0.0,0.0,0.0,0.0,0.0,0.0,0.0,-1857.2812741222763,419.8353844530852,100.0,-531.5183398846557,135.32195872292334,0.0,61.66019929129579,235.0201701412312,3575.151189429535,287.44619640947985,250.04138840016338,44.449129963591076,8.829921435639676,95.20065979648211,0.0,0.0,0.0,0.0,0.0,0.0,0.0,0.0
1649.5026493475286,606.9674908384652,237.98584543407128,120.90202483488156,1857.2257694842556,-32.310638397308935,1807.2172151266032,-487.80378836497846,157.7438682374334,901.9305288220994,-136.53310754964593,-24.243378524873407,40.41572259280928,-241.71695213709992,-3596.4090961546453,100.0,10.103918078654885,-40.5766954046544,0.0,5.722954346336613,0.0,0.0,0.0,0.0,0.0,0.0,0.0,-1766.604170693748,487.80378836497925,100.0,701.5268801475054,136.53310754962376,0.0,75.7766219132733,216.00254897909403,3596.4090961546453,291.482755570777,745.1670553452288,40.57669540464758,7.31087481479733,93.48835657074312,0.0,0.0,0.0,0.0,0.0,0.0,0.0,0.0
1617.561651192643,370.46134475630123,223.48556292126182,427.0056495143808,-335.7786197188298,-25.646515988705403,1688.6109630446856,-556.3501084541242,145.51457302077648,156.3759311813385,-137.6334657118207,-24.65731993908065,28.767746227653014,-285.5357609467909,-3615.7224213706722,100.0,-991.0659312321209,-36.67133462636457,0.0,20.7129737398751,0.0,0.0,0.0,0.0,0.0,0.0,0.0,-1766.4929433317484,556.3501084541246,100.0,-127.00289461249895,137.63346571183092,0.0,70.89533943413782,281.8378527537569,3615.7224213706722,294.75221088022704,-566.6522106648813,36.67133462636457,5.762539915676825,86.52508748039101,0.0,0.0,0.0,0.0,0.0,0.0,0.0,0.0
1609.4406366456137,299.6308570335898,212.37768258390992,90.60761362052517,195.4534597164306,-18.751317987600657,1783.1206346402628,-625.4187223700761,133.1029407358267,-1244.694357256667,-138.62214031676558,-24.97248104774414,24.79805808754465,-400.9881882868475,-3633.075493156175,100.0,-417.3495830798481,-32.736216658734065,0.0,14.785972704134055,0.0,0.0,0.0,0.0,0.0,0.0,0.0,-1728.876689339517,625.4187223700758,100.0,1022.993001913494,138.6221403167673,0.0,70.93482088878461,348.66622108024995,3633.075493156175,297.2414644912178,-913.3127265103687,32.736216658727244,4.191119561409664,92.77239336524931,0.0,0.0,0.0,0.0,0.0,0.0,0.0,0.0
1534.5013812020711,128.8825312306519,204.76228663324127,-1363.4447016415118,-781.3049748957628,-11.687170257962407,1668.6847414530596,-694.9535839437162,120.55869393282163,369.5585579134672,-139.498329098127,-25.187599276072064,29.49363157245489,-383.6548528422463,-3648.4542302499144,100.0,-610.2942394728228,-28.77453467841633,0.0,8.754510629513977,0.0,0.0,0.0,0.0,0.0,0.0,0.0,-1729.5989786019477,694.9535839437153,100.0,-407.84237280505863,139.49832909812528,0.0,66.30420962593075,456.9687229439305,3648.4542302499144,298.94054414265725,94.22720707847049,28.77453467842315,2.6029090583367065,95.66085082255796,0.0,0.0,0.0,0.0,0.0,0.0,0.0,0.0
1479.2885861300156,59.73522915244037,200.7079899303232,-710.0790215663824,1603.5664571977293,-4.517720903994302,1694.4665216364428,-764.8982686662778,107.93208643233345,487.6405364909715,-140.26132106690795,-25.301812833554536,8.957023819757389,-466.9554276694066,-3661.8461534771823,100.0,-809.0965647097499,-24.789503417655396,0.0,12.766998964806351,0.0,0.0,0.0,0.0,0.0,0.0,0.0,-1766.7032552913379,764.8982686662769,100.0,-472.847359080514,140.26132106690966,0.0,83.39929500805528,533.9178390530055,3661.846153477182,299.8426431090972,-1523.1037594176446,24.789503417655396,1.004270976244186,73.18213737851562,0.0,0.0,0.0,0.0,0.0,0.0,0.0,0.0
1342.763742342475,-99.70388508613486,200.2513217648733,-95.4156758322813,569.2248451893063,2.692433200478206,1708.1382686724105,-835.1960194753772,100.0,-166.16855428801387,-140.9104970883959,0.0,14.541686938705006,-583.4911831528269,-3673.2403958761047,100.0,-942.9241672136385,-20.784356555582235,0.0,19.70361442485558,0.0,0.0,0.0,0.0,0.0,0.0,0.0,-1694.6458963554305,835.1960194753758,104.72629799781768,976.5016908082225,140.9104970883959,25.31466416640363,73.4091437933346,590.8534027424242,3673.2403958761042,299.9441474693266,1222.4982479450773,20.784356555575414,-0.5983903408994706,76.06396985529399,0.0,0.0,0.0,0.0,0.0,0.0,0.0,0.0
1283.9029512494158,-157.61312952137965,203.39639672567057,-1030.9498829022311,-474.2214638382824,9.87832843106247,1660.5895693640998,-905.7897928108913,100.0,363.1585291251349,-141.44533038454995,0.0,12.274666357980882,-593.404129903641,-3682.627711515712,100.0,-1367.9278557311454,-16.76234409425888,0.0,23.445054558587834,0.0,0.0,0.0,0.0,0.0,0.0,0.0,-1732.5508158263442,905.7897928108898,117.36574828745952,221.3093513732224,141.44533038454995,25.226101790579065,88.6388407071256,731.381149466324,3682.627711515712,299.2446505841916,-101.18725644176664,16.76234409425888,-2.198654431547311,83.09279087276292,0.0,0.0,0.0,0.0,0.0,0.0,0.0,0.0
1255.1103225078118,-186.3121697278016,210.114877628033,-1615.5496043135338,-1478.1451258245102,16.975219736274312,1682.6678622029556,-976.6223049033242,100.0,978.5057718418352,-141.86538696146215,0.0,11.86150718189386,-731.96686765635,-3690.0004829986074,100.0,1229.9026993522784,-12.726729721475749,0.0,20.78182415011219,0.0,0.0,0.0,0.0,0.0,0.0,0.0,-1605.6432977676639,976.6223049033244,129.93562921895293,-167.7010585929736,141.86538696146044,25.036480498020666,73.44096706614606,727.2141071357568,3690.0004829986074,297.7469547256427,758.9959218850129,12.726729721475749,-3.790110437736871,78.4856217141709,0.0,0.0,0.0,0.0,0.0,0.0,0.0,0.0
1223.2377042338267,-316.7140490709544,220.3462308323854,627.1398054997144,-1823.267403089259,23.919163991676555,1575.5434335315338,-1047.636078257085,100.0,530.7164636952484,-142.17032596154354,0.0,11.74100140403917,-759.4260226888016,-3695.35272764215,100.0,28.686443870985272,-8.68078816233492,0.0,34.80659229123111,0.0,0.0,0.0,0.0,0.0,0.0,0.0,-1547.6405026054492,1047.6360782570846,142.3855842782033,-12.433978659122431,142.17032596153672,24.746559935330055,89.43180496479376,794.2274179453127,3695.35272764215,295.45705985048306,-1058.6361450868953,8.680788162341742,-5.366382787795203,77.99497130595952,0.0,0.0,0.0,0.0,0.0,0.0,0.0,0.0
1082.9530448697203,-533.8467312328819,233.99827165349342,182.0690265109249,-861.2524794747429,30.647596128630994,1573.429231603883,-1118.773488290972,100.0,655.639232254315,-142.35989994006786,0.0,2.9578459506407047,-860.376247871501,-3698.6801023331464,100.0,-503.18314617591454,-4.627802522047659,0.0,30.510344478479848,0.0,0.0,0.0,0.0,0.0,0.0,0.0,-1541.704580121246,1118.773488290971,154.66573738914954,-1311.7160892045115,142.35989994006786,24.357501560514976,90.50480751452766,829.4864960772352,3698.6801023331464,292.3841395637918,-410.3310598196117,4.627802522047659,-6.921156737670913,65.2096462097269,0.0,0.0,0.0,0.0,0.0,0.0,0.0,0.0
1084.220626064132,-547.0272535216078,250.94799494621475,1354.9744707106527,-344.10293514611567,37.09989284675089,1492.5578216857798,-1189.9768100980075,100.0,412.900022212026,-142.43395506603065,0.0,5.952514954158338,-921.0346721013937,-3699.979907052092,100.0,-80.8224057687022,-0.5710616217743336,0.0,40.66644053524384,0.0,0.0,0.0,0.0,0.0,0.0,0.0,-1580.3900584360063,1189.9768100980082,166.72689272355825,-805.2440259709658,142.43395506603406,23.870863990059945,82.4702659584743,876.1698203693129,3699.979907052092,288.5405043683154,957.4353026166608,0.5710616217743336,-8.44820366859551,74.99811837493284,0.0,0.0,0.0,0.0,0.0,0.0,0.0,0.0
926.0531830118089,-726.7557020575395,271.0426833841763,498.4005888043549,-1765.9757339701935,43.21791883098342,1558.9572262510133,-1261.1882652866832,100.0,-802.1603137813122,-142.39243124692962,0.0,13.73504003452657,-1007.5194206190841,-3699.251087064124,100.0,-1065.7413669781533,3.486142670112713,0.0,35.58953752235029,0.0,0.0,0.0,0.0,0.0,0.0,0.0,-1487.6288135896043,1261.1882652866834,178.52073178566093,-185.9992814551208,142.39243124692962,23.28859675489099,85.62706581568892,966.2527348131536,3699.251087064124,283.94155234705477,-1336.6944308135203,-3.486142670112713,-9.94140603970152,61.012113344785526,0.0,0.0,0.0,0.0,0.0,0.0,0.0,0.0
814.8713309599792,-854.0676309893656,294.1012834457628,-1861.8455655122075,270.2433965182405,48.9465505518811,1555.610107124426,-1332.3500688656065,100.0,-1434.8478661610773,-142.2353621775278,0.0,7.404433881600748,-974.5388392098798,-3696.494233774889,100.0,1000.6672415925527,7.5405181092082785,0.0,41.20772823515355,0.0,0.0,0.0,0.0,0.0,0.0,0.0,-1419.9904441741505,1332.3500688656063,190.00000698208765,156.61936297031275,142.23536217753121,22.613032490324372,98.23670016974668,998.0242284211179,3696.494233774889,278.60570747662064,1155.6729792074293,-7.5405181092082785,-11.394781895653807,62.52181623497154,0.0,0.0,0.0,0.0,0.0,0.0,0.0,0.0
747.5427084533134,-872.1331382378316,319.9160367097594,-2282.1839718112556,670.0805095178333,54.23417292965695,1472.3950330600899,-1403.4044761335017,100.0,-975.1463899587577,-141.96287531254143,0.0,8.026874793814425,-1122.321847637406,-3691.711584250644,100.0,-620.994965148152,11.58877474658766,0.0,44.96746113647869,0.0,0.0,0.0,0.0,0.0,0.0,0.0,-1458.9947597860232,1403.4044761335008,201.118730901631,-1284.692984479501,141.9628753125312,21.846877591245146,97.82109315151497,1117.9958088884828,3691.711584250644,272.55434581848,-85.42952831863431,-11.58877474658766,-12.802508831123305,54.37005584204197,0.0,0.0,0.0,0.0,0.0,0.0,0.0,0.0
760.0021275777435,-957.9241619793329,348.25435176264443,-252.4908164203464,-1571.5661121644143,59.033144387002494,1432.0965872818792,-1474.2938295365166,100.0,708.1325295417582,-141.57519176314509,0.0,6.026823038957771,-1124.9392819018547,-3684.907019402978,100.0,-279.29945220369746,15.627627598485105,0.0,42.12731206081604,0.0,0.0,0.0,0.0,0.0,0.0,0.0,-1353.8038251867652,1474.2938295365152,211.83236054656294,1021.3207273029286,141.57519176314509,20.99320136994308,87.73458281346001,1146.665087843551,3684.907019402978,265.8117098837822,56.41265277702928,-15.627627598485105,-14.15894731605789,51.3722525149366,0.0,0.0,0.0,0.0,0.0,0.0,0.0,0.0
595.8723478179791,-1186.3138170587283,378.86089985160777,135.87206891870153,1588.9119711507294,63.30022610063793,1356.627325247708,-1544.9606054548155,100.0,-367.864587870514,-141.07262611767624,0.0,0.0,-1142.7265859822016,-3676.086060839616,100.0,-1898.5217652458778,19.653799311872717,0.0,47.345062988071255,0.0,0.0,0.0,0.0,0.0,0.0,0.0,-1324.0794811362243,1544.9606054548158,222.09797577745152,2052.6188483871374,141.07262611767624,20.05542376005792,97.30657784193723,1102.4813222989649,3676.086060839616,258.40481151483016,-1235.6552939934045,-19.653799311872717,-15.45866328835018,56.534744642346396,0.0,0.0,0.0,0.0,0.0,0.0,0.0,0.0
499.860263118053,-1284.1194911272082,411.45991540142774,343.1710134807645,1125.2562209742473,66.9969715838846,1305.0532048608577,-1615.347460880488,100.0,295.54728879148684,-140.45558618622863,0.0,2.939522946374616,-1295.2132677272166,-3665.255866383879,100.0,-1670.4241024042028,23.664022823927553,0.0,56.04200411958434,0.0,0.0,0.0,0.0,0.0,0.0,0.0,-1317.0320380319822,1615.3474608804881,231.87445125660412,-402.41698966906597,140.45558618622863,19.037301615902322,100.0,1258.5610713813808,3665.2558663838795,250.36332367226242,220.86604245878448,-23.664022823927553,-16.696449923359182,45.6325486413632,0.0,0.0,0.0,0.0,0.0,0.0,0.0,0.0
365.52458517295594,-1298.8291145729245,445.7576806675021,1273.9752339243041,-927.1271817463787,70.09007309025179,1247.3534260676777,-1685.3972799489006,100.0,1551.746506213184,-139.72457266980996,0.0,4.657096496524599,-1294.7956814158604,-3652.4252242664215,100.0,-342.57681590920356,27.655044013108636,0.0,57.95539790593085,0.0,0.0,0.0,0.0,0.0,0.0,0.0,-1243.3768466626777,1685.3972799489004,241.12262120131004,256.18198452538536,139.72457266981337,17.94291366203865,90.7472899839867,1231.6243637573257,3652.425224266422,241.7194615614649,-279.12243139414954,-27.655044013108636,-17.86734849311756,35.73393250091031,0.0,0.0,0.0,0.0,0.0,0.0,0.0,0.0
246.2693231189965,-1458.5498109490427,481.44517213826293,-2716.8894703622304,1709.9111408430156,72.5516617168634,1245.5749703195895,-1755.0532202857298,100.0,343.6762041847578,-138.88017875402625,0.0,12.056389202672209,-1341.801315020394,-3637.604545993964,100.0,1286.9314814741983,31.62362433970884,0.0,71.76602626828526,0.0,0.0,0.0,0.0,0.0,0.0,0.0,-1212.5730474215088,1755.0532202857294,249.80543628686107,127.57127439749866,138.88017875402284,16.776644153399758,90.18754987166679,1309.1548179744532,3637.604545993964,232.50785357443223,1262.0999832142309,-31.62362433970884,-18.966668231613113,44.27669934839051,0.0,0.0,0.0,0.0,0.0,0.0,0.0,0.0
237.72307732159345,-1443.875224402,518.2008448428423,472.1757376790787,351.24508371135903,74.35955850379344,1134.5202480393352,-1824.2587591320726,100.0,-287.78506168090075,-137.92308962772609,0.0,6.624245302100225,-1296.1404605819555,-3620.805857900812,100.0,-415.40810040922565,35.566543473808,0.0,67.75163690686651,0.0,0.0,0.0,0.0,0.0,0.0,0.0,-1200.759367847259,1824.2587591320735,257.88811207077777,-27.028727825362466,137.92308962774655,15.543165311405858,94.67498190514387,1335.00951506729,3620.8058579008116,222.76540256409996,574.5238691702684,-35.56654347381482,-19.990005126568633,45.713314109298516,0.0,0.0,0.0,0.0,0.0,0.0,0.0,0.0
16.459934054467368,-1647.5822306601747,555.6935294773192,-194.21304487060993,827.5969099573558,75.49747426690828,1133.7772475537406,-1892.9577392101978,100.0,-317.8504809055494,-136.85408192698674,0.0,12.249513949973768,-1354.975815635523,-3602.042791390006,100.0,-856.7699295798025,39.48060190839669,0.0,73.29777072672951,0.0,0.0,0.0,0.0,0.0,0.0,0.0,-1104.5176702568167,1892.9577392101987,265.33826834363276,-422.4200836084424,136.85408192699015,14.247418606464635,98.57220828135611,1419.2190819261352,3602.0427913900057,212.53113800690406,-45.98729950115512,-39.48060190839669,-20.933259562477957,30.50222573764193,0.0,0.0,0.0,0.0,0.0,0.0,0.0,0.0
26.45611534748893,-1688.7802585385364,593.5854162463922,-1741.3726886252464,-347.06051665744894,75.95515636373534,1059.7611160078627,-1961.0944142927342,100.0,1422.2266224281327,-135.6740231049912,0.0,5.554015675171397,-1470.83275034935,-3581.330571872036,100.0,-388.5489975280177,43.362623555726714,0.0,67.86504166513427,0.0,0.0,0.0,0.0,0.0,0.0,0.0,-1092.9071021853185,1961.0944142927342,272.12605884821767,-317.0200254194299,135.67402310498437,12.894594961831274,92.87750461394317,1524.2074937336918,3581.3305718720367,201.8460596458201,-69.36962361114865,-43.362623555726714,-21.792652744175456,31.430694711654056,0.0,0.0,0.0,0.0,0.0,0.0,0.0,0.0
-59.224895157036315,-1868.1249516304315,631.5350985360011,-42.0379980399256,323.1264198966426,75.72848106994854,1018.4202957795741,-2028.6134944382975,100.0,21.946086984755766,-134.3838707279906,0.0,18.536538470891344,-1441.21593641467,-3558.6860064100847,100.0,999.6329637262227,47.20945832444613,0.0,73.66618069863071,0.0,0.0,0.0,0.0,0.0,0.0,0.0,-1069.6405956798953,2028.613494438297,278.2242908473791,-218.84423448597715,134.38387072800083,11.490113958111294,85.6374448645075,1511.8847939951722,3558.6860064100847,190.75297324026826,1128.4794165997778,-47.20945832445295,-22.564741835161612,35.02169449939122,0.0,0.0,0.0,0.0,0.0,0.0,0.0,0.0
-147.51570847282045,-1930.1255189519495,669.2006489933581,-937.5954718964656,-1801.578248169933,74.81949073423891,926.2310464980052,-2095.460190856873,100.0,834.6037418429654,-132.98467169845026,0.0,18.00000070116077,-1470.5886084535484,-3534.1274700818235,100.0,-425.3424426719437,51.01798467585468,0.0,79.1812113748951,0.0,0.0,0.0,0.0,0.0,0.0,0.0,-984.3764380738384,2095.4601908568716,283.6085340615234,392.4672664513116,132.98467169845026,10.039602121751159,79.51727044273346,1467.7697809187862,3534.127470081824,179.29631908089056,139.44840185050225,-51.01798467585468,-23.246433750040723,32.33638072261864,0.0,0.0,0.0,0.0,0.0,0.0,0.0,0.0
-189.32507833472715,-1955.1426668067277,706.2427002988369,-745.1345858013779,-1443.4265699428192,73.23637537663501,901.5455884151044,-2161.5802603685243,100.0,-1110.4990950108083,-131.477561405311,0.0,14.200868988860853,-1587.5273551391415,-3507.6748910688443,100.0,794.4077744048798,54.785112156837386,0.0,80.95082729893456,0.0,0.0,0.0,0.0,0.0,0.0,0.0,-923.7887311307795,2161.5802603685233,288.2572185393691,-344.72784338712813,131.47756140532465,8.548870384461509,81.6905474744433,1500.8526364296683,3507.6748910688448,167.5219939561935,-143.87513633232402,-54.78511215684421,-23.834997545789918,17.043370456209328,0.0,0.0,0.0,0.0,0.0,0.0,0.0,0.0
-393.0654185805959,-2164.8295782657315,742.3275028719254,-924.9960661448301,47.07615356538554,70.99339889637577,814.8230677520447,-2226.9200494193765,100.0,666.3884310068562,-129.86376280294508,0.0,17.524123569380745,-1593.7386260108942,-3479.349734485804,100.0,-62.90659999277409,58.50778390771666,0.0,85.72056441670799,0.0,0.0,0.0,0.0,0.0,0.0,0.0,-867.5657335263024,2226.920049419375,292.1517210698687,578.2479921329696,129.86376280296554,7.023890803907591,85.83511844338251,1582.9923632302107,3479.3497344858047,155.4771672842746,-952.6182875457573,-58.50778390772348,-24.328075362283386,11.202777213459504,0.0,0.0,0.0,0.0,0.0,0.0,0.0,0.0
-510.7182582566648,-2165.412324431235,777.1299319612345,-884.119656219141,-585.4930591298967,68.11077055380508,822.12558365795,-2291.42653761913,100.0,777.8140338027998,-128.14458541850627,0.0,24.522400760948663,-1686.5163413786354,-3449.1749849624234,100.0,-404.41653771224765,62.18297914259438,0.0,96.4413441800383,0.0,0.0,0.0,0.0,0.0,0.0,0.0,-816.6545566509786,2291.4265376191297,295.27643978911925,109.51464514863233,128.14458541850627,5.470772638890651,73.84799033287045,1575.5432221216624,3449.1749849624234,143.21009214623905,-2136.7477779468763,-62.182979142587556,-24.723691868154276,10.72779178535173,0.0,0.0,0.0,0.0,0.0,0.0,0.0,0.0
-564.0899806118887,-2226.548592366398,810.3364170246349,-1082.2910837790646,1762.6217781473315,64.61446288465595,762.5985000059243,-2355.047380764797,100.0,454.7591122542275,-126.32142428951965,0.0,22.964364332073156,-1597.7042700882207,-3417.1751279924606,100.0,-262.3852478196443,65.80771560079938,0.0,87.63929431631836,0.0,0.0,0.0,0.0,0.0,0.0,0.0,-746.9438861749467,2355.0473807647963,297.61885668337936,301.1758984683365,126.32142428952648,3.8957378749017835,80.63238294397115,1658.314515509174,3417.1751279924606,130.76991197832663,-72.04331448175253,-65.80771560079938,-25.020262174244436,16.974615110499737,0.0,0.0,0.0,0.0,0.0,0.0,0.0,0.0
-641.383770765703,-2394.224408795187,841.6477670057568,-670.5156846840845,763.2084093791991,60.53597768691475,625.3892067584977,-2417.7309533157418,100.0,628.3408178637683,-124.39575883175849,0.0,20.997572653475878,-1638.9949677943619,-3383.3761300647984,100.0,-232.14983860297252,69.37905196671181,0.0,86.38382051744767,0.0,0.0,0.0,0.0,0.0,0.0,0.0,-604.0722769806915,2417.730953315742,299.16958773779675,-498.02972772136854,124.39575883175849,2.3050962980664735,72.33925575530803,1696.231009746364,3383.376130064798,118.20646369716187,1109.2294456864147,-69.37905196670499,-25.21659818283446,7.7172821417497,0.0,0.0,0.0,0.0,0.0,0.0,0.0,-0.05261529589251448
-736.1361910726667,-2411.907270259009,870.7818660510441,-1449.3856940640894,9.626818804028971,55.912062189099174,617.1927649659979,-2479.4263902855546,100.0,-1577.1275788411106,-122.36915163879985,0.0,29.101041507475195,-1665.8213009036174,-3347.805417592775,100.0,-614.9701159450296,72.89409025655914,0.0,90.9239494337475,0.0,0.0,0.0,0.0,0.0,0.0,0.0,-555.347536859821,2479.4263902855555,299.92242052994493,-522.1439490059987,122.36915163879303,0.7052202173508704,80.40925115424263,1709.5269679262024,3347.8054175927746,105.57007804683832,534.2802157490871,-72.89409025655914,-25.3119133473335,6.773673347924445,0.0,0.0,0.0,0.0,0.0,0.0,0.0,-0.06117642553970558
-871.5358726767184,-2455.539394834437,897.4762153789152,-1171.559922145616,381.8956992157632,50.78437795700495,547.2861800623203,-2540.083628516775,100.0,178.06347114970322,-120.24324721400944,0.0,37.3357213298683,-1778.7694437765037,-3310.491854658841,107.0886220323335,763.505829458993,76.34997817000112,25.305825823282575,89.59062961982039,0.0,0.0,0.0,0.0,0.0,0.0,0.0,-536.0374889909106,2540.083628516775,299.87433911756335,-136.39907695946874,120.24324721400262,-0.8974810636991037,70.71117424833886,1711.5312264865358,3310.491854658841,100.0,2.428262972562152,-76.34997817000794,0.0,7.0748464601858645,0.0,0.0,0.0,0.0,0.0,0.0,0.0,-0.07113055202541568
-914.8782449888765,-2520.695214341644,921.4902983987313,336.30258931363926,-929.2546818049527,45.19912552222536,467.2867320860373,-2599.653447304954,100.0,-128.6845828959929,-118.01977063614913,0.0,44.16440093334128,-1778.3784242476527,-3271.465719592617,119.71892420565152,-664.5428679316899,79.74391140468242,25.198359998058706,98.15291389707718,0.0,0.0,0.0,0.0,0.0,0.0,0.0,-428.7679753642639,2599.6534473049537,299.02553612079976,310.0090491939713,118.01977063614913,-2.49658692343246,62.24074061355447,1715.8847801623542,3271.4657195926175,100.0,477.6804457220953,-79.74391140468242,0.0,2.401404621711883,0.0,0.0,0.0,0.0,0.0,0.0,0.0,-0.0827043323764731
-933.262284862705,-2664.8313566300553,942.6077477698138,-1912.9749494290745,550.6459587572476,39.206628114473006,343.50667824219283,-2658.0875083391165,100.0,1129.8891683492159,-115.70052615955547,0.0,45.357970939441174,-1780.1559669629817,-3230.7586804013486,132.2702299039746,893.7967781255247,83.0731359317133,24.989946393191786,82.46853104262178,0.0,0.0,0.0,0.0,0.0,0.0,0.0,-455.74020717965874,2658.0875083391156,297.37941195054924,341.48458633953084,115.70052615954864,-4.085691143908434,59.13489276448881,1723.7034165265309,3230.7586804013495,100.0,-326.11948711042146,-83.07313593172694,0.0,5.2895766682912075,0.0,0.0,0.0,0.0,0.0,0.0,0.0,-0.09616130339314856
-1027.3426215236352,-2784.3152801823594,960.6382948752602,-589.8991145811669,-210.65562121721996,32.86087824835647,336.40295112238147,-2715.3383949261897,100.0,1637.9955094541565,-113.28739574999418,0.0,39.72175101768114,-1806.3956890370719,-3188.4037690727,144.69225702791343,407.42758084906313,86.33495023056412,24.681419939632434,95.948387223953,0.0,0.0,0.0,0.0,0.0,0.0,0.0,-302.74999710335936,2715.338394926189,294.9425611859835,148.0855501759777,113.28739574998735,-5.658427575000076,57.07544854586256,1713.7992839835238,3188.403769072701,100.0,564.2741622487813,-86.33495023057094,0.0,3.5475857595134404,0.0,0.0,0.0,0.0,0.0,0.0,0.0,-0.11180788242357734
-1097.385481905158,-2798.137315255552,975.4194841457711,-150.39339775481494,3.6571779558357775,26.219051249786958,316.12957029724873,-2771.3596504675843,100.0,-585.9135971265692,-110.78233755758902,0.0,51.66762394103637,-1767.7825544583968,-3144.435354770734,156.93524138420653,-978.7644395477207,89.5267074810954,24.274016632915902,100.0,0.0,0.0,0.0,0.0,0.0,0.0,0.0,-237.92018737400642,2771.3596504675834,291.72474615584224,-987.1819750227384,110.78233755758902,-7.208495637990495,52.0019512121179,1740.0050578407115,3144.435354770735,100.0,-1150.5656235581807,-89.5267074810954,0.0,2.9580558812294684,0.0,0.0,0.0,0.0,0.0,0.0,0.0,-0.1300003445350054
-1214.71853264212,-2960.3104871993214,986.8181367873901,-1495.5753518721303,1255.8385263896412,19.340990105218907,164.4631582695576,-2826.105816156699,100.0,269.2825028261989,-108.18738432783448,0.0,56.70492521372976,-1839.242535388546,-3098.889115946836,168.95013604729718,-894.314741149052,92.64581771145458,23.769368581606756,98.8056625250565,0.0,0.0,0.0,0.0,0.0,0.0,0.0,-183.99780061448195,2826.105816156698,287.7388578293243,1958.2551515733248,108.18738432783448,-8.729685566480043,42.607600587215366,1849.831894139449,3098.8891159468367,100.0,409.4144209469789,-92.64581771144094,0.0,7.661351842654961,0.0,0.0,0.0,0.0,0.0,0.0,0.0,-0.1511529349531471
-1232.3965574608194,-2875.9641292832916,994.7315507249497,-428.64949805732635,1834.5726399724595,12.288666275227342,67.24377209249293,-2879.5324678667594,100.0,-606.1056364386421,-105.5046417522135,0.0,52.05175142657646,-1801.9999939359957,-3051.802011388203,180.6888078474487,737.6882675081026,95.68974989970457,23.169497468880422,96.36839315083739,0.0,0.0,0.0,0.0,0.0,0.0,0.0,-118.70743426248487,2879.532467866759,283.00086417325326,859.8051772598851,105.5046417522135,-10.215903283487648,44.82456513842864,1764.1091760783518,3051.802011388203,100.0,17.13688596345719,-95.68974989969774,0.0,2.491277140551431,0.0,0.0,0.0,0.0,0.0,0.0,0.0,-0.1757473014911758
-1393.5440031531682,-3031.5540469376638,999.0884259497026,-2823.9899696444454,1055.6728294790764,5.125621330446961,34.139473704991914,-2931.5962521990577,100.0,450.09599483849314,-102.73628675929331,0.0,51.99787566643128,-1833.0332958950669,-3003.212250227404,192.10423019823725,5.984697319802308,98.65603402749912,22.476806453381784,89.37317119931278,0.0,0.0,0.0,0.0,0.0,0.0,0.0,-138.25263682086302,2931.5962521990577,277.5297461824078,1052.4015470427305,102.73628675928649,-11.661194815074793,30.270047406479485,1730.5282353086695,3003.212250227404,100.0,979.1558307816103,-98.65603402748548,0.0,8.556897309201771,0.0,0.0,0.0,0.0,0.0,0.0,0.0,-0.2043434617462395
-1494.6742690291437,-3101.1472419684733,999.8495069337459,380.08628209953713,1507.7304694339364,-2.083605559134867,-57.16664582082119,-2982.254921662353,100.0,-399.37760619151715,-99.8845657485299,0.0,60.77171646475224,-1793.847818718906,-2953.1592609373292,203.15067149093602,-1110.6484155389626,101.54226308466605,21.694070541906285,95.83223102910557,0.0,0.0,0.0,0.0,0.0,0.0,0.0,42.64417445272984,2982.254921662353,271.34742183928233,128.58405074879266,99.8845657485299,-13.059770142725426,37.07632647947077,1793.6866204899368,2953.1592609373283,100.0,197.9882284403982,-101.54226308466605,0.0,7.24643049468309,0.0,0.0,0.0,0.0,0.0,0.0,0.0,-0.23759255478829303
-1470.138017242525,-3155.496715648659,997.0079363230668,-26.994142758746875,292.19857205175913,-9.274059123354164,-74.01995353299814,-3031.4673689548586,100.0,830.3784433378704,-96.95179276713588,0.0,66.55190437284756,-1792.6765274525708,-2901.683659336708,213.7838783010545,-713.7502277902604,104.34609502209923,20.824425472339385,95.96157876243977,0.0,0.0,0.0,0.0,0.0,0.0,0.0,117.43427934758763,3031.467368954859,264.47865830791176,1176.4613263945714,96.95179276716317,-14.406026398867198,32.06395773238264,1827.0927572268652,2901.683659336707,100.0,-607.2676248170296,-104.34609502210606,0.0,8.712462467415362,0.0,0.0,0.0,0.0,0.0,0.0,0.0,-0.2762516676992083
-1552.169347510429,-3173.746248753881,990.5893167224319,710.7419499487946,-2758.622354656577,-16.380953240058602,-159.6046509400463,-3079.193660321035,100.0,330.99347814806976,-93.94034763261061,0.0,69.01666863930915,-1821.4093199901201,-2848.827215632138,223.96125267308912,892.9702848047987,107.06525465244795,19.87135515153284,88.50953816294222,0.0,0.0,0.0,0.0,0.0,0.0,0.0,134.9659290958063,3079.193660321036,256.95097271351494,-536.0165089244844,93.94034763260379,-15.694570312678593,35.36917274893773,1854.3527054618414,2848.8272156321373,100.0,-86.80175177520141,-107.06525465244795,0.0,4.1466165722766455,0.0,0.0,0.0,0.0,0.0,0.0,0.0,-0.3212010745647914
-1597.5128835598039,-3209.737790494716,980.6514800154348,3372.6467630057323,-527.4761114098624,-23.3402546592788,-313.5645776919177,-3125.395067956088,100.0,-699.8720255668577,-90.85267400131443,0.0,75.85381220270116,-1772.8350634634858,-2794.6328205233867,233.64202277325688,-49.783233927690844,109.69753549618872,18.83867769830573,90.68239288197455,0.0,0.0,0.0,0.0,0.0,0.0,0.0,259.78138287467834,3125.3950679560876,248.79452190545285,-162.31584954603733,90.85267400132125,-16.920239816182487,33.82126596738148,1746.6361776506665,2794.6328205233867,100.0,512.2997396989956,-109.69753549618872,0.0,14.63364080494097,0.0,0.0,0.0,0.0,0.0,0.0,0.0,-0.37346428045426916
-1715.9076111004101,-3148.6095260792276,967.2839662981364,-485.6043179310666,-445.20140074807614,-30.08925994405388,-337.6474946213753,-3170.0341014318883,100.0,-763.1805312643127,-87.69127738584984,0.0,76.91676286764358,-1772.8336761780438,-2739.1444503994594,242.78740622655693,-654.9106507988438,112.24080157219305,17.730530147615866,93.5305789276579,0.0,0.0,0.0,0.0,0.0,0.0,0.0,314.7658970032152,3170.034101431888,240.0419816451203,-135.3262122852935,87.6912773858362,-18.07812472416387,26.262834553003408,1763.3797680066964,2739.14445039946,100.0,-818.7471015128824,-112.24080157219305,0.0,11.654501167224476,0.0,0.0,0.0,0.0,0.0,0.0,0.0,-0.43423132679181164
-1718.4280922373212,-3323.8405767142317,950.6072171211097,440.78845519467905,-251.92443412496914,-36.567160429542014,-375.26751253772835,-3213.074538118829,100.0,-37.82409340554153,-84.4587231217065,0.0,78.70450962346585,-1831.7377240373476,-2682.407131653672,251.3607654838132,339.3279501003599,114.69298913090142,16.551351877050706,86.6360624607419,0.0,0.0,0.0,0.0,0.0,0.0,0.0,365.7792608422916,3213.074538118828,230.728415702762,762.8694007960369,84.45872312169968,-19.163586404950053,18.791314671800322,1854.0119837283698,2682.4071316536724,100.0,-561.0422847222253,-114.69298913090824,0.0,11.8747581091508,0.0,0.0,0.0,0.0,0.0,0.0,0.0,-0.5048858887870696
-1784.5119301365637,-3283.8775245311626,930.7714903088005,-660.3960012897028,306.5064052079106,-42.7155901102617,-425.36773025036814,-3254.481452578903,100.0,540.4787168494513,-81.15763428576884,0.0,81.83736650985651,-1828.1460176287956,-2624.4669041467,259.32775459627453,1031.6130614187102,117.05210832903958,15.305866822146754,87.1732461717479,0.0,0.0,0.0,0.0,0.0,0.0,0.0,417.894156225203,3254.481452578902,220.89113538762615,1136.9820727649667,81.15763428578248,-20.172276363385606,18.510617214807322,1762.3614489457987,2624.4669041467005,100.0,201.2547917104348,-117.05210832903958,0.0,19.294136538761254,0.0,0.0,0.0,0.0,0.0,0.0,0.0,-0.5870367819374844
-1868.5764241326115,-3345.4041973439557,907.9555061336947,-1263.6882773969978,596.302434122822,-48.479151518892536,-415.0334294730145,-3294.221244906179,100.0,404.15710501606384,-77.7906895677097,0.0,77.46429803250052,-1725.791934960617,-2565.3707838472355,266.6564568097793,804.8824213513444,119.31624484418535,13.99906455170651,80.3644565519721,0.0,0.0,0.0,0.0,0.0,0.0,0.0,458.4454177969044,3294.2212449061785,210.56955007419617,-344.72729088180387,77.79068956772335,-21.100153661413827,16.48591331432939,1712.6859079112867,2565.3707838472355,100.0,-1411.4698219143793,-119.31624484418535,0.0,28.617531020456582,0.0,0.0,0.0,0.0,0.0,0.0,0.0,-0.682554595010387
-1856.330901220545,-3428.620738922413,882.364837043297,-990.4355682601226,-818.9138464688858,-53.805914858493225,-559.1507990123276,-3332.2616679916546,100.0,89.68735313311299,-74.3606210963776,0.0,81.34748435809888,-1744.9199149295107,-2505.166724680585,273.3175124272608,289.2517449149193,121.48356142827197,12.63618027895717,79.80912129480818,0.0,0.0,0.0,0.0,0.0,0.0,0.0,520.0358479154728,3332.2616679916546,199.8050093233116,83.11571841905902,74.36062109638442,-21.943501106610768,26.64507238515949,1673.2017578868774,2505.1667246805855,100.0,552.2128176216631,-121.48356142827197,0.0,15.940804425323003,0.0,0.0,0.0,0.0,0.0,0.0,0.0,-0.7936142836436554
-1848.6758918267274,-3458.0208677432565,854.2300554485014,-1799.5574524221695,123.47227581416291,-58.64788589096577,-589.8117838760479,-3368.571853690386,100.0,1006.7623614179502,-70.87021222280782,0.0,84.39878608738866,-1707.2986184097003,-2443.903579616138,279.284236427364,-807.9469038917966,123.55229939839091,11.222673888639747,78.83151815618271,0.0,0.0,0.0,0.0,0.0,0.0,0.0,646.8489620263816,3368.5718536903864,188.64063723065738,-277.20843596399845,70.87021222282146,-22.698940143701947,13.22928032546415,1654.522216287656,2443.903579616138,100.0,952.6644378979631,-123.55229939839774,0.0,33.97084716845889,0.0,0.0,0.0,0.0,0.0,0.0,0.0,-0.9227446944279201
-1903.263039574315,-3433.7364472416466,823.8046562618234,-791.9137342004217,-1348.2215121287481,-62.96143836604472,-659.7191788536969,-3403.122337869634,100.0,-859.9977420843652,-67.3222952616311,0.0,93.60430305058962,-1705.7674695836245,-2381.6310610253254,284.5327253679761,-1118.806594877267,125.52078006383681,9.764208064026718,67.8931815229394,0.0,0.0,0.0,0.0,0.0,0.0,0.0,645.8284867582851,3403.1223378696345,177.12115966624896,1419.8437447157294,67.32229526163792,-23.363444389479326,8.127026973350501,1684.219913402585,2381.631061025326,100.0,1072.9726327331844,-125.52078006384363,0.0,27.499222401322363,0.0,0.0,0.0,0.0,0.0,0.0,0.0,0.0
-1871.7018799879975,-3416.3995899252805,791.3627729034598,558.4187395929894,1035.091190831954,-66.70770709460271,-747.5527493616448,-3435.8850843177315,100.0,772.9208719491999,-63.71974919279637,0.0,84.88367323462963,-1624.7461428039844,-2318.3997003421855,289.04195314640344,-351.49766643905195,127.38740608841908,8.266625601500266,66.50502070446615,0.0,0.0,0.0,0.0,0.0,0.0,0.0,679.7369461977748,3435.8850843177315,165.2927250970045,-247.07217673611297,63.71974919280319,-23.934351756889498,6.53272608270529,1576.2326053175682,2318.3997003421864,100.0,-1646.7628725046131,-127.38740608841908,0.0,41.06565976836032,0.0,0.0,0.0,0.0,0.0,0.0,0.0,0.0
-2057.6758821193866,-3459.6114515961394,757.1967073540072,2287.6710175498365,843.0155369067643,-69.85293812476982,-878.3598793232685,-3466.83350749424,100.0,-191.6118036246536,-60.06549732538133,0.0,95.03831283352469,-1587.099542067388,-2254.2608070593164,292.79385523256644,-885.1177380217428,129.15066278646464,6.735926003586314,59.6831979459928,0.0,0.0,0.0,0.0,0.0,0.0,0.0,804.8387163276283,3466.83350749424,153.20271971021987,1253.2969675704146,60.06549732538815,-24.40937511965103,5.555283127128389,1633.2948861642342,2254.260807059317,100.0,170.86029281234687,-129.15066278645781,0.0,38.24321746202515,0.0,0.0,0.0,0.0,0.0,0.0,0.0,0.0
-1943.044503400423,-3406.5115993631257,721.6142965081024,299.7289815689044,887.5055986528287,-72.36879286571082,-911.711047014471,-3495.9424941029624,100.0,-188.60296103181895,-56.362504925475605,0.0,94.39572352151892,-1572.5684344491247,-2189.2664270924543,295.77340103776567,949.0275785091444,130.80911935203403,5.178241444193361,62.04328474161906,0.0,0.0,0.0,0.0,0.0,0.0,0.0,872.0487229008861,3495.942494102962,140.899577578579,972.8364276652724,56.362504925475605,-24.786611474817022,1.6058624660592402,1529.2861129390135,2189.2664270924547,100.0,843.7057736397833,-130.8091193520272,0.0,36.276359656526864,0.0,0.0,0.0,0.0,0.0,0.0,0.0,0.0
-2076.6033354027004,-3531.4181109856904,684.9361385582047,120.59491395867099,-170.90238113713212,-74.23260341874652,-922.037001370813,-3523.188423470283,100.0,-1535.1207880787679,-52.613776809957926,0.0,96.72423606309867,-1504.6365661653788,-2123.4693005474865,297.9686541290981,451.1165897290016,132.3614300199324,3.5998122023562473,52.55130531017555,0.0,0.0,0.0,0.0,0.0,0.0,0.0,930.6807440004364,3523.1884234702825,128.43258662720538,468.5601896202684,52.61377680996475,-25.06454956638244,13.833776550501844,1527.5448593855108,2123.4693005474865,100.0,595.1163417731675,-132.3614300199256,0.0,39.83049595769735,0.0,0.0,0.0,0.0,0.0,0.0,0.0,-0.05588571986991975
-1936.6284760161016,-3446.7815066202106,647.492704398833,-802.0835382417386,-931.3110766623936,-75.42757681568673,-953.4317829948053,-3548.549186712318,100.0,528.95912154303,-48.82235490830226,0.0,91.11298131391887,-1471.9886406064938,-2056.9228189241503,299.37082004829995,657.8253848245492,133.80633515771024,2.0069616629047005,56.79729587790329,0.0,0.0,0.0,0.0,0.0,0.0,0.0,1002.572218605392,3548.5491867123174,115.85169118007344,353.09054378304097,48.82235490828862,-25.242075939624726,3.3897106125656435,1484.6526944143486,2056.9228189241508,100.0,207.76963279496385,-133.80633515770342,0.0,43.75491416723783,0.0,0.0,0.0,0.0,0.0,0.0,0.0,-0.06497898609824965
-1953.2257907317166,-3536.844307905426,609.6213600775801,-1234.5720391028863,-1023.12738243392,-75.94294632367962,-1041.3511161585313,-3572.0042046753097,100.0,728.7686834942565,-44.99131579403638,0.0,100.0,-1360.5802054389885,-1989.68098179116,299.97428154344493,632.2216314160778,135.14266228782162,0.40607098418433907,57.394603842885616,0.0,0.0,0.0,0.0,0.0,0.0,0.0,1007.4254942212362,3572.0042046753097,103.20729187680394,744.688146804915,44.99131579403638,-25.31847940169314,8.519876807113237,1445.0214331565783,1989.6809817911603,100.0,1155.1539253987698,-135.14266228782162,0.0,52.39272028103971,0.0,0.0,0.0,0.0,0.0,0.0,0.0,-0.07555183406752786
-1959.8253373673017,-3532.6719416714786,571.6633271206634,-851.0533824277456,-967.7407911611908,-75.77406845377993,-1127.9480472874732,-3593.5344446347126,109.44995623859646,-799.7538464930892,-41.123768188444956,25.29345387077157,89.57399454660542,-1415.5039163771162,-1921.7983529679177,299.77662107235824,862.663708233971,136.3693270391559,-1.1964464656523432,43.47055552546873,0.0,0.0,0.0,0.0,0.0,0.0,0.0,1102.3380960826453,3593.534444634712,100.0,-1015.4103204627188,41.123768188438135,0.0,0.0,1481.3696792666137,1921.798352967918,100.0,244.0385110228044,-136.3693270391559,0.0,58.35317121232582,0.0,0.0,0.0,0.0,0.0,0.0,0.0,-0.08784500919014836
-1999.2141083830415,-3445.226117925403,533.9606081205415,1212.829079922102,-1155.0098642936746,-74.92246479874154,-1155.158383129549,-3613.1224357394185,122.06934664817484,200.4642050691416,-37.22285043775855,25.167099602270397,98.55506913062948,-1373.5438649758892,-1853.3300162483397,298.7786304875922,70.0294766565753,137.48533402664293,-2.794170801403766,41.31960653149511,0.0,0.0,0.0,0.0,0.0,0.0,0.0,1057.506226699597,3613.1224357394185,100.0,-259.4483967228757,37.22285043775855,0.0,4.889399954012027,1358.2697817007981,1853.33001624834,100.0,749.3852442465072,-137.48533402663952,0.0,45.04212969016338,0.0,0.0,0.0,0.0,0.0,0.0,0.0,-0.10213842899856092
-1975.9737040260868,-3494.8527801249934,496.85290528611074,-461.92050441772153,1138.1947289940535,-73.39580832356148,-1166.7367716813026,-3630.7522831885935,134.60032449667884,1634.9185517530555,-33.29172796669354,24.939922787178688,85.84459378532563,-1366.693001023312,-1784.3315307027685,296.984307864166,-1462.2133880748163,138.4897776592902,-4.3807013396912,50.28739376512762,0.0,0.0,0.0,0.0,0.0,0.0,0.0,1209.078932821523,3630.7522831885935,100.0,29.0271366814477,33.29172796669354,0.0,0.0,1287.2388686568927,1784.3315307027688,100.0,1113.3846443389427,-138.48977765929362,0.0,56.79220777998761,0.0,0.0,0.0,0.0,0.0,0.0,0.0,-0.11875755691154309
-1945.0013113637592,-3551.589454881947,460.6745597193964,-263.52506174581436,-310.3965017983637,-71.20785423185993,-1239.3698460094836,-3646.4096811296126,146.99268912062684,507.01905896641506,-29.333590709754844,24.61283352421347,94.03268086361393,-1365.8945771172193,-1714.8588855942048,294.4008414827779,-541.8596238951068,139.38184287489548,-5.949682240875518,44.852351424111696,0.0,0.0,0.0,0.0,0.0,0.0,0.0,1284.0101059233707,3646.4096811296126,100.0,634.9091061592901,29.333590709754844,0.0,7.336499196757518,1266.1430783865626,1714.858885594205,100.0,1274.110130305163,-139.38184287489207,0.0,56.70688256934484,0.0,0.0,0.0,0.0,0.0,0.0,0.0,-0.13808081308747275
-1950.493976577257,-3406.191358438799,425.75153899592567,-314.6277966512207,580.6248539871399,-68.37831603124613,-1344.085191101253,-3660.081924266637,159.19679515843916,-74.00323022936618,-25.351650522757154,24.187142173842773,93.35833764731025,-1277.5608681023489,-1644.9684549454696,291.0385810326537,714.7464353069836,140.1608058014108,-7.494827971362952,41.56952173551829,0.0,0.0,0.0,0.0,0.0,0.0,0.0,1370.2326934632638,3660.0819242666375,100.0,719.3709234905793,25.351650522757154,0.0,1.894701334700283,1312.1923939207545,1644.96845494547,100.0,-527.2695904268744,-140.1608058014108,0.0,70.06313055176577,0.0,0.0,0.0,0.0,0.0,0.0,0.0,-0.16054819111089647
-1927.79970776275,-3482.7473515753686,392.39850019072196,-1509.9954435491804,-1280.8668847682611,-64.93268791424526,-1251.6149350984044,-3671.757918170409,171.1637514359629,-30.874796445959873,-21.349138576583755,23.664554108823097,91.20371234512986,-1203.6864970327038,-1574.7169517941302,286.91099614939856,87.82005863489076,140.82603434438852,-9.009948484236645,32.793482025664105,0.0,0.0,0.0,0.0,0.0,0.0,0.0,1395.6086355594275,3671.757918170409,100.0,-212.6772525898707,21.349138576583755,0.0,13.056161515554042,1150.9595402932061,1574.7169517941306,100.0,-1046.9345354323752,-140.82603434438852,0.0,66.0256910901932,0.0,0.0,0.0,0.0,0.0,0.0,0.0,-0.18667127671570335
-1951.8757964373533,-3372.311653524798,360.9159548121336,-2195.822565377899,-1898.9523934430122,-60.90201505514017,-1379.0876883539397,-3681.428188280895,182.84561683062503,-1089.6643060332542,-17.32930273517468,23.047162882260892,88.88087296389203,-1116.7904046053043,-1504.1613821723506,282.0346224539531,1400.3734241424843,141.37698869986139,-10.488974017344503,31.3612827389266,0.0,0.0,0.0,0.0,0.0,0.0,0.0,1363.8239611587405,3681.428188280895,100.0,788.8509431410648,17.3293027351815,0.0,19.92016458893125,1159.5199648512596,1504.1613821723508,100.0,418.9025369463502,-141.3769886998648,0.0,69.7459571379172,0.0,0.0,0.0,0.0,0.0,0.0,0.0,-0.21704489667280757
-1913.9082183561616,-3384.8148733001794,331.58756118747294,522.3461207981791,-113.87210175681048,-56.322613892372715,-1443.749515742075,-3689.08488759548,194.1955923295628,213.7058444570289,-13.295404920070268,22.33744184057514,85.70345623692111,-1102.1390400804341,-1433.3589988489794,276.42899530882903,286.23457869181493,141.81322179239714,-11.92597940954613,26.507209502187358,0.0,0.0,0.0,0.0,0.0,0.0,0.0,1368.5461387733235,3689.08488759548,100.0,530.9010836161269,13.29540492007709,0.0,12.257563980248714,1165.3595026823198,1433.3589988489796,100.0,-1035.2916141658773,-141.81322179239714,0.0,79.11711393090616,0.0,0.0,0.0,0.0,0.0,0.0,0.0,-0.2523606630893462
-1824.3451212056448,-3359.901096462993,304.67756869614607,-1863.4233915026982,-1016.5182853936653,-51.235744916735655,-1438.820786031676,-3694.7218030364666,205.16820851231745,303.613204774299,-9.250718463501926,21.538234214963836,87.92889655285506,-965.1265868793055,-1362.3672548714242,270.1165715570054,474.41063973022494,142.13437963785395,-13.315207837625849,21.626729752420847,0.0,0.0,0.0,0.0,0.0,0.0,0.0,1423.064131660179,3694.7218030364666,100.0,-118.21263237984567,9.250718463501926,0.0,20.601153394066753,1081.0844405182033,1362.3672548714244,100.0,856.1698626693749,-142.13437963785395,0.0,87.84185968992664,0.0,0.0,0.0,0.0,0.0,0.0,0.0,-0.2934227215252159
-1809.8334917122486,-3379.733385215665,280.42843687775843,-380.48011213020686,-854.6337537753561,-45.6872409136065,-1471.5422047239724,-3698.3343604927186,215.71950770701665,-708.2781971283976,-5.198525452192371,20.652741731072553,78.05905388848649,-960.8124492225613,-1291.2437569450065,263.1226395570086,-790.8831226860889,142.3402016306727,-14.651093878875372,25.34690072365828,0.0,0.0,0.0,0.0,0.0,0.0,0.0,1521.506304265946,3698.3343604927186,100.0,263.1523681993849,5.1985254521855495,0.0,22.369118035234457,999.5499194633061,1291.2437569450067,100.0,-871.9571955229264,-142.34020163067612,0.0,78.41759930903739,0.0,0.0,0.0,0.0,0.0,0.0,0.0,-0.34116606151404244
-1716.2783666082476,-3371.6145909044103,259.0586508670949,-1605.075297344606,1673.2555526140027,-39.72709400862527,-1561.3321119889724,-3699.9196285313506,225.80722009030134,496.78956949129883,-1.1421140640959493,19.684511782458856,81.06259857352349,-906.2578812187711,-1220.0462186876393,255.47521787458768,720.3656498673388,142.4305207551845,-15.928285806832179,21.892723690206232,0.0,0.0,0.0,0.0,0.0,0.0,0.0,1582.6062369166077,3699.9196285313506,100.0,144.58152766364037,1.1421140640959493,0.0,25.666383744528908,945.4305562654547,1220.0462186876396,100.0,-1073.8072293107348,-142.4305207551845,0.0,72.33877002418807,0.0,0.0,0.0,0.0,0.0,0.0,0.0,-0.3966778064220251
-1698.0789624090708,-3244.0950209144953,240.7607528389367,-1621.7115520148286,254.07152659927306,-33.40900523776753,-1529.905122283981,-3699.476320776461,235.39093302552203,-98.55627292753411,2.91522409976551,18.6374232193225,73.00441115592531,-854.6335516144306,-1148.8324137977304,247.20494303683776,-228.1558045973469,142.40526372148906,-17.141667031007586,13.321277291410235,0.0,0.0,0.0,0.0,0.0,0.0,0.0,1540.193470734596,3699.476320776461,100.0,157.99430322446483,-2.91522409976551,0.0,19.972336546136646,898.3763437847056,1148.8324137977306,100.0,248.42376202935156,-142.40526372148565,0.0,84.46653713543533,0.0,0.0,0.0,0.0,0.0,0.0,0.0,-0.46122196741809546
-1624.600078562288,-3134.569313428319,225.69960719943663,413.61386805699,-118.30895160536102,-26.789900699940006,-1572.4467370205925,-3697.004796952965,244.43225296081206,598.064634778151,6.970196686365853,17.51567080931352,74.66988519364405,-763.9831594797297,-1077.6601291733502,238.34494679844292,243.50400047264714,142.26445102442767,-18.286376594552394,18.72795169867519,0.0,0.0,0.0,0.0,0.0,0.0,0.0,1583.9664592857143,3697.004796952965,100.0,1207.9263420498057,-6.970196686365853,0.0,25.742942178429768,806.1291787045051,1077.6601291733505,100.0,282.2494061677287,-142.26445102442767,0.0,93.23009068890332,0.0,0.0,0.0,0.0,0.0,0.0,0.0,-0.536268225207185
-1491.9841787083483,-3234.655451350978,214.01091515471296,-729.697043455651,-2476.12068663208,-19.929418651818196,-1560.1831738168219,-3692.5070625946996,252.89495923845462,-575.8679682643606,11.019513262215241,16.323748432798197,65.545043946223,-754.0717699975079,-1006.5871180206909,228.9307234117272,293.06366064575116,142.00819692747473,-19.357828647883224,14.12718827749071,0.0,0.0,0.0,0.0,0.0,0.0,0.0,1687.6828682330035,3692.5070625946996,100.0,-293.2252030338941,-11.019513262215241,0.0,32.182228071480424,742.6850000888628,1006.5871180206912,100.0,-738.7733342125091,-142.00819692747302,0.0,84.16098492660164,0.0,0.0,0.0,0.0,0.0,0.0,0.0,-0.6235253948912
-1474.1395493068371,-3159.896606038341,205.79999204042252,762.9780948934638,528.864920349447,-12.889372165964232,-1718.1554882014648,-3685.986767417015,260.74514919936576,598.7679492112466,15.0598879834547,15.066431079787606,69.68999582859243,-700.0798693823319,-935.671052989843,218.99998743224143,184.75015109302603,141.63670936961978,-20.351730820151346,8.80070966943128,0.0,0.0,0.0,0.0,0.0,0.0,0.0,1687.6924600327486,3685.9867674170155,100.0,-456.87498020908265,-15.0598879834547,0.0,41.12706766406582,676.7589371061657,935.6710529898435,100.0,-1436.3821022120203,-141.63670936961978,0.0,95.45674877259611,0.0,0.0,0.0,0.0,0.0,0.0,0.0,-0.7249803359578534
-1412.3102973037242,-2987.684462339059,201.14081842860315,428.72849914000085,-1273.7690736033392,-5.733192193930279,-1713.8240876158923,-3677.4492023551943,267.9513740013829,-248.24665610205102,19.088042262144427,13.748755720752115,72.07229532376267,-640.965480003735,-864.9694793759642,208.5925226295419,1275.2026157285054,141.15028979682393,-21.264101415037544,1.327476486471392,0.0,0.0,0.0,0.0,0.0,0.0,0.0,1684.3703140291148,3677.4492023551943,100.0,724.3879024028149,-19.088042262144427,0.0,28.999810273327036,606.2637909464368,864.9694793759645,100.0,-322.16145678094847,-141.15028979682393,0.0,94.35114581970636,0.0,0.0,0.0,0.0,0.0,0.0,0.0,-0.8429431933839268
-1405.6422773780764,-3016.257319847709,200.07537356132354,-1273.9902103099644,-749.1409430550357,1.4746439478423667,-1711.1047553796534,-3666.9012952710846,274.4847646072584,-206.31907552389407,23.100707426685858,12.376001127868221,68.24858772516095,-553.5795238197076,-794.5397684237776,197.75002260843536,760.0779543440524,140.54933291736177,-22.091285361899935,7.734054184915396,0.0,0.0,0.0,0.0,0.0,0.0,0.0,1604.1241878318424,3666.9012952710846,100.0,177.27396790420357,-23.100707426679037,0.0,35.689368501350266,600.2717885070278,794.5397684237778,100.0,1318.3339920275878,-140.54933291736006,0.0,98.02923840216877,0.0,0.0,0.0,0.0,0.0,0.0,0.0,-0.9801
-1262.3910719375956,-2881.51877381496,202.61325711692177,-344.74374955117355,1605.9665498145432,8.669193519848477,-1729.0413128512669,-3654.3516053314456,280.3191474376301,391.38806330120815,27.09462737422882,10.953666727616849,61.05489986345812,-467.63596712620244,-724.4390707733085,186.5159237791878,-806.9745158163314,139.8343263815434,-22.82996885845847,0.0,0.0,0.0,0.0,0.0,0.0,0.0,0.0,1676.2857577447094,3654.351605331446,100.0,588.7494091379062,-27.094627374222,0.0,37.3545733707085,470.6050392613938,724.4390707733087,100.0,653.8874833906834,-139.8343263815434,0.0,94.72548766516894,0.0,0.0,0.0,0.0,0.0,0.0,0.0,0.0
-1256.5481188681554,-2848.9372695926368,208.7316027167223,1005.2578485543984,153.80241797260396,15.785633494823799,-1759.226864345367,-3639.8103160625537,285.4311492256522,18.21069909117682,31.066561212867327,9.487450569378382,50.717571182871374,-432.32546364744064,-654.7242700846291,174.93523134583586,-855.6665756883285,139.0058503860024,-23.47719264630001,9.72305607258108,0.0,0.0,0.0,0.0,0.0,0.0,0.0,1705.8392450621432,3639.8103160625537,100.0,1259.1770544702433,-31.066561212867327,0.0,50.36406978895843,388.24538110988186,654.7242700846272,100.0,-754.4333032272848,-139.0058503860024,0.0,90.19329467882925,0.0,0.0,0.0,0.0,0.0,0.0,0.0,0.0
-1256.4231684284712,-2846.106703608521,218.37528395153868,-140.64662819604223,73.9677720745999,22.75984461444864,-1709.112954281561,-3623.289227086718,289.8002906532234,-247.21304865385605,35.01328589143441,7.983226498342901,45.09953700470446,-344.5182345716148,-585.4519368792571,163.05433900971406,1093.8048414940913,138.06457720289245,-24.03036386604029,11.297439193015407,0.0,0.0,0.0,0.0,0.0,0.0,0.0,1825.9736697199253,3623.2892270867183,100.0,-540.3106015681726,-35.01328589143441,0.0,46.53001046723186,337.6591608395578,585.4519368792553,100.0,-646.5284041518178,-138.06457720289245,0.0,99.31165838229589,0.0,0.0,0.0,0.0,0.0,0.0,0.0,0.0
-1010.6359664543108,-2746.0409168814485,231.45741107166003,96.77201111911472,-467.4196544038409,29.52898910506974,-1706.7134759440282,-3604.8017445473974,293.40906839369507,1090.4364089096748,38.931598814924655,6.44702062414666,49.21077617294955,-255.8407502366769,-516.6782826356284,150.9208431104886,298.7907214205748,137.01127063436104,-24.48726644462326,8.192539204647073,0.0,0.0,0.0,0.0,0.0,0.0,0.0,1762.1185757864766,3604.8017445473974,100.0,-250.68113345856887,-38.931598814924655,0.0,61.09603362247672,298.2984635220761,516.6782826356286,100.0,-783.397848895674,-137.01127063436275,0.0,92.12522570831422,0.0,0.0,0.0,0.0,0.0,0.0,0.0,0.0
-1069.913030878349,-2747.357748966853,247.8601138651327,-1249.4075062808315,-121.7446619139514,36.0320768472252,-1808.9873550541877,-3584.3628702307046,296.2430252323851,1686.0375651380855,42.81832044321163,4.884987179531208,37.89351294395549,-222.68024499747827,-448.45911417594994,138.58335194927278,519.775978817094,135.84678539274535,-24.846069973216203,6.5236426558774605,0.0,0.0,0.0,0.0,0.0,0.0,0.0,1841.6542722302663,3584.362870230704,100.0,553.6549261178538,-42.81832044320481,0.0,58.677293546828466,190.9909022153463,448.45911417595016,100.0,-252.9885587087952,-135.84678539277604,0.0,92.94068028710205,0.0,0.0,0.0,0.0,0.0,0.0,0.0,0.0
-907.2897018300334,-2598.7497700088065,267.4356036705936,328.2681492268722,165.19897685378055,42.21051489777466,-1803.4396380076048,-3561.9891893921053,298.2908079839876,-138.62536071490126,46.670296871143364,3.303383865710714,40.363774025697886,-160.65753297435083,-380.8497883813818,126.09129105769509,1311.9530948157048,134.5720664071382,-25.105337040038265,9.797453802618504,0.0,0.0,0.0,0.0,0.0,0.0,0.0,1748.1726576557996,3561.989189392105,100.0,624.477768767066,-46.670296871143364,0.0,52.774320437920785,127.54556026582985,380.84978838138204,100.0,-62.899468043924145,-134.5720664071399,0.0,87.1726599847147,0.0,0.0,0.0,0.0,0.0,0.0,0.0,0.05532686267122055
-909.3065491674453,-2536.4798122658167,290.0075049558926,1000.9415717684612,787.2628040458153,48.008635413412435,-1751.4797284765953,-3537.6988572982104,299.5442129748513,931.1001221140214,50.48440238777175,1.708546783240763,37.57104098461181,-55.287362184564074,-313.9051672723497,113.49470519304454,-1668.4291747334462,133.18814805633963,-25.264028988808676,10.54313171471448,0.0,0.0,0.0,0.0,0.0,0.0,0.0,1756.4534178616407,3537.69885729821,100.0,1033.3124744066527,-50.48440238777175,0.0,52.447865195684074,72.26503715323952,313.9051672723499,100.0,-388.5003481611561,-133.18814805634133,0.0,89.96379259214308,0.0,0.0,0.0,0.0,0.0,0.0,0.0,0.06432919623726716
-777.9270337360167,-2478.0065169647924,315.3724444649648,588.0908862812873,1912.349898776804,53.374197219015116,-1813.8767913836648,-3511.5115844945667,299.9982189079225,472.13970502910684,54.25754201276504,0.10686504880965231,40.9565699907139,21.746388884787066,-247.67957349040512,100.84405785271557,1236.0374683663024,131.6961533297848,-25.321510079756848,13.496840104926989,0.0,0.0,0.0,0.0,0.0,0.0,0.0,1747.23207171639,3511.5115844945667,100.0,-6.47660580590582,-54.25754201275822,0.0,62.54404283101857,-12.494461601278127,247.67957349040546,100.0,1784.125149631701,-131.6961533297848,0.0,89.21470635080682,0.0,0.0,0.0,0.0,0.0,0.0,0.0,0.07479631572685258
-612.9780735661714,-2404.6983457620545,343.30188361469794,-1225.8533637039382,614.1978475542237,58.25885650154419,-1848.5259651583788,-3483.4486208114104,299.65100697868786,131.45000489301083,57.98665400776599,-1.4952448003640484,35.54707337781015,73.72634529554252,-182.22674621777003,100.0,-8.148391783834157,130.0972929161486,0.0,14.156682295801092,0.0,0.0,0.0,0.0,0.0,0.0,0.0,1826.9975945999413,3483.4486208114104,100.0,100.29858593100244,-57.98665400777281,0.0,65.40267976469201,-101.51171102031083,182.22674621777037,111.8099708888684,-558.8753876623607,-130.0972929161486,25.277550036437404,95.74761306810453,0.0,0.0,0.0,0.0,0.0,0.0,0.0,0.08696655909824688
-565.4599269085003,-2322.6265023851315,373.54417763187746,197.03596840070531,907.2156000811128,62.618602388817806,-1865.937415675724,-3453.532738120353,298.5039681615334,-71.0799130888654,61.66871236102452,-3.091364511980146,18.263934316719208,91.9532766019837,-117.59979757033307,100.0,-144.7225198524555,128.39286422096166,0.0,6.386392284490099,0.0,0.0,0.0,0.0,0.0,0.0,0.0,1721.8625078124915,3453.5327381203533,100.0,-671.7187571725333,-61.66871236102452,0.0,71.46290578649469,-71.82675433873044,117.5997975703333,124.41668741096794,1463.341202130142,-128.39286422095824,25.132324968294384,93.39357272574242,0.0,0.0,0.0,0.0,0.0,0.0,0.0,0.10111704470857531
-479.0641889298707,-2189.1068224236988,405.8268428773347,-913.833385876548,-1226.5812742338699,66.4141534881881,-1798.850762014979,-3421.7882118560033,296.5616976373266,664.8675562018911,65.30072924265141,-4.67509983097699,26.241819518409674,255.65557514676345,-53.85116949948292,100.0,255.40315353999773,126.5842503137651,0.0,13.875532930762457,0.0,0.0,0.0,0.0,0.0,0.0,0.0,1809.3040010068296,3421.7882118560033,100.0,426.06105648175003,-65.30072924264459,0.0,78.98067542529556,-197.28576241472743,53.85116949948315,136.92558763150825,-28.89911919024371,-126.58425031379579,24.88641666508613,90.88460412826055,0.0,0.0,0.0,0.0,0.0,0.0,0.0,0.11756998134242766
-507.9607663045774,-2217.915995161239,439.8590119286737,1100.9004528530797,-409.24944677651183,69.61131181270787,-1775.0161355294815,-3388.2408013175077,293.8319763845476,-495.3027981718128,68.87975742931985,-6.240106115721176,20.930646667355447,288.27718420021336,8.967408762250443,100.0,2161.685149972344,124.67291880596349,0.0,27.093337563272506,0.0,0.0,0.0,0.0,0.0,0.0,0.0,1793.7834183787538,3388.240801317508,100.0,-880.7509211019919,-68.87975742931985,0.0,81.2459291199863,-234.5801037920819,-8.967408762248397,149.28655933274484,-906.7599131008343,-124.67291880599078,24.540810266216084,72.95403233856786,0.0,0.0,0.0,0.0,0.0,0.0,0.0,0.136700004956598
-390.7682484850791,-1984.3399211641583,475.3340543012268,-1605.4192056363095,789.5384111602027,72.18127090562689,-1770.1933562109327,-3352.9177287660077,290.3257400077174,-1279.8934855152709,72.40289269569303,-7.780113755428033,21.662714023523222,368.3232957945215,70.80496267720582,100.0,1157.0588586802753,122.66042065977331,0.0,23.150934200557245,0.0,0.0,0.0,0.0,0.0,0.0,0.0,1756.5192967933235,3352.9177287660077,100.0,1066.7288632058978,-72.40289269569985,0.0,77.88615231887563,-392.9976780554344,-70.80496267720355,161.45008291706978,558.389712982719,-122.6604206598006,24.09689031412057,81.53782833953215,0.0,0.0,0.0,0.0,0.0,0.0,0.0,0.1589427091997875
-310.1839760237482,-2010.1379901315686,511.9323391945058,1173.731049377328,-1523.2568092762483,74.10087538703408,-1743.5117020456178,-3315.847657334953,286.05703492799876,-120.9956509870733,75.86727617106362,-9.288953287011452,12.015127095073272,485.9222830498843,131.61131376621688,100.0,501.59009179632505,120.54838892959538,0.0,19.267553290499585,0.0,0.0,0.0,0.0,0.0,0.0,0.0,1711.7654271172285,3315.847657334953,100.0,774.7619233055946,-75.86727617107044,0.0,79.4126820951582,-441.5238334501525,-131.61131376621483,173.36742978871115,-1120.9928981873795,-120.54838892962266,23.5564352076004,80.84295147892566,0.0,0.0,0.0,0.0,0.0,0.0,0.0,0.1848045639485463
-122.4666551120892,-1854.943205833474,549.3241153717366,-375.17684879095015,1367.6040105035565,75.35282958436596,-1730.4906941285074,-3277.060667771226,281.04296211147744,519.67445474285,79.27009665926789,-10.760580110716091,12.92212815411971,539.934381717855,191.33712032625317,100.0,259.1724171578815,118.3385374371278,0.0,28.17894787953224,0.0,0.0,0.0,0.0,0.0,0.0,0.0,1752.4957158112907,3277.060667771226,100.0,-784.399400684141,-79.27009665926789,0.0,87.98597907128253,-481.8599670156753,-191.3371203262509,184.99085756657678,358.0709822723702,-118.3385374371278,22.921610077364534,80.14799970153878,0.0,0.0,0.0,0.0,0.0,0.0,0.0,0.2148744477060795
-80.65575549510336,-1810.1086716758186,587.1724822247203,-1150.1139968108907,-881.6674059289653,75.92585336674347,-1713.827131224044,-3236.5882340259195,275.30360856055484,-97.81756544766722,82.60859291986208,-12.189098705557058,19.101108116639697,598.611629830682,249.93391746906377,100.0,1083.8405794413889,116.03265938057234,0.0,30.140739656945954,0.0,0.0,0.0,0.0,0.0,0.0,0.0,1639.2402107350006,3236.5882340259195,100.0,-909.2461046900371,-82.60859291985525,0.0,92.31489369401312,-531.0278032014693,-249.93391746906332,196.27380134620088,-226.70603260402544,-116.03265938057234,22.19495811223922,80.92815610834512,0.0,0.0,0.0,0.0,0.0,0.0,0.0,0.2498370564584527
116.37964868386032,-1677.4414989752427,625.1364252546598,-93.657698433504,1648.5016209777734,75.81478377908297,-1657.3490702254492,-3194.46319771461,268.8619668429062,358.78159130788504,85.88005590867851,-13.56878624749612,3.0090956198910854,622.5090043352216,307.3541564483155,100.0,-216.26487737273692,113.63262587942813,0.0,27.232817821681262,0.0,0.0,0.0,0.0,0.0,0.0,0.0,1717.8828537170077,3194.46319771461,100.0,83.15752789705584,-85.88005590866487,0.0,94.03638223578133,-501.1376956160849,-307.3541564483153,207.17106024457,107.88083578758005,-113.63262587942472,21.37939037081992,64.77837193423944,0.0,0.0,0.0,0.0,0.0,0.0,0.0,0.29048849430996376
77.29749946155697,-1514.1274114988164,662.873888619228,-1085.8990360935381,167.41528398702826,75.0206215604345,-1646.9356429880168,-3150.719741467803,261.7438429803795,-688.6370451715345,89.08183097608344,-14.894115535792025,3.857570536702781,702.6342034338863,363.5512432433379,100.0,128.03750027891795,111.14038445624374,0.0,24.932610356223424,0.0,0.0,0.0,0.0,0.0,0.0,0.0,1630.3488249412972,3150.719741467803,100.0,-43.529206161994125,-89.08183097606297,0.0,95.12388918690398,-650.5043648606796,-363.5512432433377,217.63897848051187,932.334404800834,-111.14038445624715,20.478174119404144,74.07920683202165,0.0,0.0,0.0,0.0,0.0,0.0,0.0,0.337754400898902
261.3159608111792,-1476.4010506447053,700.0448570621504,3803.4157139884173,25.982320546034998,73.55052212735302,-1631.2503049994698,-3105.3933611932293,253.97775306684758,-10.570361323206043,92.21132002118338,-16.15977713566238,6.275766678434184,654.749516140026,418.4795763681318,100.0,15.116277886650664,108.55795745627915,0.0,40.31409776421468,0.0,0.0,0.0,0.0,0.0,0.0,0.0,1670.3106469092195,3105.39336119323,100.0,-967.4101943626295,-92.21132002118338,0.0,97.73401116936199,-728.4477772106811,-418.47957636813135,227.63562026521006,-142.22507643766903,-108.55795745627915,19.494919742938208,52.86711161835065,0.0,0.0,0.0,0.0,0.0,0.0,0.0,0.39271102835780486
311.26758841233715,-1351.101967584539,736.3144194570772,1206.8947639100738,856.2578136243269,71.41773110348026,-1619.7185956821886,-3058.5208372724583,245.59480902917116,481.9468997719048,95.26598360009757,-17.36070064855454,3.8912414441410754,734.4263984128198,472.09458387499126,100.0,-695.2211647308042,105.8874404064727,0.0,44.436294657843554,0.0,0.0,0.0,0.0,0.0,0.0,0.0,1575.852758370855,3058.5208372724583,100.0,-470.013922901652,-95.26598360009757,0.0,94.9921961872002,-783.1291572693135,-472.0945838749926,237.12093780221593,-422.8611893463301,-105.8874404064693,18.43356628135666,64.45811640631057,0.0,0.0,0.0,0.0,0.0,0.0,0.0,0.4566097477439145
398.1403000532993,-1231.524290977886,771.3557863631381,837.5170863339449,334.39212082397717,68.6414649761241,-1586.839187912141,-3010.140204715227,236.62859398893238,1634.2888051806494,98.24334298648182,-18.492075024770145,13.985492959791324,867.796108511538,524.3527595226899,100.0,-546.4839266540758,103.13100031497811,0.0,41.03149758429835,0.0,0.0,0.0,0.0,0.0,0.0,0.0,1560.2861851368484,3010.1402047152274,100.0,515.5353704072445,-98.24334298648182,0.0,100.0,-836.946886589527,-524.3527595226913,246.0569317239256,835.4985262720049,-103.1310003149747,17.298365649278935,45.709432466641786,0.0,0.0,0.0,0.0,0.0,0.0,0.0,0.5309055429551132
579.483375723743,-1140.0016063393675,804.8532344039738,415.5283452816178,504.44570649367165,65.24673795543777,-1514.8692290883964,-2960.290722295681,227.11502772425072,31.1803159355793,101.14098218300796,-19.54936783715496,0.0,924.23292657113,575.2116980799083,100.0,-565.2150886269044,100.2908739127895,0.0,45.401500686736384,0.0,0.0,0.0,0.0,0.0,0.0,0.0,1649.4041543086933,2960.290722295681,100.0,-337.52263025904995,-101.14098218301478,0.0,89.30297843089146,-914.3004251618083,-575.2116980799096,254.4078033217977,-509.7289303530681,-100.29087391281337,16.093865602326503,50.53973490190695,0.0,0.0,0.0,0.0,0.0,0.0,0.0,0.617290140942288
561.0909531630681,-1142.368032992827,836.504950941302,212.2890034405657,1327.1244361076572,61.26413659584159,-1475.6193816575967,-2909.0128406955937,217.09222277066328,-794.601706616836,103.95654988173192,-20.528343438541583,11.64514999513256,996.8779027730909,624.6301297352229,100.0,270.2114838861934,97.36936583857982,0.0,46.18809066979073,0.0,0.0,0.0,0.0,0.0,0.0,0.0,1485.0701020773736,2909.0128406955937,100.0,-1077.7652982033828,-103.95654988173192,0.0,92.46513942767245,-869.701090697036,-624.6301297352243,262.1400979604532,1421.0394075720649,-97.36936583860029,14.824891518226195,56.34115002909266,0.0,0.0,0.0,0.0,0.0,0.0,0.0,0.7177305325982749
730.4579906645031,-1035.8871809941716,866.0257534124798,-1112.4715229690783,1104.938284630287,56.729544210680274,-1399.8147815010009,-2856.3481696804047,206.6003317375437,-648.6977907434903,106.68776137229315,-21.425079930321687,7.195549837055767,1072.8066177576031,672.5679535857637,100.0,-562.0293891690892,94.36884676889122,0.0,54.44945739670187,0.0,0.0,0.0,0.0,0.0,0.0,0.0,1495.2417208478976,2856.3481696804047,100.0,-536.0072513313901,-106.68776137227951,0.0,90.85508169228665,-1008.6161351238529,-672.5679535857648,269.22283910112617,-121.8384641033316,-94.36884676891509,13.496527065775297,45.538143679945534,0.0,0.0,0.0,0.0,0.0,0.0,0.0,0.8345137614500875
773.8839053915082,-908.2518955519652,893.1496588307695,-552.9909472913818,-966.5263260779756,51.683817562818035,-1432.3676362889819,-2802.3394443347015,195.6813864517299,395.8595942043155,109.33240039557177,-22.23598487402569,10.908404276784303,1025.4414189772897,718.9862701773452,100.0,1046.9731108943859,91.29175149410344,0.0,56.425152405069305,0.0,0.0,0.0,0.0,0.0,0.0,0.0,1472.2020949481737,2802.339444334702,100.0,193.99606710590433,-109.33240039556495,0.0,93.51422615776227,-1059.5851337311012,-718.9862701773452,275.62765239755015,-870.7534481523294,-91.2917514941239,12.114093838996212,49.31279406705542,0.0,0.0,0.0,0.0,0.0,0.0,0.0,0.970299
907.5734467466591,-748.4884210819503,917.6322802970585,-353.6490216492217,741.0972106834356,46.172418744478136,-1326.160598606887,-2747.030490384574,184.3791295727737,-1235.3045610870834,111.88832094236659,-22.95780968309927,6.957946280413912,1246.7940981972895,763.8474130696773,100.0,709.6967409653723,88.14057694289886,0.0,60.330157799381,0.0,0.0,0.0,0.0,0.0,0.0,0.0,1432.7002086986597,2747.0304903845745,100.0,-561.566657233634,-111.88832094236659,0.0,95.82663224762547,-1139.4888521791522,-763.8474130696773,281.3288793671352,434.18101159923367,-88.14057694289886,10.68313003818389,49.18881546430527,0.0,0.0,0.0,0.0,0.0,0.0,0.0,0.0
1044.2518531306393,-646.0810171045312,939.2530289304343,-867.181750169525,1468.483572875357,40.24500556287421,-1353.5580264400119,-2690.466188634934,172.73883935437743,1.383569261804496,114.35344899450911,-23.587662637129228,0.0,1204.2952518221484,807.1149794010439,100.0,-731.7336945865372,84.91788015600491,0.0,53.371409462106996,0.0,0.0,0.0,0.0,0.0,0.0,0.0,1395.4236758726518,2690.466188634934,100.0,-1320.1943368438708,-114.35344899450229,0.0,98.01529644184241,-1223.774725550444,-807.1149794010437,286.3036801820567,-442.60061241629273,-84.9178801560015,9.209368283174229,37.80509336344984,0.0,0.0,0.0,0.0,0.0,0.0,0.0,0.0
996.109187276323,-517.9504485256145,957.8171013781541,-71.85274531707819,-344.1453659350674,33.95498412251868,-1317.7426395725329,-2632.692438550707,160.80714825405155,2257.5732984909973,116.72578420807213,-24.123020466456637,8.78445779889694,1192.2432034392566,848.7538594276348,100.0,1355.8549812418107,81.62627621139677,0.0,71.24142217249283,0.0,0.0,0.0,0.0,0.0,0.0,0.0,1311.2872258658117,2632.6924385507073,100.0,-28.174674231883046,-116.7257842080653,0.0,93.67574001592871,-1237.993574206007,-848.7538594276348,290.5321251684602,1289.6113630179173,-81.62627621139677,7.6987126477615675,34.091469530078385,0.0,0.0,0.0,0.0,0.0,0.0,0.0,0.0
1235.7121707729461,-494.8197351210131,973.1572349975277,-422.7732719320636,1741.4135059575985,27.35902763516492,-1287.2836686046237,-2573.7561210114136,148.63185611766087,-191.03996846737118,119.00340153646312,-24.561738460714224,12.145899379372633,1267.8292521155422,888.7302650135739,100.0,84.69060759562353,78.26843610217111,0.0,64.40429328163998,0.0,0.0,0.0,0.0,0.0,0.0,0.0,1209.0597306348723,2573.7561210114136,100.0,1418.2394911712447,-119.00340153646994,0.0,92.94367566984322,-1268.492530218197,-888.7302650135725,293.9972746472257,943.9411535566023,-78.26843610217793,6.157215007237369,25.520111013507552,0.0,0.0,0.0,0.0,0.0,0.0,0.0,0.0
1128.3326174345966,-287.88575281778867,985.135214895479,56.55524956547197,1273.8712642728967,20.516565793101336,-1211.3307765229083,-2513.705060269388,136.26173868726886,-670.9257891410971,121.1844527925291,-24.90205906078316,13.480590106942351,1210.3221400889993,927.0117570485131,100.0,-479.9375691620219,74.84708456921908,0.0,67.13762094280582,0.0,0.0,0.0,0.0,0.0,0.0,0.0,1252.8792636018873,2513.7050602693885,100.0,1120.98182680759,-121.18445279253592,0.0,75.25407991604054,-1323.6652104922312,-927.0117570485118,296.6852467964393,-241.10822425539368,-74.84708456919861,4.591050793817999,16.11128240974743,0.0,0.0,0.0,0.0,0.0,0.0,0.0,0.0
1306.1396512813285,-200.75789572016558,993.6431192473402,1976.1392986666067,-1199.2141269759968,13.489249306488773,-1163.6351911570105,-2452.5879851424697,123.74635219941648,-326.3805657105206,123.26716814822703,-25.14261889979295,13.25385899329318,1378.747543801809,963.5672717705656,100.0,-160.53930942166403,71.36499789010713,0.0,67.50588104603872,0.0,0.0,0.0,0.0,0.0,0.0,0.0,1156.2928430335378,2452.5879851424697,100.0,-248.0567595157038,-123.26716814822703,0.0,88.87129072919551,-1359.7183937903135,-963.5672717705643,298.5852732637072,-588.0633244486478,-71.36499789008667,3.00649425709139,21.89200875339404,0.0,0.0,0.0,0.0,0.0,0.0,0.0,0.0
1335.9923226541591,-205.4398125856584,998.6042916745253,-160.6062229864233,-961.9136383195957,6.340394429352614,-1087.4703096170272,-2390.4544894726996,111.13583485664617,33.107029242115686,125.24985757082959,-25.282454264961274,9.999606864380235,1426.6755567278622,998.3671459731868,100.0,287.3144373365244,67.82500162637234,0.0,75.12127949021765,0.0,0.0,0.0,0.0,0.0,0.0,0.0,1098.2077460697833,2390.4544894727,100.0,46.1421649082547,-125.24985757082277,0.0,88.3480475336861,-1429.2748715144737,-998.367145973185,299.6897423055213,68.33071322911337,-67.82500162637234,1.4098933285947624,18.97640650850977,0.0,0.0,0.0,0.0,0.0,0.0,0.0,0.0
1458.786122634114,-95.54506637036403,999.9740319199462,1052.605430007361,141.27647660391028,-0.865587521108182,-985.361007451928,-2327.3549918830768,100.0,601.4889006342423,127.13091219434318,0.0,20.28192359168574,1470.2054963996716,1031.383141075577,100.0,45.31214602332625,64.22996833069874,0.0,74.7841379140934,0.0,0.0,0.0,0.0,0.0,0.0,0.0,1010.0960845716737,2327.354991883077,101.51929403240497,-317.8374966115348,-127.13091219434318,25.321004958348468,79.35829162405376,-1476.8486400494191,-1031.3831410755765,299.9942292808547,-1339.0774875036266,-64.22996833069874,-0.19235580879552572,21.1698343359874,0.0,0.0,0.0,0.0,0.0,0.0,0.0,0.0
1481.0036208756992,207.88342570390455,997.7399985981717,569.0901946264671,657.424866709684,-8.063770511688517,-1008.171776559675,-2263.34069486505,100.0,-469.51184615028296,128.9088056249443,0.0,11.348609316139244,1585.8746942388789,1062.5884660370548,100.0,945.4893150236535,60.58281521585741,0.0,78.9838249621105,0.0,0.0,0.0,0.0,0.0,0.0,0.0,1000.9149137000632,2263.3406948650504,114.1683364396686,-227.45052161270792,-128.90880562495113,25.258116541052757,67.92759630703175,-1524.002410738701,-1062.5884660370548,299.49751437682716,-396.1055693913477,-60.58281521585741,-1.7938343447727334,10.461409121905374,0.0,0.0,0.0,0.0,0.0,0.0,0.0,0.0
1608.7873910591895,284.74988723195696,991.922320391543,-1723.9874302781504,-1300.9957288900027,-15.18929877795415,-912.8043989903339,-2198.4635432299183,100.0,-510.28395246278365,130.58209517964315,0.0,17.56623748465792,1518.976600629166,1091.9577990968237,100.0,1521.3364446818548,56.88650178761009,0.0,84.25693545763687,0.0,0.0,0.0,0.0,0.0,0.0,0.0,893.0171149441267,2198.4635432299183,126.76061872028404,602.2227482019156,-130.58209517964315,25.09404095193922,70.73352042778237,-1451.6820561683755,-1091.9577990968237,298.2015874954275,409.45758010331474,-56.88650178762373,-3.3881265561589657,12.036504495663596,0.0,0.0,0.0,0.0,0.0,0.0,0.0,0.0
1521.1611555541265,360.2118498962143,982.5734146903665,-742.1185790410823,-1977.2091186738458,-22.177971175904645,-858.2996179147641,-2132.7761819578864,100.0,1040.0794196792885,132.1494230568237,0.0,36.72423544708905,1556.8392704153553,1119.4673083214748,100.0,366.9101195479061,53.14402744313156,0.0,90.33138151858218,0.0,0.0,0.0,0.0,0.0,0.0,0.0,864.7049047164423,2132.776181957887,139.2456946175521,56.34044576251938,-132.1494230568237,24.829435498310204,70.30314665442158,-1680.5381176148774,-1119.4673083214748,296.1116402817177,-790.7136040552712,-53.14402744313156,-4.968845509083906,9.26928055710685,0.0,0.0,0.0,0.0,0.0,0.0,0.0,0.0
1688.2438404919726,545.0538195079048,969.7775153112384,1042.2587205946922,-722.9284045746615,-28.96681963550293,-804.8473390272978,-2066.33191347896,100.0,-716.761728302672,133.6095174383331,0.0,29.25983408808819,1610.4267607923102,1145.0946709435598,100.0,-101.84341287465827,49.358429037235965,0.0,88.80718456713593,0.0,0.0,0.0,0.0,0.0,0.0,0.0,825.4956952601035,2066.33191347896,151.57354735694463,-1122.4516728450703,-133.6095174383331,24.46536022270095,70.86262583400384,-1547.8270351023148,-1145.0946709435598,293.2360453254542,-34.08854956910545,-49.358429037235965,-6.52965864585525,12.33185291844454,0.0,0.0,0.0,0.0,0.0,0.0,0.0,0.0
1697.0053575712097,566.1877446579607,953.6499135487697,778.684008814314,-175.57406529207697,-35.49467650415522,-780.9299709074493,-1999.1846544203408,100.0,418.3049929137627,134.96119352120672,0.0,32.206866276305405,1608.5897297303875,1168.8190914755482,100.0,-659.7476449127817,45.53277841796216,0.0,87.86451378730611,0.0,0.0,0.0,0.0,0.0,0.0,0.0,778.0941443326022,1999.184654420341,163.6947900195554,787.7063485204189,-134.96119352121013,24.003273656164197,70.09236769041844,-1721.3584673772368,-1168.8190914755487,289.58632261944626,-877.9331601446415,-45.53277841796216,-8.064313153962246,11.482828380361205,0.0,0.0,0.0,0.0,0.0,0.0,0.0,0.0
1793.5356220720105,797.9664446778643,934.3359193988499,-724.3921787844113,622.0237142181429,-41.70272566842698,-741.4129572529886,-1931.3888918554476,100.0,572.4464932622351,136.20335447925413,0.0,31.91944731610367,1663.8860237733618,1190.6213185844513,100.0,142.8208141331811,41.670179934048974,0.0,86.68708256665946,0.0,0.0,0.0,0.0,0.0,0.0,0.0,630.0265521778595,1931.388891855448,175.5608633922684,266.8591259585065,-136.20335447925754,23.44502697524746,58.37756023634967,-1700.1354909709016,-1190.6213185844517,285.1770934090255,-166.3687279131625,-41.670179934055795,-9.566661015634281,8.606865945631405,0.0,0.0,0.0,0.0,0.0,0.0,0.0,0.0
1838.1328953864274,837.7645329454193,912.0095523128425,893.1231700471028,1114.9686034878873,-47.53503248831748,-626.657342591501,-1862.9996390900153,100.0,480.57283980360523,137.33499235295767,0.0,49.107093080702185,1686.5741050056747,1210.483660713449,100.0,-516.6777754852649,37.773767915725784,0.0,100.0,0.0,0.0,0.0,0.0,0.0,0.0,0.0,597.1747684564383,1862.9996390900155,187.12423050203716,488.3169122669585,-137.33499235295767,22.792856585917605,56.07531303151696,-1730.240786282669,-1210.4836607134494,280.02602161750923,1391.5725856346921,-37.77376791573943,-11.030683637559946,11.042575756825899,0.0,0.0,0.0,0.0,0.0,0.0,0.0,0.0
1855.2829489005148,907.6139699962496,886.8719732790493,-1111.9822468311065,-1285.2132923442518,-52.939047769435206,-557.241448660699,-1794.072391021205,100.0,316.8807000110786,138.35518886750606,0.0,51.146391014068634,1778.3477488632175,1228.3900004378102,100.0,1107.9198125873052,33.84670413149934,0.0,95.50803765225533,0.0,0.0,0.0,0.0,0.0,0.0,0.0,599.6743414745353,1794.0723910212052,198.33856705493872,89.52803831298127,-138.35518886750606,22.04937516426824,60.526033839762846,-1768.4132044927196,-1228.390000437811,274.15374308231594,-1483.5041211126395,-33.84670413149934,-12.450515962129316,9.055278496916547,0.0,0.0,0.0,0.0,0.0,0.0,0.0,0.0
1869.3025118320215,1019.5123631982702,859.1496723584121,-1272.5262308977028,-782.7623191355895,-57.86608123224369,-527.4073344546739,-1724.6630791059126,100.0,796.6868814044481,139.2631161779707,0.0,49.60980779943626,1688.7847794314716,1244.3258075434833,100.0,-832.163048957741,29.892175222437345,0.0,100.0,0.0,0.0,0.0,0.0,0.0,0.0,0.0,517.7957131961498,1724.6630791059129,209.158947017086,-791.0083988539739,-139.2631161779707,21.217561189810397,50.70782248239622,-1807.3861162015814,-1244.3258075434842,267.58378288522135,-587.0679059010877,-29.892175222444166,-13.820469963591506,14.515822568900006,0.0,0.0,0.0,0.0,0.0,0.0,0.0,0.0
1869.8190979187327,1095.6492102967336,829.0924280047994,-140.38369622400865,-798.5930752451361,-62.27174021237943,-394.0004271833538,-1654.8280259748299,100.0,569.4934563109666,140.0580375409288,0.0,47.62105484658914,1773.5745141417315,1258.2781508177304,100.0,-970.4557667118013,25.913390116356823,0.0,88.32153671670784,0.0,0.0,0.0,0.0,0.0,0.0,0.0,427.23399443051335,1654.82802597483,219.5420225939332,187.7640068213205,-140.0580375409254,20.300747013291414,48.4111135910256,-1707.1137294611808,-1258.2781508177309,260.34246110794095,-2018.6287045748884,-25.91339011635,-15.135057434991381,4.734523358904435,0.0,0.0,0.0,0.0,0.0,0.0,0.0,0.0
1898.0038062700878,1141.6902964971762,796.971056556422,128.96011880488004,1750.2227929173614,-66.11632963934824,-420.9876709989454,-1584.6238997290845,100.0,1170.000009145849,140.739307912271,0.0,54.05396100552216,1794.5724706544138,1270.2357085422418,100.0,-332.40024969712863,21.913577423888455,0.0,96.42674156904101,0.0,0.0,0.0,0.0,0.0,0.0,0.0,431.49106346223294,1584.6238997290848,229.44619788696085,327.60469923307227,-140.7393079122744,19.30260550688473,44.420428928586574,-1738.0140795946031,-1270.2357085422418,252.4587873905921,-183.3425288210583,-21.913577423881634,-16.38901197460484,2.5105595503134093,0.0,0.0,0.0,0.0,0.0,0.0,0.0,0.0
1969.6532643280182,1365.6043779799763,763.0749721755244,-310.0570208628392,2018.4649634406412,-69.36520968995296,-322.649675971517,-1514.1076679565472,100.0,920.582380774679,141.30637447080062,0.0,61.09846843939692,1764.1775662608363,1280.1887776802191,100.0,978.469818685445,17.895982818668017,0.0,89.74090071520546,0.0,0.0,0.0,0.0,0.0,0.0,0.0,361.7798659139252,1514.1076679565476,238.83179553204286,-1935.378184874246,-141.30637447080062,18.227135350221175,39.10114577536911,-1740.295003445391,-1280.1887776802191,243.96434471545047,-1853.545641825615,-17.895982818668017,-17.577310083815547,0.0,0.0,0.0,0.0,0.0,0.0,0.0,0.0,0.0
2001.8880499194286,1312.4448590128918,727.7095792213262,-483.46851120048996,-792.2802158571221,-71.9891078937087,-271.4583751569528,-1443.3365515051148,100.0,-1077.0516603517372,141.7587770667899,0.0,70.31927871379956,1802.0186589309533,1288.1292817499652,100.0,676.4199905301848,13.863866403578413,0.0,92.41130867257425,0.0,0.0,0.0,0.0,0.0,0.0,0.0,172.70885231697923,1443.336551505115,247.66121565192694,1331.6905502318232,-141.7587770667933,17.078645011176974,40.414183529596514,-1813.0789729756584,-1288.1292817499652,234.89316288157502,658.8522096882423,-13.863866403578413,-18.69519129188248,4.911342658507037,0.0,0.0,0.0,0.0,0.0,0.0,0.0,0.0
1999.9631895397192,1450.5288423267314,691.1935205509915,619.6917009444951,76.96386081146557,-73.96438287833291,-185.93666933969217,-1372.3679780504956,100.0,1846.3219767405012,142.09614859522276,0.0,59.78438151403344,1805.4302860367484,1294.050777378597,100.0,1935.4266849119165,9.820500065306987,0.0,88.85490098067879,0.0,0.0,0.0,0.0,0.0,0.0,0.0,137.18919627752803,1372.367978050496,255.8990864860415,-748.8856953232913,-142.09614859522276,15.861735485594153,32.14674865697514,-1760.861356762264,-1294.050777378597,225.28158217718098,1088.3131084960905,-9.820500065306987,-19.738177226961398,9.887896743290444,0.0,0.0,0.0,0.0,0.0,0.0,0.0,0.0
1999.2398931443174,1608.6029184902925,653.8558065414749,215.82422809653622,-1459.9077592203935,-75.2732373790002,-53.791475392361434,-1301.259535496142,100.0,219.863208288253,142.31821529384433,0.0,64.14747426225907,1690.3399241580914,1297.9484595305616,100.0,1021.8757153676904,5.769164819353136,0.0,90.21704723255975,0.0,0.0,0.0,0.0,0.0,0.0,0.0,124.38998009760803,1301.2595354961422,263.51240609419114,431.1314586376841,-142.31821529384433,14.581281865133633,34.71998657611926,-1884.651438152307,-1297.9484595305616,215.16810779590125,-299.6404410497712,-5.769164819353136,-20.702089557039756,10.317862553807037,0.0,0.0,0.0,0.0,0.0,0.0,0.0,0.0
2035.67627921726,1748.4080271817036,616.032850699826,-397.2068984581301,-408.34553536586554,-75.90387859192447,-28.05377552218567,-1230.0689252431846,100.0,1226.2971227806797,142.4247969651094,0.0,72.0171966297691,1806.67491725923,1299.819165406714,100.0,-479.0828181192933,1.713148147669017,0.0,96.92987122756577,0.0,0.0,0.0,0.0,0.0,0.0,0.0,101.75124577518694,1230.0689252431848,270.47067456645254,-871.6934615281698,-142.424796965106,13.242413807031141,34.948744262364826,-1784.18827827163,-1299.819165406714,204.5932555801694,-1080.9508746339861,-1.713148147669017,-21.583066728832847,5.250573576721014,0.0,0.0,0.0,0.0,0.0,0.0,0.0,0.0
1998.5556473640177,1799.5608062660906,578.0654385711483,917.2499966085024,1846.782873153228,-75.85062442794879,0.10872989780786924,-1158.8539153682573,100.0,1283.9387443041683,142.41580712273958,0.0,69.53879416958395,1835.7765005115705,1299.6613770107897,100.0,463.9099227257384,-2.344258669061219,0.0,78.70039361539227,0.0,0.0,0.0,0.0,0.0,0.0,0.0,-20.28747018638684,1158.8539153682575,276.7460162096266,108.92505107977416,-142.41580712273617,11.850494984078352,21.80354425012415,-1888.6848086049258,-1299.6613770107897,193.59938970969,-1589.1350937829009,2.344258669061219,-22.37757943769182,7.750325493259976,0.0,0.0,0.0,0.0,0.0,0.0,0.0,0.0
1953.1205355897473,1888.5330375450455,540.2956572544165,3011.4705452895205,144.682327188616,-75.11395470807997,122.28855708445245,-1087.6722937472302,100.0,1588.7194358746942,142.2912530615656,0.0,81.41230474177624,1844.976857764176,1297.4752223811934,100.0,305.92195587476795,-6.399763222075308,0.0,86.60493281050441,0.0,0.0,0.0,0.0,0.0,0.0,0.0,-108.7603444536202,1087.6722937472305,282.31329122074845,-655.937429426453,-142.2912530615622,10.411101597050845,20.221813890203006,-1794.7812615805071,-1297.4752223811934,182.23055298524127,602.3788646392381,6.399763222075308,-23.082444766396435,19.864707241380827,0.0,0.0,0.0,0.0,0.0,0.0,0.0,0.0
1993.8002525607599,1992.0532395053524,503.063813191262,2854.3138136968832,702.1460284194939,-73.70050684038716,179.3463341926591,-1016.5818211628546,100.0,634.5197998250851,142.05123585180957,0.0,74.99273543078012,1762.0235701462764,1293.2624754871003,100.0,-312.4173399501126,-10.450074646237226,0.0,74.27720077996231,0.0,0.0,0.0,0.0,0.0,0.0,0.0,-166.44083148186527,1016.5818211628548,287.1501964002817,-633.9042773783583,-142.05123585180786,8.930000035766739,26.45422319499115,-1795.2959499783728,-1293.2624754871008,170.5322903877082,490.5887485300957,10.450074646237226,-23.694838936345235,11.670386441074296,0.0,0.0,0.0,0.0,0.0,0.0,0.0,0.0
1956.4599734404217,2119.542386702788,466.7053659985223,1012.782544779601,-1145.758922462494,-71.62301601676916,243.57806389716276,-945.6401844344136,100.0,-353.8703837793083,141.69595025687386,0.0,75.15765961836419,1860.9118818990828,1287.0265547889594,100.0,213.32732291752336,-14.491906290397765,0.0,73.29745098058875,0.0,0.0,0.0,0.0,0.0,0.0,0.0,-310.57942744533483,945.640184434414,291.23735450152236,-1581.7481025796858,-141.69595025687556,7.413123778192698,20.996866089008247,-1747.0965815808108,-1287.0265547889599,158.551466619198,-1456.9864607784893,14.491906290397765,-24.212308619936778,26.55800003700176,0.0,0.0,0.0,0.0,0.0,0.0,0.0,0.0
1873.6474180002615,2098.6873641544285,431.5479059707685,-3017.2279567516807,620.3519964900988,-68.90020046874412,370.7757941306968,-874.9049496073831,100.0,-390.33677689000797,141.2256845756349,0.0,86.71543690290201,1790.3020504090455,1278.772520464559,100.0,-665.6340086366117,-18.52197838438542,0.0,80.63001609823391,0.0,0.0,0.0,0.0,0.0,0.0,0.0,-314.40004423749883,874.9049496073833,294.5583918582716,-2608.913645486368,-141.2256845756349,5.866549620215267,13.121312697852677,-1786.0605482682001,-1278.772520464559,146.33607835718553,539.057668182511,18.52197838438542,-24.632780768956053,22.247017154707017,0.0,0.0,0.0,0.0,0.0,0.0,0.0,0.0
1909.8721547330476,2239.691824143761,397.9082024855751,-125.05957797489032,1456.2096461367105,-65.55659281571081,334.42372656023457,-804.4335152410904,100.0,-818.8697340221796,140.64082040815492,0.0,81.28006553157896,1785.7344363055163,1268.5070703029146,100.0,-1917.8952732535572,-22.537020700390258,0.0,76.78483271232419,0.0,0.0,0.0,0.0,0.0,0.0,0.0,-353.99536549190566,804.4335152410906,297.10000397978877,1802.561129390624,-140.64082040815492,4.2964733312095404,7.802512792138556,-1819.235994967093,-1268.507070302915,133.93506197382393,257.0482219780888,22.537020700383437,-24.954570919414607,31.095686447732437,0.0,0.0,0.0,0.0,0.0,0.0,0.0,0.0
1921.8626737075172,2382.244307269334,366.08934990546186,-1085.446895342351,866.4366121477156,-61.62231902565253,452.3518543025445,-734.2830658322973,100.0,-372.1616797659621,139.9418323462072,0.0,84.61079820080542,1746.1982924582899,1256.2385342693074,100.0,-597.8740317937525,-26.533775206605696,0.0,71.20683276176808,0.0,0.0,0.0,0.0,0.0,0.0,0.0,-389.83420072177756,734.2830658322976,298.85200885024403,-600.4135360273318,-139.9418323462089,2.709184833032907,11.649882575341838,-1742.0212556895867,-1256.2385342693074,121.39809749072288,401.2195426634014,26.533775206605696,-25.17638993975531,27.750256404393546,0.0,0.0,0.0,0.0,0.0,0.0,0.0,0.0
1759.6036236022433,2480.9411990795265,336.3780366919665,-1158.2109571265312,44.35136966447544,-57.13282697957737,491.12856352131496,-664.5105254124588,100.0,-219.6239780623958,139.12928758813507,0.0,87.11423678691605,1769.0800489155986,1241.976867745876,100.0,-101.06109798927037,-30.50899871097954,0.0,69.02918952822196,0.0,0.0,0.0,0.0,0.0,0.0,0.0,-540.6343987501589,664.5105254124591,299.8073877191471,-259.4511230396711,-139.12928758813337,1.1110430017998851,10.688437345541459,-1717.5338549762525,-1241.976867745876,108.77540955457037,127.9813405042944,30.50899871097954,-25.297349195247776,35.3603400681396,0.0,0.0,0.0,0.0,0.0,0.0,0.0,0.0
1868.9959310576576,2520.5637645609713,309.0419623372073,-1884.6440604568636,924.1195926351702,-52.12856708545104,536.9871938384405,-595.1725113563629,100.0,1534.7938126980198,138.20384547854815,0.0,89.86110746209722,1681.9728767602235,1225.7336434532608,103.8824337690779,389.22583473363375,-34.45946549295968,25.3169641079959,67.54356197053487,0.0,0.0,0.0,0.0,0.0,0.0,0.0,-578.0768895365012,595.1725113563631,299.9623132193382,627.8205670081246,-138.20384547858225,-0.4915498065662405,17.983948637806165,-1652.557669804435,-1225.7336434532608,100.0,596.9114778992048,34.45946549295286,0.0,30.5445674699959,0.0,0.0,0.0,0.0,0.0,0.0,0.0,0.0
1753.6983008229677,2523.782936079485,284.32742538641065,661.7904385372651,-377.11067970459226,-46.654627819251004,611.8161670912548,-526.3252884395945,100.0,-589.0753358767137,137.16625697344398,0.0,92.70670085276946,1699.4650348630942,1207.5220420598448,116.5247235777903,944.9478627214125,-38.38196992096982,25.235156098217857,67.57554747356505,0.0,0.0,0.0,0.0,0.0,0.0,0.0,-565.8976058001946,526.3252884395969,299.3161646998999,1146.8879730560866,-137.16625697347638,-2.0921734049682073,4.022651767374733,-1703.2083738506833,-1207.5220420598444,100.0,-32.61498703484108,38.381969920963,0.0,39.02156803562939,0.0,0.0,0.0,0.0,0.0,0.0,0.0,0.05588571986991975
1843.501403092204,2666.115116512271,262.4571042833795,-553.3980680225204,287.635182657541,-40.76032947696149,664.5992508219875,-458.02472318213154,100.0,575.2418959131114,136.01736403065786,0.0,95.87447688604098,1620.1993451277742,1187.3568414862175,129.10081327845893,913.3740181594726,-42.273329053671205,25.0522528990264,64.0495918881574,0.0,0.0,0.0,0.0,0.0,0.0,0.0,-665.1091614306745,458.02472318213404,297.87153071256176,-839.2428558236151,-136.01736403065786,-3.684415495214921,0.0,-1661.5786600420556,-1187.3568414862166,100.0,-601.0038576765828,42.273329053671205,0.0,47.99231617921332,0.0,0.0,0.0,0.0,0.0,0.0,0.0,0.06497898609824965
1748.094788052027,2642.905633057415,243.62805103351133,-424.7902494822256,-693.063938777093,-34.498779797727934,755.2389203424445,-390.3262385150872,100.0,690.909506376417,134.75809892666064,0.0,87.32846289993239,1672.6726425779857,1165.254404913533,141.56032148388408,496.80017395342475,-46.13038522276611,24.768987243487004,58.75639480132041,0.0,0.0,0.0,0.0,0.0,0.0,0.0,-826.5993234738343,390.3262385150896,295.6341986416388,-1396.7322216706752,-134.75809892666064,-5.261897356480176,13.1515520519512,-1654.2500229309944,-1165.2544049135327,100.0,-693.6218019590274,46.13038522276611,0.0,37.8716880561754,0.0,0.0,0.0,0.0,0.0,0.0,0.0,0.07555183406752786
1619.0188606225238,2730.23468633764,228.0099157615192,-139.49278513994955,986.5910463225578,-27.92639546220272,831.2761309998664,-323.28476880742505,100.0,231.78479966982422,133.3894835001871,0.0,92.34404692040422,1642.7617081519288,1141.232667505507,153.8533338469068,1163.9705308190173,-49.950008595310464,24.386493929221302,41.161812503795815,0.0,0.0,0.0,0.0,0.0,0.0,0.0,-825.8348931041347,323.28476880742744,292.61313151904676,90.7653886054868,-133.38948350015812,-6.8182993992598995,0.1553930026860364,-1601.0623771385706,-1141.232667505506,100.0,-59.83957084214239,49.95000859532411,0.0,48.34057915261888,0.0,0.0,0.0,0.0,0.0,0.0,0.0,0.08784500919014836
1614.426752352764,2901.2082523397694,215.74341816060866,-13.465430835512961,376.676775630458,-21.102393777151747,912.0230123870797,-256.95471528911037,100.0,-1738.9752538599237,131.91262832305824,0.0,100.0,1593.7971278381444,1115.3111218548052,165.9306030235232,-1532.9053681231346,-53.729099713482356,23.9063052722625,48.33990505485324,0.0,0.0,0.0,0.0,0.0,0.0,0.0,-872.5988270974224,256.9547152891107,288.82043211727535,1043.2954799101174,-131.91262832302584,-8.347386482442403,3.681842418187782,-1572.106345242347,-1115.3111218548056,100.0,87.35401560717037,53.72909971350282,0.0,51.961059564460456,0.0,0.0,0.0,0.0,0.0,0.0,0.0,0.10213842899856092
1559.1179567029335,2966.9261195277945,206.93907960539082,-299.66315668188486,863.6033668779601,-14.088259126385196,951.0589710603589,-191.38990190689117,100.0,547.7352511910067,130.32873179882813,0.0,88.67928645235006,1491.2659444678604,1087.510802165666,177.74374596389833,293.97438904859655,-57.4645920095827,23.330344968384367,50.93478688475066,0.0,0.0,0.0,0.0,0.0,0.0,0.0,-942.0202595251244,191.3899019068914,284.27129446416996,-489.4754620847158,-130.32873179879914,-9.843032892055135,1.010105206061894,-1565.3514583393896,-1087.510802165666,100.0,670.7761317978418,57.464592009596345,0.0,48.67491097053203,0.0,0.0,0.0,0.0,0.0,0.0,0.0,0.11875755691154309
1372.4644699916755,2844.9287765883255,201.67622735221136,65.39282648650328,27.77926846534001,-6.9471889953251775,967.0317973853654,-126.64353164850013,100.0,-509.43766713735727,128.63907919050916,0.0,91.50676029668065,1512.478188479234,1057.8542671855498,189.2454377409133,-757.4182480499303,-61.15345429447416,22.66092038655671,39.262642984221046,0.0,0.0,0.0,0.0,0.0,0.0,0.0,-1042.8696351821634,126.64353164850036,278.9839429737561,-988.9534503560475,-128.63907919051258,-11.299246881642091,7.6298992182526195,-1514.414680354608,-1057.8542671855498,100.0,-413.06063814411914,61.15345429447416,0.0,67.51354103957108,0.0,0.0,0.0,0.0,0.0,0.0,0.0,0.13808081308747275
1473.3679108742222,3170.2121111002507,200.00227979907743,1493.2246245794215,-891.6845276222921,0.25647543954477214,1025.2578520257834,-62.76814337075666,100.0,62.57993837578681,126.84504157743845,0.0,100.0,1429.6359980179388,1026.365581899703,200.38960113973695,622.7824776698674,-64.79269321718675,21.900713325309766,44.971500159928794,0.0,0.0,0.0,0.0,0.0,0.0,0.0,-1031.4765668976386,62.76814337075689,272.9795594369593,1503.4832041326285,-126.84504157741117,-12.7101946759484,5.7072853909861845,-1491.464320881073,-1026.365581899703,100.0,317.146337972556,64.79269321719357,0.0,69.29317568956512,0.0,0.0,0.0,0.0,0.0,0.0,0.0,0.16054819111089647
1328.170268634528,3076.653640453963,201.93231924499696,1937.4349714233495,973.1251127369592,7.457829025864555,1127.5250241003619,0.1844308334254947,100.0,-302.3974866439721,124.9480747430232,0.0,84.92154282434163,1439.4537333337664,993.0702980034744,211.13159124890774,-248.3718107744278,-68.37935569402589,21.052769269160905,41.28326017082172,0.0,0.0,0.0,0.0,0.0,0.0,0.0,-1114.5778980158962,-0.18443083342526734,266.28219816470346,940.508150130463,-124.94807474299591,-14.070223841764573,9.808969333321965,-1369.872457489361,-993.0702980034744,100.0,1647.05879544788,68.37935569404635,0.0,69.88284517969385,0.0,0.0,0.0,0.0,0.0,0.0,0.0,0.18667127671570335
1302.6267564535976,3153.0160573558105,207.44895599818062,-1216.890686867057,-1244.7258979408366,14.59198743208134,1211.4137568263513,62.16310769452525,100.0,1767.641927403887,122.94971799311952,0.0,87.41913401238563,1339.5671136443732,957.9954331682211,221.4283743134297,-1615.1801069411238,-71.91053130475439,20.120485187978403,38.275750109676935,0.0,0.0,0.0,0.0,0.0,0.0,0.0,-1194.5950971107595,-62.16310769452684,258.9186896233341,483.72046441322027,-122.94971799308883,-15.373885932262397,8.453346347476561,-1351.611909763106,-957.9954331682225,100.0,1214.7115745183305,71.91053130476803,0.0,63.111714465899105,0.0,0.0,0.0,0.0,0.0,0.0,0.0,0.21704489667280757
1182.1912520367362,3137.7203336353496,216.50248505749232,24.046585068701916,874.1545444483518,21.59467175647336,1220.906574804593,123.11759421825195,100.0,-845.3238826407699,120.85159290713023,0.0,91.61331142434796,1314.4475976581757,921.1694491176572,231.2387001333724,810.3615901678984,-75.38335465430691,19.107595928319512,25.394745014479977,0.0,0.0,0.0,0.0,0.0,0.0,0.0,-1244.574945067389,-123.11759421825354,250.91853294841812,-373.03394554294755,-120.85159290712681,-16.615958314169035,10.643589232459044,-1370.9073166973533,-921.1694491176586,100.0,-1103.3277557841006,75.38335465430691,0.0,79.62577610225603,0.0,0.0,0.0,0.0,0.0,0.0,0.0,0.2523606630893462
1148.7747546008954,3219.9427528757406,229.0113339554468,-711.5416393214855,1156.725922718697,28.40278768127405,1226.3241988685943,182.9984284961297,100.0,189.87621195174597,118.6554020220467,0.0,84.95200981888088,1299.52447742003,882.6222285323943,240.5232673173291,-2.7672742100253345,-78.7950076979223,18.018159251149655,18.078776864483977,0.0,0.0,0.0,0.0,0.0,0.0,0.0,-1307.858823794858,-182.99842849613105,242.31377776751788,262.92760316070485,-118.65540202204329,-17.79146509027214,20.397834808216874,-1247.9164365216986,-882.6222285323956,100.0,-187.13894129232017,78.7950076979223,0.0,72.12095964866104,0.0,0.0,0.0,0.0,0.0,0.0,0.0,0.2934227215252159
950.2771930054271,3305.7718674540642,244.86279772767892,-151.12173054738037,5.703956949014355,34.95499395365954,1312.9577542186073,241.75701984167154,100.0,897.3273094781655,116.36292745105152,0.0,92.38267788631049,1239.1172529405994,842.3850508014552,249.24488072870233,-901.4929401476888,-82.14272202787924,16.85653957596344,19.385429670731067,0.0,0.0,0.0,0.0,0.0,0.0,0.0,-1281.7725603835904,-241.7570198416729,233.13889580537844,422.5308318335635,-116.36292745105152,-18.895697033501335,12.119260063426125,-1208.4705746189359,-842.3850508014566,100.0,784.6400028801338,82.14272202787924,0.0,76.90139139778792,0.0,0.0,0.0,0.0,0.0,0.0,0.0,0.34116606151404244
942.8696948097612,3338.073868928601,263.9140543867982,1912.8528097554147,1053.0074486296348,41.19225507162014,1401.3045973562078,299.3456882196074,100.0,443.23207372681964,113.97602943732295,0.0,83.03727596813874,1180.2142512877774,800.4905666404109,257.36860049406994,-915.9938192001016,-85.42378111995959,15.627390496376279,14.66841387253547,0.0,0.0,0.0,0.0,0.0,0.0,0.0,-1334.3183713065223,-299.34568821960715,223.4306427858893,-118.0181139161698,-113.97602943732636,-19.9242304526841,13.815841235112746,-1079.6446510057062,-800.4905666404111,100.0,-507.85131399754505,85.42378111995959,0.0,79.32967839806463,0.0,0.0,0.0,0.0,0.0,0.0,0.0,0.3966778064220251
857.3898667692656,3343.241021188818,285.99345175118424,1439.7461865389346,2778.455296971042,47.05837319491593,1457.4560476209695,355.71770293614713,100.0,-1499.7186183287192,111.49664484455911,0.0,74.3177308136634,1044.3074998901604,756.9727715967533,264.8618819766847,108.38669126516379,-88.63552253777016,14.335636137227254,18.70432566759391,0.0,0.0,0.0,0.0,0.0,0.0,0.0,-1476.906937009416,-355.7177029361469,213.2279111840613,20.944194344936022,-111.49664484453524,-20.872944914390246,28.981538950418383,-1074.1824971536737,-756.9727715967533,100.0,-421.6907106832309,88.63552253778721,0.0,86.41698257635022,0.0,0.0,0.0,0.0,0.0,0.0,0.0,0.46122196741809546
758.570097023782,3332.9662262874094,310.9020540343832,854.7092410905316,1667.5902312121343,52.5004944886544,1479.6545633369126,410.8273205589114,100.0,-2270.644878823199,108.92678558522107,0.0,86.01984904722836,1095.267825023983,711.8669784639828,271.69470615435785,841.7572861331519,-91.7753400931258,12.986451427929353,10.243859564234345,0.0,0.0,0.0,0.0,0.0,0.0,0.0,-1497.304298658457,-410.82732055891097,202.57157441790935,-306.1882274540312,-108.9267855852006,-21.738039749898803,26.818653028474138,-1180.478881442132,-711.8669784639828,100.0,-450.8432529156232,91.77534009314286,0.0,92.26972329678742,0.0,0.0,0.0,0.0,0.0,0.0,0.0,0.536268225207185
682.4234436787311,3356.507176720979,338.4154342602908,-1113.3734457388675,-1767.3258903598753,57.46958533738791,1441.3679567139845,464.6298220357255,100.0,529.9437866908102,106.26853698806372,0.0,76.46929950265373,1060.2993651137172,665.2097886268207,277.8396998794131,-1007.362910436799,-94.84068596094858,11.585241371059283,5.95667752731861,0.0,0.0,0.0,0.0,0.0,0.0,0.0,-1428.7869937057883,-464.6298220357253,191.50432310443193,-1783.1894020581956,-106.26853698806713,-22.516049281172315,29.11588642786316,-968.1820579333066,-665.2097886268209,100.0,103.18341024053382,94.84068596095199,0.0,87.56535188395128,0.0,0.0,0.0,0.0,0.0,0.0,0.0,0.6235253948912
496.1599208742635,3445.9461573955123,368.2856963544398,-1630.9512391372198,2436.9106829242264,61.92087413893148,1634.123840287419,517.0815489821853,100.0,914.4352024967714,103.52405610599135,0.0,71.27711229485753,922.7493481356322,617.0390623607793,283.27224553893814,-618.0854004088087,-97.8290727467629,10.137619389243184,8.170547971102947,0.0,0.0,0.0,0.0,0.0,0.0,0.0,-1574.1954161974413,-517.0815489821834,180.0704940356632,-789.8793162901609,-103.52405610599135,-23.203856704795953,25.443183655596258,-897.4702863361623,-617.039062360778,100.0,-351.94373523245076,97.8290727467629,0.0,91.4518655387076,0.0,0.0,0.0,0.0,0.0,0.0,0.0,0.7249803359578534
713.270527112419,3427.699490143846,400.24370869229875,-2127.745585775843,-690.3185657930089,65.81425469726156,1500.0477665599196,568.1399391085251,100.0,-523.8063261005448,100.69556996556457,0.0,69.6723544599619,894.7660457241852,567.3938881102033,287.970579676018,168.65206358009175,-100.73807550494166,8.6493848370759,3.1090964364454,0.0,0.0,0.0,0.0,0.0,0.0,0.0,-1572.2534605687947,-568.1399391085233,168.31589255994373,-155.39301388713398,-100.69556996556457,-23.79870657825876,30.095636121131005,-912.48872673355,-567.3938881102019,100.0,-357.7428881928836,100.73807550493484,0.0,97.82922392369808,0.0,0.0,0.0,0.0,0.0,0.0,0.0,0.8429431933839268
397.9139384402121,3429.152188984271,434.0015289802892,-859.6041371792751,941.52411865246,69.11464758017644,1675.1308423207806,617.7635607570705,100.0,773.0627015437096,97.7853737599969,0.0,75.52932435086845,833.6162948544599,516.3145507696936,291.9158801768647,-689.5769182395469,-103.56533370658099,7.126499768181986,16.587539472775756,0.0,0.0,0.0,0.0,0.0,0.0,0.0,-1622.1870688538174,-617.763560757069,156.28760907996806,-18.168880267081704,-97.78537375996962,-24.298215858623138,40.5610565574799,-767.3763876701628,-516.3145507696922,100.0,1160.0169403876532,103.56533370660486,0.0,82.12518889640606,0.0,0.0,0.0,0.0,0.0,0.0,0.0,0.9801
344.05762905955214,3503.0889022793067,469.2549986212741,-343.27335967777515,-104.15493595952285,71.79231618554866,1541.8194847484249,665.9121465222165,100.0,-85.92730429861717,94.79582898656531,0.0,58.883012236174615,777.3875326395726,463.84249899467795,295.092341674557,-1075.0968551018786,-106.30855315485178,5.575065050488774,8.893215925523648,0.0,0.0,0.0,0.0,0.0,0.0,0.0,-1643.39717776523,-665.9121465222147,144.03383040274713,873.2629662722547,-94.7958289865619,-24.700383449264365,36.93359576697818,-755.6414106944212,-463.8424989946766,100.0,1532.0616991229724,106.30855315485178,0.0,96.3112807179737,0.0,0.0,0.0,0.0,0.0,0.0,0.0,0.0
287.29204752313717,3480.9561084265124,505.68648318925284,-244.0880915225047,-1686.4398770480148,73.82313466878998,1602.236913820237,712.5466259256718,100.0,1683.6093978502242,91.72936153060391,0.0,68.50878583677735,777.0550391251113,410.0203115676302,297.4872388673159,-2131.448661456588,-108.96550784682518,4.001295925387467,11.549448767328323,0.0,0.0,0.0,0.0,0.0,0.0,0.0,-1595.3882699773344,-712.5466259256702,131.6036466972361,302.5103949718016,-91.7293615306005,-25.003598216563603,45.898459237754054,-729.7132929929194,-410.02031156762837,100.0,336.198269767242,108.96550784682859,0.0,97.1529406059851,0.0,0.0,0.0,0.0,0.0,0.0,0.0,0.0
230.31440539455429,3393.8323294308957,542.9677343215265,1221.4034985384192,-335.55489929325404,75.18880531708305,1630.4400254646278,757.6291571204515,100.0,-252.1796742096069,88.58845969673553,0.0,64.93385300977182,602.3994511278262,354.891662847245,299.09097749765385,986.863809180802,-111.53404177958237,2.4114971086964943,0.0,0.0,0.0,0.0,0.0,0.0,0.0,0.0,-1664.9765711661462,-757.6291571204513,119.04685483298164,-895.0503132005804,-88.58845969673553,-25.206645444259834,48.42022340338089,-716.3003159025853,-354.89166284724524,100.0,-1390.9896915253325,111.53404177957555,0.0,92.76368602432437,0.0,0.0,0.0,0.0,0.0,0.0,0.0,0.0
-47.505948383088445,3526.6991871298414,580.7628472426337,-443.87687022891055,-1134.0295701047626,75.8770234121647,1641.5039908360216,801.1231575978798,100.0,-701.7316661308473,85.3756721898958,0.0,46.56863199219876,534.3187760129293,298.50128732860685,299.89713278816987,-651.6494132632863,-114.01207069982433,0.8120375331805008,10.930228851875235,0.0,0.0,0.0,0.0,0.0,0.0,0.0,-1660.9328739932243,-801.1231575978793,106.4137588876399,437.04454102006594,-85.37567218991626,-25.308711699785462,38.79088595666498,-576.5431919633286,-298.5012873286071,100.0,872.6465657239788,114.01207069979364,0.0,100.0,0.0,0.0,0.0,0.0,0.0,0.0,0.0,0.0
-94.84338137115022,3373.1730734514617,618.7312872727092,959.2727063572895,-1821.190405813279,75.88158809598156,1806.6235105232213,842.9933338727094,106.24503137744807,-1412.1606103212434,82.09360604703988,25.309388092953284,54.43206802969862,515.9562376684856,240.89494334308506,299.90247518001047,870.657969616432,-116.39758379507498,-0.7906751661883504,7.210522612769536,0.0,0.0,0.0,0.0,0.0,0.0,0.0,-1692.874445943658,-842.9933338727094,100.0,-971.9462182373024,-82.09360604706035,0.0,52.813181775161596,-503.18437342446356,-240.8949433430853,100.0,955.2651922026013,116.3975837950477,0.0,93.7915991251471,0.0,0.0,0.0,0.0,0.0,0.0,0.0,0.0
-237.0737422905521,3573.3075431148313,656.5309580513689,-718.280591547553,15.661531880782604,75.20245824065,1704.809360396622,883.2057101222413,118.87880326628454,-91.87608406376398,78.74492452176582,25.208671914047542,36.984118440364405,439.7802281557216,182.11937592745198,299.1069832708861,427.03133671315953,-118.68864532544421,-2.390220322016887,12.348509754070971,0.0,0.0,0.0,0.0,0.0,0.0,0.0,-1742.3284868119438,-883.2057101222413,100.0,-243.9427104434344,-78.74492452176582,0.0,47.65406410372204,-566.4387153466349,-182.11937592745198,100.0,-753.7450476540704,118.68864532544421,0.0,88.25851182192419,0.0,0.0,0.0,0.0,0.0,0.0,0.0,0.0
-184.28739726907327,3510.82495934337,693.8212838323662,-890.3941850806186,748.18291295986,73.84575281900993,1681.3579373552927,921.7276557562241,131.43694430961432,784.3257127735751,75.33234492317433,25.006966644680517,44.538896082038434,359.50713910076774,122.22227889231954,297.5138439008117,-1127.0140619227348,-120.88339619445037,-3.9801899564861287,16.325082677106977,0.0,0.0,0.0,0.0,0.0,0.0,0.0,-1761.2028669132046,-921.7276557562236,100.0,-847.7957831930291,-75.33234492317433,0.0,62.51645208773457,-418.48409564230536,-122.22227889231999,100.0,931.9390237188841,120.88339619444696,0.0,92.41639519938975,0.0,0.0,0.0,0.0,0.0,0.0,0.0,0.0
-454.61332706794246,3521.098846288079,730.2662780774813,-706.8241683087606,-1487.0846394960927,71.82369577248267,1816.5229465473392,958.5279118951557,143.8691450248013,-674.0126399630628,71.85863641084097,24.7050803413714,42.27589487493609,328.256945563249,61.25225612069357,295.12943938522693,-184.8748706070529,-122.98005545743194,-5.554214452517385,8.96877813927004,0.0,0.0,0.0,0.0,0.0,0.0,0.0,-1718.095112361719,-958.5279118951553,100.0,1138.8562636347797,-71.85863641086826,0.0,65.431386481475,-291.01806037356175,-61.2522561206938,100.0,1323.6094707262628,122.98005545740125,0.0,100.0,0.0,0.0,0.0,0.0,0.0,0.0,0.0,0.0
-525.9404533874525,3488.940824397868,765.5375707015708,147.74027639668816,-698.0994989198348,69.15450587312932,1837.0011964127111,993.5766167355018,156.1256004619059,-541.1134471477135,68.3266177477526,24.30422239837256,30.726235018107126,220.5083406385288,-0.7412178719600888,291.963321946643,698.629896392089,-124.97692176674036,-7.105988071239437,6.6150188954036535,0.0,0.0,0.0,0.0,0.0,0.0,0.0,-1813.2638361330098,-993.5766167355018,100.0,257.6054210485677,-68.32661774776625,0.0,57.26789506773902,-206.98587519846785,0.7412178719598614,100.0,-601.8203659250105,124.97692176671649,0.0,91.6288927391809,0.0,0.0,0.0,0.0,0.0,0.0,0.0,0.0
-499.86281050693765,3461.467372390677,799.3173666932203,-136.37520944178618,1340.1645792360273,65.86223257226777,1789.0357898388459,1026.8453297812475,168.15720972853828,906.3486329794716,64.73915501307374,23.805998702707143,24.628251989918788,152.40307522524955,-63.70783808412807,288.0281754472453,-502.74053255340436,-126.87237475243478,-8.629294213584444,11.72518726531296,0.0,0.0,0.0,0.0,0.0,0.0,0.0,-1790.9917455130785,-1026.8453297812475,100.0,270.84270507157044,-64.73915501306692,0.0,74.77509944935996,-188.7415557018924,63.70783808412784,100.0,290.54811484726474,126.87237475243137,0.0,88.52155420141554,0.0,0.0,0.0,0.0,0.0,0.0,0.0,0.0
-515.9621100482095,3444.544781185377,831.3013094537897,950.1819626582613,-1316.0602757062475,61.97653931442858,1744.561777241213,1058.3070549221206,179.91577269417087,-144.25703559511248,61.09915927644124,23.21240520078149,15.719710633355726,199.262653499941,-127.59650984856557,283.33976457575596,-113.95252264275491,-128.66487633709767,-10.11803032475342,12.760707322236009,0.0,0.0,0.0,0.0,0.0,0.0,0.0,-1790.4157949811943,-1058.3070549221216,100.0,470.7997952856965,-61.09915927644124,0.0,83.22031367643481,-65.24244870324613,127.5965098485633,100.0,188.90457687370179,128.66487633709767,0.0,86.64866512758454,0.0,0.0,0.0,0.0,0.0,0.0,0.0,0.0
-787.5261626723756,3455.5576058442366,861.2012230560997,284.07274189197835,-304.74822751718875,57.532436269096934,1785.0132979159177,1087.9362623397537,191.35418308588436,-602.6263974034543,57.40958423571101,22.525819902351003,28.290788326092567,106.65568694466684,-192.35539029338508,277.91687169212116,269.1211114415975,-130.3529719838076,-11.566232341809837,12.171977198322582,0.0,0.0,0.0,0.0,0.0,0.0,0.0,-1715.8912431815045,-1087.9362623397546,100.0,453.0229709918524,-57.40958423570419,0.0,72.55880233617168,-96.54572802710362,192.3553902933828,100.0,602.7053651784189,130.35297198381102,0.0,81.5474650845749,0.0,0.0,0.0,0.0,0.0,0.0,0.0,0.0
-766.7482900827777,3308.8461810561357,888.747708714975,-597.3347374965834,443.33356491669747,52.56996488848074,1779.9717413385524,1115.7089092240267,202.4266172019869,2271.6061923283473,53.673423820168864,21.748993353941586,20.26575102275378,69.66952703419061,-257.9319304102977,271.7812215830288,-1021.9752774514596,-131.93529187658044,-12.968098586469239,9.615959022359569,0.0,0.0,0.0,0.0,0.0,0.0,0.0,-1783.0593099853684,-1115.7089092240276,100.0,-200.26521457068952,-53.67342382015522,0.0,66.39848760771581,8.624538964530242,257.9319304102954,100.0,785.6737857547521,131.93529187661284,0.0,80.45954433010017,0.0,0.0,0.0,0.0,0.0,0.0,0.0,0.0
-895.4203792126985,3411.5846192588688,913.692572075372,-1871.627169087712,933.0888636580221,47.13383713326493,1784.721990124297,1141.6024592827525,213.08871748748885,436.4188431246009,49.8937097610883,20.885037619785578,15.225720830992591,-78.79356893194557,-324.2729176958351,264.95739442969796,-566.2608198331781,-133.4105520317064,-14.318013007327863,10.579982881431608,0.0,0.0,0.0,0.0,0.0,0.0,0.0,-1772.3521090962279,-1141.6024592827534,100.0,-115.70350384957919,-49.893709761095124,0.0,84.40732952977676,114.59036685338842,324.2729176958327,100.0,128.71351008340758,133.4105520317047,0.0,87.40383857941438,0.0,0.0,0.0,0.0,0.0,0.0,0.0,0.0
-933.5517638053087,3354.0485259825145,935.8110594481973,515.8405181574614,-8.10677974998498,41.27303261699467,1658.879635540671,1165.5959010288984,223.29777023601278,128.80835827606006,46.07350913169512,19.937413814551235,18.77532534282881,-121.31416104627516,-391.32451933097786,257.47272733660077,-1170.9603434955593,-134.7775553399748,-15.610567678506015,27.15616793314372,0.0,0.0,0.0,0.0,0.0,0.0,0.0,-1839.8855239114655,-1165.5959010288989,100.0,-1329.2928044303994,-46.0735091316883,0.0,91.90937088788488,209.2846465640011,391.3245193309755,100.0,-742.2490454354811,134.7775553399748,0.0,74.72548373956232,0.0,0.0,0.0,0.0,0.0,0.0,0.0,0.0
-995.9083142737838,3249.038500209298,954.9038828452841,233.2437371888409,-234.95496455532248,35.04035729884265,1721.5503906490046,1187.669764830492,233.01287670624018,477.2050971360193,42.21592185823056,18.909918237640966,20.78012644808704,-189.310371346482,-459.0323258641432,249.3572048156049,-482.4679096845649,-136.03519253777222,-16.840584464430464,25.498798404594126,0.0,0.0,0.0,0.0,0.0,0.0,0.0,-1751.0938091535286,-1187.669764830492,100.0,982.0275372863887,-42.21592185823056,0.0,82.7857571321042,267.6444335527803,459.032325864143,100.0,154.7388837184215,136.0351925377705,0.0,74.8699281457857,0.0,0.0,0.0,0.0,0.0,0.0,0.0,0.0
-1205.5651331796726,3252.7755673904053,970.7990155679195,415.8576018387714,470.1056658427433,28.49196770091396,1750.679164892746,1207.8061387093771,242.19511696737987,-493.0597794680489,38.32407820460958,17.8066671647629,13.537352025915862,-288.4856622560588,-527.3413953620754,240.6433386642722,-1218.0766803575543,-137.18244310736452,-18.003135764125204,21.70545949287894,0.0,0.0,0.0,0.0,0.0,0.0,0.0,-1818.7621662018948,-1207.8061387093771,100.0,-1128.7651327657204,-38.324078204595935,0.0,88.44177375443806,332.0905265958555,527.3413953620751,100.0,653.1657680938218,137.18244310739692,0.0,75.48630093725197,0.0,0.0,0.0,0.0,0.0,0.0,0.0,0.0
-1146.4991203379307,3176.836908728131,983.3532421706468,-147.36995721915605,717.3221129125864,21.686864936912116,1737.20771668038,1225.9886828760045,250.80770581727688,1111.1447152226958,34.401136232263525,16.632080357600074,4.069598925232373,-365.48627908381417,-596.1962979928411,231.3660377195326,673.1276857652913,-138.2183761048708,-19.09356425177009,28.258954715424306,0.0,0.0,0.0,0.0,0.0,0.0,0.0,-1765.216855500075,-1225.988682876004,100.0,69.7655287993507,-34.401136232256704,0.0,87.55176301796428,355.43791737783914,596.1962979928409,100.0,-1201.967476167753,138.2183761049032,0.0,81.50200535251054,0.0,0.0,0.0,0.0,0.0,0.0,0.0,0.0
-1364.173053005329,3159.5649156373947,992.4534488351253,1539.1173762920232,-443.1198443783137,14.686363111023297,1797.0721511787137,1242.2026429884581,258.8161401485291,711.4861776220118,30.450279237588802,15.390863357713158,4.942892880846616,-438.5528622068736,-665.5411610047132,221.56246800852134,711.5016332344766,-139.1421509158215,-20.107501534553478,28.007651486949413,0.0,0.0,0.0,0.0,0.0,0.0,0.0,-1768.8903303118148,-1242.2026429884581,100.0,-1879.315892526597,-30.450279237588802,0.0,87.3753172366818,392.70322778339687,665.541161004713,100.0,-1366.924061778939,139.1421509158215,0.0,72.44000253964637,0.0,0.0,0.0,0.0,0.0,0.0,0.0,0.0
-1282.8875107181389,3106.145779118328,998.0176425277674,-1362.7568801012865,-333.8981636687413,7.553536876667977,1655.9026992501315,1256.434862124962,266.18833717224805,-2373.362791790894,26.474713168822746,14.087988635546935,6.196176685289673,-488.5390804587835,-735.319714064478,211.2719038568281,-278.1854336751857,-139.95301793729482,-21.04088565299918,42.449654928702905,0.0,0.0,0.0,0.0,0.0,0.0,0.0,-1723.1070286649365,-1256.4348621249615,100.0,-1035.6510873315733,-26.474713168815924,0.0,84.6068970664785,555.1860872345937,735.31971406448,100.0,-156.73605364107345,139.95301793729823,0.0,67.07454449539554,0.0,0.0,0.0,0.0,0.0,0.0,0.0,0.0
-1460.3207981925061,3074.6675590900413,999.9956897585157,-982.5517937177494,-791.263542021718,0.35265313266791054,1699.8376616565529,1268.6737914601458,272.8947629457209,-201.9567563950045,22.477664024481783,12.72867567008035,13.704697901679372,-562.9231254850263,-805.4753349183479,200.5355705506413,-1666.1957704863848,-140.65031918602756,-21.88997735366698,43.83096194177429,0.0,0.0,0.0,0.0,0.0,0.0,0.0,-1632.359553085027,-1268.6737914601454,100.0,-1192.410035641027,-22.477664024481783,0.0,93.53404921663345,518.7873056229718,805.47533491835,100.0,-151.72780238815506,140.65031918602585,0.0,50.13440921243979,0.0,0.0,0.0,0.0,0.0,0.0,0.0,0.0
-1475.9871904239071,3020.6984668666732,998.3697682845351,1319.7756346807694,-515.2688229870955,-6.851408022705527,1745.9076607868349,1278.9094996364147,278.90855068907706,2308.0714927070812,18.462375235721993,11.318370038947023,6.937541100897339,-609.4529442316054,-875.9510953384656,189.39647918309723,24.55653575919257,-141.23348883244262,-22.65137506906882,34.8334101613701,0.0,0.0,0.0,0.0,0.0,0.0,0.0,-1581.7315045514104,-1278.9094996364142,100.0,-393.7909817131424,-18.462375235721993,0.0,98.41196013252501,582.2654492582669,875.9510953384676,100.0,-1079.0078770609534,141.23348883244262,0.0,64.32360492248813,0.0,0.0,0.0,0.0,0.0,0.0,0.0,0.0
-1531.5647599471606,3046.7738348122434,993.1545276889548,-1057.8071531524654,-10.710488137176526,-13.993737862641638,1618.3903074777159,1287.1336808228143,284.20560841696596,620.8812389027241,14.432105034327378,9.862721602774513,10.810150771699039,-696.6365716284872,-946.68980731767,177.89925434646602,635.9924115183026,-141.70205365977267,-23.322028544791067,43.41002155288948,0.0,0.0,0.0,0.0,0.0,0.0,0.0,-1707.2749135308836,-1287.1336808228143,100.0,152.7506325240006,-14.432105034320557,0.0,100.0,678.1297369653739,946.6898073176719,100.0,764.3355123177957,141.70205365980507,0.0,59.5733208794042,0.0,0.0,0.0,0.0,0.0,0.0,0.0,0.0
-1608.6411974885896,2850.550577461368,984.3969573878495,-1253.8066455770513,487.6914355799795,-21.009983860651573,1661.7379752167813,1293.3396614548483,288.7647154540615,-124.55143353999574,10.390123808863336,8.367561871143323,4.6852612932142135,-689.6829180895063,-1017.6340694750756,166.08995536045708,918.5170714125326,-142.05563344815062,-23.899251059195592,42.141297205740464,0.0,0.0,0.0,0.0,0.0,0.0,0.0,-1662.353879594898,-1293.3396614548483,100.0,-60.38645883329309,-10.390123808863336,0.0,95.58244275269296,789.5426533747147,1017.6340694750754,100.0,197.0900016456335,142.05563344818472,0.0,54.16220709177415,0.0,0.0,0.0,0.0,0.0,0.0,0.0,0.0
-1577.974197524586,2774.7429492069255,972.1759632547142,816.6409411167513,-1437.325058934514,-27.836929508036405,1689.2520421089282,1297.522405649786,292.5676074477395,-1298.233578583388,6.33971145090527,6.838880640812306,0.0,-859.4723276627312,-1088.726313634782,154.0158917528287,1065.5642501654904,-142.29394128295894,-24.380730186739612,48.22046940549728,0.0,0.0,0.0,0.0,0.0,0.0,0.0,-1588.4811697294128,-1297.522405649786,100.0,-571.652952942535,-6.339711450898449,0.0,95.53379466283593,774.6411856041534,1088.7263136347815,100.0,-906.9745528011845,142.29394128299305,0.0,50.8681687959828,0.0,0.0,0.0,0.0,0.0,0.0,0.0,0.0
-1687.7791018502298,2754.5415644630234,956.601656677057,-1655.748321714691,22.658671818151106,-34.41306389581882,1673.9246680556369,1299.678519293062,295.5990495373579,-167.46525475874932,2.284154693484197,5.282801999858009,0.0,-838.6178063780104,-1159.908851539951,141.72543373150478,194.43539772795702,-142.4167837878133,-24.764537061863905,53.68780399814514,0.0,0.0,0.0,0.0,0.0,0.0,0.0,-1588.7488751130693,-1299.678519293062,100.0,770.1909083624741,-2.284154693484197,0.0,88.1121157128364,872.6387323366631,1159.9088515399508,100.0,-1485.760960000519,142.4167837878133,0.0,49.96612374976029,0.0,0.0,0.0,0.0,0.0,0.0,0.0,0.0
-1731.6039757353783,2625.9083468610356,937.8143624507213,139.14471933690265,-1959.9054948312664,-40.67913592919581,1560.0577693364799,1299.8062527924508,297.8468973870122,892.2315698564876,-1.773255555904143,3.7055597938029905,10.019175464406544,-922.2730806197438,-1231.1239216643053,129.26781840747742,-498.5477666689701,-142.424061281273,-25.049134106240558,57.19392600715394,0.0,0.0,0.0,0.0,0.0,0.0,0.0,-1520.8621040527585,-1299.8062527924508,100.0,827.0763518938509,1.7732555558973218,0.0,100.0,961.71641108396,1231.123921664305,100.0,-1408.6283652104646,142.4240612813071,0.0,42.64494374246004,0.0,0.0,0.0,0.0,0.0,0.0,0.0,0.0
-1750.5076547360372,2596.457404877257,915.9833544508313,-1868.883766249578,457.5256097829765,-46.57868818105044,1448.8046159457265,1297.9055024977865,299.30214583726263,-726.6427294492235,-5.82922688569397,2.1134726520659797,5.961873232548341,-1001.862696486599,-1302.3137360830892,116.69295254478608,-1901.603610285385,-142.31576785807647,-25.233381188553494,64.08883854858384,0.0,0.0,0.0,0.0,0.0,0.0,0.0,-1472.010409153647,-1297.9055024977865,100.0,-1107.9479461386086,5.82922688569397,0.0,87.8762969114939,973.4345549073394,1302.313736083089,100.0,587.9793138024172,142.31576785810717,0.0,45.74088173198541,0.0,0.0,0.0,0.0,0.0,0.0,0.0,0.0
-1754.494544801098,2486.77013033913,891.3053304709839,434.90667992216004,300.0322353751585,-52.05856557437414,1434.6000702265046,1293.9778107850693,299.9589649809293,193.01936366962423,-9.880468052008382,0.5129186747251424,3.3109076868189646,-1088.816057028549,-1373.4205273654536,104.05121262778263,549.6076347792257,-142.0919913935768,-25.31654019195763,64.42796546726053,0.0,0.0,0.0,0.0,0.0,0.0,0.0,-1526.3019269105303,-1293.9778107850693,100.0,-403.5533613700261,9.880468052008382,0.0,94.81318607283059,1028.885980234704,1373.420527365451,100.0,-534.9019020391188,142.0919913936075,0.0,27.08625553694056,0.0,0.0,0.0,0.0,0.0,0.0,0.0,0.0
-1929.1685841631042,2395.840034974684,864.0026399724256,-597.6924290452394,1853.2888081679084,-57.06939431057492,1475.3590143575598,1288.026364804895,299.8147235184279,-1725.0900936140283,-13.923691649245029,-1.089690118934925,2.806184256483986,-1133.515330477406,-1444.3865954501985,100.0,-40.47774314636399,-141.75291347265102,0.0,63.95251897550989,0.0,0.0,0.0,0.0,0.0,0.0,0.0,-1386.9704945670842,-1288.026364804895,100.0,244.13253899757137,13.923691649238208,0.0,97.61894578426522,1138.0860611261653,1444.386595450196,108.60675695335961,-437.0234314281572,141.75291347265102,25.298277971096113,28.44397954090554,0.0,0.0,0.0,0.0,0.0,0.0,0.0,0.0
-1954.0694414432626,2317.749611130372,834.3212807112093,993.6709382453137,-574.34283431621,-61.56602672823283,1452.355300497967,1280.0559938962206,298.86999929908586,441.22867966179797,-17.9556167777082,-2.687933477780291,11.171040603219168,-1180.2736355276606,-1515.15435446687,100.0,-712.1392561923221,-141.2988092421574,0.0,71.33315498436916,0.0,0.0,0.0,0.0,0.0,0.0,0.0,-1411.048114665793,-1280.0559938962201,100.0,-471.7681921958251,17.9556167777082,0.0,79.67020169481779,1186.7189312850412,1515.1543544668675,121.23024679040645,-646.5146339152273,141.2988092421233,25.17866768668739,27.601748386233734,0.0,0.0,0.0,0.0,0.0,0.0,0.0,0.0
-2008.7952483359852,2274.147303654973,802.5286822937783,-756.2374281662971,-965.8233376800217,-65.50794808455521,1311.5221195915706,1270.0731656675666,297.128577006205,-1061.232164680855,-21.972971705934015,-4.275408639153397,9.280052940582664,-1208.6380352408426,-1585.6663794641743,100.0,397.6609032909914,-140.73004718793982,0.0,74.06117806262999,0.0,0.0,0.0,0.0,0.0,0.0,0.0,-1336.8921476225673,-1270.0731656675662,100.0,-211.76186441822665,21.972971705940836,0.0,86.64208232287785,1232.712204791501,1585.666379464174,133.76868560528663,38.72231709328162,140.73004718793982,24.958188512507746,21.561009583987495,0.0,0.0,0.0,0.0,0.0,0.0,0.0,0.0
-2079.285478862477,2167.0199239839944,768.9112966311698,143.50060016544603,-1374.3041695566126,-68.85964159379625,1340.5553818079425,1258.0859807488346,294.5974329951471,546.0032709677216,-25.972496525553197,-5.8457559791457925,13.253732210917748,-1335.6509226205,-1655.8654530078352,100.0,88.33200310003804,-140.04708883564945,0.0,71.26564026882838,0.0,0.0,0.0,0.0,0.0,0.0,0.0,-1331.9398458403132,-1258.0859807488346,100.0,-1525.8577052952558,25.972496525553197,0.0,86.6861817207965,1235.4139701791707,1655.865453007835,146.17184284495508,715.2717183373886,140.04708883564604,24.63772371567444,30.595889006789147,0.0,0.0,0.0,0.0,0.0,0.0,0.0,0.0
-2001.3677614584979,2089.909928495622,733.7720170019013,308.9870465947638,-1494.9256284101887,-71.59090843427691,1291.4532291866685,1244.1041662180014,291.2867073451832,-122.77826369812715,-29.95094579652232,-7.392684490037595,10.40115671253151,-1259.9709174181971,-1725.694611610019,100.0,-784.5917623201558,-139.2504883762433,0.0,84.99702642163355,0.0,0.0,0.0,0.0,0.0,0.0,0.0,-1236.0553985867475,-1244.1041662180014,100.0,140.2057224596956,29.95094579652232,0.0,76.46837189124902,1215.1424578219896,1725.6946116100187,158.39002991126353,715.0449009219415,139.2504883762433,24.21855711821877,14.80944557060151,0.0,0.0,0.0,0.0,0.0,0.0,0.0,0.0
-1940.4328590785767,1987.0032465745526,697.4274489778145,-1297.3223082796483,1056.3130874569868,-73.67713984024306,1220.63570834816,1228.1390677080144,287.2096632370675,878.022651578633,-33.9050911807044,-8.909996982863504,28.774640902067258,-1350.7646423043138,-1795.0971919527553,100.0,-1646.9152665397314,-138.34089221613567,0.0,88.06109429804775,0.0,0.0,0.0,0.0,0.0,0.0,0.0,-1133.342280667765,-1228.1390677080144,100.0,1144.0887531751957,33.9050911807044,0.0,82.68421499886433,1353.1079185898695,1795.097191952755,170.3742992196993,717.0178043150042,138.34089221613908,23.7023679539206,22.428216705905214,0.0,0.0,0.0,0.0,0.0,0.0,0.0,0.0
-2018.1781869871845,1882.6838939042061,660.205057801909,-645.472832041554,-1746.2669964318786,-75.09953882741797,1143.61575237383,1210.20364020031,282.3826338190785,252.80195963066603,-37.83172406149333,-10.391614914133527,18.136978422559597,-1398.6551483504,-1864.0168768677304,100.0,0.6837883978471382,-137.31903845302895,0.0,86.56946050568281,0.0,0.0,0.0,0.0,0.0,0.0,0.0,-1157.8163914849522,-1210.20364020031,100.0,-42.714182422791964,37.83172406149333,0.0,71.17730812406572,1458.6457649346978,1864.0168768677302,182.076640289524,-903.6694868422046,137.31903845302554,23.091224141088844,12.150559483902788,0.0,0.0,0.0,0.0,0.0,0.0,0.0,0.0
-2066.048679028057,1748.9917169041237,622.4402179203302,-445.6618283238663,407.8561263528786,-75.84528955411542,1135.1383574583576,1190.3124375124075,276.8249567743849,-600.331550346059,-41.727658147490274,-11.831602737232174,27.004287670538396,-1449.1779823089717,-1932.3977410352222,100.0,-821.898315387358,-136.1857562766943,0.0,90.43810043218863,0.0,0.0,0.0,0.0,0.0,0.0,0.0,-1077.3974468013869,-1190.3124375124085,100.0,-406.16191019179496,41.727658147497095,0.0,77.92486842880083,1455.6154495874146,1932.3977410352218,193.45017207976124,-741.7583674383184,136.18575627669088,22.387573998224184,16.33715640285181,0.0,0.0,0.0,0.0,0.0,0.0,0.0,0.0
-2014.7321615425133,1732.7066490383293,584.4731912522861,-2988.428235480482,-740.697417817197,-75.9076727922303,1043.784562710907,1168.481600488124,270.55889685187026,232.62347800451835,-45.5897320580425,-13.22419168095962,37.05636486492484,-1422.6388471214375,-2000.184296365042,100.0,842.1730737700841,-134.94196529621263,0.0,88.28313328500097,0.0,0.0,0.0,0.0,0.0,0.0,0.0,-1091.4697658576988,-1168.481600488125,100.0,-987.9853789021905,45.5897320580425,0.0,82.44869765288757,1486.5105855847503,2000.1842963650417,204.44933080050407,-532.5940557177444,134.94196529621263,21.594236435746694,10.470094318338383,0.0,0.0,0.0,0.0,0.0,0.0,0.0,0.0
-1898.7694554995246,1620.105793792238,546.6460614237427,240.69525055747476,-443.03999279756,-75.28612646763179,994.0519235203686,1144.72884389998,263.6095566707661,-143.24443474826126,-49.41481188854368,-14.563802859951522,29.6373427022609,-1449.5311358774884,-2067.321537022727,100.0,-258.7999294727547,-133.58867479380933,0.0,95.60247680986338,0.0,0.0,0.0,0.0,0.0,0.0,0.0,-921.3956143767624,-1144.7288438999813,100.0,1212.8980687899411,49.41481188854368,0.0,76.03441824258456,1592.796794656252,2067.321537022727,215.03005244715592,1154.0341781391498,133.58867479380933,20.714389663097705,8.519460964552247,0.0,0.0,0.0,0.0,0.0,0.0,0.0,0.0
-1925.8926494747386,1558.3021952827912,509.2996515875045,-235.7070137123344,-819.4859252620518,-73.98625072435777,890.1345019917992,1119.0734420744357,256.00477615642126,-675.6696607816042,-53.19979375343564,-15.845069624379562,34.813378998541296,-1512.5693782482354,-2133.75498406436,100.0,485.84638450548823,-132.12698290553817,0.0,91.92247556596173,0.0,0.0,0.0,0.0,0.0,0.0,0.0,-913.3076146307654,-1119.0734420744366,100.0,172.84366555943848,53.19979375343564,0.0,67.2613402371673,1626.5505335907508,2133.7549840643596,225.14994932633792,-169.52841381909252,132.12698290553135,19.751558456401312,7.776488778822369,0.0,0.0,0.0,0.0,0.0,0.0,0.0,0.0
-2032.556168836045,1392.705307814302,472.77045360018275,318.4864015294045,128.46998800090432,-72.01975746742335,816.988519698133,1091.5362132516134,247.7750210100818,-977.1417503167515,-56.94160630497436,-17.06285905945421,42.77180648041188,-1504.4107111774063,-2199.430729643859,100.0,-1205.3346925598498,-130.5580757308303,0.0,92.17007392118221,0.0,0.0,0.0,0.0,0.0,0.0,0.0,-888.2221656115498,-1091.5362132516134,100.0,700.4966683541397,56.94160630497436,0.0,65.74569110348982,1560.0437280373494,2199.430729643859,234.7684798662873,215.859370868601,130.5580757308303,18.70960003782116,3.442927267376339,0.0,0.0,0.0,0.0,0.0,0.0,0.0,0.0
-1939.7994211856096,1302.3614184845562,437.387596224229,1247.9854208085828,-108.13108683188602,-69.40436483811737,779.5357354216773,1062.1395026922073,238.95326065948422,555.5115020929412,-60.637213225386404,-18.212292548485323,35.35246855301172,-1595.3421743361384,-2264.295480756849,100.0,-872.6897395041522,-128.88322636940075,0.0,92.6129568840967,0.0,0.0,0.0,0.0,0.0,0.0,0.0,-823.0338855212544,-1062.1395026922073,100.0,1512.5777192484873,60.637213225386404,0.0,54.44897137866948,1638.1044516196928,2264.2954807568485,243.84711103146086,-474.8059678743846,128.88322636940075,17.592688623016244,2.1420460554537404,0.0,0.0,0.0,0.0,0.0,0.0,0.0,0.0
-1936.0266789161572,1163.190352059701,403.4698796715739,1908.7019557198596,343.92885736921926,-66.16363757335364,682.977251152497,1030.9071645452746,229.5748361792063,-523.8384854396895,-64.28361569079243,-19.288765317254644,38.64059116206175,-1588.7216030421132,-2328.2966024856064,100.0,-179.19024887651403,-127.10379388849333,0.0,100.0,0.0,0.0,0.0,0.0,0.0,0.0,0.0,-722.8659810312079,-1030.907164545275,100.0,346.03443807032136,64.28361569079925,0.0,52.98046267104293,1655.977840338096,2328.296602485606,252.34947269069178,-694.9477936458527,127.10379388850015,16.40529869872097,4.330369144991444,0.0,0.0,0.0,0.0,0.0,0.0,0.0,0.0
-1922.9976902859992,1156.160090901858,371.3229032077129,362.87453442565266,451.6205765662619,-62.32677468681629,754.1016444648656,997.8645424916344,219.67731870990576,-1000.6891413990735,-67.87785480449656,-20.28796488129217,48.80557011233172,-1687.4865797834234,-2391.382160710004,100.0,853.1565434591027,-125.22122221998643,0.0,98.79281981987909,0.0,0.0,0.0,0.0,0.0,0.0,0.0,-671.1109068414423,-997.8645424916349,100.0,366.4755652083534,67.87785480449656,0.0,41.139371285096644,1725.049894577199,2391.3821607100035,260.2415033204807,-1057.7480275609207,125.22122221998643,15.152187097360468,6.849686214634171,0.0,0.0,0.0,0.0,0.0,0.0,0.0,0.0
-1942.2094129461238,1037.4799141389453,341.23631169656295,-509.77636277397664,1403.939980186342,-57.92834638549721,590.6093625870476,963.0384491785767,209.30035894363465,-259.9166803136387,-71.41701399820931,-21.205888322269573,55.5376928461624,-1668.4743403576156,-2453.5009642497835,100.0,-66.4329858099893,-123.23703898871372,0.0,85.57166912299229,0.0,0.0,0.0,0.0,0.0,0.0,0.0,-541.3865127059605,-963.0384491785771,100.0,5.921939374785552,71.41701399820931,0.0,44.227955881936126,1731.890872610254,2453.5009642497835,267.4915864597163,-991.8616859603083,123.23703898872054,13.838373940654662,15.507235572542523,0.0,0.0,0.0,0.0,0.0,0.0,0.0,0.0
-1883.9097189902998,868.9184297118056,313.4811858947773,-294.9020510565674,-1230.8178551225278,-53.00798259128214,562.3620999072812,926.4571444625658,198.485528278211,-701.6479644459469,-74.8982213985164,-22.038858324147128,55.47135107326731,-1769.2792134243343,-2514.602606403968,100.0,753.4472926843853,-121.15285427288654,0.0,100.0,0.0,0.0,0.0,0.0,0.0,0.0,0.0,-428.03318433844413,-926.4571444625644,100.0,-227.61562024435193,74.8982213985164,0.0,42.77149598438828,1787.3302323035027,2514.602606403968,274.0706773691699,-285.43874765176156,121.15285427288654,12.469122528313221,7.1099056940522685,0.0,0.0,0.0,0.0,0.0,0.0,0.0,0.0
-1767.006920717775,840.1191345776032,288.30760000902205,-1176.95047583725,-2651.323016516718,-47.610015874709006,510.99281435417083,888.1503124776036,187.2761522770042,-654.8654070642967,-78.31865215739299,-22.783537904993096,62.94346711761602,-1769.6229777793199,-2574.6375058537,100.0,563.4943145060743,-118.97035929751837,0.0,100.0,0.0,0.0,0.0,0.0,0.0,0.0,0.0,-446.5089493064842,-888.1503124776023,100.0,274.1495177762607,78.31865215741345,0.0,50.22122576801833,1736.1528898381853,2574.6375058536996,279.9524193883514,-1141.3991867836091,118.97035929751837,11.049918252634825,11.529438583795823,0.0,0.0,0.0,0.0,0.0,0.0,0.0,0.0
-1730.8773737952488,692.472184592888,265.9423685226544,88.93253000798495,-541.7391395054659,-41.78308201764452,443.26148778499487,848.1490375478429,175.71713710131132,-7.1973900169857075,-81.67553074437251,-23.4369437853195,63.47336860524794,-1698.6684449635914,-2633.5569468953227,100.0,547.3741341110554,-116.69132506213373,0.0,92.78923697241486,0.0,0.0,0.0,0.0,0.0,0.0,0.0,-472.929281996031,-848.1490375478415,100.0,73.78938927890061,81.67553074438956,0.0,43.38952452792692,1786.5845981845719,2633.5569468953227,285.11324952358535,995.5211005086028,116.69132506214737,9.586446623328584,0.0,0.0,0.0,0.0,0.0,0.0,0.0,0.0,0.0
-1769.3941662329044,561.4891059031265,246.58700259295597,900.1605763438693,984.6517598448895,-35.57968180398092,315.9804876347217,806.4857789640171,163.85478961066343,566.6410161819948,-84.96613319880112,-23.9964583395016,69.83325300753191,-1799.5368794868139,-2691.3131189710484,100.0,109.24812394537867,-114.31760090367561,0.0,90.1478482425872,0.0,0.0,0.0,0.0,0.0,0.0,0.0,-328.97674027437205,-806.4857789640159,100.0,275.57459537949654,84.9661331987977,0.0,33.52142173828053,1745.0391179196245,2691.3131189710484,289.53249284430854,-189.14509310378094,114.31760090368243,8.084570490656517,7.737375949890805,0.0,0.0,0.0,0.0,0.0,0.0,0.0,0.0
-1680.8239450848812,467.37487526016463,230.41589443180555,-2099.929287076894,923.1863263068669,-29.055707986579193,290.5968294668286,763.1943446441396,151.73663185175783,795.7383798956105,-88.18778934029183,-24.459840082314344,71.38775014100348,-1732.5764381998367,-2747.8591554651416,100.0,-762.9553781905736,-111.85111299580512,0.0,92.79192452324438,0.0,0.0,0.0,0.0,0.0,0.0,0.0,-221.2212921640526,-763.1943446441383,100.0,1022.9190517421865,88.18778934028842,0.0,33.154638427681384,1738.5399125661997,2747.859155465141,293.19244530942626,-261.3275653899734,111.85111299581195,6.5503065581299325,15.11621513173343,0.0,0.0,0.0,0.0,0.0,0.0,0.0,0.0
-1604.5607887426688,379.28315116200514,217.5747460285652,216.31592736415655,-790.6872422627083,-22.269941692518103,111.81290288826625,718.3098636998534,139.41121067920062,-143.94252487706012,-91.3378849353387,-24.82523264857818,71.68556644532075,-1781.3235653723664,-2803.149171734135,100.0,1078.907158212669,-109.29386278598486,0.0,87.00263388251209,0.0,0.0,0.0,0.0,0.0,0.0,0.0,-313.4869932358074,-718.3098636998523,100.0,532.3753275571969,91.33788493531824,0.0,26.475407043865925,1781.1757731650084,2803.149171734135,296.0784446919132,322.34291023240644,109.29386278599168,4.989801278820778,13.994286383132778,0.0,0.0,0.0,0.0,0.0,0.0,0.0,0.0
-1523.2945129852646,227.66268079490249,208.17925637240586,863.4093933354313,-836.0427989006917,-15.283522804007248,157.4446855096553,671.8687579306873,126.92790327073743,709.0440923921527,-94.41386381865186,-25.091172229991656,74.69456720713721,-1799.9898270085828,-2857.138302340218,100.0,73.98066660748668,-106.64792537117819,0.0,91.84628291231711,0.0,0.0,0.0,0.0,0.0,0.0,0.0,-174.9185385144738,-671.8687579306859,100.0,931.6783428897992,94.41386381862799,0.0,19.164985552647327,1800.4892972902912,2857.138302340218,298.1789293175281,-924.527760779855,106.64792537117819,3.409306231924063,15.831277181697036,0.0,0.0,0.0,0.0,0.0,0.0,0.0,0.0
-1472.846557349898,127.20954995651276,202.31407900223655,-161.27181991862926,-292.180645458391,-8.159399086931103,49.97800465984392,623.9087122693534,114.33671931610917,614.1646330052748,-97.41322996747044,-25.256593439353594,85.33066027563484,-1764.4643788083986,-2909.7827374575822,100.0,-373.0146346172967,-103.91544781423818,0.0,80.59723605555922,0.0,0.0,0.0,0.0,0.0,0.0,0.0,-72.43484130343147,-623.908712269352,100.0,403.4921127627031,97.41322996746703,0.0,21.623412445816395,1844.7036306065886,2909.782737457582,299.4854843823257,-183.17124132162462,103.915447814245,1.8151530781403835,8.863932190945263,0.0,0.0,0.0,0.0,0.0,0.0,0.0,0.0
-1373.3587019750744,17.50381846815704,200.0320592767223,1490.5683708096126,-1637.9074355044977,-0.9617590302798362,-6.782159048766518,574.4686442020663,101.68810067198355,-29.51088501286229,-100.3335495269539,-25.32083357863378,75.53682779943749,-1753.9102996359086,-2961.0397584221882,100.0,168.11665178291378,-101.0986474016886,0.0,76.3594881236466,0.0,0.0,0.0,0.0,0.0,0.0,0.0,-48.97944108637368,-574.4686442020666,100.0,-188.4806056323661,100.3335495269539,0.0,15.046022052606085,1784.964058271015,2961.0397584221882,299.99287566341275,-913.7587692236912,101.0986474016886,0.21372819425437228,18.906888361107747,0.0,0.0,0.0,0.0,0.0,0.0,0.0,0.05368359952302263
-1360.943789439187,-105.92264649830818,201.35375823660684,-798.5686141131123,-1884.4643735124664,6.244546493363714,37.73366317072483,523.5886721887059,100.0,-1201.8363890450785,-103.17245278508608,0.0,81.82207977074054,-1779.7722226357685,-3010.867772396089,100.0,680.4056202315815,-98.19980984420681,0.0,82.39761518595091,0.0,0.0,0.0,0.0,0.0,0.0,0.0,74.29339682651852,-523.5886721887061,110.96728071442584,-629.4744075819383,103.17245278508267,25.28363529380485,16.145830014455754,1750.9390056651312,3010.8677723960886,299.6990704878993,-237.5123202768134,98.19980984419999,-1.3885529114915585,22.425106911775163,0.0,0.0,0.0,0.0,0.0,0.0,0.0,0.06241855477982408
-1312.786965592398,-109.8052784962284,206.26726734934698,1498.0770539155742,388.55595058822746,13.39458853539469,-105.93055201087111,471.3100831084257,100.0,-1645.3414208605698,-105.927636095646,0.0,82.0798745617184,-1793.7033981502673,-3059.22634611822,100.0,0.41449189732020386,-95.22128742214136,0.0,80.75650376942284,0.0,0.0,0.0,0.0,0.0,0.0,0.0,64.71772300115492,-471.31008310842594,123.57872580351571,539.6791109503804,105.92763609562553,25.145147605845608,8.768091707499304,1831.8125440862698,3059.2263461182197,298.6052458760407,-95.59723998483832,95.22128742214136,-2.985271300723298,30.176999272738747,0.0,0.0,0.0,0.0,0.0,0.0,0.0,0.07257479035344933
-1208.3668699663388,-346.90056372985526,214.7283158052163,-749.5776202475986,-959.7815490047103,20.42394508222401,-281.4370575428946,417.67529875715763,100.0,997.0459917638544,-108.59686374743092,0.0,84.98497361241385,-1714.5037602733594,-3106.0762387142177,100.0,-778.9214739232375,-92.165497076453,0.0,75.20003100876016,0.0,0.0,0.0,0.0,0.0,0.0,0.0,198.0236209176523,-417.6752987571581,136.0957115699809,-1354.9263229827566,108.59686374743433,24.90592531371675,19.023079598295503,1732.7917591693931,3106.0762387142177,296.715783825947,815.6672928850298,92.16549707645981,-4.57003032000074,21.878769947607935,0.0,0.0,0.0,0.0,0.0,0.0,0.0,0.08438356532646984
-1139.7951348542065,-454.6564238522081,226.66066939813493,-23.92260012834754,-631.577748423048,27.26928149887044,-238.86312454263282,362.72784142417254,100.0,-124.70348097096405,-111.1779697786335,0.0,90.35655278938654,-1768.6246551850925,-3151.379433538682,100.0,1003.9464397014831,-89.0349184479237,0.0,67.42578785996838,0.0,0.0,0.0,0.0,0.0,0.0,0.0,247.61222972844445,-362.72784142417277,148.46809340436897,482.98468927405065,111.1779697786335,24.566926771851314,11.744557012425888,1737.1332958534013,3151.379433538681,294.03825375875067,-172.93144969703462,89.03491844793052,-6.136481226618571,27.851233919985603,0.0,0.0,0.0,0.0,0.0,0.0,0.0,0.0981137673636859
-1069.0393418373756,-536.2730915878421,241.95681739730304,32.312172552194625,185.90551893854155,33.86892117517931,-386.7209383593373,306.5122985756384,100.0,-337.6898158420613,-113.66885973423791,0.0,84.97279384401371,-1685.3563221214472,-3195.0991690240226,100.0,834.1134223463382,-85.83209186460635,0.0,63.84605261173757,0.0,0.0,0.0,0.0,0.0,0.0,0.0,311.06958413322997,-306.51229857563885,160.64630599865316,690.7173637608776,113.6688597342652,24.129510050769767,11.003268732155183,1806.498049825939,3195.0991690240226,290.5833821945599,-327.2742559832682,85.83209186459271,-7.678348622459055,24.928926226446897,0.0,0.0,0.0,0.0,0.0,0.0,0.0,0.1140780353265762
-1020.5589193550692,-698.7559638689047,260.47894122091265,-126.91911157275285,-970.5917312563349,40.1634012332633,-348.480920807265,249.07428667383738,100.0,-593.027323714389,-116.06751236557898,0.0,99.38726133947576,-1806.2787464436253,-3237.199968510875,100.0,-848.4369601829053,-82.55961628059822,0.0,68.65831103827433,0.0,0.0,0.0,0.0,0.0,0.0,0.0,337.986840014751,-249.0742866738376,172.58156191105138,473.60858593106485,116.06751236560967,23.59542749652661,14.47092755735719,1735.9924047324446,3237.199968510875,286.36500978067795,1176.3184254519467,82.55961628060504,-9.189455594014362,34.62639198078264,0.0,0.0,0.0,0.0,0.0,0.0,0.0,0.1326398781093821
-828.1987736253767,-748.8318522862187,282.0601561841677,-209.31909486610493,-2619.725521934405,46.09600828914722,-525.479612496418,190.46041416138996,100.0,-2168.3480198296497,-118.3719812706488,0.0,91.58625025539888,-1682.4634684715193,-3277.647669035858,100.0,2319.08588531859,-79.22014716722288,0.0,52.874013702414544,0.0,0.0,0.0,0.0,0.0,0.0,0.0,484.02248110866446,-190.4604141613902,184.22604701461637,887.3158759526464,118.37198127067609,22.96681871058979,10.942423378970203,1702.273368898814,3277.647669035858,281.4000358442404,-36.52579973818206,79.22014716722288,-10.663748457888858,37.04697690400024,0.0,0.0,0.0,0.0,0.0,0.0,0.0,0.1542219517938446
-831.4210975614463,-944.826855778348,306.5060151334372,-125.58181383617523,97.43010200475965,51.613289441426105,-559.6915046562615,130.71824364055124,100.0,432.815968747492,-120.58039647339456,0.0,86.78181877510343,-1728.8358993082898,-3316.4094490533266,100.0,1366.9650180385827,-75.81639435804618,0.0,56.30911507449376,0.0,0.0,0.0,0.0,0.0,0.0,0.0,557.7681308828797,-130.71824364055146,195.53311204660207,-152.02321080192633,120.58039647342525,22.246201978323654,8.32270679198404,1778.7644133761737,3316.4094490533266,275.7083506913983,65.685292038728,75.81639435803936,-12.095321012602653,41.27152239325384,0.0,0.0,0.0,0.0,0.0,0.0,0.0,0.17931568359471053
-720.3855639170217,-900.0921662516737,333.59626041877925,-595.2708759928129,-1175.7438869294901,56.66553388291646,-556.6401869647116,69.8962532782109,100.0,-277.49635836128505,-122.69096594114785,0.0,92.47623331900205,-1721.8889437404218,-3353.4538550686343,100.0,-80.13294921170768,-72.35111985009326,0.0,52.10032815702074,0.0,0.0,0.0,0.0,0.0,0.0,0.0,545.2545465250187,-69.89625327821136,206.45745949124455,479.4344514774747,122.69096594117855,21.436464180425787,3.821284692597149,1707.066969899033,3353.453855068634,269.31275592426607,-581.032573353641,72.35111985008643,-13.478438199570064,49.70415816587798,0.0,0.0,0.0,0.0,0.0,0.0,0.0,0.20849246173476124
-692.8408247515391,-1013.1793548004157,363.08680841951593,-448.3135004960161,265.6867685862835,61.2072207959298,-703.1812177055816,8.043797467988043,100.0,-567.9659878814556,-124.70197703875328,0.0,94.59053133990243,-1655.988210945885,-3388.750827161265,100.0,1053.766708212088,-68.82713556256931,0.0,49.94606986671742,0.0,0.0,0.0,0.0,0.0,0.0,0.0,635.4502910458666,-8.04379746798827,216.95532504726907,-244.65478949613498,124.701977038726,20.54084922771338,0.5253780642300452,1680.0551664139703,3388.750827161265,262.2388730948527,-590.2620942177953,68.82713556256249,-14.807559078456052,45.81304908974606,0.0,0.0,0.0,0.0,0.0,0.0,0.0,0.2424166460445802
-505.6194639047475,-1234.1626182500604,394.7119487422575,-1415.9776560143787,588.3019123212875,65.19742949583502,-726.9161822506948,-54.78893321871078,100.0,-253.2025905167444,-126.61179791848213,0.0,93.09101107001248,-1707.627705738108,-3422.271723377153,100.0,621.014886166198,-65.24730105506933,0.0,51.7822231572123,0.0,0.0,0.0,0.0,0.0,0.0,0.0,669.4255224993998,54.788933218710554,226.9846529531519,-674.2152916575179,126.61179791845143,19.562945065645465,4.429818150468068,1666.7892082291614,3422.2717233771527,254.51504106192263,289.18761197840354,65.24730105506933,-16.077359024918962,52.05139798674926,0.0,0.0,0.0,0.0,0.0,0.0,0.0,0.2818606955404635
-468.1442413655101,-1328.2881507205884,428.1867382765553,-197.02183999424562,-407.93987921151825,68.60020812699645,-723.942681016059,-118.55095276015254,100.0,-1838.702987861588,-128.4188788438928,0.0,84.14382710109088,-1692.781778245683,-3453.9893429703757,100.0,1214.13041025251,-61.61452120724789,0.0,42.14439427105087,0.0,0.0,0.0,0.0,0.0,0.0,0.0,734.3711886152646,118.55095276015231,236.50526446775729,214.4357864119968,128.4188788438621,18.50666930051389,1.5856775524175797,1634.0309051000067,3453.9893429703757,246.17220246198562,-195.1239232843693,61.61452120725471,-17.282751061651993,48.071618293062016,0.0,0.0,0.0,0.0,0.0,0.0,0.0,0.3277227574378037
-351.84241361155114,-1411.0734472906759,463.20956853769826,1245.7143012167264,-1978.6895510036595,71.38489758984434,-816.8040779824431,-183.1905210572105,100.0,1427.7581667294726,-130.12175344762454,0.0,91.64886215231502,-1621.291939456468,-3483.877948475376,100.0,309.18328284934887,-57.931743861586256,0.0,36.6408890796069,0.0,0.0,0.0,0.0,0.0,0.0,0.0,795.0965440869202,183.19052105721028,245.47901883139633,1399.189339032443,130.12175344762284,17.376253505061214,0.3609451986312271,1650.2172265081856,3483.877948475376,237.2437797492269,-257.756738609163,57.931743861586256,-18.41890623749748,56.470151936499256,0.0,0.0,0.0,0.0,0.0,0.0,0.0,0.38104711810454966
-219.802864554864,-1527.2493021099428,499.46488316484573,1205.2157473652148,-496.46456800356077,73.52640777974926,-883.2234309603667,-248.65518591820057,100.0,-1031.5764216455177,-131.71903992111538,0.0,84.63249069530212,-1623.9480485860317,-3511.913286591793,100.0,-399.4007057478075,-54.20195743133718,0.0,30.89884539371878,0.0,0.0,0.0,0.0,0.0,0.0,0.0,846.4310292032948,248.65518591820035,253.86996606247743,-410.1455018025098,131.71903992111197,16.17622626623671,3.7482269386250966,1522.370914517945,3511.913286591793,227.7655413009788,-426.42517043680186,54.20195743133718,-19.481272972814878,65.14038172922628,0.0,0.0,0.0,0.0,0.0,0.0,0.0,0.4430479816261725
-113.26392418208161,-1588.5734507498653,536.6260210897865,901.7006209323276,114.50997376786631,75.00544364956909,-1039.6596521126705,-314.891825621547,100.0,-610.4572205414519,-133.20944213605685,0.0,100.0,-1510.781212904553,-3538.0726078649573,100.0,320.2036656822452,-50.42818847558465,0.0,26.726965172159833,0.0,0.0,0.0,0.0,0.0,0.0,0.0,933.6207733557626,314.8918256215468,261.6444909776258,-8.7619716528161,133.20944213605685,14.911395043158961,0.17798960059681868,1586.993550725767,3538.0726078649573,217.77545812513023,-371.23350025343257,50.42818847558465,-20.46559529367954,63.49143565145485,0.0,0.0,0.0,0.0,0.0,0.0,0.0,0.5151371174238033
-100.71917582182525,-1697.2874478004924,574.3581597593229,1467.8339708235628,2127.0401239982903,75.80867905823766,-1027.7993993027806,-381.8466920217488,100.0,600.3741799838645,-134.5917506960251,0.0,81.3384216357807,-1468.4474000914845,-3562.3346851460833,100.0,-1018.9529059035362,-46.61349924332171,0.0,28.32294743285739,0.0,0.0,0.0,0.0,0.0,0.0,0.0,1034.4119315444068,381.8466920217486,268.77144785831024,-1584.0450702394253,134.5917506960251,13.586826907792329,16.13872366694982,1457.8167201169463,3562.3346851460833,207.31355174352217,-896.0492545635793,46.61349924332171,-21.367929881845242,76.62303063178312,0.0,0.0,0.0,0.0,0.0,0.0,0.0,0.598956006466161
40.38585450777008,-1780.0957570969904,612.3213318927806,302.8197625948456,-483.6759827900994,75.92887683958281,-1092.1735762679118,-449.4654541636387,100.0,-1290.8155177674034,-135.8648439178893,0.0,88.00836343387957,-1460.9047792331485,-3584.67983081717,100.0,-100.92517310847143,-42.76098518855861,0.0,28.49835734927564,0.0,0.0,0.0,0.0,0.0,0.0,0.0,1097.2538197992433,449.46545416363836,275.2222852244823,-719.6076623563988,135.86484391788758,12.207828245644237,9.903870046491589,1431.0284954052981,3584.67983081717,196.4217338607335,1635.2724916406623,42.76098518856543,-22.184661872171745,65.57588437491967,0.0,0.0,0.0,0.0,0.0,0.0,0.0,0.6964132180495735
41.2229743749361,-1947.9201013816603,650.1734885936246,417.0513308916053,-1686.8626926275022,75.36495400930562,-1115.310506057708,-517.6932423696107,100.0,-1522.0235923537427,-137.02768874192827,0.0,88.48625340745971,-1361.769564690699,-3605.089912766653,100.0,295.4250328526052,-38.87377245846665,0.0,25.66228148727203,0.0,0.0,0.0,0.0,0.0,0.0,0.0,1138.3675976674726,517.6932423696103,280.9711602153768,211.0796904737765,137.02768874199478,10.779923497710229,9.744083707892784,1416.5774519540355,3605.0899127666526,185.14363846054715,502.5975429948346,38.87377245846665,-22.912519334223447,76.27223751073193,0.0,0.0,0.0,0.0,0.0,0.0,0.0,0.8097278682212584
249.90237235859826,-1995.1383538062926,687.5735812164589,-814.3920411925764,-1976.903678740406,74.12199152278049,-1237.1780692011096,-586.4746927639542,100.0,-1098.413050735993,-138.07934157040108,0.0,88.8839805522675,-1400.0453233617732,-3623.5483691028153,100.0,-619.7237242337792,-34.95501535678159,0.0,17.97426117616114,0.0,0.0,0.0,0.0,0.0,0.0,0.0,1209.3545575284238,586.474692763954,285.9950421192404,793.4548840953619,138.07934157046589,9.308833028886738,10.315627623639008,1332.2455711534021,3623.5483691028153,173.52444700276195,188.67280384879905,34.95501535678159,-23.548586380034067,79.60508577913632,0.0,0.0,0.0,0.0,0.0,0.0,0.0,0.941480149401
422.8662725001668,-2011.7523332502028,724.184634221752,-814.1410512287882,251.22418696512796,72.21118849541995,-1295.2526419306562,-655.7539921982302,100.0,380.778903066182,-139.01894903281345,0.0,86.80177502651178,-1252.799377892141,-3640.040221593045,100.0,550.4198619738861,-31.00789378401487,0.0,15.877307906373066,0.0,0.0,0.0,0.0,0.0,0.0,0.0,1319.5553383925353,655.7539921982299,290.2738046372416,-369.72018864633924,139.01894903287996,7.80045021145952,15.113222883578779,1335.551165028818,3640.040221593045,161.61070742061628,1414.6404688230882,31.00789378401487,-24.09031484551747,88.2809427393013,0.0,0.0,0.0,0.0,0.0,0.0,0.0,0.0
455.5915189833855,-2144.4159996091007,759.6767813318002,1180.6698783557813,-75.37601794791954,69.64976129855756,-1296.916819443865,-725.4749235412073,100.0,-102.41943486872856,-139.8457486787413,0.0,83.62487738633705,-1227.4569664550354,-3654.552087818015,100.0,-1181.1970287608392,-27.035610657262623,0.0,16.961512822233782,0.0,0.0,0.0,0.0,0.0,0.0,0.0,1301.061786417061,725.4749235412071,293.7903065119397,1156.7805032863191,139.8457486787396,6.26081781552557,25.235727521736052,1226.728197376136,3654.552087818015,149.45014764394972,-948.6243312057104,27.035610657262623,-24.53553449875244,85.60345652463124,0.0,0.0,0.0,0.0,0.0,0.0,0.0,0.0
463.3214311276827,-2191.7160097963188,793.730237632107,24.835310866737927,-957.8206321698008,66.46078843944281,-1349.8028366699136,-795.5809112966137,100.0,832.110964303123,-140.55906959618198,0.0,80.42131272088592,-1238.5776953473533,-3667.0721920309347,100.0,-643.4745829171425,-23.04138931106536,0.0,20.909098173311065,0.0,0.0,0.0,0.0,0.0,0.0,0.0,1371.5806849414405,795.5809112966134,296.5304601973045,-815.2495823411925,140.55906959618198,4.696103800891365,25.240500105534707,1169.5842054355353,3667.0721920309347,137.0914843951506,-113.62693967890095,23.041389311058538,-24.882461734119943,83.5750803831705,0.0,0.0,0.0,0.0,0.0,0.0,0.0,0.0
559.9208044308651,-2322.6183090795307,826.0381808394919,1067.1843873353332,-864.8335319413491,62.67300262368735,-1369.6537767915797,-866.0150675116854,100.0,-333.01616452054986,-141.158332956378,0.0,79.90900935832302,-1190.8950028005092,-3677.5903747130546,100.0,451.8156314874773,-19.028470881937665,0.0,17.17632576154378,0.0,0.0,0.0,0.0,0.0,0.0,0.0,1362.8182018732898,866.0150675116851,298.4832882951862,-616.6479394359783,141.158332956378,3.1125766074757166,22.964702703456695,1144.5332814812866,3677.5903747130546,124.58422802387713,186.0935445266034,19.028470881930843,-25.12970671777282,85.93517404790033,0.0,0.0,0.0,0.0,0.0,0.0,0.0,0.0
713.2551485240889,-2439.6334431405767,856.3095157766468,-115.89020050728095,1646.237780886181,58.32053187289205,-1496.0894945498167,-936.7202379392643,100.0,525.8634964975499,-141.64305248323558,0.0,72.08858416265335,-1141.466054761832,-3686.098100817673,100.0,-512.5378231765262,-15.000111678245958,0.0,10.68351842560563,0.0,0.0,0.0,0.0,0.0,0.0,0.0,1421.7904899215341,936.720237939264,299.64096753214494,-261.2963312775139,141.64305248323558,1.5165800431367416,28.470849448265522,1079.8137532240198,3686.098100817673,111.97848416240862,-89.89555934013424,15.000111678245958,-25.276278955404763,90.80767194961258,0.0,0.0,0.0,0.0,0.0,0.0,0.0,0.0
718.4455044185098,-2464.5755377608552,884.2714971451621,-304.17337797483924,-680.5786686375222,53.44259203057106,-1456.8339786427484,-1007.639048415961,100.0,800.7611377506316,-142.01283484799148,0.0,65.47765470742169,-996.7552907071647,-3692.5884666959532,100.67524700378102,-43.5923419720325,-10.959580537862621,22.789410486068604,3.6182634810651324,0.0,0.0,0.0,0.0,0.0,0.0,0.0,1496.3289235691595,1007.6390484159607,299.9988601004613,-1574.5504069361232,142.01283484799148,-0.08549213040964787,37.34023559603199,1036.386308579572,3692.5884666959532,100.0,71.61588074510178,10.959580537862621,-2.5321807742336233,93.6354870661375,0.0,0.0,0.0,0.0,0.0,0.0,0.0,0.0
914.080439022794,-2560.533643035654,909.6721869658206,-585.3056606724067,-163.404572703314,48.083133426647464,-1491.3095599335345,-1078.713951418813,100.0,1378.6157421636835,-142.26737998837393,0.0,63.25503169994551,-978.9098866532061,-3697.056205698935,113.32627304607506,1523.2200801193112,-6.91015617566336,25.265462105716807,3.6668113598447754,0.0,0.0,0.0,0.0,0.0,0.0,0.0,1484.3047018200784,1078.7139514188125,299.5555322377745,-752.9413853016376,142.26737998837734,-1.687221811796178,30.430687298376384,970.1441797350117,3697.0562056989347,100.0,346.6964415261509,6.910156175656539,0.0,91.10583727596358,0.0,0.0,0.0,0.0,0.0,0.0,0.0,0.0
886.8076410822177,-2704.6920812188737,932.2827245445297,-723.7731553668544,1073.1813402481407,42.2904448841598,-1483.3432429016314,-1149.8872727625728,100.0,-255.54551620058646,-142.40648135206698,0.0,65.5656495570356,-896.8002498537617,-3699.4976924511907,125.92391237292343,138.6225753423662,-2.8551245229755295,25.10811635206977,0.0,0.0,0.0,0.0,0.0,0.0,0.0,0.0,1515.2305495531405,1149.8872727625726,298.31275997091313,1628.2610927540793,142.40648135203628,-3.282192271720703,39.794858012964035,982.1731348126104,3699.4976924511907,100.0,-872.4962779938585,2.8551245229755295,0.0,83.35008495319254,0.0,0.0,0.0,0.0,0.0,0.0,0.0,0.0
1055.2104869210266,-2684.906092101755,951.8993885114917,1388.7150669555285,1443.7007180251248,36.116718636098994,-1567.1367290363744,-1221.101258399801,100.0,-324.75149121414233,-142.43002606445089,0.0,57.837126526947245,-903.1704215065956,-3699.9109457926584,138.41769726663006,-137.41385654392843,1.2022239387920308,24.850184346105095,0.8867391410588015,0.0,0.0,0.0,0.0,0.0,0.0,0.0,1582.121938312763,1221.1012583998006,296.27552200090975,-697.3166545902302,142.43002606441678,-4.864013859171621,42.72973540186983,941.9029861417421,3699.9109457926584,100.0,-2007.4458550446575,-1.2022239387920308,0.0,92.55599784049227,0.0,0.0,0.0,0.0,0.0,0.0,0.0,0.0
1093.7837146985705,-2766.2603154374992,968.3454323545857,-189.4043747967885,-225.6303360322363,29.61758007231367,-1550.5865514698314,-1292.2981212857558,100.0,-908.3961183753024,-142.33799501997396,0.0,51.859309211181554,-841.0108492161842,-3698.295630386268,150.7575760633387,81.55722741744512,5.258596848236721,24.492699395676993,12.010175460562069,0.0,0.0,0.0,0.0,0.0,0.0,0.0,1611.385421208027,1292.2981212857555,293.45197975770225,-436.94158031161237,142.33799501994326,-6.42634959915938,45.186319542528764,798.3980007866833,3698.295630386268,100.0,383.326421748132,-5.258596848236721,0.0,96.33746259990771,0.0,0.0,0.0,0.0,0.0,0.0,0.0,0.0
1105.3845937943652,-2866.712059153111,981.4726769087742,566.6676895234662,-1786.8901157649589,22.851586553788934,-1679.115856378286,-1363.420088270062,100.0,942.7612453961785,-142.13046289789418,0.0,45.39617482543752,-751.8756768542963,-3694.6530569900506,162.89411366625393,184.4134456896785,9.31070263560514,24.03709363019871,2.8855080980153978,0.0,0.0,0.0,0.0,0.0,0.0,0.0,1610.6528224379012,1363.4200882700616,289.85344470442556,900.4578343288563,142.13046289792487,-7.962940579440669,52.86406915785102,679.5499426773441,3694.6530569900506,100.0,394.7791324038957,-9.31070263560514,0.0,97.27538575844343,0.0,0.0,0.0,0.0,0.0,0.0,0.0,0.0
1275.717886603217,-2963.828859883319,991.1628454531727,2268.5350038304923,162.3589192295276,15.879699809646581,-1666.485397551637,-1434.4094469771032,100.0,-24.679865765577915,-141.8075981013351,0.0,43.91089255580384,-679.0269467234953,-3688.9861813935186,174.77868958881794,806.6795779381374,13.355253193685712,23.48519226327099,10.861329744593132,0.0,0.0,0.0,0.0,0.0,0.0,0.0,1680.2074984073836,1434.409446977103,285.4943330222766,517.3285233267416,141.8075981013726,-9.467631024486707,54.08226977611648,696.9887052647747,3688.9861813935186,100.0,-376.448428719757,-13.355253193678891,0.0,97.81543257873692,0.0,0.0,0.0,0.0,0.0,0.0,0.0,0.0
1342.3116282475348,-3082.6129278045723,997.3286293865342,-1104.2162887918835,97.48486476699327,8.764736670885327,-1682.2967241753267,-1505.2085926370996,100.0,-1368.32824819238,-141.36966262108672,0.0,42.32327830459072,-693.7808944267808,-3681.299602019168,186.3636927344566,17.12301613763259,17.388966546013762,22.839206280771407,7.098711097788358,0.0,0.0,0.0,0.0,0.0,0.0,0.0,1633.15140134262,1505.2085926370992,280.3921078574903,-571.8047184692728,141.36966262112082,-10.93439295630958,56.564311835598815,720.0636240906053,3681.299602019168,100.0,-335.2235993460698,-17.388966546013762,0.0,97.5656793098244,0.0,0.0,0.0,0.0,0.0,0.0,0.0,0.0
1427.4324481461845,-3051.512782389421,999.9144748793927,1494.0372363399877,-757.0661819517977,1.5708030895041247,-1757.964516302298,-1575.76007482987,100.0,925.9237492089528,-140.81701182271559,0.0,36.631288242959386,-495.6245844068117,-3671.5995561910613,197.60271213258306,1421.7705661838556,21.408569510083453,22.10172358328606,8.642191139562629,0.0,0.0,0.0,0.0,0.0,0.0,0.0,1651.5230606639757,1575.7600748298698,274.56720936179295,-0.4234794648607476,140.81701182271559,-12.357350343280018,56.50970211448364,531.6496254695002,3671.5995561910613,100.0,-347.8678620816271,-21.408569510083453,0.0,97.48761014329784,0.0,0.0,0.0,0.0,0.0,0.0,0.0,0.0
1387.2042212975518,-3076.7850162544296,998.8970834151137,1139.4728323274046,1956.4828431319893,-5.637283457326703,-1749.0045342297599,-1646.0066441033277,100.0,-236.88352549185197,-140.15009415819463,0.0,31.948632132255177,-488.2687317839963,-3659.8939150735114,208.45072286674684,627.5649825361006,25.410800353315608,21.275698618678263,8.526731147449158,0.0,0.0,0.0,0.0,0.0,0.0,0.0,1764.0308888850434,1646.0066441033275,268.0429728066009,-37.585888701754584,140.15009415819463,-13.73080264025873,60.71031528659982,562.426066114792,3659.8939150735114,100.0,-159.11483717162554,-25.410800353315608,0.0,99.4323780984993,0.0,0.0,0.0,0.0,0.0,0.0,0.0,0.0
1451.5215836678774,-3173.7687896927655,994.2856217099686,226.77182888680363,-1.5425104623727748,-12.794577973942296,-1843.6239752519032,-1715.89129842894,100.0,1053.8374692654145,-139.369450802169,0.0,31.373393144695306,-494.69351925752113,-3646.192177283973,218.86426645007657,-347.48033748295086,29.39241143984418,20.36444054619821,5.88523340235036,0.0,0.0,0.0,0.0,0.0,0.0,0.0,1723.4003164483202,1715.8912984289395,260.8455350990046,-166.04564105195664,139.369450802169,-15.049247625674127,68.8365872721901,486.2343851783357,3646.192177283973,100.0,-196.7534314498107,-29.392411439851003,0.0,89.87302671707945,0.0,0.0,0.0,0.0,0.0,0.0,0.0,0.0
1638.0430053313053,-3165.4034304150277,986.1216391208477,566.1630819458401,1071.5009087565159,-19.83659310181963,-1714.7300598211634,-1785.3573294563716,100.0,-827.305018746622,-138.47571521261898,0.0,21.18719864247143,-410.571515455899,-3630.5054611853284,228.80162492541038,-209.33070564820497,33.350171865849916,19.37159997956485,5.7554907885126525,0.0,0.0,0.0,0.0,0.0,0.0,0.0,1780.8450065791812,1785.3573294563712,253.00373007405355,-512.5691618610688,138.4757152126224,-16.30740344412132,67.87453954083988,404.236696434008,3630.5054611853284,100.0,-141.17783765078542,-33.350171865849916,0.0,85.6501284757228,0.0,0.0,0.0,0.0,0.0,0.0,0.0,0.0
1639.00191416293,-3329.786940218553,974.4786932847719,1175.664982349847,1530.6639062457816,-26.69988015193553,-1758.0277845544483,-1854.3483685298443,100.0,396.02301030275385,-137.46961261715114,0.0,20.489411458883914,-310.80769237799024,-3612.8464958638233,238.22298799264632,574.828480287101,37.28087008131297,18.30115436221476,7.336611572605784,0.0,0.0,0.0,0.0,0.0,0.0,0.0,1813.7026458347232,1854.348368529844,244.54897298280844,390.6119446773721,137.46961261714773,-17.500229766149005,76.57335055372707,325.30882258999685,3612.8464958638233,100.0,-1361.029116328608,-37.28087008131979,0.0,88.50176914863727,0.0,0.0,0.0,0.0,0.0,0.0,0.0,0.0
1721.6955633138436,-3207.524491262664,959.4616873631965,-676.323646529014,-1512.9672157693585,-33.32260077859132,-1767.0079368429326,-1922.808432428843,100.0,-1428.0076619569695,-136.35195942407904,0.0,28.245035339751915,-221.6539486962861,-3593.2296107999664,247.0906124937805,-774.3021902100703,41.181316495988085,17.15739203306626,9.680492652447185,0.0,0.0,0.0,0.0,0.0,0.0,0.0,1756.3536600002624,1922.808432428843,235.51513463891933,-107.589409418066,136.35195942407904,-18.622947980423987,75.70905809194524,202.4169652449186,3593.2296107999664,100.0,-411.2353387389784,-41.181316495988085,0.0,86.92296709822647,0.0,0.0,0.0,0.0,0.0,0.0,0.0,0.0
1664.7477332048702,-3347.4296792013574,941.2059248625483,600.863690966554,255.20964599927083,-39.645084144086695,-1764.776807520185,-1990.6819687960585,100.0,158.06918439448168,-135.12366256026098,0.0,30.351229500851858,-216.30560628816318,-3571.6707242407806,255.36897361671552,-1290.8460460770104,45.048346067637794,15.944895046966678,12.59579967046152,0.0,0.0,0.0,0.0,0.0,0.0,0.0,1810.3747118119256,1990.6819687960583,225.93840572791248,-29.04166993817057,135.12366256026098,-19.671060337438604,83.65297906924908,173.6035699591701,3571.6707242407806,100.0,-520.12553418317,-45.048346067637794,0.0,84.01453720415917,0.0,0.0,0.0,0.0,0.0,0.0,0.0,0.0
1788.0918251223554,-3280.4789578729406,919.8758905470834,256.8537535877067,348.99468950048913,-45.61036455412534,-1794.6323483321119,-2057.913901215704,100.0,-98.56836193866002,-133.7857187350437,0.0,14.85969443047931,-100.4174524988741,-3548.1873302828403,263.0249072120978,-250.5124257646598,48.8788208703545,14.668520818389652,15.274062508197769,0.0,0.0,0.0,0.0,0.0,0.0,0.0,1781.9739838009816,2057.9139012157034,215.85715182278068,-635.5105147462348,133.7857187350437,-20.640367968096598,85.69387623411866,91.2350418576258,3548.1873302828403,100.0,-228.6035414792894,-48.8788208703545,0.0,76.46514544772752,0.0,0.0,0.0,0.0,0.0,0.0,0.0,0.0
1797.2188747998189,-3402.6127864058544,895.663768428059,-1523.8619093239527,-487.3850906268217,-51.16469471976416,-1880.5434770205738,-2124.449673905628,100.0,-1377.4310552686609,-132.33921363152604,0.0,18.10461796172071,-22.252540486862742,-3522.7984846765717,270.02774265304566,-422.4340952450519,52.669632640829604,13.333382662027589,13.570253628045098,0.0,0.0,0.0,0.0,0.0,0.0,0.0,1764.6208074718165,2124.4496739056276,205.31175968670232,-264.4736383035888,132.3392136315124,-21.52698770487774,92.48440100253292,0.6521571458756483,3522.798484676572,100.0,255.29470781330116,-52.669632640829604,0.0,74.21593044502418,0.0,0.0,0.0,0.0,0.0,0.0,0.0,0.0
1763.9751498448418,-3377.1506829700934,868.7877101821728,524.5886931388839,-1537.3562906241318,-56.25803002151429,-1743.4957159398527,-2190.2352959869395,100.0,-289.9676006240918,-130.78532102550753,0.0,6.622564157817313,95.07340221853755,-3495.5247893633514,276.34942570551146,813.7400680050214,56.417705300564194,11.944829308208682,19.492172199748985,0.0,0.0,0.0,0.0,0.0,0.0,0.0,1766.148899442785,2190.2352959869395,194.34447547862226,-402.38106116011295,130.78532102551435,-22.327367638299762,86.53371320223405,-11.607602227029844,3495.5247893633514,100.0,-475.45731469214076,-56.417705300564194,0.0,80.21081746785256,0.0,0.0,0.0,0.0,0.0,0.0,0.0,0.0
2002.7667770633645,-3299.5663701597537,839.489869600839,113.16089945342583,-501.8882895505908,-60.84447941229428,-1768.0884032492004,-2255.2173852952756,100.0,-1182.0465374116247,-129.1253018331281,0.0,12.803208839808933,167.22480353364992,-3466.388375757915,281.9646309170538,746.5943459352119,60.11999745201592,10.508423475221491,24.127648824625002,0.0,0.0,0.0,0.0,0.0,0.0,0.0,1744.7049714118261,2255.2173852952756,182.99923550985542,262.5584459418019,129.12530183314175,-23.038301346311698,88.96235566714878,-173.82758636618502,3466.3883757579156,100.0,869.4396205108206,-60.11999745201592,0.0,71.95597620832035,0.0,0.0,0.0,0.0,0.0,0.0,0.0,0.0
1933.532470426942,-3439.275035964418,808.0342207799662,765.8083936661092,-695.7870384466742,-64.88271889660268,-1810.9555441404307,-2319.343211698083,100.0,1293.0406384125138,-127.36050308753647,0.0,9.99867615500793,213.3224672581161,-3435.412886789691,286.8508630737624,-221.09332262643534,63.773504846444666,9.02991958436644,22.705824589307213,0.0,0.0,0.0,0.0,0.0,0.0,0.0,1759.1142917006778,2319.343211698083,171.32149022973465,921.7754142533397,127.3605030875433,-23.65694073961123,95.48322670484926,-193.44102544426184,3435.412886789691,100.0,205.56799864590616,-63.77350484645149,0.0,74.47431394136838,0.0,0.0,0.0,0.0,0.0,0.0,0.0,0.0
1881.2664220554846,-3476.730685397781,774.7041797083758,-1262.6959982182973,460.0720494112579,-68.33636386063404,-1827.530904840904,-2382.560739882828,100.0,-1162.7616674514331,-125.49235684607083,0.0,9.644137062391994,207.4954007347382,-3402.623457717587,290.9885473188976,614.0302753167621,67.37526282195631,7.515240707026862,33.56816998038353,0.0,0.0,0.0,0.0,0.0,0.0,0.0,1802.7800072341538,2382.5607398828274,159.35802214542917,290.11726220746937,125.49235684607083,-24.180807471486077,100.0,-213.26021949034202,3402.6234577175874,100.0,-660.7443267684682,-67.37526282196313,0.0,56.96512966416656,0.0,0.0,0.0,0.0,0.0,0.0,0.0,0.0
1934.7983364943611,-3508.7880009991145,739.8000506844016,-669.210336710587,604.6063517704829,-71.17429689812298,-1792.5625933940223,-2444.8186715813827,100.0,-645.627947113145,-123.52237902791785,0.0,0.0,375.41096262356893,-3368.0466957338263,294.36110757221275,-851.3712667220195,70.92234870894117,5.970454836100032,32.019545987521916,0.0,0.0,0.0,0.0,0.0,0.0,0.0,1815.4162186760088,2444.8186715813827,147.15675840537358,211.89246306078644,123.52237902791785,-24.607802866320867,89.09052484699573,-304.4219964962276,3368.0466957338267,100.0,-88.37788238721998,-70.92234870894117,0.0,71.31404117380255,0.0,0.0,0.0,0.0,0.0,0.0,0.0,0.0
1926.2137315688617,-3456.646996727979,703.6363205685,963.0355693976287,11.666251321482832,-73.3709481789532,-1735.9265534001997,-2506.0664871963345,100.0,-537.7620971807175,-121.45216818424842,0.0,7.914007667482663,418.2932040980415,-3331.7106583733703,296.95503293580384,38.92259504949095,74.41188420187018,4.401750576868153,40.26468676027144,0.0,0.0,0.0,0.0,0.0,0.0,0.0,1789.8011176720788,2506.066487196334,134.76657879712116,556.0106113074585,121.45216818424842,-24.93621632720604,91.73997344116275,-357.69032735723954,3331.7106583733707,100.0,661.9541577938865,-74.41188420187018,0.0,66.08707127445642,0.0,0.0,0.0,0.0,0.0,0.0,0.0,0.0
1925.174679887648,-3518.482120739544,666.5388252507091,-191.8914182981257,-633.8577888437612,-74.90652583359008,-1733.5058415410533,-2566.2544867954352,100.0,45.92346206049456,-119.28340420079621,0.0,9.535467734063785,406.59156218026607,-3293.644830746453,298.7599318204551,493.0555187799709,77.84103769476133,2.815412354654825,53.5590006376774,0.0,0.0,0.0,0.0,0.0,0.0,0.0,1797.029718585177,2566.254486795435,122.23711992880519,1595.4281554546446,119.28340420079621,-25.164732188748005,92.62848809523383,-403.08258331095345,3293.644830746453,100.0,-399.58510526058035,-77.8410376947545,0.0,55.33423482723656,0.0,0.0,0.0,0.0,0.0,0.0,0.0,0.0
2013.134516648221,-3448.830512737608,628.8418138631382,-1811.7248339072967,-780.171757221035,-75.76719427846456,-1748.305646420485,-2625.333830440931,100.0,-254.6226029752563,-117.01784693504806,0.0,4.129774260285261,558.1168818477299,-3253.880101612697,299.76857357564387,390.50826832252113,81.20702657907486,1.2177952386562652,49.07875853361617,0.0,0.0,0.0,0.0,0.0,0.0,0.0,1705.157234720982,2625.333830440931,109.61857637868317,114.789615575678,117.01784693504806,-25.29243498785476,100.0,-488.24161387906656,3253.880101612697,100.0,201.92369172751285,-81.20702657907486,0.0,50.90655293376868,0.0,0.0,0.0,0.0,0.0,0.0,0.0,0.0
2016.0294337226417,-3499.5716140831264,590.8849371889846,670.1700547725841,1176.9162671545018,-75.94519887465992,-1706.6280216594819,-2683.256577821046,103.0385003906184,726.8833520096189,-114.65733478795755,25.318813131151288,4.440402440744679,623.2397202378079,-3212.448738316233,299.976917456431,-784.5098617405324,84.50711950156119,-0.3847005172778495,47.12443571182948,0.0,0.0,0.0,0.0,0.0,0.0,0.0,1706.1515785597298,2683.256577821046,100.0,188.45722771024384,114.65733478795755,0.0,96.6436096040157,-605.4416572385588,3212.448738316233,100.0,1427.1284183150635,-84.50711950156119,0.0,52.57352419058131,0.0,0.0,0.0,0.0,0.0,0.0,0.0,0.0
1916.7971482495082,-3413.082208638099,553.0101874025806,329.79429702778134,628.4368644335177,-75.43893579741336,-1657.5196385737613,-2739.97572715144,115.68340454757859,363.30264886330383,-112.20378321220778,25.243760944498703,1.8962916765682278,594.8867026586112,-3169.3843606021637,299.3841288111895,-693.6807676802641,87.73863858070399,-1.985655114855831,54.08450067932709,0.0,0.0,0.0,0.0,0.0,0.0,0.0,1660.0422619641415,2739.97572715144,100.0,-441.9406667825274,112.2037832122146,0.0,93.89875448990487,-611.9196592335761,3169.384360602164,100.0,80.11541238370853,-87.73863858070399,0.0,42.35509784902308,0.0,0.0,0.0,0.0,0.0,0.0,0.0,0.0
1940.7610701815202,-3447.1957946132666,515.5588167134474,-138.89899352616226,2683.694961970955,-74.25296648659071,-1682.8649140633484,-2795.44525331513,128.26547902568512,-397.3834792036416,-109.65918315796443,25.06757909633734,3.65965747204756,724.7890333365522,-3124.721913335592,297.9925824253237,-393.78521836112554,90.89896157964404,-3.5786549298620685,60.429204250333235,0.0,0.0,0.0,0.0,0.0,0.0,0.0,1616.8996680643224,2795.44525331513,100.0,534.3467717062504,109.65918315796443,0.0,93.19314156155669,-728.4556175545539,3124.721913335592,100.0,-61.420844629262774,-90.89896157963722,0.0,50.763136312306976,0.0,0.0,0.0,0.0,0.0,0.0,0.0,0.0
1930.7424123528,-3482.58487252907,478.86826267746056,-208.73365345618936,-1256.798910874229,-72.39797654801976,-1587.5626997168947,-2849.6201452098503,140.73431846197144,253.37881260237054,-107.02559945716985,24.79097339316141,2.251222647393541,810.5491928775855,-3078.4976381453966,295.8078530075817,-826.3920444959297,93.98552403398753,-5.157318205925208,72.42623855490643,0.0,0.0,0.0,0.0,0.0,0.0,0.0,1633.1190864959342,2849.62014520985,100.0,-91.27861267832259,107.02559945716985,0.0,93.60252743708618,-817.6501601562766,3078.4976381453966,100.0,-510.8789758601097,-93.98552403399435,0.0,35.52307136724013,0.0,0.0,0.0,0.0,0.0,0.0,0.0,0.0
1968.0123689843422,-3525.456817856699,443.2691078781091,1084.1715664461526,-1222.622429948965,-69.89067947605434,-1538.0796774670623,-2902.4564422726057,153.03997112720157,691.716959122042,-104.30516914829468,24.415051952010742,1.583602989137325,864.6771845620788,-3030.749044015728,292.8386928570759,456.19237053863685,96.99582133295735,-6.715320620658076,67.65114118528241,0.0,0.0,0.0,0.0,0.0,0.0,0.0,1614.1604925842812,2902.4564422726053,100.0,-1043.254748380823,104.30516914828786,0.0,89.58999409490914,-852.3473030127727,3030.7490440157285,100.0,-1671.469899938785,-96.99582133296417,0.0,33.70402033419257,0.0,0.0,0.0,0.0,0.0,0.0,0.0,0.0
1967.6394310896562,-3454.8705586164,409.0821013711869,-399.7777248322848,-44.16540462343619,-66.7536660645547,-1543.5110423134593,-2953.91127015175,165.13313903874064,1567.4155127485778,-101.50009974187469,23.941320761153833,3.4301609767547525,971.0315119974955,-2981.5148768491026,289.09699680047834,655.4461546447516,99.92741075149297,-8.24642062164827,56.55297207680739,0.0,0.0,0.0,0.0,0.0,0.0,0.0,1537.37477134479,2953.91127015175,100.0,780.5286505871004,101.50009974187469,0.0,100.0,-876.3937753013496,2981.5148768491035,100.0,-799.4922808185504,-99.92741075149297,0.0,32.861051224790955,0.0,0.0,0.0,0.0,0.0,0.0,0.0,0.0
1859.3574953071159,-3439.8631739211696,376.6152687297539,742.2823815608638,-440.9863991807947,-63.015200863527525,-1534.6638888551697,-3003.9428754976543,176.96537545443522,-921.9926261596845,-98.61266742950647,23.37167764696204,17.495553217316782,999.3167197122291,-2930.835088025793,284.59775453985856,113.97572536404141,102.77791343263743,-9.744484430926832,65.26462294839813,0.0,0.0,0.0,0.0,0.0,0.0,0.0,1506.8844809856384,3003.942875497654,100.0,-952.143754901407,98.61266742950647,0.0,86.67912960270228,-912.0037020784997,2930.835088025793,100.0,127.65063770345364,-102.77791343263061,0.0,27.565556794137585,0.0,0.0,0.0,0.0,0.0,0.0,0.0,0.0
1871.9224230571251,-3452.4062896941155,346.1611367279161,-384.7067509332487,949.8244087114927,-58.708967514834285,-1565.1919083972205,-3052.510659843728,188.48927895631746,-24.226397495783658,-95.64521523652729,22.70840467092853,7.608149188301214,1042.1528784944048,-2878.750801985022,279.3589906020635,152.04005289831116,105.54501631761923,-11.20351061763131,83.32437596267181,0.0,0.0,0.0,0.0,0.0,0.0,0.0,1484.6991991056402,3052.510659843728,100.0,266.2660565868407,95.64521523652729,0.0,86.68291774605896,-984.6636374564592,2878.7508019850225,100.0,745.6066539787207,-105.54501631761923,0.0,30.50842456558437,0.0,0.0,0.0,0.0,0.0,0.0,0.0,0.0
1818.2081962880525,-3380.5321283972876,317.99409766907695,884.6451294850385,-1133.7671776272146,-53.87376526215377,-1440.2033356953273,-3099.5752125503077,199.65868334661013,-857.9873640090489,-92.60015112108704,21.954158987507952,14.700444435486196,1032.3128548432596,-2825.3042828542766,273.40169213021005,395.9240881548101,108.22647402313805,-12.617654140498757,80.45871878704365,0.0,0.0,0.0,0.0,0.0,0.0,0.0,1444.6888174279604,3099.575212550307,100.0,83.66204541545699,92.60015112108022,0.0,86.04291200141598,-1074.8136954024035,2825.3042828542766,100.0,182.8730838747839,-108.22647402314487,0.0,29.68997578891834,0.0,0.0,0.0,0.0,0.0,0.0,0.0,0.0
1797.9251204637142,-3400.3526587533565,292.3679371061096,479.56448822734274,-657.5691885695392,-48.553159368930494,-1417.0615926727162,-3145.0983427846727,210.42884259528574,-84.61738702498565,-89.47994601993969,21.111962199178294,15.733355001553633,1187.432033811574,-2770.538900153804,266.7497248065661,1197.6376190044164,110.82011066316682,-13.981249763824621,80.07201620488918,0.0,0.0,0.0,0.0,0.0,0.0,0.0,1396.9569145313421,3145.0983427846722,100.0,1009.7909047513872,89.47994601993969,0.0,82.83100884262699,-1177.3801988657835,2770.538900153804,100.0,-921.8475635975915,-110.82011066316682,0.0,20.46170392485614,0.0,0.0,0.0,0.0,0.0,0.0,0.0,0.0
1745.5677483642642,-3338.2064225863082,269.51354722874885,1285.296841576452,-104.04561223378096,-42.79508859455518,-1357.3518547724739,-3189.0431105112325,220.75661009825313,-414.4557430455211,-86.28713184353273,20.185188251538193,18.07170160470583,1099.028832939229,-2714.499093604153,259.42973724364725,1034.3967891884586,113.32382161464238,-15.288834753110336,89.82263912126672,0.0,0.0,0.0,0.0,0.0,0.0,0.0,1417.3000909684106,3189.043110511232,100.0,862.9714589374191,86.28713184352591,0.0,87.75262607839903,-1210.5097232968699,2714.4990936041536,100.0,38.60611530372012,-113.32382161464238,0.0,21.88007867777565,0.0,0.0,0.0,0.0,0.0,0.0,0.0,0.0
1576.1921757158304,-3259.5219747133824,249.63684652059794,805.2342789088243,272.101299990984,-36.65143326524742,-1366.5865698494997,-3231.3738564667697,230.60061152804988,915.3052523567078,-83.02429942133585,19.177549916858823,22.804014339542555,1196.860970377726,-2657.2303370652576,251.4710542265397,-2054.6451322704934,115.73557522527153,-16.53517075945416,75.15664548663973,0.0,0.0,0.0,0.0,0.0,0.0,0.0,1371.4222539667448,3231.373856466769,100.0,927.3461729313044,83.02429942133585,0.0,74.47014695913671,-1164.112670936295,2657.230337065258,100.0,-369.35865007844427,-115.73557522527153,0.0,21.030721766803143,0.0,0.0,0.0,0.0,0.0,0.0,0.0,0.0
1659.248804305916,-3154.0583750057085,232.9169244297173,537.739640408987,-249.82689951889824,-30.17754783132176,-1179.9630226784293,-3272.0562310963683,239.92141058456704,911.1196567443267,-79.69409639961214,18.093083920242634,24.210233802857882,1282.1521437271067,-2598.7791016363926,242.90555923414925,-1224.1023660756991,118.0534144621015,-17.715264805039936,97.24216528438953,0.0,0.0,0.0,0.0,0.0,0.0,0.0,1300.4527714384199,3272.0562310963683,100.0,845.0528902617111,79.69409639961214,0.0,68.35362415243401,-1311.1403053297363,2598.779101636393,100.0,-637.6938350607838,-118.05341446209468,0.0,15.951343523658084,0.0,0.0,0.0,0.0,0.0,0.0,0.0,0.0
1609.7992806260556,-3266.0099524837906,219.50442776931993,-1131.7367827373107,-612.9804139996781,-23.43176212259351,-1138.5926641575325,-3311.0572224265807,248.6816669817969,1214.2973849280384,-76.2992250929824,16.93613476803236,15.51052104407795,1293.747594145575,-2539.192817946904,233.7675667099988,-611.4589979524135,120.27545849972284,-18.82438928562209,79.77598199107186,0.0,0.0,0.0,0.0,0.0,0.0,0.0,1264.2173637699993,3311.0572224265807,100.0,-919.0447545869358,76.29922509298922,0.0,74.17841679617304,-1286.4401297365957,2539.192817946904,100.0,1291.2160985002333,-120.27545849972284,0.0,9.645064332376812,0.0,0.0,0.0,0.0,0.0,0.0,0.0,0.0
1548.482714417728,-3138.243325663383,209.52020338714448,-739.6403449495517,121.449087420458,-16.474855795452754,-1266.9537509640777,-3348.345182853208,256.846286037686,678.0051046775645,-72.8424402915357,15.71133734313662,32.62299807783528,1430.7618726175974,-2478.5198376683165,224.0936845942787,-1186.961050368435,122.39990424629013,-19.85810090992203,88.78939234735755,0.0,0.0,0.0,0.0,0.0,0.0,0.0,1158.2940897804235,3348.3451828532075,100.0,610.2659521637815,72.8424402915357,0.0,70.02986451950785,-1375.3092774813183,2478.5198376683165,100.0,1044.0278700061049,-122.39990424629696,0.0,6.228433026350508,0.0,0.0,0.0,0.0,0.0,0.0,0.0,0.0
1488.9831135214686,-2961.3304213053,203.05420933307914,400.037347809681,132.07562399481048,-9.369510707032305,-1130.7612161188708,-3383.8898548219463,264.38255926781767,-551.5988683402691,-69.32654702534819,14.423598337109809,36.469647293889736,1449.0661532395195,-2416.8093942790624,213.9226676678629,631.453218294497,124.42502780659652,-20.81225849993828,89.61389090615847,0.0,0.0,0.0,0.0,0.0,0.0,0.0,1077.2051036445887,3383.889854821946,100.0,-2030.2262583103084,69.32654702534819,0.0,67.62431545075196,-1384.8225483478097,2416.809394279063,100.0,-297.3782292675821,-124.4250278065897,0.0,6.927652699921246,0.0,0.0,0.0,0.0,0.0,0.0,0.0,0.0
1403.9423281612792,-3020.3420802841692,200.16470433543634,341.1066193313138,-713.5006672781469,-2.1797461505255455,-1151.164205532833,-3417.662395381079,271.26029541968904,-227.06629243426278,-65.75439828856588,13.078076593367314,38.33375570849419,1486.2750115722586,-2354.11156311366,203.29526229581285,-265.35053471866036,126.34918588117216,-21.683039581122756,93.26617171636637,0.0,0.0,0.0,0.0,0.0,0.0,0.0,1086.0890873650296,3417.6623953810786,100.0,1387.8799190923655,65.7543982885727,0.0,62.61037315387346,-1459.283299075953,2354.1115631136604,100.0,-341.3849935772987,-126.34918588117898,0.0,8.663942323914384,0.0,0.0,0.0,0.0,0.0,0.0,0.0,0.0
1208.0728248398798,-2946.7845627107085,200.87772288871292,79.97526965908264,777.1099853184751,5.029657959887572,-1070.0353515762192,-3449.6353995862696,277.45194142264205,-205.48472464923293,-62.12889272416987,11.680162440193556,41.08144528368236,1428.519756161737,-2290.477220728762,192.25404319234616,574.27945953257,128.1708170996808,-22.46695569562732,100.0,0.0,0.0,0.0,0.0,0.0,0.0,0.0,1050.8068048756172,3449.6353995862696,100.0,-598.7596038423732,62.12889272416987,0.0,60.06884137704843,-1500.6637905157143,2290.4772207287624,100.0,-617.4411270710573,-128.17081709966715,0.0,6.61381387010468,0.0,0.0,0.0,0.0,0.0,0.0,0.0,0.0
1321.6919208140664,-2918.648373614455,205.1868406823031,-298.9332484321369,737.0867941329993,12.193744757270224,-1004.1683238863295,-3479.7829227384823,282.93269276890726,1584.700462642735,-58.45297227185938,10.235456096403084,42.70427538014907,1514.3640343523484,-2225.958003619048,180.8432428612104,-137.07194751624797,129.88844328774803,-23.16086637751752,100.0,0.0,0.0,0.0,0.0,0.0,0.0,0.0,991.2800208885199,3479.7829227384823,100.0,-465.34524490808565,58.45297227185938,0.0,56.32097401504272,-1513.3926372243332,2225.9580036190487,100.0,-1041.761626457543,-129.8884432877412,0.0,9.436727729384113,0.0,0.0,0.0,0.0,0.0,0.0,0.0,0.0
1236.7308600061428,-2792.3826047839416,213.05323248365886,-872.2181788164619,125.68712130015683,19.247965684537007,-872.9607069023376,-3508.0805014369726,287.68059288356415,1118.2064893035101,-54.72961978082594,8.749745236182207,52.6328590419002,1482.2892023060003,-2160.6062663164616,169.10857439474415,507.3863841457262,131.50067066662814,-23.76199173387036,93.44870163515583,0.0,0.0,0.0,0.0,0.0,0.0,0.0,929.8677718781038,3508.0805014369726,100.0,-2071.4084323999127,54.72961978082594,0.0,56.49799052662561,-1575.1584382031558,2160.606266316462,100.0,-317.35467677928,-131.50067066663496,0.0,0.0,0.0,0.0,0.0,0.0,0.0,0.0,0.0,0.0
1146.221287151019,-2815.048547509192,224.40602195436674,-1484.311507628397,3060.722283090729,26.128762078142245,-843.6500320150118,-3534.5051734302715,291.6766210853234,193.46507314791097,-50.96185658928107,7.228981802929866,50.39881595997319,1589.9806384526362,-2094.4750389067867,157.09704834151592,984.9116618931646,133.00619098403786,-24.26792358135586,93.4287989817155,0.0,0.0,0.0,0.0,0.0,0.0,0.0,871.7115649303621,3534.5051734302715,100.0,534.3664906515954,50.96185658928789,0.0,49.059434149286695,-1629.7828089097356,2094.475038906787,100.0,-383.49646327019855,-133.00619098403786,0.0,14.981522911315993,0.0,0.0,0.0,0.0,0.0,0.0,0.0,0.0
1051.0798486574427,-2931.2013221910174,239.1429202472932,-1678.8610202869006,1477.8429689962422,32.77413783290115,-890.9384007252335,-3559.035496249051,294.9047687857534,-97.61891400901789,-47.152740072851884,5.679258165042711,49.98691513767385,1618.599950845374,-2027.6179839980487,144.85678437619046,-1067.1517955802926,134.40378257598695,-24.67663509379662,94.71438043553884,0.0,0.0,0.0,0.0,0.0,0.0,0.0,763.4203735355702,3559.035496249051,100.0,-535.568352088851,47.15274007284506,0.0,48.86267946570548,-1570.2867569611897,2027.617983998049,100.0,126.88442072278121,-134.40378257598354,0.0,1.0952112761969932,0.0,0.0,0.0,0.0,0.0,0.0,0.0,0.0
1010.2062963888778,-2658.5507863099274,257.13114763102516,-762.7235469295641,221.31924280561407,39.12421798798647,-675.7397285089264,-3581.651564605753,297.3521036216868,-409.453579416342,-43.30536116348185,4.10678270910978,55.178991406760275,1681.5233645383335,-1960.0893531756444,132.436818526098,-485.4162145257794,135.6923113577534,-24.98648892177073,91.29727928652999,0.0,0.0,0.0,0.0,0.0,0.0,0.0,640.9452315834611,3581.651564605753,100.0,639.0001781087494,43.30536116347503,0.0,40.822195676049496,-1648.5732616847924,1960.0893531756446,100.0,41.07963486895983,-135.6923113577534,0.0,13.550449667024516,0.0,0.0,0.0,0.0,0.0,0.0,0.0,0.0
888.742923478376,-2589.100833667489,278.2086298377533,590.2574655152898,-455.43269939270886,45.121788201512345,-657.1778954878472,-3602.3350265468625,299.00882126388365,256.02546570020024,-39.42284184146956,2.5178549683448637,58.93420384038373,1577.1475126028831,-1891.9439429795482,119.88690672677964,671.6944322859342,136.87073174448415,-25.196243752114995,80.8105941851135,0.0,0.0,0.0,0.0,0.0,0.0,0.0,688.3886960655993,3602.3350265468625,100.0,-809.5903886031039,39.42284184146956,0.0,38.907325384975685,-1644.6739002461454,1891.9439429795486,100.0,-315.89443051969056,-136.87073174448415,0.0,1.1650723765784887,0.0,0.0,0.0,0.0,0.0,0.0,0.0,0.0
858.8134859071604,-2501.6465185901484,302.18545835547985,-275.19872187291867,-837.6707463503021,50.71281025277784,-636.6515934996293,-3621.0690983447194,299.8682846943995,-539.3758487387754,-35.50833260192803,0.9188403858735228,58.07212101011081,1719.789426615885,-1823.2370504393066,107.25732549349078,-376.41117125425126,137.9380874992762,-25.30505928076245,86.82825037975199,0.0,0.0,0.0,0.0,0.0,0.0,0.0,618.211632955817,3621.0690983447194,100.0,-1796.486618879486,35.50833260192803,0.0,34.56551909706566,-1668.7711738817616,1823.237050439307,100.0,903.0672351261751,-137.93808749927962,0.0,2.2626993803437108,0.0,0.0,0.0,0.0,0.0,0.0,0.0,0.0
754.3302893223326,-2381.767340610428,328.84560150729186,-2685.3295197566963,-456.8057034194044,55.84690892771647,-465.7807726119745,-3637.838578116779,299.92705079530924,474.0715826545596,-31.56500989848837,-0.6838551860255393,65.1538423745126,1726.6559931405998,-1754.0244282029107,100.0,983.8669649212068,138.8935125095361,0.0,94.89131400181428,0.0,0.0,0.0,0.0,0.0,0.0,0.0,504.63626299801786,3637.838578116779,100.0,337.29978434687496,31.56500989849519,0.0,31.313258037191464,-1678.8021399851891,1754.024428202911,105.40132949280368,-86.78966926592693,-138.8935125095361,25.312499579125785,6.371938308932088,0.0,0.0,0.0,0.0,0.0,0.0,0.0,0.0
614.7581239063861,-2336.73640362276,357.948850900843,-693.4133500415265,2034.1529231910727,60.4778259004911,-469.3528119589662,-3652.629858161279,299.18488414226755,1411.1652548719937,-27.596073565612187,-2.283811148577115,62.568720028938294,1761.8315505797427,-1684.3622392959478,100.0,444.7803413107806,139.73623148950992,0.0,87.37181375636884,0.0,0.0,0.0,0.0,0.0,0.0,0.0,497.64022486026755,3652.6298581612787,100.0,-4.440159003190445,27.596073565612187,0.0,25.451520609401868,-1738.5592595281757,1684.362239295948,118.03834607804836,-739.2294621835447,-139.7362314895065,25.218534840396885,10.734381828441704,0.0,0.0,0.0,0.0,0.0,0.0,0.0,0.0
497.15115663260303,-2279.882889781912,389.2329857104929,-731.6980479086803,738.3121176781287,64.56383652188208,-367.23964073107896,-3665.4309359992935,297.6447579476484,491.0922444939388,-23.604744222091085,-3.8746178782190555,84.2574172389912,1746.491384997678,-1614.307011547773,100.0,359.119513579617,140.46556060948888,0.0,78.8350257866141,0.0,0.0,0.0,0.0,0.0,0.0,0.0,430.2043302603485,3665.4309359992935,100.0,1025.9835905096443,23.604744222091085,0.0,10.231567669126301,-1767.4863637311366,1614.3070115477733,130.6030987943291,-175.858561329228,-140.46556060948888,25.02354149908598,10.73575176617281,0.0,0.0,0.0,0.0,0.0,0.0,0.0,0.0
414.8638021635612,-2188.046430342168,422.4161352918949,-1576.3510464049489,829.1011708574638,68.06812575916723,-385.79366658149945,-3676.231424114227,295.3128421494845,742.3802521901316,-19.59426065769776,-5.449902404359364,71.92650922356253,1748.4460112476952,-1543.9155917216126,100.0,-428.9513941276084,141.0809080506874,0.0,84.9364105191031,0.0,0.0,0.0,0.0,0.0,0.0,0.0,232.5315242265051,3676.231424114227,100.0,1456.916374379099,19.59426065769776,0.0,24.467263172482802,-1741.935530638809,1543.915591721613,143.04525167182223,-1388.4291599133849,-141.08090805069082,24.72830072288872,20.87104811725987,0.0,0.0,0.0,0.0,0.0,0.0,0.0,0.0
409.444698913333,-2113.142221521055,457.1993188418109,-1042.5460858317022,699.360684805647,70.95911990022557,-294.7073980859552,-3685.022558380825,292.19847869392476,1160.0964951604033,-15.567877204987326,-7.003353940293948,78.55009288654827,1760.9724272354617,-1473.245099385913,100.0,1156.2807961573935,141.58177448541892,0.0,75.98287377335599,0.0,0.0,0.0,0.0,0.0,0.0,0.0,205.65610433856733,3685.022558380825,100.0,209.2121945249025,15.567877204987326,0.0,19.585217774119783,-1745.2121720159428,1473.2450993859131,155.31495989098173,-1029.4759316021805,-141.58177448541892,24.333995283236618,26.02758522491507,0.0,0.0,0.0,0.0,0.0,0.0,0.0,0.0
352.46567431454804,-2000.9116515651815,493.26913922078586,-928.810658362425,888.4474405169146,73.21077103342532,-228.73513308891322,-3691.7972051768843,288.3141441102298,-5.704150975215754,-11.528861098629477,-8.528749165010368,86.53090150379758,1768.4753534662025,-1402.3528805642945,100.0,750.3027305696628,141.96775348253823,0.0,91.57096844255597,0.0,0.0,0.0,0.0,0.0,0.0,0.0,171.91847501521846,3691.7972051768843,100.0,-1062.7137898001752,11.528861098622656,0.0,1.4117801002429626,-1721.282020454224,1402.352880564295,167.36306946711642,956.584037884885,-141.96775348253482,23.842204817045456,13.568251433121045,0.0,0.0,0.0,0.0,0.0,0.0,0.0,0.0
202.08829822135272,-1968.6600072229262,530.3006066672812,157.99872469267868,336.3549262592062,74.8027917395757,-87.96788666209807,-3696.549867171873,283.6753995282369,-129.83874505378253,-7.4804898240859075,-10.019977154581738,86.11881485197321,1717.2303178089999,-1331.2964612017558,100.0,-156.14884269493132,142.2385318368447,0.0,73.48131708291926,0.0,0.0,0.0,0.0,0.0,0.0,0.0,193.19299097034815,3696.549867171873,100.0,369.5137664277101,7.4804898240859075,0.0,17.425919032099745,-1769.1720923372825,1331.2964612017563,179.14131416739616,613.5561038432502,-142.2385318368447,23.25489949836964,25.36680784519515,0.0,0.0,0.0,0.0,0.0,0.0,0.0,0.0
92.17454569644109,-1948.0212961472314,567.9600669615529,424.21198695519547,666.4089071555884,75.72083788214513,-22.981393591893735,-3699.2766877877757,278.3008283385285,-859.6986024918994,-3.42604845817732,-11.471063863301083,89.38164747406819,1796.119186173486,-1260.1335004848756,100.0,-385.2163852161357,142.3938898235815,0.0,66.09636989020208,0.0,0.0,0.0,0.0,0.0,0.0,0.0,101.44815069847402,3699.2766877877757,100.0,998.5269695214058,3.42604845817732,0.0,9.947665608108068,-1813.2537073983053,1260.1335004848759,190.6025088714134,1277.223158432647,-142.3938898235849,22.574432145721772,26.337645434617478,0.0,0.0,0.0,0.0,0.0,0.0,0.0,0.0
-26.55648422970017,-1805.6941485898906,605.9082076564607,-402.7397259143508,977.4223616833035,75.95663784800138,136.19965852798464,-3699.9754543285403,272.21196174504695,-1099.8203567190446,0.6311729967069368,-12.876196056434708,93.132784442415,1812.3828211862733,-1188.9217440538966,100.0,1758.1129273050885,142.43370137638408,0.0,67.00283647242807,0.0,0.0,0.0,0.0,0.0,0.0,0.0,-93.78573763047049,3699.9754543285403,100.0,-2122.7150407603654,-0.6311729967069368,0.0,16.26734570667055,-1835.5922412946993,1188.921744053897,201.700738600673,834.3444410271468,-142.43370137638067,21.803528796366578,26.874757115022444,0.0,0.0,0.0,0.0,0.0,0.0,0.0,0.0
-169.57112860512171,-1667.5976364187434,643.8031152890142,2140.998078060407,-259.7675911937074,75.50806707504762,101.1956001008562,-3698.645599775582,265.4331925084002,628.799362160085,4.687882282219107,-14.22974459879839,100.0,1813.5879610146735,-1117.7189771446524,100.0,-632.708415456716,142.35793418997332,0.0,73.61887574507244,0.0,0.0,0.0,0.0,0.0,0.0,0.0,-35.31297426628301,3698.645599775582,100.0,1304.3102350243269,-4.687882282219107,0.0,7.135574047719901,-1765.6619407182598,1117.7189771446526,212.3915424597361,-20.211168322573485,-142.35793418997332,20.945277785475866,41.94197012670924,0.0,0.0,0.0,0.0,0.0,0.0,0.0,0.0
-206.77576605888504,-1554.0212154057942,681.3033560271141,837.6677898301381,-1647.4696931707854,74.3791671944058,101.39867848406031,-3695.2882032478947,257.9916772254152,253.50220211966004,8.740787555627776,-15.52628700575184,100.0,1816.7838083911429,-1046.5829776983844,100.0,-275.5349537299048,142.16664974612058,0.0,69.93882228602823,0.0,0.0,0.0,0.0,0.0,0.0,0.0,-175.59237564281327,3695.2882032478947,100.0,-548.9961890454447,-8.740787555620955,0.0,12.13970763869618,-1751.7430680989617,1046.5829776983849,222.6320917521196,1155.035241300518,-142.16664974611717,20.003117373870225,41.99403184321734,0.0,0.0,0.0,0.0,0.0,0.0,0.0,0.0
-218.6056233458662,-1409.2430840161942,718.0710519948238,468.52226068239673,-489.37725489242894,72.58010961527816,228.85211189682707,-3689.9059891263933,249.9172275364147,981.9758966770622,12.786600060990168,-16.76062916636255,88.57617032941891,1808.9181198574663,-975.5714694774357,100.0,645.6133304945581,141.8600032638119,0.0,58.977433279350294,0.0,0.0,0.0,0.0,0.0,0.0,0.0,-153.3555544594903,3689.9059891263933,100.0,1575.588879423833,-12.786600060990168,0.0,7.8670153473169995,-1785.3338952742656,975.571469477436,232.38136155741458,687.8116141387932,-141.8600032638119,18.980821973916733,22.90709830425449,0.0,0.0,0.0,0.0,0.0,0.0,0.0,0.0
-453.7687122087681,-1310.2317739896625,753.7749255583956,-2668.018454135254,1153.4389145044906,70.12710388034691,322.15937861404336,-3682.503324843198,241.24219069606153,-66.36280676184384,16.822036797827877,-17.927826151649242,91.52435193815177,1746.6754631334682,-904.7420752249513,100.0,-844.2712554979914,141.43824357323638,0.0,59.78283813573451,0.0,0.0,0.0,0.0,0.0,0.0,0.0,-296.0202525101519,3682.503324843198,100.0,871.4979274339379,-16.822036797827877,0.0,6.219819059792558,-1816.8143170475307,904.7420752249516,241.60029508224005,316.44234913699165,-141.43824357323467,17.88248702876203,40.99011202657282,0.0,0.0,0.0,0.0,0.0,0.0,0.0,0.0
-459.7261432368025,-1167.202242641884,788.0932841439957,-1740.8314561316124,-671.469402954466,67.04225161756256,379.02286545984754,-3673.0862173376518,232.00131998621285,-707.1188832588186,20.843823185191468,-19.023202024617518,91.28418680402892,1704.8329976883256,-834.1522699065305,100.0,-380.2678190969823,140.9017129141256,0.0,54.651454039562935,0.0,0.0,0.0,0.0,0.0,0.0,0.0,-432.9349834128722,3673.0862173376518,100.0,281.24302753264686,-20.843823185191468,0.0,7.165751736814238,-1733.3026669867447,834.1522699065307,250.2519601266403,-356.08629580130696,-140.9017129141239,16.712512605475638,34.8683029067565,0.0,0.0,0.0,0.0,0.0,0.0,0.0,0.0
-632.3029015987767,-1043.0060013643385,820.7169186938595,1262.5897393969808,-260.2062974495766,63.3533474039416,392.4329017591356,-3661.6623081819534,222.23163548992954,42.43096454836689,24.848695718726503,-20.042368572605227,97.25238730389438,1715.5569207204906,-763.8593340717973,100.0,-2.1140214860452033,140.2508466576512,0.0,44.5398550845357,0.0,0.0,0.0,0.0,0.0,0.0,0.0,-401.27150999064145,3661.6623081819534,100.0,233.92429160700686,-24.848695718726503,0.0,3.919657809995447,-1741.8495806426351,763.8593340717975,258.3016970390939,-1327.9173615344826,-140.2508466576512,15.475585767830182,49.232404346802426,0.0,0.0,0.0,0.0,0.0,0.0,0.0,0.0
-725.4193445723047,-996.8640998808146,851.3518896457301,-560.6982811061454,-1186.1429152634878,59.09362833603723,474.359538453946,-3648.2408673803525,211.97227578439617,602.6487914015769,28.83340461898115,-20.981242887045823,84.1691364737491,1735.9811583831172,-693.920307373732,100.0,-214.75209770208835,139.48617295347503,0.0,49.20508292217898,0.0,0.0,0.0,0.0,0.0,0.0,0.0,-482.0863920446457,3648.2408673803525,100.0,-384.78723210819595,-28.83340461898115,0.0,0.0,-1682.666982677634,693.9203073737323,265.71725756740966,-910.6838694693511,-139.48617295347503,14.17666179934912,51.05675529056051,0.0,0.0,0.0,0.0,0.0,0.0,0.0,0.0
-638.9842002007796,-971.4507707799291,879.7221753338556,-905.8288745376024,1462.3905916972706,54.30147456281475,541.7846898626236,-3632.8327858469465,201.26434114688917,1296.1402259678293,32.79471646839056,-21.836063720071053,95.25393054973543,1648.0831849497238,-624.3919422834794,100.0,511.24626649804327,138.60831230083818,0.0,41.97580657062146,0.0,0.0,0.0,0.0,0.0,0.0,0.0,-547.5882160946567,3632.8327858469465,100.0,481.49031227374905,-32.79471646839056,0.0,10.296551626787089,-1727.6302353854269,624.3919422834796,272.4689340492557,-331.2861700184237,-138.60831230083818,12.820944351775552,63.720073405200786,0.0,0.0,0.0,0.0,0.0,0.0,0.0,0.0
-790.8220205749834,-831.5185759618234,905.5721589493996,152.9582179051522,-387.24936237033546,49.02006348024827,610.5596162826392,-3615.4505665681777,190.15072890192872,214.0863715680632,36.72941683507588,-22.603406552588723,99.71509230347421,1758.2514389060134,-555.3306580381922,100.0,-78.6706308266821,137.61797704545586,0.0,46.06703537501401,0.0,0.0,0.0,0.0,0.0,0.0,0.0,-553.1450891466633,3615.4505665681777,100.0,-137.21093818790223,-36.72941683507588,0.0,0.0,-1710.0652169366879,555.3306580381925,278.5296784247678,-1438.561435168458,-137.61797704545415,11.413864598664532,64.08270617851672,0.0,0.0,0.0,0.0,0.0,0.0,0.0,0.0
-901.4368722733126,-777.2286000845963,928.6689316527103,1187.396672405484,-708.272543663191,43.29698070163033,682.372407224468,-3596.108314457204,178.6759615692348,-609.0845228205501,40.63431288124093,-23.280197313304996,96.69148568970701,1659.4413355003564,-486.79249485927585,100.0,-466.2442601188525,136.5159708012152,0.0,43.93999313466122,0.0,0.0,0.0,0.0,0.0,0.0,0.0,-709.4065432217608,3596.1083144572044,100.0,-1153.8465952806991,-40.63431288124093,0.0,9.926172625473507,-1647.3711130395677,486.7924948592762,283.8752105944579,-578.8887799088957,-136.51597080121348,9.961059477376466,66.12332185828267,0.0,0.0,0.0,0.0,0.0,0.0,0.0,-0.050542043299318794
-988.6586988109956,-502.8152232786067,948.804391086348,395.61694817122657,2597.339217045085,37.18379131078109,740.8799134910167,-3574.8217249083837,166.88600850095065,-1456.229579386068,44.50623595397019,-23.863724693839714,80.51482473187453,1622.4234642722433,-418.8330684782094,100.0,692.0388396404633,135.3031877981374,0.0,32.15766803067583,0.0,0.0,0.0,0.0,0.0,0.0,0.0,-800.3761698395473,3574.8217249083837,100.0,202.14016262813686,-44.50623595397701,0.0,0.0,-1664.3164688496925,418.8330684782096,288.48411568832717,-1283.5871316426437,-135.3031877981357,8.468349106809967,69.71436933840137,0.0,0.0,0.0,0.0,0.0,0.0,0.0,-0.05876583027950327
-1085.0618283428844,-447.9958754808747,965.7971163812599,-933.3398526259327,-237.0322941426221,30.735575259257075,789.4520255953073,-3551.6080710611354,154.82810172266895,883.875963339184,48.34204415649765,-24.351651010574784,89.60433927269634,1678.5732467481293,-351.5075250067771,100.0,-194.0505505727765,133.98061215676137,0.0,36.59227735575908,0.0,0.0,0.0,0.0,0.0,0.0,0.0,-785.3614580931011,3551.6080710611354,100.0,312.543961629475,-48.34204415649083,0.0,18.96542220252914,-1606.7186299186963,351.5075250067773,292.33792985651223,493.4697120886608,-133.98061215676307,6.941713471280764,69.64674427499075,0.0,0.0,0.0,0.0,0.0,0.0,0.0,-0.06832772446471172
-1155.9027145979717,-455.3622383771525,979.4940027622221,-862.4025503297753,-1946.2534836468558,24.010431095296667,797.8728633465822,-3526.4861897835485,142.55054671603602,1794.750224000436,52.13862489766825,-24.74202156968815,87.98311728120429,1528.977681829293,-284.87049618842116,100.0,914.2621372127553,132.54931708955723,0.0,23.576837675593776,0.0,0.0,0.0,0.0,0.0,0.0,0.0,-939.6805523992822,3526.4861897835485,100.0,-1509.795172018304,-52.13862489766825,0.0,14.567195544413686,-1531.4236449079572,284.8704961884215,295.42121423777513,-439.24996726877,-132.54931708955894,5.387268463951216,76.69066648265847,0.0,0.0,0.0,0.0,0.0,0.0,0.0,-0.07944545169055386
-1155.1632677862685,-350.6652712661694,989.7716410247531,-1537.0655220724973,-1512.7086644624624,17.068952494565792,931.3417795054534,-3499.4764663870806,130.10252890095452,-516.0647320040886,55.89289741775701,-25.03327249795049,79.52734232752982,1570.4797573406784,-218.97605506695913,100.0,448.4609113754675,131.01046403008297,0.0,23.265267348106228,0.0,0.0,0.0,0.0,0.0,0.0,0.0,-936.2283105211417,3499.4764663870806,100.0,43.55027352503669,-55.89289741775019,0.0,16.17543855667458,-1565.9389804328023,218.97605506695936,297.7216168095112,468.05641610457883,-131.01046403008127,3.8112413858172545,79.3635531686161,0.0,0.0,0.0,0.0,0.0,0.0,0.0,-0.09237216435585796
-1349.8803105516042,-161.654122606234,996.5374294543717,-1472.179522025666,614.7767808093301,9.973682310106255,958.6185859159125,-3470.600818084767,117.53391659264344,-393.94359802946894,59.6018152882516,-25.22423700772933,80.75550774142317,1495.8606523188862,-153.87767210866514,100.0,103.69584958121663,129.36530169050116,0.0,16.038950585788285,0.0,0.0,0.0,0.0,0.0,0.0,0.0,-976.3737344744396,3470.600818084767,100.0,2293.145405301579,-59.60181528824478,0.0,8.99174478786406,-1516.8838122078162,153.87767210866537,299.22992187149555,-462.80192335614856,-129.36530169050116,2.219945998331525,87.34912018414136,0.0,0.0,0.0,0.0,0.0,0.0,0.0,-0.10740220574263752
-1346.6523325397832,-12.85943173069376,999.7304081697904,-1053.1366817488458,367.743355616906,2.788549060026071,1035.3038437847442,-3439.8826762063604,104.89506122293453,-390.82090766438455,63.26236888403628,-25.314150071341004,82.42348148798305,1517.9819800794241,-89.62817181331934,100.0,-1608.5064705155582,127.61516504839051,0.0,19.893913617061674,0.0,0.0,0.0,0.0,0.0,0.0,0.0,-1043.2083319432538,3439.882676206361,100.0,809.947197482636,-63.26236888403628,0.0,12.689517776752457,-1407.4144824587015,89.62817181331957,299.9400869651299,-960.7468283641686,-127.6151650483871,0.6197572297111265,73.93914342195015,0.0,0.0,0.0,0.0,0.0,0.0,0.0,-0.12487781225895148
-1365.5514363547088,45.13089072843891,999.3218083725951,778.979251420601,-1925.9994054887209,-4.421709069650888,1038.695361482866,-3407.3469671848247,100.0,202.2666433425627,66.871587825392,0.0,73.27636055462617,1410.1772264602914,-26.27968984942754,100.0,-1946.8819222177808,125.76147426321882,0.0,16.595129693891256,0.0,0.0,0.0,0.0,0.0,0.0,0.0,-1078.095891101928,3407.346967184825,107.76340437385693,865.9784271033152,-66.871587825392,25.30265148579339,22.729146244647094,-1509.8431348197005,26.279689849427996,299.8492670802873,155.2239141278551,-125.76147426321882,-0.9829143638330606,81.71257172958873,0.0,0.0,0.0,0.0,0.0,0.0,0.0,-0.14519690621578263
-1414.8761674733762,232.51173724593372,995.3153115546605,-1402.847304970561,695.4656024950598,-11.592127517255904,1117.1298390008862,-3373.020092329623,100.0,-279.60579272457267,70.42654338852344,0.0,78.87218211532443,1381.5073926321052,36.11636925159951,100.0,-979.3573570596163,123.8057335243036,0.0,15.254721586948847,0.0,0.0,0.0,0.0,0.0,0.0,0.0,-1159.345191532028,3373.020092329623,120.390768802395,548.1014201766072,-70.42654338853026,25.189787315867918,30.762659476196895,-1388.701052161481,-36.11636925159928,298.95782605277753,415.70575152535866,-123.8057335243036,-2.581648279586375,75.31234697559066,0.0,0.0,0.0,0.0,0.0,0.0,0.0,-0.1688221565806905
-1626.6520047111446,273.9487144816439,987.747016327839,-838.484520627029,710.1514021341054,-18.65810067743155,1246.709264727925,-3336.9299064032034,100.0,-770.2091925854938,73.92435088197999,0.0,84.80817815584342,1369.2818686157807,97.50937380798746,100.0,-957.0302015721131,121.74952982999798,0.0,0.26591727220801253,0.0,0.0,0.0,0.0,0.0,0.0,0.0,-1194.942308524844,3336.9299064032034,132.9364452625117,1347.1157297740922,-73.92435088197317,24.97600970953613,26.017877436399054,-1352.7099945636976,-97.509373807987,297.26933510677617,582.8647088511946,-121.74952982999798,-4.170039789653686,86.15172107909844,0.0,0.0,0.0,0.0,0.0,0.0,0.0,-0.19629151402302528
-1675.811253787009,482.06522448079477,976.6851131747894,-183.62682011613174,1632.2575402582497,-25.55596399877345,1201.3252935284977,-3299.1056950180837,100.0,704.4300986118492,77.36217198744953,0.0,69.87463198954269,1275.1077377566096,157.84950607298447,100.0,-1924.970501851377,119.59453169995527,0.0,13.768614717441297,0.0,0.0,0.0,0.0,0.0,0.0,0.0,-1244.1170104518183,3299.1056950180837,145.3501742062484,-624.8862342237362,-77.36217198744953,24.662175086608613,31.18863582970254,-1291.6587139456901,-157.84950607298424,294.7905585480541,-1122.6112083653288,-119.59453169995868,-5.741725599120002,92.34840323583155,0.0,0.0,0.0,0.0,0.0,0.0,0.0,-0.22823046013534068
-1719.76854191002,513.536166634027,962.2292700514395,333.16638953470147,371.6591423479616,-32.22356760277762,1309.6100732028199,-3259.5781508728383,100.0,-748.961789322758,80.73721706298784,0.0,71.78941066340124,1177.852139165314,217.08780265981432,100.0,147.89316960434462,117.34248782121426,0.0,12.296492559398303,0.0,0.0,0.0,0.0,0.0,0.0,0.0,-1279.1005244772891,3259.5781508728383,157.58222468389113,492.18452618295373,-80.73721706298102,24.2495407078097,27.71436771617106,-1279.1923529701423,-217.0878026598141,291.53142666532256,-2195.862503448436,-117.34248782121085,-7.2904093381905,95.80361808441505,0.0,0.0,0.0,0.0,0.0,0.0,0.0,-0.26536624974770534
-1745.2003609915091,626.3433786981008,944.5097343768263,-1026.5586875954853,234.2692400334147,-38.60083625520019,1323.7897098538435,-3218.3793488463207,100.0,1678.0910332569613,84.04674740660994,0.0,70.75383213463638,1209.8436729779391,275.1761942733149,100.0,-415.81784572728566,114.99522562914535,0.0,2.485560576265475,0.0,0.0,0.0,0.0,0.0,0.0,0.0,-1295.5359152860813,3218.379348846321,169.5835935723679,1073.4866980357901,-84.04674740660994,23.7397596380265,31.277462120256374,-1234.0479711565367,-275.1761942733149,287.5049959482559,199.34795835561204,-114.99522562914535,-8.809886786238224,86.1396904404675,0.0,0.0,0.0,0.0,0.0,0.0,0.0,-0.30854447063465107
-1795.4802456626276,701.7209323723857,923.6861595013952,1573.1014544490336,1685.1203678551576,-44.6303106453945,1420.7942091054465,-3175.542719970298,100.0,-817.5307471447343,87.2880774788041,0.0,60.69543678983918,1062.2926464574948,332.0675447160795,100.0,-391.8699042669118,112.55464982479907,0.0,9.059041363842244,0.0,0.0,0.0,0.0,0.0,0.0,0.0,-1345.513658353422,3175.542719970298,181.30620188788544,305.45971776515785,-87.2880774788041,23.134874123960145,46.767131739040096,-1180.4403240963202,-332.0675447160793,282.7273967815619,1780.158672064838,-112.55464982479566,-10.294070726691302,93.60819992496353,0.0,0.0,0.0,0.0,0.0,0.0,0.0,-0.3587482976818919
-1823.418470413335,935.8739511522285,899.9461662273027,-615.2331155756042,-125.58153078678288,-50.25766509535856,1383.576972185031,-3131.1030243016216,100.0,113.43718510890312,90.45857708152653,0.0,56.475441153727665,1170.153491961505,387.71568913742567,100.0,1542.0262829637488,110.02274082903227,0.0,8.126398087000641,0.0,0.0,0.0,0.0,0.0,0.0,0.0,-1388.6865946558719,3131.1030243016216,192.7030873963474,-784.0389832542905,-90.45857708152653,22.437307412583323,44.09224955729151,-1012.5544338611344,-387.7156891374252,277.21776882464445,786.8517626439825,-110.02274082903227,-11.737015333188765,96.666756571427,0.0,0.0,0.0,0.0,0.0,0.0,0.0,-0.41712087993322033
-1912.6421959606212,987.5021781423151,873.5036523414524,-327.0572070145147,577.4579201068906,-55.43219703544537,1408.7381834771509,-3085.09632271596,100.0,-682.2679161206543,93.55567349248304,0.0,55.29051002439844,1015.6000726984452,442.07547149415905,100.0,-1109.5628183682663,107.40155317551967,0.0,7.9904785248978865,0.0,0.0,0.0,0.0,0.0,0.0,0.0,-1470.411663595428,3085.09632271596,203.7285927499339,484.19377449679587,-93.55567349249668,21.649854043309347,49.02290379378665,-1082.7731295888532,-442.07547149415905,270.99818433573586,653.8769967210533,-107.40155317551967,-13.132939989268095,100.0,0.0,0.0,0.0,0.0,0.0,0.0,0.0,-0.48499137027416284
-1848.0040528460456,1008.6406660965929,844.596865392403,-880.6731824283202,-555.1439674181989,-60.1072838353366,1539.0347651652896,-3037.5599476459684,100.0,-1312.2197251761509,96.576853553006,0.0,50.23814692899681,1036.865167280342,495.10278119273494,100.0,1758.7082654650903,104.69321384382738,0.0,14.07802269311213,0.0,0.0,0.0,0.0,0.0,0.0,0.0,-1527.8044153599392,3037.559947645969,214.33854839614352,-194.3595408923204,-96.576853553006,20.775668652767365,54.9238519040435,-1011.102205293046,-495.1027811927347,264.09355974767163,-15.203716071237636,-104.69321384382397,-14.476252446289664,98.92742036193249,0.0,0.0,0.0,0.0,0.0,0.0,0.0,-0.5639051904523875
-1983.3952358744182,1182.926956384463,813.4862560754618,-2088.6518305730997,-749.5751876702855,-64.24080287483378,1496.1744003475387,-2988.532472787646,100.0,-355.45525031739885,99.51966570718014,0.0,50.84679034583192,868.0270902522573,546.7545888830832,100.0,-564.2267048733208,101.89992053323749,0.0,0.0,0.0,0.0,0.0,0.0,0.0,0.0,0.0,-1473.508908291254,2988.532472787646,224.4904495265419,449.60680768465295,-99.5196657071665,19.81825333689585,33.535597607916124,-986.3008464842553,-546.754588883083,256.5315558495462,261.35041043195145,-101.8999205332409,-15.761571226657338,96.4245497741566,0.0,0.0,0.0,0.0,0.0,0.0,0.0,-0.6556592205741436
-1944.326300222457,1238.5490580885225,780.4521315670238,337.50065657674327,-606.196807686872,-67.79551106947622,1594.3179176200229,-2938.0536817994716,100.0,1322.2574875552846,102.38172199122118,0.0,40.210252849239374,875.0293657795862,596.9889813750387,100.0,129.76154745337737,99.02393987950973,0.0,7.93720152847412,0.0,0.0,0.0,0.0,0.0,0.0,0.0,-1607.749028069763,2938.053681799472,234.1436263563345,-58.83087941638564,-102.38172199122118,18.781443621113567,60.440028726007064,-931.886504200445,-596.9889813750387,248.34246697413454,-101.05554955482035,-99.0239398795029,-16.983747182684112,91.13063648678165,0.0,0.0,0.0,0.0,0.0,0.0,0.0,-0.7623427143471035
-2024.6928639689222,1306.1698696223852,745.7921299516001,-566.8314077603736,133.84302942532486,-70.73938043142277,1628.0178181309775,-2886.1645360196876,100.0,347.4292982199938,105.16069997124532,0.0,34.482381499881186,827.1037282965294,645.7651956490868,100.0,-1025.0452458791267,96.06760561555234,0.0,0.0,0.0,0.0,0.0,0.0,0.0,0.0,0.0,-1586.7294675825929,2886.164536019688,243.25940705261132,-847.0244702513821,-105.16069997124532,17.669393094732158,61.804695074786075,-816.9498700435262,-645.7651956490863,239.5590996350087,118.91248356494714,-96.06760561554552,-18.137884124733006,84.02686328050387,0.0,0.0,0.0,0.0,0.0,0.0,0.0,-0.8863848717161292
-1948.463979606329,1481.6610758646536,709.8185384971049,218.90996357411382,1476.7834879871066,-73.04588664218784,1683.2202488977596,-2832.9071412279636,100.0,1931.2621090807602,107.85434462771718,0.0,43.99342841193479,739.3018065150611,693.0436519337629,100.0,871.4280127757684,93.03331667770067,0.0,7.127503204693454,0.0,0.0,0.0,0.0,0.0,0.0,0.0,-1625.6885378016796,2832.907141227964,251.8012726585407,-947.4265993596987,-107.85434462771718,16.486556771145757,63.05175896067859,-713.6943034901294,-693.0436519337629,230.216641099544,275.41588272661784,-93.03331667769726,-19.21935843594696,91.87530022222086,0.0,0.0,0.0,0.0,0.0,0.0,0.0,0.0
-2025.921351090702,1635.6407752814966,672.8554799406422,850.1999676075809,292.3929006452977,-74.69424803741788,1663.5088055830665,-2778.324713478396,100.0,-915.8043790017757,110.46047018553963,0.0,36.226143439316324,730.5056558387847,738.7859858229165,100.0,-863.8177181639946,89.92353525924045,0.0,13.930614156346564,0.0,0.0,0.0,0.0,0.0,0.0,0.0,-1656.0017372647708,2778.3247134783965,259.7350033928752,-606.3594961313311,-110.46047018552599,15.23767324052102,65.40166841306066,-631.8769186025696,-738.7859858229162,220.35251842432797,1584.3672518287299,-89.92353525924386,-20.223837595093528,91.52622085400775,0.0,0.0,0.0,0.0,0.0,0.0,0.0,0.0
-2009.1497288334037,1688.1562361066435,635.2359921365784,-1587.4520502138557,-1041.8762873207538,-75.66961284982597,1660.8815705164475,-2722.46154403156,100.0,-57.94739339208718,112.97696188735699,0.0,33.391807082215465,670.2572008455668,782.9550794067518,100.0,-1304.639754449906,86.7407848121718,0.0,21.449255175984966,0.0,0.0,0.0,0.0,0.0,0.0,0.0,-1629.3215941683188,2722.46154403156,267.0288157386728,-581.0115642160861,-112.97696188735699,13.927745686369803,80.5099298684314,-612.4420742903288,-782.9550794067518,210.00624851769356,-626.6127751510231,-86.74078481216839,-21.14729753309902,80.09411720455029,0.0,0.0,0.0,0.0,0.0,0.0,0.0,0.0
-2001.8180997217594,1810.088758857314,597.2990273791522,647.9745461828031,-141.9172426538205,-75.9631930241136,1710.2972154087424,-2665.362963414083,100.0,-328.52723221801966,115.40177770994205,0.0,22.825507573123318,533.1277104227045,825.5150913913963,100.0,623.7324583510122,83.48764799976152,0.0,10.02403834778574,0.0,0.0,0.0,0.0,0.0,0.0,0.0,-1665.1358710613763,2665.3629634140834,273.6534897720376,-401.12293898367056,-115.40177770994887,12.562021842203421,75.22772233763779,-566.5139530687472,-825.515091391396,199.21927983004562,1121.7407082552172,-83.48764799976493,-21.986038754030375,87.80002168655831,0.0,0.0,0.0,0.0,0.0,0.0,0.0,0.0
-1915.5773651646161,1818.605782712507,559.3863984359596,-0.4324562468605109,314.68417760526677,-75.5723433972878,1694.5107219886697,-2607.0753046349005,100.0,-36.059785140403164,117.73295002084978,0.0,31.804410411528316,483.2028156692557,866.4314861825451,100.0,-146.05372423255858,80.16676460064446,0.0,14.069386299629313,0.0,0.0,0.0,0.0,0.0,0.0,0.0,-1744.1415268673234,2607.075304634901,279.5824862207878,62.857847083429306,-117.73295002084978,11.145972968432147,78.31690329147636,-446.70875709905124,-866.4314861825446,188.03482630618748,-1426.9448934396482,-80.16676460064446,-22.73670115572415,83.15604438609358,0.0,0.0,0.0,0.0,0.0,0.0,0.0,0.0
-2010.8896506001738,1957.092097724945,521.8396988084285,1073.2045632494453,-1852.47252789796,-74.5005855318982,1742.0423172914868,-2547.645865588037,100.0,1757.9545021546085,119.96858717543319,0.0,17.82665094244406,444.30186165450516,905.671061909592,100.0,-759.1012235328895,76.78082936696,0.0,24.201176279302526,0.0,0.0,0.0,0.0,0.0,0.0,0.0,-1789.7305878212674,2547.645865588037,284.792052784097,-1359.2554391382066,-119.96858717543319,9.685271933836361,72.13726955453558,-450.15528733296503,-905.671061909592,176.49769426485727,-98.03706291781339,-76.78082936695318,-23.396277490774366,80.37524550647838,0.0,0.0,0.0,0.0,0.0,0.0,0.0,0.0
-1936.6876314396754,2001.818381809115,484.99722496797466,-398.1086642604271,632.3493043640292,-72.75757598651239,1734.2111742948264,-2487.122870672424,100.0,1792.9970347814572,122.10687505160195,0.0,16.474016575137732,440.96920356997765,943.2019773675038,100.0,-114.86387443897286,73.33258983753012,0.0,11.95913988721724,0.0,0.0,0.0,0.0,0.0,0.0,0.0,-1718.3409103943925,2487.122870672424,289.2613192871796,-1038.208359355126,-122.10687505160877,8.18577048933264,80.25633382948176,-363.67559076910993,-943.2019773675038,164.6541028990133,1819.6446667250866,-73.33258983753012,-23.962125413945614,81.49753279007903,0.0,0.0,0.0,0.0,0.0,0.0,0.0,0.0
-2000.052326332877,2135.814377214585,449.19092829838655,667.4770259464481,-350.66520090035283,-70.35901930999302,1757.7854031243742,-2425.555431659918,100.0,-570.4706233590252,124.14607852197605,0.0,22.14359006417232,282.9274094156061,978.9937778545564,100.0,-2203.7454778299784,69.8248441084047,0.0,14.433214446817185,0.0,0.0,0.0,0.0,0.0,0.0,0.0,-1799.589155802307,2425.5554316599187,292.97238128981974,-353.5377816646064,-124.14607852197605,6.653475825123962,77.7965437425513,-329.75721584996734,-978.9937778545559,152.55149911597567,-543.7825193169335,-69.82484410841153,-24.431978067732132,82.36265361765625,0.0,0.0,0.0,0.0,0.0,0.0,0.0,0.0
-1817.265137106212,2260.3463251881626,414.7434242076134,-626.1304996730507,2804.956236023413,-67.32652654320731,1748.7444649487559,-2362.9935078432172,100.0,-1275.7660842442249,126.08454286181768,0.0,5.831780535436973,181.4084465380798,1013.017419885015,100.0,-233.24993664806826,66.26043856233991,0.0,32.4446996821231,0.0,0.0,0.0,0.0,0.0,0.0,0.0,-1718.6589360527687,2362.9935078432172,295.91037181379704,-1036.590534570663,-126.08454286181768,5.094526505158683,88.67598345382758,-221.02680441387622,-1013.017419885015,140.23836745917706,579.7385820003544,-66.26043856233309,-24.803953163676766,76.06123273992927,0.0,0.0,0.0,0.0,0.0,0.0,0.0,0.0
-1966.1258005505385,2247.168500405494,381.965085356856,-637.089191243906,-154.3244467313093,-63.68742050311312,1852.8839606548402,-2299.487865496084,100.0,-748.9863714354362,127.92069509177963,0.0,8.804044079387317,153.84106058013472,1045.2452947566476,100.0,152.99986710136864,62.64226555900677,0.0,36.919842228755314,0.0,0.0,0.0,0.0,0.0,0.0,0.0,-1787.2552729521456,2299.4878654960844,298.06352090185925,-208.98543411061837,-127.92069509177963,3.5151678752555426,77.53600465260095,-85.30312468195783,-1045.2452947566471,127.76403587302731,-176.2018116014204,-62.64226555899995,-25.076560523053928,75.5886614262134,0.0,0.0,0.0,0.0,0.0,0.0,0.0,0.0
-1853.8397188375347,2404.9156378940115,351.1512451970385,854.7317919706222,1806.5609658647918,-59.47448960383525,1828.1529664222003,-2235.0900366787296,100.0,843.6271291191088,129.653045254488,0.0,14.071329283650135,56.42554568850815,1075.651250953983,100.0,-582.5962299907346,58.97326108810603,0.0,23.682604777673074,0.0,0.0,0.0,0.0,0.0,0.0,0.0,-1792.163968303487,2235.09003667873,299.4232027696419,263.74985770311696,-129.65304525449483,1.9217270434944567,94.43336835408115,-50.7442972811423,-1075.6512509539825,115.17847808900123,366.255980953882,-58.97326108810603,-25.2487080467084,70.84782308680822,0.0,0.0,0.0,0.0,0.0,0.0,0.0,0.0
-1759.9299090072177,2452.1003369774417,322.5795370088482,826.5380639873501,716.5082883346963,-54.72569243205271,1802.9310711652176,-2169.8522774217886,100.0,-127.94341866367972,131.280187623247,0.0,7.566923918884451,26.58978062327649,1104.2106153691266,100.0,-1525.3116172205546,55.256402386801255,0.0,23.50403514930886,0.0,0.0,0.0,0.0,0.0,0.0,0.0,-1741.799894251552,2169.852277421789,299.98397036163885,-864.0886743663896,-131.28018762325382,0.32058753300333365,90.7829964167148,12.362458872520415,-1104.2106153691266,102.53211342462427,-259.1506801844985,-55.256402386801255,-25.319706090144436,66.26412449177256,0.0,0.0,0.0,0.0,0.0,0.0,0.0,0.0
-1904.5012323462606,2596.66604439852,296.5073924216438,-457.33353974493866,-816.3767087237738,-49.483815739954764,1759.0080918460824,-2103.827525322831,100.0,193.4967713309743,132.8008018429682,0.0,12.301317114015447,-77.93387002428808,1130.9002133229142,110.12439520261464,138.89704325501353,51.49470552388493,25.28927022632587,45.06837360477831,0.0,0.0,0.0,0.0,0.0,0.0,0.0,-1839.6996673194385,2103.8275253228317,299.74357717278735,-380.437945683874,-132.80080184297503,-1.2818362912153702,92.00610630458817,38.074669157986094,-1130.9002133229142,100.0,786.2321546910377,-51.49470552388493,0.0,62.40907378140836,0.0,0.0,0.0,0.0,0.0,0.0,0.0,0.0
-1742.7094378821484,2554.9408781323336,273.16972194962125,1383.9993430414358,-808.1339690884624,-43.796088935174,1794.6092176614209,-2037.0693565898098,100.0,-223.12121740953557,134.21365400150648,0.0,7.349209653976628,-157.41294294621758,1155.6983873701492,122.7403442372455,-37.504199803358844,47.69122295236912,25.15752238512775,39.72705201121466,0.0,0.0,0.0,0.0,0.0,0.0,0.0,-1707.9372450016872,2037.06935658981,298.7029862482483,-224.86472975703919,-134.21365400150648,-2.8791249190371104,89.3729628699771,98.2818275604929,-1155.6983873701492,100.0,237.71495094794759,-47.69122295236912,0.0,68.84681616990646,0.0,0.0,0.0,0.0,0.0,0.0,0.0,0.0
-1734.8836622504498,2640.0402534601794,252.77679844365377,-945.7804968216237,-24.932166730548033,-37.713758543571885,1796.958265890773,-1969.6319425663005,100.0,-273.95721981530073,135.51759763091468,0.0,5.048347553080255,-161.91327055746765,1178.5850148736795,135.26519261059372,-1520.5711682734054,43.84904103254712,24.924990364868194,38.93643375487112,0.0,0.0,0.0,0.0,0.0,0.0,0.0,-1778.7840745662659,1969.6319425663007,296.8663663253266,-908.1128441704993,-135.5175976309181,-4.464879412577147,88.68027998542203,232.66356888818285,-1178.5850148736795,100.0,-50.2017084938187,-43.84904103254712,0.0,62.444599427358966,0.0,0.0,0.0,0.0,0.0,0.0,0.0,0.0
-1641.109417466218,2671.5658319077447,235.51236252893995,-490.3841660480532,-10.702762251050899,-31.291626476535725,1769.3689222065123,-1901.5700057738172,100.0,1512.196596475294,136.71157463779537,0.0,9.086803703303518,-258.3064534502494,1199.5415243330394,147.64876421462236,-780.5205516914095,39.971277527545226,24.592605717884766,51.40867599925695,0.0,0.0,0.0,0.0,0.0,0.0,0.0,-1728.207958637153,1901.5700057738177,294.2410751329887,511.2223410914794,-136.71157463779195,-6.032747041133462,100.0,268.2063163815213,-1199.5415243330394,100.0,1269.3008075516534,-39.971277527545226,0.0,48.50306083577357,0.0,0.0,0.0,0.0,0.0,0.0,0.0,0.0
-1667.3547359958236,2864.9977744436615,221.53196709851233,1525.0260344345372,9.172481360271831,-24.587556265128683,1780.1320310295562,-1832.9387755068879,100.0,-995.9003398285051,137.79461616184562,0.0,0.0,-412.0468371538803,1218.5509104544071,159.84144891368607,-1556.3703996734666,36.061079073397195,24.161700018617296,52.127865513841606,0.0,0.0,0.0,0.0,0.0,0.0,0.0,-1741.9129188416516,1832.9387755068879,290.83762991588094,77.37649449051446,-137.79461616184904,-7.5764467310233385,100.0,326.0693142389572,-1218.5509104544071,100.0,-823.8538103562394,-36.061079073397195,0.0,55.059875643914516,0.0,0.0,0.0,0.0,0.0,0.0,0.0,0.0
-1445.161984923086,2894.1109815018563,210.9615757787309,-848.2629967562525,1041.885548942323,-17.661951708261938,1709.3595079426764,-1763.7939430168622,100.0,255.38929214074415,138.76584336210044,0.0,6.495939278548541,-373.37573419008606,1235.5977479496692,171.79440128894362,1901.0271762373436,32.12161862567427,23.633999529153726,56.96021212604451,0.0,0.0,0.0,0.0,0.0,0.0,0.0,-1743.2795083934327,1763.7939430168626,286.6696653009326,-490.3161848672653,-138.76584336210385,-9.089794228344203,100.0,284.4398506023014,-1235.5977479496687,100.0,1853.103743005874,-32.12161862567427,0.0,51.743117210637365,0.0,0.0,0.0,0.0,0.0,0.0,0.0,0.0
-1584.164119007231,2891.729129620106,203.89642799464127,1489.0960826319497,242.0098650842374,-10.577212633588431,1715.0595209555966,-1694.1916163209087,100.0,1304.3423717774601,139.62446812995722,0.0,4.5821514411508275,-428.524502885707,1250.6682040533615,183.459736319205,-758.8871113505891,28.156092884771624,23.011618283612165,55.91659702921126,0.0,0.0,0.0,0.0,0.0,0.0,0.0,-1799.5490743813255,1694.191616320909,281.7538786753362,502.4612907838241,-139.62446812995722,-10.566726873868504,90.6342497797105,444.4294164305566,-1250.6682040533615,100.0,240.81060131466955,-28.156092884771624,0.0,42.05033655249082,0.0,0.0,0.0,0.0,0.0,0.0,0.0,0.0
-1446.7644362573442,3029.6469914752124,200.40018086095756,-491.2102678351198,-1656.7929417804567,-3.397172673702755,1654.4160646708076,-1624.1882746727988,100.0,-1110.8733237026672,140.36979372897804,0.0,5.359795741683936,-477.8930826057972,1263.7500497473593,194.79072121431318,-233.64149751675882,24.167719701993065,22.297049619052842,70.07722610147519,0.0,0.0,0.0,0.0,0.0,0.0,0.0,-1693.8201331583564,1624.188274672799,276.1099632947279,-1260.6412527073326,-140.36979372897463,-12.001327890825735,99.02201288833317,550.3119585690646,-1263.7500497473593,100.0,-58.59256636121387,-24.167719701993065,0.0,28.974521609077733,0.0,0.0,0.0,0.0,0.0,0.0,0.0,0.0
-1399.547202526387,3034.575366350096,200.50433563025922,179.55517249241666,-364.2697677438514,3.8134758760139675,1756.301330222993,-1553.840722732455,100.0,472.5897946403245,141.00121535992798,0.0,18.573916539391643,-571.6153394175194,1274.8326696841896,205.7419626325421,-1447.3239648220015,20.159735468282634,21.493156186875524,65.13845180537125,0.0,0.0,0.0,0.0,0.0,0.0,0.0,-1659.4712129057878,1553.8407227324556,269.76052938954365,-448.96471782567573,-141.00121535992798,-13.387850088237201,99.18284211084006,632.7859500074184,-1274.8326696841896,100.0,500.8924773885542,-20.159735468282634,0.0,31.714703198080656,0.0,0.0,0.0,0.0,0.0,0.0,0.0,0.0
-1315.1667567959403,3144.8387664633437,204.2079538661116,215.33413759842688,1459.2576616012116,10.989764936196593,1648.2213488452571,-1483.206044471447,100.0,2284.0324795793526,141.51822065155784,0.0,8.5370950305943,-643.8264177540502,1283.9070708009262,216.26958853199758,480.61046148454807,16.13539248810639,20.603158484609878,66.56218552398575,0.0,0.0,0.0,0.0,0.0,0.0,0.0,-1754.566193096003,1483.2060444714475,262.7310135856102,36.12863982095064,-141.51822065155784,-14.720738884871025,92.58339687204403,722.0863037549958,-1283.9070708009262,100.0,-49.04602599908003,-16.13539248810639,0.0,34.63172639605427,0.0,0.0,0.0,0.0,0.0,0.0,0.0,0.0
-1216.3011514749048,3241.693865199065,211.47766589839557,1188.2888587983223,-50.30064446388906,18.067036007157924,1702.437627077701,-1412.341556851835,100.0,-115.1292653206383,141.92039007667404,0.0,7.212095635401766,-748.1605297360296,1290.9658896166643,226.33142392750028,671.513832944151,12.097956340353448,19.630621954309504,75.88223866380174,0.0,0.0,0.0,0.0,0.0,0.0,0.0,-1586.0092532304316,1412.3415568518353,255.04957700184247,-1550.2012898663509,-141.92039007667063,-15.994654561617239,90.1902806996336,732.5322102541437,-1290.9658896166643,100.0,-149.24020041756535,-12.097956340353448,0.0,38.23589230799016,0.0,0.0,0.0,0.0,0.0,0.0,0.0,0.0
-1157.0999886439233,3204.2045098760223,222.24797148466564,-97.61486353102327,1124.3098428013514,24.981522743105415,1552.3903055436951,-1341.3047633159513,100.0,701.5229113564658,142.20739729231923,0.0,11.28251189456351,-783.5758320059487,1296.0033982076675,235.88715984884803,-502.37520151172134,8.050703228445855,18.57944269886943,65.7958229908751,0.0,0.0,0.0,0.0,0.0,0.0,0.0,-1643.7371607899095,1341.3047633159517,246.74699243328143,235.4634840992685,-142.20739729231923,-17.20449365305086,92.03291391963666,805.2790283236965,-1296.0033982076675,100.0,566.7615804552435,-8.050703228445855,0.0,29.531339079813232,0.0,0.0,0.0,0.0,0.0,0.0,0.0,0.0
-1145.0356437167134,3236.7411803065415,236.42182996856525,267.89329567226446,1851.188872010482,31.670925488260764,1602.2989061383807,-1270.153307124881,100.0,52.32112716019515,142.37900940465693,0.0,11.345473385807333,-819.4891909697348,1299.0155088553256,244.89851482358839,-727.084515292932,3.996917321840101,17.453831873772003,83.22645983253307,0.0,0.0,0.0,0.0,0.0,0.0,0.0,-1619.1171577950952,1270.1533071248812,237.85652107143233,308.3990839955561,-142.37900940465352,-18.345409392556746,89.64491451738456,797.2849747897646,-1299.0155088553256,100.0,-106.98071504290624,-3.996917321840101,0.0,19.681916912391927,0.0,0.0,0.0,0.0,0.0,0.0,0.0,0.0
-1080.0586582166093,3324.205111437677,253.87153461797493,-1786.3580004447965,-539.402012486446,38.074972597727026,1506.4451474303557,-1198.944924583441,100.0,630.1149194595928,142.43508715792927,0.0,12.156036171925972,-864.3528512313674,1299.999777363163,253.32938823738206,-646.855804197163,-0.060111908917406254,16.258298816669736,82.83302631912338,0.0,0.0,0.0,0.0,0.0,0.0,0.0,-1590.3259949450514,1198.9449245834412,228.41377925577183,360.058518721022,-142.43508715792927,-19.41283112908195,76.94317598661388,884.1639960443476,-1299.999777363163,100.0,644.5791568435055,0.060111908917406254,0.0,18.299001809453898,0.0,0.0,0.0,0.0,0.0,0.0,0.0,0.0
-908.5811469013356,3293.6673406934306,274.43986326507274,-2442.195424161563,-1001.6685432234044,44.13596348638322,1585.4070582257675,-1127.7373981897051,100.0,-602.4840869375294,142.3755850474265,0.0,22.91335061286923,-967.1762373878405,1298.9554050401953,261.1460049575761,-1127.06887418544,-4.117092361486812,14.997632982404525,79.09134313874615,0.0,0.0,0.0,0.0,0.0,0.0,0.0,-1506.4069041800844,1127.7373981897053,218.45659579024203,-799.4480704269677,-142.3755850474265,-20.402482637725683,82.24762849734618,1048.9574574760552,-1298.9554050401953,100.0,-890.5921600554575,4.117092361486812,0.0,24.19007193040958,0.0,0.0,0.0,0.0,0.0,0.0,0.0,0.0
-828.3064023535014,3341.8567176810116,297.94149488103096,573.1608256348352,-1163.4733715844732,49.799288512028,1451.295980420602,-1056.5885097470202,100.0,1555.1399737235988,142.2005513566421,0.0,26.974046463683344,-1009.5104029106552,1295.8832393490325,268.3170506406068,86.48522907367578,-8.170731973091279,13.676884755902847,85.29709122204717,0.0,0.0,0.0,0.0,0.0,0.0,0.0,-1534.3141880497908,1056.5885097470207,208.0248603963335,303.0747011090875,-142.2005513566421,-21.31039925086739,79.52536867701981,1089.073764848337,-1295.8832393490325,100.0,405.17826196455985,8.170731973091279,0.0,6.41978690264658,0.0,0.0,0.0,0.0,0.0,0.0,0.0,0.0
-763.6970016127565,3351.2091154257314,324.16467932197895,-1390.404523385832,1278.2370165341695,55.01392100950682,1462.3611250708036,-985.5559934765926,100.0,-1111.2882332257311,141.9101281177268,0.0,27.304015684273995,-1044.9491629917304,1290.7857732182006,274.8137971811738,84.2846565576076,-12.217741391907566,12.301345219624125,82.36175629339743,0.0,0.0,0.0,0.0,0.0,0.0,0.0,-1474.384360910707,985.5559934765929,197.16036390987512,404.514191982355,-141.9101281177285,-22.13294374106752,82.51714457330846,1093.0654771736495,-1290.7857732182006,100.0,-892.0079583036579,12.217741391907566,0.0,13.27283487567625,0.0,0.0,0.0,0.0,0.0,0.0,0.0,0.0
-641.5682741367048,3367.219854674594,352.8731452017911,250.8739131710047,-1405.3585259063766,59.732877041637664,1451.5959179733209,-914.6974891686833,100.0,-1116.113719600752,141.50455099654266,0.0,20.52560651962314,-1136.6447222521183,1283.6671430192387,280.6102178006209,-1091.6197763942887,-16.254836646226067,10.876524956875357,86.96776457539372,0.0,0.0,0.0,0.0,0.0,0.0,0.0,-1389.3347372190776,914.6974891686837,185.90663086172236,803.5453819681516,-141.50455099654096,-22.86682089229984,76.35484579073531,1144.3120813209175,-1283.6671430192387,100.0,624.1348204835515,16.254836646226067,0.0,13.105635173041488,0.0,0.0,0.0,0.0,0.0,0.0,0.0,0.0
-593.2721194272956,3310.213632131565,383.8082287017296,114.40318238195175,1006.6291436240954,63.91363872564568,1346.7139864114067,-844.0704954104326,100.0,-1299.256052656026,140.98414910110648,0.0,28.51938474504752,-1251.6609325874376,1274.5331252102133,285.68309131346393,-926.9439780955292,-20.278741809238454,9.408131975714866,89.94922347639873,0.0,0.0,0.0,0.0,0.0,0.0,0.0,-1423.4484852576115,844.070495410433,174.3087451130468,-981.2171256717022,-140.98414910110648,-23.509090700952697,67.32490611835873,1139.3976727532315,-1274.5331252102133,100.0,-1097.792351560662,20.278741809238454,0.0,10.89578322629317,0.0,0.0,0.0,0.0,0.0,0.0,0.0,0.0
-591.7510141087622,3427.6235994595477,416.69120413632686,987.9321142309973,1633.2618614837793,67.51853731995084,1264.9459088234912,-773.7323229282624,100.0,283.7732416307199,140.349344714935,0.0,34.109398568036994,-1296.0221441675696,1263.3911316483754,290.01209515436267,509.16125861552246,-24.28619165733153,7.902048841957594,94.06144085421575,0.0,0.0,0.0,0.0,0.0,0.0,0.0,-1245.9913421324493,773.7323229282628,162.4131692437532,1712.065846839937,-140.3493447149367,-24.057180153904483,70.58901264305274,1278.4957268151813,-1263.391131648376,100.0,39.932591298145326,24.28619165733153,0.0,0.0,0.0,0.0,0.0,0.0,0.0,0.0,0.0,0.0
-328.454807777427,3518.5618237620743,451.22579527706876,-1330.110243942367,-797.2141388644081,70.515092620264,1276.2211869543366,-703.7400480827157,100.0,-1176.950044287015,139.6006529541171,0.0,37.55031923337582,-1245.00315215862,1250.2502035757602,293.5798867928576,-76.24043231991664,-28.273934319656746,6.364309112878459,93.35540732259152,0.0,0.0,0.0,0.0,0.0,0.0,0.0,-1228.953044168364,703.740048082716,150.26755841757648,-24.46926785459027,-139.6006529541188,-24.508893536303447,76.27199015942698,1204.5646811503925,-1250.2502035757602,100.0,424.1400341136307,28.273934319656746,0.0,10.047660408573035,0.0,0.0,0.0,0.0,0.0,0.0,0.0,0.0
-259.87455676872753,3439.558699546658,487.1008448067849,798.978862722,-423.6046233314096,72.8763056068425,1181.5907841244186,-634.1504665534964,100.0,1777.780797178441,138.73868134937652,0.0,38.333481454344145,-1327.9407534048669,1235.1210042826156,296.3721732097133,-197.29517817357987,-32.238733916901765,4.801073166032097,99.07767531152459,0.0,0.0,0.0,0.0,0.0,0.0,0.0,-1253.8863029946542,634.1504665534966,137.92056946954222,695.2739802943313,-138.73868134937481,-24.862421227880276,62.93914229638489,1367.703405663695,-1235.1210042826156,100.0,1241.4253385302277,32.238733916901765,0.0,1.0350123332329373,0.0,0.0,0.0,0.0,0.0,0.0,0.0,0.0
-233.92511426043146,3542.4148370065077,523.9931178529706,2007.6210902375121,149.71394096408176,74.5809017061697,1067.0797898953565,-565.0200472522242,100.0,16.295019671498494,137.7641293530911,0.0,37.923839234153526,-1392.2200336619092,1218.0158104546035,298.37776815654223,-1122.5655603432301,-36.17737318703348,3.21860352000499,100.0,0.0,0.0,0.0,0.0,0.0,0.0,0.0,-1177.0939157223647,565.0200472522245,125.42166598060007,-646.5633854848454,-137.7641293530911,-25.11634695251587,53.74133142934448,1406.545472353293,-1218.0158104546035,100.0,747.1607658340099,36.17737318703348,0.0,4.242195226714009,0.0,0.0,0.0,0.0,0.0,0.0,0.0,0.0
-162.22968155569743,3454.7192720478133,561.5702143400417,-905.3793283263542,1197.4953581193517,75.61352247521711,1064.5715265451945,-496.4048865003931,100.0,818.7409417510605,136.6777877716538,0.0,50.175794551514905,-1426.412054645652,1198.9485022108074,299.58863696931223,-197.97066049408045,-40.08665609597301,1.6232397459913273,94.77199004961743,0.0,0.0,0.0,0.0,0.0,0.0,0.0,-1184.956326425161,496.40488650039345,112.82092012033857,482.41767213004664,-136.6777877716538,-25.269653452009138,48.11662702327312,1474.9122681150093,-1198.9485022108074,100.0,-457.8441616311909,40.08665609596619,0.0,12.955283190882176,0.0,0.0,0.0,0.0,0.0,0.0,0.0,0.0
41.64086309382109,3580.259589068905,599.4935639203243,-300.6098367254963,-418.0367150533448,75.96486398147306,1059.76452150336,-428.3606625096468,100.0,858.8460844197652,135.48053812402827,10.12870505670385,40.07422591496869,-1493.6371572789985,1177.9345518406199,299.99992875621535,-1213.1050554832495,-43.96341043110169,0.021373070669881145,95.48770054231659,0.0,0.0,0.0,0.0,0.0,0.0,0.0,-1023.8841401209694,428.360662509647,100.1688120516149,784.1199648521047,-135.48053812402998,-15.193021504679649,59.16975381029118,1469.5215530773762,-1177.9345518406212,100.0,386.09389764993807,43.96341043108123,0.0,11.996395310687564,0.0,0.0,0.0,0.0,0.0,0.0,0.0,0.0
142.4421052470086,3497.8933132363686,637.4214764992256,634.4521847339025,102.05256860986765,75.63176063130072,993.2959291649205,-360.9425902013377,112.48397229928702,-748.5131021550598,134.17335192604696,25.272357669242638,63.08619821902188,-1469.2515163600574,1154.9910112486546,299.6099958309469,1138.9454435340201,-47.80449037526523,-1.5805792278447939,91.25122482633284,0.0,0.0,0.0,0.0,0.0,0.0,0.0,-980.8605116625108,360.9425902013379,100.0,-1369.7680958384387,-134.17335192604696,0.0,46.05629149401129,1539.5968665820933,-1154.9910112486532,100.0,-495.2861889412975,47.80449037529252,0.0,2.048272299118513,0.0,0.0,0.0,0.0,0.0,0.0,0.0,0.0
159.91047275012494,3580.2979778530503,675.0122208694717,-1601.5687876118627,-196.80804571472663,74.61721369220811,938.5790664071255,-294.2053764020251,125.08674429681228,-316.6472702418207,132.75728990238406,25.121744553549945,50.120287449475455,-1540.4731508450434,1130.1364981178685,298.4204003135422,1567.9822316073637,-51.60677905957073,-3.176199528421648,97.70144594727931,0.0,0.0,0.0,0.0,0.0,0.0,0.0,-986.8430786878475,294.2053764020253,100.0,-1381.171442632064,-132.75728990238235,0.0,41.513252080315226,1493.0157753246112,-1130.1364981178704,100.0,419.6211415367827,51.60677905957073,0.0,13.300811908701226,0.0,0.0,0.0,0.0,0.0,0.0,0.0,0.0
226.95072234518983,3523.6770232457256,711.9271037156816,592.5194918844176,-1028.8216587557486,72.93036425115588,875.8496462123605,-228.2031754512708,137.58901566114463,90.7853179398262,131.23350112550725,24.870490589250522,63.5061494016563,-1496.532992508334,1103.3911808021248,296.43590787232915,-609.1464574898089,-55.36719109246633,-4.759095576700076,94.92761915683921,0.0,0.0,0.0,0.0,0.0,0.0,0.0,-888.6349080745027,228.20317545127102,100.0,-421.87658686513316,-131.23350112550554,0.0,41.243571227653575,1560.8143409223107,-1103.391180802123,100.0,-250.32061502148167,55.36719109246633,0.0,3.88134484798543,0.0,0.0,0.0,0.0,0.0,0.0,0.0,0.0
333.23917866177186,3493.6752998252086,747.8335212475688,1461.1906586465977,395.19988959189277,70.58641085344846,825.4031731683007,-162.98954525775298,149.9407007305664,191.50735176936223,129.603222083648,24.519602331140362,62.78304324149613,-1637.924155880522,1074.776761960452,293.6644686320649,63.186520422806325,-59.08267506354832,-6.322926093268109,83.67560154852788,0.0,0.0,0.0,0.0,0.0,0.0,0.0,-830.6683628457436,162.98954525775343,100.0,-504.04992637923215,-129.603222083648,0.0,35.39879659864307,1594.957902520099,-1074.7767619604538,100.0,-813.823985888738,59.08267506355514,0.0,10.983390869852524,0.0,0.0,0.0,0.0,0.0,0.0,0.0,0.0
387.410271208867,3426.875658021503,782.4079559663188,306.3282491664282,573.1446884151364,67.60647256338075,695.2833305193909,-98.61740383935876,162.09231711087673,-936.9686411732442,127.8677756771765,24.07048548143692,70.27525161475546,-1675.24756591828,1044.3164609462824,290.1171853247422,-1043.0003423337087,-62.75021601955132,-7.861426177616977,82.02004274898698,0.0,0.0,0.0,0.0,0.0,0.0,0.0,-783.6414956137555,98.61740383935899,100.0,616.7151373708356,-127.8677756771765,0.0,34.15643928382939,1644.417741521207,-1044.3164609462806,100.0,1092.1002896772666,62.75021601955132,0.0,13.576052826726212,0.0,0.0,0.0,0.0,0.0,0.0,0.0,0.0
540.0289988882818,3429.5032266403223,815.3388915633832,101.59709521510024,-931.0675837865074,64.01739868112088,712.9563633407142,-35.13898638251885,173.99518390805156,636.1082592744015,126.0285701451869,23.524939258375497,77.8600596071568,-1625.674731918872,1012.0349949659603,285.8082688106578,488.6515211951428,-66.36683791087762,-9.368432406114948,89.12600807812139,0.0,0.0,0.0,0.0,0.0,0.0,0.0,-606.3168393715777,35.13898638251908,100.0,623.4370866856227,-126.0285701451869,0.0,24.46462106447812,1639.7929309842457,-1012.0349949659621,100.0,-698.5456097493068,66.3668379108708,0.0,7.482318904899315,0.0,0.0,0.0,0.0,0.0,0.0,0.0,0.0
653.7977986771485,3484.169601073487,846.3296196882769,272.82101153633164,1699.744672887448,59.85152683000251,652.5545506086808,27.39419714436849,185.60161674998693,805.4546455184743,124.08709792273498,22.88514918830245,75.066334625332,-1592.53710166461,977.9585590218035,280.7549811479297,2681.180519779932,-69.92960600648303,-10.837907523445551,90.43072229253566,0.0,0.0,0.0,0.0,0.0,0.0,0.0,-584.8231411782277,-27.394197144368263,100.0,211.05223185541035,-124.0870979227384,0.0,20.593918028538084,1610.4909871952395,-977.9585590218016,100.0,-170.83584994568923,69.92960600645574,0.0,11.89449509378146,0.0,0.0,0.0,0.0,0.0,0.0,0.0,0.0
701.8029659519818,3434.6772165505326,875.1009132964128,-2062.8393857435026,-191.06819474054873,55.14639159390185,640.2468139432074,88.93140378903126,196.86511881605418,-363.7472089824547,122.04493443000842,22.153678350224197,75.3341180328058,-1673.596570530118,942.1148046560061,274.97756643853455,-1414.4327288565182,-73.4356292754751,-12.263964628636757,90.72669530927283,0.0,0.0,0.0,0.0,0.0,0.0,0.0,-592.2198336264833,-88.93140378903104,100.0,395.5018003120182,-122.04493443001184,0.0,14.33250295666596,1686.5414421188193,-942.1148046560083,100.0,-1176.5016830838283,73.43562927550238,0.0,18.203852026314085,0.0,0.0,0.0,0.0,0.0,0.0,0.0,0.0
864.9558897117477,3285.638990600345,901.3935424900367,273.28018572004623,1147.9008270154418,49.94438633007917,542.8299495193227,149.42269879101673,207.74056710917495,-80.15342232238538,119.90373679358868,21.33345710773156,72.97005285831202,-1766.0030178666775,904.532817512611,268.49916972790527,836.1894733939062,-76.88206273275682,-13.640890758677529,81.43126203327076,0.0,0.0,0.0,0.0,0.0,0.0,0.0,-494.579909251965,-149.4226987910165,100.0,2589.3209713973197,-119.90373679358868,0.0,22.228239602569978,1740.3937561443147,-904.5328175126087,100.0,-97.14779446883654,76.8820627327159,0.0,14.668541602807744,0.0,0.0,0.0,0.0,0.0,0.0,0.0,0.0
966.3090637283118,3288.930238518753,924.9706101844921,2593.8487590972272,-917.9171531594807,44.292381203927675,374.4466354372427,208.81899610157484,218.18439322418746,442.33409367330296,117.66524250207226,20.42777136965043,85.47760310961434,-1754.840291589427,865.243093735784,261.34574428298595,-100.72570002625866,-80.26610974786308,-14.963169775393794,89.01665803473284,0.0,0.0,0.0,0.0,0.0,0.0,0.0,-447.9100256889211,-208.8189961015746,100.0,-157.74303468001818,-117.66524250207226,0.0,16.8598075327338,1741.0033105582722,-865.2430937357867,100.0,176.8997987920352,80.2661097478699,0.0,20.22429200203487,0.0,0.0,0.0,0.0,0.0,0.0,0.0,0.0
990.8632148761582,3392.020356488002,945.6196865554193,533.5468579950128,327.3076410693511,38.241300888231535,322.2097460248479,267.0720982148432,228.15475788832288,917.5413983693945,115.33126799587421,19.44024942622889,89.48978416611007,-1791.6197832421406,824.2775152235174,253.54594762020074,518.2897359700576,-83.58502431412148,-16.225504463773746,87.66633459071863,0.0,0.0,0.0,0.0,0.0,0.0,0.0,-385.215431508798,-267.072098214843,100.0,434.838589561507,-115.33126799587421,0.0,24.767879232665678,1814.0138461986764,-824.2775152235149,100.0,-1714.2337074286218,83.5850243141249,0.0,20.12606166953866,0.0,0.0,0.0,0.0,0.0,0.0,0.0,0.0
1020.4032302254367,3196.6366965220996,963.1547230354766,1579.057819604974,-687.5790676521092,31.8456657306308,345.39879167180516,324.1347352780258,237.61171857456154,527.4158250143294,112.90370719361135,18.374847413809192,89.4055807502087,-1798.7914251339635,781.6693237568632,245.13102669986094,-88.0600324056843,-86.83611327707013,-17.422837753279907,72.35138168444641,0.0,0.0,0.0,0.0,0.0,0.0,0.0,-276.7213261632585,-324.13473527802535,100.0,-1237.0024544533178,-112.90370719361476,0.0,10.408157277435892,1777.300328193237,-781.6693237568659,100.0,1020.7550742442868,86.8361132770633,0.0,32.66031238230005,0.0,0.0,0.0,0.0,0.0,0.0,0.0,0.0
1251.116135310602,3212.646968122384,977.4177286154405,-701.04787412532,220.22493262235912,25.16310052453605,283.020163676814,379.9606034488181,246.51738951638907,-1088.973243977184,110.38452995504485,17.23583346601643,80.78895214328324,-1736.153109433035,737.4530940256716,236.1346927469359,-507.37651733396433,-90.01673851974829,-18.5503729771024,84.65597640192992,0.0,0.0,0.0,0.0,0.0,0.0,0.0,-259.8981413272658,-379.9606034488179,100.0,633.8390733849384,-110.38452995503803,0.0,8.277848474941962,1816.9998989420014,-737.4530940256716,100.0,850.9298855976829,90.01673851974829,0.0,33.949439229411404,0.0,0.0,0.0,0.0,0.0,0.0,0.0,0.0
1202.057401720097,3023.8202522041906,988.2801933461726,-183.06203431337622,1127.4458617709342,18.253815308360686,215.65710113672344,434.5044024689446,254.83609348291034,-1159.1580170154803,107.77578048267628,16.027770615087462,92.16757340866461,-1731.9618448520919,691.6647055727501,226.59298619967612,-644.1127290006,-93.12431910343776,-19.60359308820614,74.14995666190266,0.0,0.0,0.0,0.0,0.0,0.0,0.0,-186.28872145192705,-434.50440246894414,100.0,-692.6947995636668,-107.77578048267628,0.0,7.570595568551356,1753.8602499409933,-691.6647055727501,100.0,259.8527015411389,93.12431910343435,0.0,23.061620206532936,0.0,0.0,0.0,0.0,0.0,0.0,0.0,0.0
1354.213909489098,3117.6405252423247,995.6442462156904,-742.7873554477776,-1121.1059433813375,11.180062872184067,184.90562539312265,487.72187242336304,262.53450470629843,315.96112801663935,105.07957566297591,14.755498511797782,86.36636246278772,-1877.0693348138316,644.3413136791619,216.5441323271069,-216.28066091534038,-96.15633336196538,-20.578278755185693,69.94339128568505,0.0,0.0,0.0,0.0,0.0,0.0,0.0,-69.72482829190955,-487.7218724233628,100.0,-429.6044798637414,-105.07957566297591,0.0,9.693330021642993,1790.0309181640482,-644.3413136791623,100.0,216.21120395700814,96.15633336196538,0.0,29.197304827801602,0.0,0.0,0.0,0.0,0.0,0.0,0.0,0.0
1368.9506188136488,3078.272051063747,999.4435369688256,1099.1199795045043,-129.20304767476637,4.005577858770266,-11.88097795099614,539.5698296552437,269.58178238898404,-611.4980932922741,102.29810334856666,13.42411403720348,94.49787598394778,-1772.6552138963364,595.5213192143462,206.02838809382706,869.2152505383842,-99.11032094789903,-21.470525265436606,69.57543995013789,0.0,0.0,0.0,0.0,0.0,0.0,0.0,31.56586011701029,-539.5698296552437,100.0,-151.80988887755663,-102.29810334856325,0.0,11.065880729334454,1824.54015742779,-595.5213192143465,100.0,561.1296789467212,99.11032094793995,0.0,31.043770106027797,0.0,0.0,0.0,0.0,0.0,0.0,0.0,0.0
1492.9311607551829,3113.270509710401,999.643833924275,720.6519494475276,564.1539813535314,-3.204997486646448,-32.13464754283107,590.0062018076258,275.94969425574584,-833.992823852494,99.43362058306889,12.038950883932387,96.85669684863738,-1803.0169495976734,545.244337475483,195.0878808855761,522.9270006473314,-101.98388482918403,-22.276758167917592,57.93731876439314,0.0,0.0,0.0,0.0,0.0,0.0,0.0,0.5565920794457035,-590.0062018076258,100.0,850.5311228713775,-99.4336205830723,0.0,0.0,1730.4279967934617,-545.244337475483,100.0,189.38577194463164,101.98388482913288,0.0,37.208215663673855,0.0,0.0,0.0,0.0,0.0,0.0,0.0,0.0
1491.4094994434847,2900.1912848912775,996.2433324026944,-1335.3096984365368,-1602.0372955942048,-10.386695744296617,-84.62916376468124,638.990061963302,281.61272965573346,-684.793151099952,96.48845176931559,10.60555818869517,95.87118016499021,-1831.9551909808604,493.55116604140744,183.7664397416615,-921.4508369769203,-104.77469323395894,-22.99374759285243,57.812984207038966,0.0,0.0,0.0,0.0,0.0,0.0,0.0,89.51130303792415,-638.9900619633017,100.0,1497.694889995802,-96.488451769319,0.0,0.0,1782.3827722700587,-493.55116604140767,100.0,782.5001864727017,104.77469323400328,0.0,47.251252832172874,0.0,0.0,0.0,0.0,0.0,0.0,0.0,0.0
1557.6367005000511,2855.2294768073757,989.2726709868933,-856.92722962316,-526.1413355112927,-17.474809677510166,-146.21408183282975,686.4816618552277,286.54820176132375,638.3900559313863,93.46498678344801,9.129678301791841,100.0,-1833.7581039125364,440.48375166715323,172.10941977034906,709.7391927369313,-107.48048154292292,-23.61862119100948,52.89140921381807,0.0,0.0,0.0,0.0,0.0,0.0,0.0,154.59368101261896,-686.4816618552277,100.0,280.2802720583074,-93.46498678344801,0.0,5.2552315727761005,1769.37056011364,-440.4837516671537,100.0,218.31651787298142,107.4804815429195,0.0,39.53140158691322,0.0,0.0,0.0,0.0,0.0,0.0,0.0,0.0
1515.3262179424169,2865.0593101198024,978.7946554676266,1442.6987696468257,-1014.4979322777522,-24.40547524610224,-267.9554023170284,732.4424641205069,290.7363384543871,775.57666831792,90.36567903541368,7.617223782506812,92.12623653666932,-1775.0862844381911,386.0851562459893,160.1635204506305,-640.0703491999479,-110.09905412671401,-24.148875640613596,52.849080640949346,0.0,0.0,0.0,0.0,0.0,0.0,0.0,241.07906301717637,-732.4424641205064,100.0,452.6649136049312,-90.36567903541027,0.0,0.0,1744.7741313068186,-386.08515624598954,100.0,-298.44085886805146,110.09905412671742,0.0,61.93316391153427,0.0,0.0,0.0,0.0,0.0,0.0,0.0,0.0
1660.937919363681,2745.4215303562114,964.9036929622358,289.0667825585524,-1229.7643510204648,-31.116247022709445,-303.36586452796007,776.8351735717811,294.16036153586487,-652.6708662560986,87.19304347835987,6.074253712689881,99.37110293361248,-1773.5375536095128,330.39952186657024,147.97659854827367,479.13751408641474,-112.6282861279094,-24.58238667608427,44.25736495883537,0.0,0.0,0.0,0.0,0.0,0.0,0.0,286.7702699052532,-776.8351735717806,100.0,887.6814779430376,-87.19304347835987,0.0,1.8944350473617204,1765.3677337709687,-330.39952186657047,100.0,-985.0323830250443,112.62828612790258,0.0,53.412176497381004,0.0,0.0,0.0,0.0,0.0,0.0,0.0,0.0
1697.928272839343,2662.5252245849224,947.7249413047407,-238.9910461368413,-335.7701505746445,-37.54666082705626,-384.329166343125,819.6237674606516,296.8065539413311,846.5545751472081,83.94965456774798,4.506949423290223,95.632232264461,-1782.6549364059172,273.47203499355373,135.59747639563741,-32.98408138709647,-115.06612518497036,-24.917417598029203,35.513002666106395,0.0,0.0,0.0,0.0,0.0,0.0,0.0,305.0433483934452,-819.6237674606516,100.0,-541.654325785039,-83.94965456774457,0.0,3.12809758713984,1733.4511016711338,-273.4720349935503,100.0,1217.7872672916476,115.06612518498059,0.0,57.12290741826585,0.0,0.0,0.0,0.0,0.0,0.0,0.0,0.0
1763.4394295071684,2588.7426294043903,927.4131813714009,-553.7903512365028,4.415358319054121,-43.63877850963263,-422.8123014390255,860.7735247085593,298.66431469326716,-918.0335103538389,80.63814417226922,2.9215897311880212,99.86992359877158,-1772.370572574993,215.3488898007663,123.07574630330583,-291.2620639459931,-117.41059309781804,-25.15262623070015,32.564386829979156,0.0,0.0,0.0,0.0,0.0,0.0,0.0,443.8815062370771,-860.7735247085589,100.0,238.69709274663109,-80.63814417226922,0.0,12.4130183322228,1812.7429412387353,-215.34888980077017,100.0,-946.8746666728873,117.41059309781804,0.0,67.22658037141429,0.0,0.0,0.0,0.0,0.0,0.0,0.0,0.0
1852.1210199772154,2503.661545218324,904.1514225020958,997.0319597670812,740.4071220669266,-49.33770997518934,-535.9501811693442,900.2510540814405,299.7262013699033,-481.8573515722065,77.2611994382396,1.3245257854580927,95.4769198642991,-1732.2191454086817,156.07725068662626,110.46157188709377,-510.2396410597555,-119.65978743292226,-25.28707029891656,28.390743869888542,0.0,0.0,0.0,0.0,0.0,0.0,0.0,429.162150678861,-900.2510540814405,100.0,239.30180250708418,-77.26119943824642,0.0,6.202694027737307,1671.429009278369,-156.07725068662262,100.0,-735.410486915456,119.65978743291885,0.0,60.47372030268912,0.0,0.0,0.0,0.0,0.0,0.0,0.0,0.0
1919.904931201299,2467.6638067244376,878.1492535827272,-1030.747946512737,1019.486832707621,-54.5921077438652,-576.6574080844427,938.0243212852483,299.98795992048997,-685.068671890732,73.82156060908073,-0.27784437611785506,81.4310745914626,-1673.8531575825077,95.70521400230291,100.0,-619.8079348929252,-121.81188306708123,0.0,29.017607280536,0.0,0.0,0.0,0.0,0.0,0.0,0.0,507.7358892343958,-938.0243212852483,100.0,-1658.1670145487965,-73.82156060908756,0.0,12.327856160785089,1702.8023788634691,-95.70521400230678,102.19451289366874,-1390.2960626605386,121.8118830671392,25.320211202915885,58.897104356697135,0.0,0.0,0.0,0.0,0.0,0.0,0.0,0.0
1891.2913297678356,2393.619147717386,849.6409546454047,-285.24635930866907,-590.5711591625936,-59.35462959266374,-598.568184748874,974.0626749603884,299.4485417075569,-2134.368221066864,70.3220188018031,-1.8791014583950982,89.47162836752369,-1660.0853125496135,34.281769023621564,100.0,-16.806313854685868,-123.86513366863369,0.0,17.980370637872007,0.0,0.0,0.0,0.0,0.0,0.0,0.0,644.72730050176,-974.0626749603884,100.0,-1431.8922331711751,-70.3220188018031,0.0,5.236220726381631,1622.0169418048883,-34.281769023617926,114.84180618149094,-571.3731779359819,123.86513366857571,25.2519161761375,69.96268305325454,0.0,0.0,0.0,0.0,0.0,0.0,0.0,0.0
1961.6841892705831,2314.0564747155686,818.8833860009413,2022.1858753926313,1399.7798980501284,-63.58236511005032,-728.8553056859762,1008.3368715539605,298.11010770788573,301.76496274514307,66.76541374201634,-3.4728306253657593,85.19935366143292,-1631.9675887301476,-28.143241801597924,100.0,896.166071813276,-125.81787311421749,0.0,20.427747208811322,0.0,0.0,0.0,0.0,0.0,0.0,0.0,801.1510124146137,-1008.33687155396,100.0,-114.38304112357287,-66.76541374200951,0.0,6.579302905739575,1667.8739684700342,28.143241801593604,127.42964133870366,412.38338551927086,125.8178731142209,25.082458816993807,71.18097450511513,0.0,0.0,0.0,0.0,0.0,0.0,0.0,0.0
1996.6290537956415,2177.5928568585205,786.1536739226107,442.5193219541461,1174.2335239594945,-67.23722231922011,-771.4814373395529,1040.819099049626,295.97801985536734,479.71882677631015,63.15463145960166,-5.05264719879051,81.51677308493058,-1634.361667198253,-91.51916329851497,100.0,1092.8605826399235,-127.66851684079825,0.0,20.27241630439364,0.0,0.0,0.0,0.0,0.0,0.0,0.0,730.8073395186037,-1040.8190990496255,100.0,541.5638561113553,-63.15463145960848,0.0,15.957538689312198,1656.8382988666374,91.5191632985186,139.90758992433985,-49.10674251801538,127.66851684079825,24.81251799280429,74.62772200139852,0.0,0.0,0.0,0.0,0.0,0.0,0.0,0.0
1865.174311206656,2130.1201271937066,751.7467137332003,-532.3560831591908,270.5286727691305,-70.28627088785868,-824.5304111879595,1071.4829995358482,293.0608195604241,-1260.1217736051797,59.49260194701765,-6.612222236016407,78.26825987366323,-1645.622758222319,-155.79456866973442,100.0,-136.4095242275357,-129.41556313172669,0.0,18.544203299577582,0.0,0.0,0.0,0.0,0.0,0.0,0.0,801.9707266374803,-1071.4829995358482,100.0,812.121382787534,-59.49260194701765,0.0,20.759149753016576,1596.8418347880327,155.7945686697301,152.2256637167726,-220.21481815482275,129.41556313172669,24.443175120269984,77.05473941658708,0.0,0.0,0.0,0.0,0.0,0.0,0.0,0.0
2045.2556239871412,2049.4649307839713,715.9725127925957,-424.9459469791407,-90.38607733623621,-72.70203883088584,-878.5942635431244,1100.3036905941908,289.370193492052,164.40391409963013,55.78229678156276,-8.145307884516058,82.7239684023389,-1635.1351875131452,-220.91730122591468,100.0,368.5560395715538,-131.05759433509547,0.0,11.153927016396487,0.0,0.0,0.0,0.0,0.0,0.0,0.0,927.754096521777,-1100.3036905941908,100.0,367.04077828231675,-55.78229678156276,0.0,12.162877811244599,1557.0010976486121,220.91730122591446,164.33451497277912,-287.334115284051,131.05759433509547,23.975909833102662,85.55480756107578,0.0,0.0,0.0,0.0,0.0,0.0,0.0,0.0
1933.2365684814629,1898.394075892343,679.1533973256201,-425.6664113372858,-1249.7081454382703,-74.46276003359856,-940.7170047585643,1127.2577854903052,284.9209267595652,-324.710657217521,52.026726714111646,-9.645762411565784,77.86874305184709,-1494.0064810038175,-286.83451670863076,100.0,-978.5196526978552,-132.59327801417044,0.0,10.364147724528062,0.0,0.0,0.0,0.0,0.0,0.0,0.0,967.4392991245404,-1127.2577854903052,100.0,2232.381400519457,-52.02672671411847,0.0,16.379420843561043,1611.9902154115903,286.8345167086303,176.1856341207677,-226.8781753921519,132.59327801417044,23.41259405444532,89.47617494672599,0.0,0.0,0.0,0.0,0.0,0.0,0.0,0.0
1980.9723595056796,1818.9276900785333,641.6211082566876,-1100.5004349330352,-413.89639062992615,-75.55257036476917,-1015.4496114896873,1152.323412151261,279.73084368159823,-1001.1308996075815,48.22893922605772,-11.107574808791014,70.7654871246361,-1562.7040918871683,-353.4927261712104,100.0,1065.4206842876442,-134.02136802859843,0.0,12.512934030214222,0.0,0.0,0.0,0.0,0.0,0.0,0.0,1042.2573966515567,-1152.323412151261,100.0,730.562086713291,-48.22893922606454,0.0,30.975763558143363,1469.9921623366536,353.49272617121017,187.7315440961849,467.8136155168147,134.02136802860014,22.75548449771378,92.74399941992957,0.0,0.0,0.0,0.0,0.0,0.0,0.0,0.0
1986.3362214755725,1844.1531113001272,603.7138122177898,476.5368190935351,-727.5444814630885,-75.96165061272757,-1054.0818842173337,1175.4802309137685,273.82073637965925,326.8351658404458,44.39201605639255,-12.524888873014106,67.75159992993052,-1452.7893910564596,-420.8378393826673,100.0,-1230.9716544753098,-135.34070554558696,0.0,6.856047970040374,0.0,0.0,0.0,0.0,0.0,0.0,0.0,1027.0188147066867,-1175.480230913768,100.0,-977.5593711416332,-44.39201605639255,0.0,36.98383071903406,1447.2084903635423,420.8378393826671,198.92599054056993,-427.48882099338744,135.34070554558525,22.007213625906132,89.3840443539285,0.0,0.0,0.0,0.0,0.0,0.0,0.0,0.0
2038.6209917904896,1688.367443562846,565.7730546608094,260.3962044148386,13.254283990811473,-75.68631495681643,-1093.2344466067584,1196.709451028933,267.21428148229177,499.6441831195307,40.519070700981956,-13.892026666957804,66.8062777350821,-1422.9558454193193,-488.81520871956843,100.0,542.9447570009461,-136.55021998026086,0.0,6.778626805381775,0.0,0.0,0.0,0.0,0.0,0.0,0.0,1083.8072824049157,-1196.7094510289326,100.0,608.3917940493495,-40.519070700981956,0.0,26.17002574970247,1494.9858578545723,488.8152087195681,209.72412710229602,-1725.1980328394018,136.55021998025916,21.170779105696624,92.01424506672032,0.0,0.0,0.0,0.0,0.0,0.0,0.0,0.0
2026.5097215056105,1663.4050666233952,528.1406825265146,-1758.925999289362,836.9826633275591,-74.72904417643633,-1120.1300347562467,1215.9938459101281,259.9379452735417,-184.08460753153122,36.613245886139794,-15.203511265736438,68.22102753713335,-1357.764325361581,-557.3696735101983,100.0,-456.43280582207694,-137.6489298643827,0.0,5.225198490229115,0.0,0.0,0.0,0.0,0.0,0.0,0.0,1135.488604248477,-1215.9938459101281,100.0,328.61302940531573,-36.613245886146615,0.0,29.854915107627477,1353.1770010670616,557.369673510198,220.08269509666036,-68.89357420338115,137.6489298643827,20.249531798297227,97.15892961545514,0.0,0.0,0.0,0.0,0.0,0.0,0.0,0.0
2000.1144331671558,1473.9762373555038,491.1557641972252,1491.4238500728698,-767.871283666941,-73.09846329941308,-1283.2492710316385,1233.3177671116182,252.02087766571537,612.793476635286,32.67771101845028,-16.454088698137355,59.75559294854107,-1351.5241914816752,-626.4456047950395,100.0,-265.8251753105867,-138.63594364284324,0.0,11.809791106367896,0.0,0.0,0.0,0.0,0.0,0.0,0.0,1228.4546210181243,-1233.3177671116182,100.0,-853.7849222156058,-32.67771101845028,0.0,30.69886553985773,1387.8460375452878,626.4456047950392,229.9601968055817,-339.7619684058577,138.63594364290975,19.24716233556694,96.47080834577294,0.0,0.0,0.0,0.0,0.0,0.0,0.0,0.0
2043.3349017661603,1394.121420476322,455.1515344842506,-441.74044951394876,-1740.882515605881,-70.8092638900979,-1325.8867905258676,1248.6671570265926,243.49479542118752,-559.9762762167836,28.71565961284432,-17.63874899464483,46.637806413922476,-1345.51069360879,-695.9869504672483,100.0,625.784672661365,-139.51046039686844,0.0,7.832642840421361,0.0,0.0,0.0,0.0,0.0,0.0,0.0,1286.5497922368534,-1248.6671570265926,100.0,521.4717496437959,-28.71565961284432,0.0,46.02624398809105,1256.0126419540893,695.9869504672481,239.3170617226457,338.9483904924157,139.51046039680364,18.167686334858644,93.3384514983464,0.0,0.0,0.0,0.0,0.0,0.0,0.0,0.0
1960.224374294662,1206.2990365743365,420.45239217600295,-1138.0534580395806,-104.9344678097043,-67.88207167836276,-1335.8011490572683,1262.0295602942983,234.39385509108692,-542.6283476860283,24.73030670134449,-18.752746258048916,59.3872618386328,-1289.4486070810299,-765.9372807564957,100.0,829.554402388087,-140.27177049429724,0.0,7.685601308232094,0.0,0.0,0.0,0.0,0.0,0.0,0.0,1273.8881323226324,-1262.0295602942979,100.0,719.9869755644215,-24.73030670134449,0.0,52.59836806648439,1251.3076318880917,765.9372807564954,248.11580507749957,-1996.7627365187411,140.27177049436204,17.015428311950984,91.75989466634633,0.0,0.0,0.0,0.0,0.0,0.0,0.0,0.0
1935.9870540741176,1145.003818725336,387.3709771987555,-1291.0106513514415,164.82053063253034,-64.3432607212128,-1282.6418868024389,1273.394133907023,224.75451617988304,-1396.5804686873435,20.72488622408173,-19.79161767607735,65.84728349441298,-1233.7474256451742,-836.2398340192696,100.0,652.9639049937009,-140.91925616517756,0.0,2.9258882785089813,0.0,0.0,0.0,0.0,0.0,0.0,0.0,1429.461206148859,-1273.394133907023,100.0,1289.8808742713095,-20.72488622408173,0.0,44.70722158802715,1209.4086128021033,836.2398340192736,256.3211780045281,-606.0947132519107,140.91925616510935,15.795004356502318,99.78997112391974,0.0,0.0,0.0,0.0,0.0,0.0,0.0,0.0
1823.4228293659573,1129.7438552762026,356.20535372505265,68.14446551330093,-1161.3381929100717,-60.22471577208137,-1422.9200612555255,1282.751656008722,214.6153950840561,-2.3075814225353497,16.702648405148466,-20.7512013999812,47.551053031327925,-1096.179153635402,-906.8375627984574,100.0,1316.1791476759538,-141.45239200311153,0.0,0.8679328358213585,0.0,0.0,0.0,0.0,0.0,0.0,0.0,1410.38152667372,-1282.751656008722,100.0,1209.7550860171248,-16.702648405148466,0.0,50.72074409536045,1111.9663219842414,906.8375627984527,263.9003087542113,977.2691499222526,141.45239200317633,14.51130363941843,90.55574588663788,0.0,0.0,0.0,0.0,0.0,0.0,0.0,0.0
1854.229658077068,934.3924536136278,327.23632460986875,-2026.909453166728,105.01058778239099,-55.56354499859452,-1466.4991089434977,1290.094533378156,204.0171103899831,-1590.2012538159659,12.666857115204948,-21.627653217428104,54.594184366388916,-990.5152031820359,-977.6731801148966,100.0,540.2961521250961,-141.87074539160676,0.0,4.209196141801928,0.0,0.0,0.0,0.0,0.0,0.0,0.0,1468.0423661453215,-1290.094533378156,100.0,-1783.8057470783667,-12.666857115198127,0.0,58.45908190330305,1105.0991988524067,977.6731801149008,270.8228343814671,-738.694891476689,141.87074539154196,13.169468826215791,95.1486670738615,0.0,0.0,0.0,0.0,0.0,0.0,0.0,0.0
1829.1763993778923,749.6177019254513,300.7249013516039,-200.1700456481251,662.397405232623,-50.401745637286126,-1487.582573439715,1295.4168075904554,193.00212015080592,232.47707594532585,8.620787222919262,-22.417461952881297,43.561953681801015,-1084.137488229425,-1048.689205953243,100.0,679.7003159019278,-142.17397685507194,0.0,9.883670952509624,0.0,0.0,0.0,0.0,0.0,0.0,0.0,1476.1679939850997,-1295.4168075904554,100.0,-1209.2744479311489,-8.620787222919262,0.0,58.693362295372076,996.3739031961995,1048.6892059532381,277.06102238340065,838.1818647860132,142.17397685506853,11.77487547487118,91.60383070994845,0.0,0.0,0.0,0.0,0.0,0.0,0.0,0.0
1718.5342540248005,646.4666090176379,276.90995237356117,-1347.9020951256928,43.856967211319215,-44.785825597675455,-1513.4373651065343,1298.7141598521234,181.61455179416345,269.4399143953581,4.56772193763527,-23.11746353384791,37.67419864252919,-1002.4339135901636,-1119.8280139045014,100.0,-803.2374518903487,-142.3618403345131,0.0,5.775896790501528,0.0,0.0,0.0,0.0,0.0,0.0,0.0,1460.9879957539872,-1298.7141598521234,100.0,226.19311703033077,-4.56772193763527,0.0,69.88634738109704,967.0412770056388,1119.8280139045055,282.5898817991782,-490.28475578457915,142.36184033450968,10.333110500658051,93.35375453992019,0.0,0.0,0.0,0.0,0.0,0.0,0.0,0.0
1737.9128686482395,619.2018197126977,256.00605081494956,147.57131348735356,845.6154116721962,-38.76638442525774,-1571.3034877400487,1299.9839145055494,169.90002534220085,1212.5999572398473,0.510950145123843,-23.724853666495278,34.820096643123165,-948.35278973812,-1191.0318779273455,100.0,-110.86388463605829,-142.43418338684592,0.0,12.286769226582878,0.0,0.0,0.0,0.0,0.0,0.0,0.0,1579.692428411632,-1299.9839145055494,100.0,639.1086978911858,-0.510950145123843,0.0,62.443194163808556,918.4352348278849,1191.0318779273407,287.3872633269394,598.0219199468689,142.43418338684592,8.849949794264376,84.69880247362539,0.0,0.0,0.0,0.0,0.0,0.0,0.0,0.0
1610.6645965826042,473.80949706934695,238.20154122285538,-88.83349826104677,-671.7281798223426,-32.397657398389015,-1489.2728784065737,1299.2250412001872,157.90547065205888,-1132.9098763986485,-3.546236261147442,-24.23719907004397,44.733765328581185,-856.3916064396568,-1262.2430191902824,100.0,1212.3475922852795,-142.39094730890542,0.0,6.987688991699407,0.0,0.0,0.0,0.0,0.0,0.0,0.0,1572.3825986115194,-1299.2250412001872,100.0,-430.4093408000881,3.546236261147442,0.0,62.56991438312243,838.9020660741883,1262.2430191902865,291.43394805666935,-615.6777255785045,142.39094730897023,7.331335082863575,93.8824643367426,0.0,0.0,0.0,0.0,0.0,0.0,0.0,0.0
1726.262265405462,419.17612037675053,223.65684256432206,1039.2140058499672,-291.64163059741156,-25.737026867672057,-1522.1620906546,1296.4381557286415,145.6789394090007,91.96855541461787,-7.600545051302561,-24.652447224751768,31.23979107183722,-741.2712494050181,-1333.4036529566567,100.0,-655.6865263149336,-142.232167184751,0.0,19.755216641014414,0.0,0.0,0.0,0.0,0.0,0.0,0.0,1660.474552848879,-1296.4381557286415,100.0,758.6415257138958,7.600545051302561,0.0,71.7604598833346,754.6002109212278,1333.403652956652,294.7137244635541,184.6507209975107,142.2321671846828,5.783350126786786,88.0915426458691,0.0,0.0,0.0,0.0,0.0,0.0,0.0,0.0
1621.574660585628,211.68034206147604,212.50300284843382,-813.4485755441676,-928.6795850109982,-18.844505239700027,-1649.6375061948456,1291.625519526976,133.2694126253546,302.3887686020055,-11.648686330481723,-24.968934594619157,27.90913610642268,-723.9991628034544,-1404.4560354744442,100.0,-1138.5250210959975,-141.95797185759716,0.0,13.073288724238138,0.0,0.0,0.0,0.0,0.0,0.0,0.0,1630.3383245635046,-1291.625519526976,100.0,786.7411997895749,11.648686330481723,0.0,69.79959349426541,756.0125882055598,1404.4560354744483,297.21345335337526,-734.5183983158432,141.95797185765855,4.212196347253325,91.67971169294945,0.0,0.0,0.0,0.0,0.0,0.0,0.0,0.0
1558.7813423346142,233.31374198470613,204.8405183812826,-802.6210991211531,-101.8632366819827,-11.78219426431724,-1705.5807832109933,1284.7910378396596,120.72660441645607,-910.9540166221882,-15.687375208540288,-25.185393291684903,24.595389459724977,-680.2223630649667,-1475.342510832794,100.0,-1318.1657084404117,-141.56858382499195,0.0,21.139781387651837,0.0,0.0,0.0,0.0,0.0,0.0,0.0,1685.3012976185453,-1284.7910378396596,100.0,1019.0185346767873,15.687375208540288,0.0,82.8236514171412,650.6973858665013,1475.3425108327936,298.92312049976425,1655.566119033433,141.56858382492373,2.624167982677079,87.07546442528654,0.0,0.0,0.0,0.0,0.0,0.0,0.0,0.0
1480.183925018309,63.07098855615307,200.73842829235804,-135.96862585690587,-590.6629456121054,-4.613725496501786,-1720.769877968365,1275.9402565506302,108.10076283969083,639.3766123906323,-19.71333446552535,-25.30095615535437,19.787289039993066,-616.1638802836179,-1546.0055577472692,100.0,503.22830639060385,-141.0643190583619,0.0,14.143555321155906,0.0,0.0,0.0,0.0,0.0,0.0,0.0,1716.4834771269047,-1275.9402565506302,100.0,2163.089583069425,19.71333446552535,0.0,78.87805805388123,653.5589420896381,1546.005557747269,299.8358767624449,153.4377856562179,141.06431905842328,1.025626873175156,73.84111596406007,0.0,0.0,0.0,0.0,0.0,0.0,0.0,0.0
1331.683982252438,19.81812477897048,200.23369249068594,-259.60513510854753,769.034682362148,2.596313024999688,-1677.3982476344156,1265.0803576830504,100.0,4.369273288551767,-23.723297210985947,0.0,18.81894791881568,-561.5088683205051,-1616.387836235888,100.0,367.14799339380477,-140.44558674656173,0.0,15.21188493953246,0.0,0.0,0.0,0.0,0.0,0.0,0.0,1754.0270560888428,-1265.0803576830504,104.55753140550765,-170.80895741941958,23.723297210985947,25.315160226352162,83.76907798842154,475.38985818381434,1616.3878362358878,299.9480655257455,-1986.3960303743625,140.44558674649693,-0.5770230257724052,77.31373718946318,0.0,0.0,0.0,0.0,0.0,0.0,0.0,0.0
1348.4268687197678,-57.91705666186989,203.33085865535372,27.23616182594924,-1493.3700552012263,9.782958717204906,-1730.4201094341308,1252.220153571409,100.0,-820.1232262598387,-27.71400953498187,0.0,24.721133000029,-413.7442180447676,-1686.4322341480015,100.0,1255.301513449923,-139.7128889638418,0.0,21.51717703723786,0.0,0.0,0.0,0.0,0.0,0.0,0.0,1710.2880326444863,-1252.220153571409,117.19756761025933,-307.5258079157072,27.71400953498187,25.227948601382977,78.95733926939857,444.16584393495276,1686.432234148001,299.2592373474579,328.43683260371193,139.71288896384522,-2.1773612983574253,70.89778009643892,0.0,0.0,0.0,0.0,0.0,0.0,0.0,0.0
1272.6994266146564,-292.4629072327686,210.00202126083553,-0.8916200214184755,-166.10393352260786,16.881459766956652,-1730.9389046378953,1237.3700797106962,100.0,-1292.7243845548878,-31.68223314845136,0.0,14.116203634433443,-429.8860505592421,-1756.0819135083184,100.0,381.39885686631857,-138.86682026263884,0.0,30.96078788681508,0.0,0.0,0.0,0.0,0.0,0.0,0.0,1767.4441468287189,-1237.3700797106962,129.76870820967616,-34.74803461599549,31.68223314845136,25.03967066113887,86.40041853490385,390.1942370902782,1756.081913508318,297.77215175935964,212.57232892603383,138.86682026263543,-3.768976789436067,71.40901325881335,0.0,0.0,0.0,0.0,0.0,0.0,0.0,0.0
1216.318042281093,-341.7788787267058,220.18707300630314,-594.0218002667484,78.81371474450589,23.827858545989216,-1730.4071967719271,1220.5421862884564,100.0,807.4756331378069,-35.62474801094595,0.0,5.660250901023734,-310.347041344744,-1825.2803566384446,100.0,328.2256594925906,-137.9080671908082,0.0,15.745803726023649,0.0,0.0,0.0,0.0,0.0,0.0,0.0,1727.9389860634315,-1220.5421862884564,142.22059164327626,-519.3706793977697,35.62474801093913,24.751080670580734,84.5981054950483,290.054024302992,1825.2803566384441,295.4927662121843,-1364.201897084909,137.908067190873,-5.345493288421608,79.05642831540109,0.0,0.0,0.0,0.0,0.0,0.0,0.0,0.0
1114.037810499219,-569.9111119059346,233.79424638353936,3035.662196543851,-830.1778429132683,30.559567870380704,-1832.811167062201,1201.750128406581,100.0,-1781.1340783282674,-39.53835494348141,0.0,10.429927746937956,-231.33722500482045,-1893.9714120185142,100.0,-298.7290495931966,-136.8374077345493,0.0,30.801364361834164,0.0,0.0,0.0,0.0,0.0,0.0,0.0,1767.6262793835958,-1201.750128406581,154.50333410968963,-301.6323253609312,39.53835494348141,24.363334757259167,86.54120568313303,319.36126202365443,1893.971412018514,292.4302122093295,-508.2187949576465,136.8374077344845,-6.900595073169313,67.32533866871748,0.0,0.0,0.0,0.0,0.0,0.0,0.0,0.0
1072.7399949458688,-621.5887068432606,250.70094050391725,-34.06729907661827,215.10969603856495,37.01593491216954,-1806.39132030137,1181.009155000795,100.0,804.2124813603346,-43.41987822467672,0.0,6.09425239637256,-182.61199120675508,-1962.099339851702,100.0,-1029.1822384848726,-135.65571068739246,0.0,34.02467291570792,0.0,0.0,0.0,0.0,0.0,0.0,0.0,1827.9770123540347,-1181.0091550007965,166.56772940740143,-509.5452380897598,43.41987822465626,23.87798627977773,86.65821932528229,168.80284096934543,1962.0993398517016,288.59675872491295,890.9987495138407,135.65571068745726,-8.428052211563397,61.65249001683964,0.0,0.0,0.0,0.0,0.0,0.0,0.0,0.0
999.6089528337047,-706.4098667263551,270.75482573471896,1136.3578857281152,1092.678993400391,43.1387876826841,-1848.2676936653857,1158.3360964668036,100.0,-551.5096050917293,-47.2661681676027,0.0,13.06638969157908,-92.26107698170081,-2029.6088572946403,100.0,460.35672016452617,-134.36393494498134,0.0,40.78557447890615,0.0,0.0,0.0,0.0,0.0,0.0,0.0,1837.7291359960789,-1158.3360964668036,178.36544606094608,480.4308310108695,47.266168167623164,23.296979604800043,95.11335323529298,181.03256594774794,2029.6088572946442,284.007763052728,-709.5938732706013,134.36393494491995,-9.921745519394278,60.093927308149055,0.0,0.0,0.0,0.0,0.0,0.0,0.0,0.0
866.639611365152,-768.9961260566429,293.77521619199183,-268.83481712258003,83.5823174956721,48.87295916295216,-1851.3427628728996,1133.749351003169,100.0,-163.37808211134757,-51.07410367564853,0.0,6.6798099403771225,-56.80201486798945,-2096.4451833170215,100.0,-322.9075920616966,-132.96312872701492,0.0,36.506800421448276,0.0,0.0,0.0,0.0,0.0,0.0,0.0,1798.7343407150395,-1133.749351003169,189.84922094283615,132.73341134823568,51.074103675614424,22.622642317684267,86.5700748147242,59.69557196947897,2096.445183317017,278.68160928300756,-1060.764784619924,132.96312872708313,-11.375691074575798,54.50540668878112,0.0,0.0,0.0,0.0,0.0,0.0,0.0,0.0
727.6880281408633,-942.371985460316,319.5546977237781,-1859.380201138144,-34.37220699560612,54.16678435995266,-1783.0426408390326,1107.2688696819637,100.0,-164.94255987292604,-54.840594775148475,0.0,0.0,67.71278867541129,-2162.5540831540393,100.0,827.0510191571638,-131.4544287266699,0.0,42.65615142024517,0.0,0.0,0.0,0.0,0.0,0.0,0.0,1816.3755583582454,-1107.2688696819637,200.9730486155623,497.32963115023836,54.84059477516894,21.857675897886963,88.71828329575007,26.228709850641682,2162.554083154043,272.6396346534574,2711.1538952616493,131.4544287266017,-12.78406418948805,52.32663133702223,0.0,0.0,0.0,0.0,0.0,0.0,0.0,0.0
637.0488993769102,-1092.471403417856,347.86099671552734,-409.2671206605411,-760.1872670711845,58.97256580871954,-1859.2343953460534,1078.9161402593531,100.0,-2001.8773596436426,-58.56258512276327,0.0,0.9471206789848718,24.65431812417092,-2227.8819123155213,100.0,1211.5986610084346,-129.83905918816845,0.0,44.39229469662082,0.0,0.0,0.0,0.0,0.0,0.0,0.0,1787.3053567469003,-1078.9161402593531,211.69236563512362,111.40486340817915,58.56258512277009,21.00514489647054,92.49178028455246,-101.25559160285634,2227.881912315517,265.9060440696173,141.0418913403941,129.83905918816163,-14.141222745404036,46.97808104969158,0.0,0.0,0.0,0.0,0.0,0.0,0.0,0.0
663.3280957854082,-1176.6354270913957,378.4390728797443,-84.98971426051412,-487.98991601178614,63.24700332800319,-1884.9405077109218,1048.714169739214,100.0,-239.8350466293607,-62.237054485638055,0.0,1.084712611341962,140.87005837692453,-2292.3756601160967,100.0,-249.50586488041736,-128.11833091357585,0.0,50.99660322967019,0.0,0.0,0.0,0.0,0.0,0.0,0.0,1795.4652885459263,-1048.714169739214,221.96422907775462,-314.7918533770826,62.237054485638055,20.06846465923786,91.1428875762764,-163.95838072281362,2292.3756601161003,258.5078131369836,667.6238647108887,128.11833091356903,-15.441729795520587,45.30594951867333,0.0,0.0,0.0,0.0,0.0,0.0,0.0,0.0
507.59049180577506,-1221.561425252984,411.0134171737859,1307.537716318219,-1354.1375147744793,66.95158415500885,-1814.1817227895438,1016.6874657039561,100.0,276.1392588824856,-65.8610211920518,0.0,6.925443650327516,198.32879958573068,-2355.982992691057,100.0,1345.3980395587635,-126.29364019882132,0.0,55.71914422670946,0.0,0.0,0.0,0.0,0.0,0.0,0.0,1800.909871018717,-1016.6874657039566,231.74748857464536,-368.15577860444364,65.8610211920518,19.05138764426397,89.80432557741594,-166.17226110333428,2355.9829926910525,250.47458009336202,-591.1054054801053,126.29364019882132,-16.68037534604622,53.308509996510296,0.0,0.0,0.0,0.0,0.0,0.0,0.0,0.0
353.7824456747838,-1246.8600367600695,445.2905341415295,-1428.5996539696632,-600.877777237472,70.05292994680104,-1747.4902289013476,982.8620164276872,100.0,-225.40334498820926,-69.43154455099602,0.0,11.86019687749568,264.37564680275756,-2418.652295463005,100.0,-322.75492733618023,-124.36646770086554,0.0,47.40944934857248,0.0,0.0,0.0,0.0,0.0,0.0,0.0,1769.5536379992175,-982.8620164276872,241.002951165462,-690.9014275345339,69.43154455099602,17.95798838920973,91.34008823619334,-245.49717493316717,2418.6522954630086,241.83852707438223,-174.23605368782546,124.36646770087236,-17.85219722810524,48.16496405790144,0.0,0.0,0.0,0.0,0.0,0.0,0.0,0.0
348.3656673351387,-1409.9281670334483,480.96158631296464,959.3794297430113,-230.57153180504088,72.52309751922326,-1743.596645039085,947.2652697878598,100.0,-357.356914540203,-72.94572723844567,0.0,0.0,350.8178270979348,-2480.332715024836,100.0,749.5580729026744,-122.33837723617853,0.0,65.10258599297985,0.0,0.0,0.0,0.0,0.0,0.0,0.0,1868.591204144945,-947.2652697878602,249.69353831024486,-171.83026760132748,72.94572723845249,16.79264718812007,88.90597271926978,-279.950516551707,2480.332715024832,232.6342511878406,-476.8170488721614,122.33837723617853,-18.9525009767452,38.51158020287531,0.0,0.0,0.0,0.0,0.0,0.0,0.0,0.0
142.54629642644204,-1575.9250702611507,517.7051768356198,-1806.7975116459666,-1823.073279189424,74.33983061592016,-1815.6044439944353,909.9261109925183,100.0,841.6034440876001,-76.40071764833692,0.0,9.117521387538893,414.17705938380965,-2540.974200405059,100.0,605.7024976979221,-120.21101451176264,0.0,67.72453269612372,0.0,0.0,0.0,0.0,0.0,0.0,0.0,1736.5845833972787,-909.9261109925183,257.78443443067346,-581.3190241536051,76.40071764833692,15.560032543517366,99.31964984273588,-397.13927733030835,2540.9742004050627,222.8986259133618,37.007232802536976,120.21101451176946,-19.976878637639004,33.02310591569178,0.0,0.0,0.0,0.0,0.0,0.0,0.0,0.0
73.08339347655092,-1545.1102884395207,555.1902452662611,1256.2555856602855,332.705926874105,75.48676043744649,-1720.3553713025644,870.874839141205,100.0,204.91865997564673,-79.79371220658095,0.0,16.13269181996806,490.78180930170095,-2600.527543681982,100.0,-1870.8514548752078,-117.98610578971648,0.0,65.56288537975415,0.0,0.0,0.0,0.0,0.0,0.0,0.0,1701.6697511104715,-870.8748391412028,265.2432263856251,-320.2489637043652,79.79371220658095,14.265082463729186,90.34757447814354,-470.2864862188381,2600.527543681982,212.67065338263097,-297.40461459034634,117.98610578971648,-20.921226425842576,38.51157914809983,0.0,0.0,0.0,0.0,0.0,0.0,0.0,0.0
71.46028211962712,-1763.6841482811267,593.0790504317297,-223.151223538699,-264.5160918858005,75.95355312448817,-1781.4676000105783,830.1431426385775,100.0,-557.1112888023595,-83.12195764599892,0.0,18.061791071572372,548.5896846128073,-2658.9444199137815,100.0,-992.2959779737283,-115.66545648647889,0.0,72.05011968648883,0.0,0.0,0.0,0.0,0.0,0.0,0.0,1685.988389680672,-830.14314263858,272.04003332226955,1120.6273496254914,83.12195764600233,12.912984680628199,88.02208107129545,-530.513438540323,2658.9444199137815,201.99130813197917,-118.69993770887788,115.66545648648571,-21.781761166082703,27.662879612693178,0.0,0.0,0.0,0.0,0.0,0.0,0.0,0.0
-21.799979985193417,-1840.6143759478766,631.0302134832641,-88.56599446907403,-302.13415693092315,75.7360028661401,-1685.3203571390102,787.7640734806284,100.0,-438.83143608810315,-86.38275324053438,0.0,0.0,622.0119984623668,-2716.1774263521065,100.0,537.2910093122204,-113.25094970777627,0.0,71.58595248924672,0.0,0.0,0.0,0.0,0.0,0.0,0.0,1675.9019651579913,-787.7640734806259,278.14762638249977,-259.87737630197444,86.38275324053438,11.509155866929461,80.02523162994164,-609.9270961476693,2716.1774263521065,190.90337295326964,-86.08306886020671,113.25094970777627,-22.555035448634868,18.849015200665526,0.0,0.0,0.0,0.0,0.0,0.0,0.0,0.0
-171.174547319937,-1907.514878559985,668.7017937263938,-960.3425240044369,2392.647525246973,74.83606979428373,-1696.8776320412842,743.7720204344478,100.0,531.4502248739427,-89.57345299665576,0.0,6.956079777829707,667.4295339629747,-2772.180120907329,100.0,-992.4980616960079,-110.74454472056914,0.0,75.80645843452328,0.0,0.0,0.0,0.0,0.0,0.0,0.0,1659.6381823598188,-743.7720204344505,283.54153778514103,-117.55348152241254,89.57345299661824,10.059219936322279,87.28949293441906,-728.645301374517,2772.180120907329,179.45126750068613,877.1458307538722,110.74454472050775,-23.23795144005416,28.78954602023994,0.0,0.0,0.0,0.0,0.0,0.0,0.0,0.0
-237.3658591228951,-2046.0341221559017,705.7543695129996,577.0055242666859,-264.1246278417361,73.26186232294845,-1607.1878083401318,698.2026811332298,100.0,1570.027421977319,-92.69146780071083,0.0,17.890166312607562,791.5822994121754,-2826.9070598342787,100.0,27.640698058322073,-108.1482753633145,0.0,75.49234509719933,0.0,0.0,0.0,0.0,0.0,0.0,0.0,1657.6508778673053,-698.2026811332271,288.20015884694084,1458.6041242624651,92.69146780075516,8.568985513369967,87.98613980425723,-762.0931377405725,2826.9070598342787,167.68087034004657,-26.174496235902325,108.14827536336907,-23.82777329355946,17.34465519767779,0.0,0.0,0.0,0.0,0.0,0.0,0.0,0.0
-321.6954230614692,-2182.886725329443,741.854096436806,488.5411018044533,-360.60039483440505,71.0275640910811,-1629.7114915146906,651.0930331092038,100.0,-255.12547136280318,-95.73426751956958,0.0,21.768958250858375,779.009225501621,-2880.3138346078595,100.0,-1300.7771443752779,-105.46424839538304,0.0,88.9683115901162,0.0,0.0,0.0,0.0,0.0,0.0,0.0,1592.0252442559467,-651.0930331092068,292.10482654965415,-325.07734288326446,95.73426751951843,7.044422663431078,83.52960400700664,-804.9925493671947,2880.3138346078586,155.63933515353384,-972.70857802678,105.46424839532847,-24.32213810906717,19.88843156266187,0.0,0.0,0.0,0.0,0.0,0.0,0.0,0.0
-351.0663291775348,-2128.4786445078153,776.6757152777312,-1445.485187915867,-395.518638687588,68.15330616790845,-1531.048731285946,602.4813037879765,100.0,838.360940254637,-98.69938305394498,0.0,23.576758288436846,857.3088755421117,-2932.3571079586322,100.0,2558.7266018684504,-102.69464178767066,0.0,82.50014584465832,0.0,0.0,0.0,0.0,0.0,0.0,0.0,1576.1733161189845,-602.4813037879735,295.2398983064276,-157.1739910790518,98.69938305394498,5.491638975839521,72.54685295490083,-852.1822755388424,2932.357107958632,143.3749018361515,175.85809460703388,102.69464178767748,-24.719065399337268,19.504656060813424,0.0,0.0,0.0,0.0,0.0,0.0,0.0,0.0
-484.24256853220385,-2207.9523407329084,809.9054825936339,-2565.2962934576703,-1174.3405505030296,64.6649856714157,-1558.0618626483545,552.4069394686435,100.0,-371.36573803713304,-101.58440834177554,0.0,33.83044547585947,951.4685426361939,-2982.994649039122,100.0,-626.8111955694775,-99.84170295512058,0.0,83.02412790415279,0.0,0.0,0.0,0.0,0.0,0.0,0.0,1548.7624622925202,-552.4069394686467,297.5928146279575,-1540.5372876214017,101.58440834177213,3.91685509611591,77.58856885679623,-913.3281166975166,2982.994649039122,130.93670324067497,-1170.608391914588,99.84170295513422,-25.016965024032487,13.991962478761783,0.0,0.0,0.0,0.0,0.0,0.0,0.0,0.0
-587.7580085489149,-2378.4552008251558,841.2439975546018,984.0070713321546,-102.50570175818211,60.59403243507404,-1495.8492767209768,500.9105733148342,100.0,-621.6899084771808,-104.38700231085136,0.0,18.45017313886389,990.5213017651455,-3032.185367692309,100.0,-1748.3365758509108,-96.90774693326375,0.0,86.25183002351919,0.0,0.0,0.0,0.0,0.0,0.0,0.0,1492.2157350040634,-500.91057331483444,299.1541494373739,574.3482914629146,104.38700231084795,2.3263798053187656,80.57136981513929,-1018.0617080500197,3032.185367692312,118.37456834530082,346.4425950802075,96.90774693327057,-25.214643560023333,12.837520912499379,0.0,0.0,0.0,0.0,0.0,0.0,0.0,0.0
-772.3801231503161,-2428.731733950733,870.4088995501015,-642.4387426274859,-1108.0768741584234,55.977125824283576,-1478.1686086037307,448.03399238268344,100.0,-1128.1350028277438,-107.10489077834382,0.0,30.883689657657484,992.3645022295657,-3079.8893477944903,100.0,710.9418443683933,-93.8951544995075,0.0,95.33251791736265,0.0,0.0,0.0,0.0,0.0,0.0,0.0,1439.9382254435693,-448.03399238268366,299.9176478322819,-766.0454536778059,107.10489077834382,0.7265847462505803,67.76954520391244,-1041.7688590396876,3079.8893477944866,105.73882263253778,11.235314398355172,93.8951544995075,-25.31130908238694,0.6917734377830058,0.0,0.0,0.0,0.0,0.0,0.0,0.0,0.0
-795.9157000127877,-2532.8316928010995,897.1374122633888,876.4480970796922,-769.6021697248193,50.85586425463646,-1525.2346063334999,393.82010371243814,100.0,-82.47576327633624,-109.73586829625674,0.0,29.185686921907074,1032.4429947717574,-3126.0678796454895,106.91991352097399,-79.35336888560983,-90.80637024128009,25.306574336980105,93.67542183906308,0.0,0.0,0.0,0.0,0.0,0.0,0.0,1457.8243378576349,-393.82010371243837,299.8802511426835,-934.662875036189,109.73586829625674,-0.8761211021248982,56.80880664156316,-1088.4022716784382,3126.067879645492,100.0,-84.04676960578513,90.80637024128009,0.0,14.092304270280025,0.0,0.0,0.0,0.0,0.0,0.0,0.0,0.0
-984.6708969952298,-2498.189781468192,921.1887112910786,1357.090901358892,-212.2448469085566,45.27639038938332,-1421.0232482794092,338.31289951127724,100.0,-64.137000020595,-112.27779994097091,0.0,35.678149848505896,1192.7424518257362,-3170.6834913798834,119.55092763601587,567.8627500444406,-87.64390057227956,25.200458291720622,91.74708860426752,0.0,0.0,0.0,0.0,0.0,0.0,0.0,1358.0247952303575,-338.31289951127724,299.0421091843916,1259.095034412535,112.27779994102548,-2.4753170998596374,62.401819202959416,-1126.8572137901208,3170.6834913798807,100.0,302.5692427316733,87.64390057223864,0.0,5.39074123272239,0.0,0.0,0.0,0.0,0.0,0.0,0.0,0.0
-1031.6156131562623,-2648.4317923118215,942.3460939755596,-308.21762950704226,-1029.465726691808,39.28897539330478,-1380.3446857762162,281.55742145554996,100.0,396.484241154036,-114.72862304588261,0.0,41.07206037148218,1209.175446375887,-3213.699979373785,132.10361829131816,-81.22766829619422,-84.41031169889357,24.993386060813663,88.3548657272092,0.0,0.0,0.0,0.0,0.0,0.0,0.0,1352.3042069384746,-281.5574214555502,297.40657965884856,-382.7305050700227,114.72862304582804,-4.0645966679082335,55.60605872560378,-1211.6203324914927,3213.6999793737873,100.0,-627.0015518404637,84.41031169893449,0.0,10.34083119252734,0.0,0.0,0.0,0.0,0.0,0.0,0.0,0.0
-1160.921683023146,-2760.451084282828,960.4189319000232,-1150.1196219751114,-841.2619501948302,32.94756598828087,-1331.9280443272974,223.5997241414209,100.0,49.73668858895962,-117.08634887483413,0.0,41.50678471878457,1299.4942795363627,-3255.082437622508,144.5276978391811,596.809139740003,-81.10822753746561,24.686187201474894,99.32833863053106,0.0,0.0,0.0,0.0,0.0,0.0,0.0,1295.777281515353,-223.59972414142112,294.98021470175524,-47.61146923433898,117.0863488748887,-5.637592953680155,60.468596171795156,-1234.3420236684483,3255.0824376225055,100.0,-35.75418581997383,81.1082275374315,0.0,6.434629570388287,0.0,0.0,0.0,0.0,0.0,0.0,0.0,0.0
-1304.436301760721,-2810.329292876864,975.2443884540929,-873.9204613112713,-423.08992106561163,26.309298392689584,-1288.2556191885128,164.48683771356968,100.0,236.25236181973264,-119.34906423615871,0.0,51.90912956981532,1358.961025265146,-3294.7972860652703,156.7733938640761,-354.97701643886217,-77.74032758537487,24.28009239073276,94.58354311474582,0.0,0.0,0.0,0.0,0.0,0.0,0.0,1287.611154551056,-164.4868377135699,291.772734634396,601.4230963624755,119.34906423615871,-7.188004337448888,55.19042103515398,-1337.3202637509507,3294.7972860652726,100.0,739.2615202142008,77.74032758537487,0.0,0.0,0.0,0.0,0.0,0.0,0.0,0.0,0.0,0.0
-1323.5455979921123,-2939.1277625184835,986.6888859947538,1014.4371360787591,1082.323100209726,19.433983522591234,-1205.4846629633903,104.26672970228242,100.0,-197.60592679620345,-121.51493303487428,0.0,53.632954938563046,1327.7266222319586,-3332.812297833945,168.79164857716344,-765.4010486275968,-74.30934474652986,23.77672849515534,83.95532286724557,0.0,0.0,0.0,0.0,0.0,0.0,0.0,1189.5875114038297,-104.26672970228287,287.7969890228169,-1546.9832206954015,121.51493303487086,-8.709619677427725,44.61948469176662,-1283.382656501558,3332.8122978339425,100.0,-1045.4441011040865,74.30934474652986,0.0,2.704207637138124,0.0,0.0,0.0,0.0,0.0,0.0,0.0,0.0
-1318.0013733890637,-2907.512176069728,994.6493093834333,-358.7812860962697,-293.43321977459027,12.383568094644488,-1102.244622717652,42.98826609988987,100.0,1081.9410815950891,-123.58219776292003,0.0,42.93599370997034,1458.4420771400053,-3369.096625403762,180.53431534792588,115.40515321382827,-70.81806311397031,23.178112053421813,89.4736717635138,0.0,0.0,0.0,0.0,0.0,0.0,0.0,1071.8554932945722,-42.9882660998901,283.0689052008581,-1463.447088603241,123.58219776292344,-10.196343192380937,38.94908581207991,-1363.7631479502843,3369.096625403764,100.0,1961.7282506111087,70.81806311397031,0.0,2.774932616589009,0.0,0.0,0.0,0.0,0.0,0.0,0.0,0.0
-1330.401273334193,-2966.752097946935,999.0539350553436,-1720.0778601418392,901.3205496631394,5.221576484717048,-1177.8724365978235,-19.29882829185908,100.0,145.298128342489,-125.5491809251032,0.0,55.40651303314978,1423.1376077976665,-3403.6208256247314,191.95435158558956,1089.971783123409,-67.2693157105391,22.486641197818642,97.5654363948492,0.0,0.0,0.0,0.0,0.0,0.0,0.0,1158.3054472958966,19.298828291862492,277.6074244632631,-1644.5383239847229,125.5491809251032,-11.642218882086866,50.08208298866484,-1451.297710111456,3403.620825624731,100.0,-1314.8924387874138,67.2693157105391,0.0,14.325197860689013,0.0,0.0,0.0,0.0,0.0,0.0,0.0,0.0
-1425.6114868153186,-3058.4320013905185,999.8630772501523,1025.6448668428072,-834.8400164188433,-1.9874616277581936,-1057.0421663907466,-82.54401021128888,100.0,805.8954400085418,-127.41428640033632,0.0,57.045750065411326,1510.5441844456764,-3436.3568836134655,203.0060071976173,1418.9018440909092,-63.6659821900389,21.70508604701851,91.99495439040057,0.0,0.0,0.0,0.0,0.0,0.0,0.0,1029.7654406772467,82.54401021128456,271.43442618448705,-312.35516691352814,127.41428640033291,-13.041454387812905,36.65800363760639,-1403.8729618773627,3436.3568836134655,100.0,186.49691725986372,63.6659821900389,0.0,6.290931049419766,0.0,0.0,0.0,0.0,0.0,0.0,0.0,0.0
-1469.0258343066823,-3107.023134932876,997.069445581432,-579.9647930643073,-732.7601734063387,-9.17859267350309,-995.3641732190439,-146.6959589504761,100.0,1204.548368296923,-129.1760007368282,0.0,62.58071993001359,1506.5219279311314,-3467.2782354860515,213.64500787030522,1248.7207638856944,-60.01098650053791,20.836577608640994,83.93151329094113,0.0,0.0,0.0,0.0,0.0,0.0,0.0,978.1998810162247,146.69595895047973,264.57464016718427,-1434.274050372258,129.1760007368282,-14.388444197238925,39.000110970351756,-1549.061645633056,3467.2782354860515,100.0,515.9441931337892,60.01098650053791,0.0,2.903589054243505,0.0,0.0,0.0,0.0,0.0,0.0,0.0,0.0
-1610.4175583732767,-3195.8384026316658,990.6982107231784,649.9381688830454,1043.2010955533997,-16.2870244262416,-941.9212778243518,-211.70261799974935,100.0,-1685.0976581196442,-130.8328943801422,0.0,65.46135905593432,1486.7236523291665,-3496.359789913473,223.828732437212,151.24761463551863,-56.30729451166644,19.884595236042344,97.98697737195539,0.0,0.0,0.0,0.0,0.0,0.0,0.0,919.1447654922466,211.70261799974503,257.0555475715305,499.20822072261444,130.8328943800825,-15.677792100815111,29.30825276513386,-1508.6961200520202,3496.359789913473,100.0,0.7636546551066203,56.30729451163916,0.0,12.108355843619348,0.0,0.0,0.0,0.0,0.0,0.0,0.0,0.0
-1647.6482428618074,-3163.996180174669,980.8067776215636,-724.3239972286005,398.99914221496374,-23.24870978188585,-902.2687263758811,-277.5112372892826,100.0,-548.5518957602403,-132.38362283344316,0.0,72.29885907914323,1524.053814931305,-3523.5779484821355,233.51638362488015,609.4677284245165,-52.55791160806666,18.85295268959439,88.47465544960006,0.0,0.0,0.0,0.0,0.0,0.0,0.0,860.3009426764048,277.51123728928644,248.90727082225962,-83.4385580966341,132.38362283350796,-16.904332809712912,36.71660224114201,-1651.8506083680209,3523.5779484821355,100.0,-510.03937418829764,52.557911608093946,0.0,1.3230152187222224,0.0,0.0,0.0,0.0,0.0,0.0,0.0,0.0
-1571.1064747649268,-3280.745393922556,967.4842682752887,-1934.8253370724944,-1785.5060765082817,-30.00092382415403,-849.7222241993151,-344.06841599347615,100.0,-147.19510037722785,-133.82692774813734,0.0,71.43338949735941,1614.0786514721626,-3548.9106248429466,242.66915149181247,461.1113643279816,-48.76588025048932,17.74578285828028,79.90652495667649,0.0,0.0,0.0,0.0,0.0,0.0,0.0,760.4195566700573,344.0684159934717,240.16245293446528,714.952824990782,133.82692774807253,-18.06315264853808,21.665201706393038,-1559.525081353535,3548.9106248429466,100.0,-901.4583052219859,48.76588025046203,0.0,11.262521776088414,0.0,0.0,0.0,0.0,0.0,0.0,0.0,0.0
-1755.8113282396412,-3329.9668928139786,950.8507187446959,-1965.1635174728472,849.6574446561613,-36.48282897723959,-793.9477217997982,-411.3201458633994,100.0,1292.7697020934402,-135.16163794525994,0.0,78.90392052869726,1636.1462790678074,-3572.337262633429,251.2503689059487,-82.48474052512165,-44.934277507068145,16.567521202841107,96.06593310183897,0.0,0.0,0.0,0.0,0.0,0.0,0.0,816.3543725138745,411.32014586340324,230.8561267416026,122.44394506824733,135.16163794526335,-19.149609240177057,21.37978212772376,-1615.776982944425,3572.337262633429,100.0,-1352.1546750393838,44.934277507068145,0.0,18.033872290152974,0.0,0.0,0.0,0.0,0.0,0.0,0.0,0.0
-1914.7774340973217,-3335.7387500712734,931.0559976246018,-558.5726911740608,-995.8782472529606,-42.63602315355797,-699.4282903771734,-479.21185505212975,100.0,-292.2620843465967,-136.38667036556228,0.0,79.29847410670487,1673.585819285128,-3593.8388521583083,259.2256584377793,-433.2568885307262,-41.06621255636128,15.322887986709475,90.16148067307981,0.0,0.0,0.0,0.0,0.0,0.0,0.0,670.4575527516108,479.2118550521252,221.0255745495785,873.6590855502681,136.38667036555887,-20.159350103730418,24.51827519088986,-1709.5627373893717,3593.8388521583083,100.0,1428.0208386524964,41.06621255636128,0.0,17.46378451388775,0.0,0.0,0.0,0.0,0.0,0.0,0.0,0.0
-1961.7647229014462,-3377.45608919336,908.2784557254331,343.15350283922953,40.797749334071796,-48.405065957513216,-667.9759430003988,-547.6884523974279,100.0,-709.4047572986841,-137.50103094869246,0.0,79.04660521414938,1671.7435701263971,-3613.397945815057,266.5630700806249,-1442.1585311722288,-37.16482416445842,14.016869366126343,76.72419616869102,0.0,0.0,0.0,0.0,0.0,0.0,0.0,632.5749725703101,547.688452397432,210.71017877917444,1567.9300954657815,137.50103094869246,-21.08833009109304,20.962585682423775,-1703.5830971911769,3613.397945815057,100.0,-219.67773755012104,37.16482416445842,0.0,22.60132306279732,0.0,0.0,0.0,0.0,0.0,0.0,0.0,0.0
-1816.154068080162,-3350.994650020893,882.723319129061,1196.0606754545472,948.4608047958773,-53.737978204800925,-575.3766371287006,-616.6943721258139,100.0,1100.8270797610458,-138.5038154396227,0.0,86.94137292353591,1763.6260962710717,-3630.998672251859,273.2332092463566,183.8032633955561,-33.23327813796823,12.654697414923817,75.72722463871652,0.0,0.0,0.0,0.0,0.0,0.0,0.0,597.1013785402532,616.6943721258092,199.9512641951465,345.90740724730665,138.5038154396227,-21.932827592323747,21.881637817419705,-1678.4653713370221,3630.998672251859,100.0,137.66992593785176,33.23327813796823,0.0,31.439772860385936,0.0,0.0,0.0,0.0,0.0,0.0,0.0,-0.05532686267122055
-1867.0740099281804,-3351.9990242855456,854.6208400979424,-273.01634676249705,-819.4204453448356,-58.58671025543117,-489.3530049302262,-686.1736189417693,100.0,-763.3543534063051,-139.39421012245305,0.0,81.89351192195448,1690.2417462645415,-3646.6267492465217,279.20935452378956,-225.08896427842387,-29.27476475508911,11.241829164192154,76.23685722306196,0.0,0.0,0.0,0.0,0.0,0.0,0.0,491.54818482009426,686.1736189417734,188.7919323540526,-198.7511829488608,139.39421012245475,-22.689459444881805,12.660252968067192,-1690.7301219415388,3646.6267492465217,100.0,1072.2092592510046,29.274764755082288,0.0,22.339098077031274,0.0,0.0,0.0,0.0,0.0,0.0,0.0,-0.06432919623726716
-1957.9001213116887,-3486.1875615927934,824.2242224978836,-1025.4224794289962,-364.20451929420096,-62.90757494235265,-392.0916973039,-756.0698134654799,100.0,-587.6939956256626,-140.17149248071973,0.0,88.78738944439287,1792.7092140331056,-3660.2694952958764,284.4675647279965,-479.5329833616074,-25.292496176843997,9.783924740737007,65.24138227960157,0.0,0.0,0.0,0.0,0.0,0.0,0.0,393.64138301214956,756.0698134654751,177.27688893402978,99.35123781478808,140.17149248071973,-23.355194486995288,12.743783714701562,-1798.2962529182855,3660.2694952958764,100.0,-1621.1460960672093,25.292496176843997,0.0,30.91060518218171,0.0,0.0,0.0,0.0,0.0,0.0,0.0,-0.07479631572685258
-1899.588014535023,-3458.1832768360096,791.8073404264442,470.468457185425,378.55716907865144,-66.66164119311702,-361.49593601891087,-826.3262379822429,100.0,-281.63661069320824,-140.83503178360672,0.0,88.00490217386444,1782.2599841998076,-3671.9158399062653,288.9867748116866,-460.65820956840525,-21.289703840593575,8.286824691890331,62.23398697052603,0.0,0.0,0.0,0.0,0.0,0.0,0.0,391.1909782961674,826.326237982247,165.45226463825998,36.722672026973555,140.83503178354022,-23.927365700856313,7.494953239986845,-1665.7458531584589,3671.9158399062653,100.0,-641.0070838504225,21.289703840600396,0.0,22.436473401147666,0.0,0.0,0.0,0.0,0.0,0.0,0.0,-0.08696655909824688
-1912.520419794566,-3461.1531054156753,757.6622706021527,-39.463739933838724,611.5050534787974,-69.81508480025184,-274.6976969574018,-896.8858824664212,100.0,379.8350461406966,-141.38428959802923,0.0,90.17816812300366,1792.0103418653691,-3681.5563325767644,292.748880254418,-1661.141988519596,-17.269635837812984,6.75652658758338,62.26595079236479,0.0,0.0,0.0,0.0,0.0,0.0,0.0,228.41888234815292,896.8858824664164,153.3654303896071,1463.3040075508156,141.38428959809403,-24.40368089710816,7.379542172591366,-1765.2720292914726,3681.5563325767644,100.0,1708.1278522349487,17.269635837806163,0.0,39.401908928573164,0.0,0.0,0.0,0.0,0.0,0.0,0.0,-0.10111704470857531
-2067.781821208562,-3531.6470036144233,722.096660747768,979.1146060329311,1032.7363277346103,-72.33949317727195,-232.13779669870402,-967.6914908425924,100.0,495.51450578819214,-141.81882022521165,0.0,100.0,1800.1186739354011,-3689.1831504678526,295.7388095915693,-1501.8230048297426,-13.235554278430754,5.199160993282419,65.7155620042948,0.0,0.0,0.0,0.0,0.0,0.0,0.0,332.5595882482897,967.6914908425965,141.06480755677956,-153.3232152534947,141.81882022521165,-24.78223189754189,6.604158959331902,-1786.1312184668338,3689.183150467852,100.0,588.5292815524303,13.235554278430754,0.0,37.3061244966052,0.0,0.0,0.0,0.0,0.0,0.0,0.0,-0.11756998134242766
-1935.8190471909645,-3442.564787405407,685.4309576784977,-832.3144144448997,-785.383205635053,-74.21212135714882,-135.35910068862347,-1038.6856074463594,100.0,1216.005255955151,-142.13827106236863,0.0,100.0,1803.2516027126626,-3694.7901047493056,297.94458479251097,-545.3529629181185,-9.190732643762658,3.6209669102109387,69.98052733938772,0.0,0.0,0.0,0.0,0.0,0.0,0.0,173.5005523772711,1038.6856074463547,128.59967397227484,106.76307473828118,142.13827106236863,-25.061502179494113,0.0,-1770.471022046432,3694.7901047493056,100.0,-219.22332259087057,9.190732643762658,0.0,35.83017766185803,0.0,0.0,0.0,0.0,0.0,0.0,0.0,-0.136700004956598
-1969.3961288237003,-3516.2222315979175,647.9955200701521,1089.291376532011,479.9813012307095,-75.41609692468285,-75.50233574748518,-1109.810623647116,100.0,1034.818388200858,-142.34238288913275,0.0,93.9198900285105,1766.9432947407681,-3698.3726456221616,299.3573692460927,-1647.7221694919126,-5.138453130216476,2.0282667811187594,51.66908595059966,0.0,0.0,0.0,0.0,0.0,0.0,0.0,17.79681473405634,1109.81062364712,116.01996651922356,-1564.8811257762923,142.34238288913616,-25.240372951329917,3.27227953990814,-1815.994854555647,3698.3726456221616,100.0,43.75078252521462,5.138453130223297,0.0,46.103805520074154,0.0,0.0,0.0,0.0,0.0,0.0,0.0,-0.1589427091997875
-1911.5940133388497,-3508.33207214332,610.1276419212458,1618.5955386151875,-196.39568099864846,-75.94057203731552,13.31598977925595,-1181.0088245949441,100.0,-766.5856948977608,-142.43099007765977,0.0,88.91095998013725,1821.4594250921143,-3699.9278660106843,299.97150316121247,-130.61642266317108,-1.082003985970914,0.42744116179306957,46.89064782478176,0.0,0.0,0.0,0.0,0.0,0.0,0.0,52.390470983039656,1181.0088245949437,103.37608107799403,-614.4197360349754,142.43099007765977,-25.318127634381113,0.0,-1827.2316612494553,3699.9278660106843,100.0,-1219.0113636097317,1.082003985970914,0.0,50.60191574459075,0.0,0.0,0.0,0.0,0.0,0.0,0.0,-0.1848045639485463
-2051.290604355681,-3558.7431144279253,572.1685135277264,116.33598486186656,1365.7088662482943,-75.7808211643976,72.40479928245949,-1252.222436053681,109.281329366004,864.9721025390324,-142.4040207270764,25.294454733679856,95.18683526081901,1726.8866526174334,-3699.4545039213294,299.7845262406469,834.6594871580191,2.975323157331786,-1.1750968402520812,53.73029130064964,0.0,0.0,0.0,0.0,0.0,0.0,0.0,-35.939136895332,1252.2224360536807,100.0,400.9074285098001,142.4040207270764,0.0,7.944328051857028,-1759.716920581272,3699.4545039213294,100.0,20.961124441038237,-2.975323157324965,0.0,52.93321242996384,0.0,0.0,0.0,0.0,0.0,0.0,0.0,-0.2148744477060795
-1945.8240612933632,-3436.8956344150224,534.460147351946,-679.8644341893146,2428.581730307783,-74.93828366430193,105.30129765471469,-1323.3936712822187,121.9015576445071,618.6898096494838,-142.26149672183737,25.169449085803564,93.26234961648272,1816.8126813174636,-3696.9529434667957,298.7971875373098,276.7825184849687,7.030235955601256,-2.7729272574822517,47.68662986864103,0.0,0.0,0.0,0.0,0.0,0.0,0.0,-161.178111187364,1323.3936712822185,100.0,340.15173798783167,142.26149672183396,0.0,4.562887749755145,-1828.4991502745745,3696.952943466796,100.0,-382.7695248815053,-7.030235955601256,0.0,60.69580988387061,0.0,0.0,0.0,0.0,0.0,0.0,0.0,-0.2498370564584527
-2014.5532956452334,-3537.143793871464,497.34229648397064,1199.5804702666362,133.2751470188373,-73.42055081574756,185.06528347807466,-1394.4647779259094,134.43404554565623,925.4364569065866,-142.00353371388815,24.94361147900193,96.36664223883434,1760.2271298801893,-3692.4252145543355,297.01344245345206,438.73437606260154,11.07944402388057,-4.35964898153685,40.725355220378695,0.0,0.0,0.0,0.0,0.0,0.0,0.0,-170.97773399016728,1394.464777925909,100.0,317.8468169791165,142.00353371382334,0.0,5.879765544880245,-1850.1834863500837,3692.4252145543355,100.0,-117.89330418539748,-11.07944402388057,0.0,57.39275286051622,0.0,0.0,0.0,0.0,0.0,0.0,0.0,-0.29048849430996376
-1882.3789736125264,-3505.174172756502,461.149393459789,259.58477823747444,-739.4579198005886,-71.24129742039202,280.99037590002956,-1465.3780848800855,146.8285863565099,-768.597704491266,-141.6303410291016,24.617846646976034,100.0,1744.5559812261304,-3685.874991238574,294.4404368948261,553.1744850442556,15.11966160635211,-5.928905406867386,37.61855360196824,0.0,0.0,0.0,0.0,0.0,0.0,0.0,-277.2888219875119,1465.3780848800852,100.0,-238.094325608361,141.6303410291664,0.0,11.173875240548453,-1787.9916644181997,3685.8749912385742,100.0,-436.9618114357718,-15.119661606358932,0.0,68.88962134707074,0.0,0.0,0.0,0.0,0.0,0.0,0.0,-0.337754400898902
-1926.281135369687,-3385.169703651366,426.20753701790375,2262.4200829962265,760.9517544180358,-68.42015859236511,382.886426099014,-1536.076049087649,159.03552599741195,-1286.7168576290092,-141.14222149700026,24.193459644348962,84.98052379992144,1796.9714613824608,-3677.30758874017,291.0884786432946,-716.0915544146167,19.147610242571318,-7.474409896095722,36.68810830852978,0.0,0.0,0.0,0.0,0.0,0.0,0.0,-318.6591286327435,1536.0760490876487,100.0,-669.4371943705607,141.14222149693546,0.0,8.267107195642819,-1843.558215076164,3677.3075887401696,100.0,727.0295290435104,-19.147610242557676,0.0,59.99238546149854,0.0,0.0,0.0,0.0,0.0,0.0,0.0,-0.39271102835780486
-1863.3159449739528,-3373.12171533511,392.8315539435075,2050.663965087872,-928.8208098492237,-64.98255284572224,417.33812004653913,-1606.501302232752,171.00596194244105,-1102.6678454065236,-140.53957120537348,23.672150618507004,86.38473004852919,1783.689272170958,-3666.7299591327537,286.97099606256734,533.9650593254794,23.160021427841002,-8.989970965077703,39.54981925712745,0.0,0.0,0.0,0.0,0.0,0.0,0.0,-431.2100611709091,1606.5013022327519,100.0,-114.84350459935513,140.53957120537348,0.0,13.68454981448837,-1764.714493371992,3666.7299591327546,100.0,-275.23665062059194,-23.160021427847823,0.0,59.18952819647123,0.0,0.0,0.0,0.0,0.0,0.0,0.0,-0.4566097477439145
-1875.141628476263,-3429.728202062516,361.32216247325493,-725.0464718743945,1395.1695840436082,-60.95945307296631,468.50643476465507,-1676.596697292686,182.6919391290415,671.1348362863318,-139.82287917853114,23.056007998544032,84.98410360772598,1745.9550063796455,-3654.1506857016143,282.1044843024983,3.023290414234907,27.153639265386573,-10.469517086728501,35.79169638993773,0.0,0.0,0.0,0.0,0.0,0.0,0.0,-500.5807039683533,1676.5966972926856,100.0,-981.4798472564119,139.82287917853114,0.0,19.77097560137539,-1729.3967204689282,3654.1506857016134,100.0,334.0329292090655,-27.153639265386573,0.0,85.0778886171766,0.0,0.0,0.0,0.0,0.0,0.0,0.0,-0.5309055429551132
-1943.3308515555123,-3435.3546697532506,331.96326281824236,-618.0745279183952,42.6217314980795,-56.38710747892503,576.5173596040416,-1746.305354910197,194.04664207199784,260.42780482300145,-138.9927269808686,22.347500128816478,89.29898705811914,1762.2544974785467,-3639.579975978743,276.5084392174535,-849.3947961068602,31.125223108442697,-11.907121014368727,21.636922147398074,0.0,0.0,0.0,0.0,0.0,0.0,0.0,-516.2612466486512,1746.3053549101967,100.0,1445.6181424095664,138.9927269808686,0.0,8.526164678411956,-1744.585240716386,3639.579975978744,100.0,516.1250910546164,-31.125223108442697,0.0,69.40756311613376,0.0,0.0,0.0,0.0,0.0,0.0,0.0,-0.617290140942288
-1900.4804846555203,-3265.9825719549717,305.01937921779,-987.0676100782111,1316.1819587879404,-51.30671298358749,614.0175347344655,-1815.570709548611,205.02458241212062,-38.06786786712564,-138.04978824470936,21.54946538040491,85.64955689961985,1735.537791826582,-3623.0296534598624,270.20527926348154,321.76730040522216,35.071550189857135,-13.29702352697808,27.573273573495026,0.0,0.0,0.0,0.0,0.0,0.0,0.0,-613.396540544899,1815.5707095486061,100.0,-1116.635566628637,138.04978824470936,0.0,11.462349895153725,-1741.9535063453989,3623.0296534598624,100.0,-1250.2259424149759,-35.071550189857135,0.0,86.05713161726703,0.0,0.0,0.0,0.0,0.0,0.0,0.0,-0.7177305325982749
-1832.54080315693,-3428.300151380886,280.7332765710335,413.32257636740565,800.2322959986873,-45.76404403710143,686.5121476337933,-1884.3365553922772,215.58178114829556,-1292.063213458373,-136.99482812366,20.665100780248622,74.96774295055063,1687.2583712900869,-3604.5131480101813,263.22025568717703,-246.92790262542076,38.98941823723362,-14.633656501360122,15.973054674724414,0.0,0.0,0.0,0.0,0.0,0.0,0.0,-617.2501457310848,1884.3365553922768,100.0,-2122.871229156485,136.9948281235952,0.0,17.870830374679173,-1644.7144174450364,3604.5131480101827,100.0,-979.8188954349348,-38.989418237254085,0.0,80.10740990248019,0.0,0.0,0.0,0.0,0.0,0.0,0.0,-0.8345137614500875
-1782.440739642396,-3482.7056716972443,259.32377312062005,-809.8484480858258,-723.294905613327,-39.80904019122903,698.3802465250071,-1952.5470919551822,225.67594482286506,926.4007829134698,-135.82870267200633,19.697949203487752,86.56802873751047,1630.6899199380537,-3584.0454849666366,255.58135136603005,-534.6806528470802,42.87564807150602,-15.911665218777102,13.696489618501545,0.0,0.0,0.0,0.0,0.0,0.0,0.0,-644.9916027091176,1952.5470919551817,100.0,-962.6618834178731,135.8287026720643,0.0,14.365906643039523,-1575.8987486134076,3584.045484966634,100.0,270.580413729416,-42.875648071471915,0.0,87.0651412420334,0.0,0.0,0.0,0.0,0.0,0.0,0.0,-0.970299
-1737.718885592163,-3208.579468971364,240.98376889620698,-573.5477200508069,1451.8936133601642,-33.49535614277954,787.516414057047,-2020.1469693605677,235.26663495449978,-870.7779657410703,-134.55235814963544,18.651885180212133,67.95166100499979,1677.7795708528142,-3561.6432729454864,247.31916870552192,-1051.8841670143331,46.727086186501765,-17.125929816561865,30.927120160978095,0.0,0.0,0.0,0.0,0.0,0.0,0.0,-753.7367827549327,2020.1469693605673,100.0,444.2347037827034,134.55235814956723,0.0,14.486457690765597,-1601.7750277373395,3561.6432729454896,100.0,-1376.7952942466547,-46.72708618654269,0.0,92.18434818472724,0.0,0.0,0.0,0.0,0.0,0.0,0.0,0.0
-1666.3957075437736,-3234.401095599491,225.87850768157296,-2104.2918248067394,2375.84622885576,-26.87987830412851,854.3584525564204,-2087.0813332549715,244.31543003981295,1328.550812419448,-133.16683025448583,17.53109937364428,64.95938698828503,1576.0593094635158,-3537.3246903651566,238.46680704206256,614.7876614331574,50.54060730821902,-18.271585798967607,13.689963616855422,0.0,0.0,0.0,0.0,0.0,0.0,0.0,-874.982736316072,2087.0813332549715,100.0,-1393.2207860114067,133.16683025454722,0.0,19.817074011840987,-1563.4440159934352,3537.3246903651598,100.0,-1626.0958123598573,-50.540607308164454,0.0,83.26877413775745,0.0,0.0,0.0,0.0,0.0,0.0,0.0,0.0
-1534.5132183930316,-3132.6133159964456,214.14408816499986,621.1515987283121,444.5303320130688,-20.02221225523442,884.9846025968507,-2153.295869320109,252.78607947470073,322.33522392621694,-131.67324328206178,16.340081791809524,79.73594722061335,1573.443950853674,-3511.1094706952385,229.05973004291602,153.04145107973454,54.31311693035241,-19.344043524935017,9.708115033196187,0.0,0.0,0.0,0.0,0.0,0.0,0.0,-813.8638534241755,2153.2958693201085,100.0,-649.6162521172431,131.67324328199356,0.0,24.042814169023757,-1575.0807342377443,3511.1094706952354,100.0,533.2722570401006,-54.313116930400156,0.0,85.59239423308134,0.0,0.0,0.0,0.0,0.0,0.0,0.0,0.0
-1498.2143513955268,-3149.0976795506203,205.88623768752717,-1319.8884159708837,736.4025963196764,-12.984145696519818,974.348975655039,-2218.7368473466204,260.64464877879925,32.26295631955736,-130.0728092130521,15.083603800005392,70.58844757442509,1512.2158063846996,-3483.0188864436186,219.1356236343109,-279.17303304535494,58.04155382599902,-20.33900659476984,4.168425713507533,0.0,0.0,0.0,0.0,0.0,0.0,0.0,-931.8825117765274,2218.7368473466204,100.0,898.9484174860377,130.0728092131135,0.0,38.38913746446235,-1506.1351616860682,3483.0188864436223,100.0,-1477.5715936481947,-58.04155382594445,0.0,89.2641110659905,0.0,0.0,0.0,0.0,0.0,0.0,0.0,0.0
-1440.8307638666827,-3009.237647744901,201.17935963761914,181.7499765778757,1404.9539441638558,-5.8290917403112985,1060.1003616528576,-2283.3511648337653,267.85965554125,-709.69493242868,-128.3668267299572,13.766699006108638,62.92293799512513,1497.4530944789292,-3453.07573189481,208.73424502691338,495.4011020467419,61.72289253096096,-21.25248906205627,0.0,0.0,0.0,0.0,0.0,0.0,0.0,0.0,-1051.20674160665,2283.3511648337644,100.0,1468.01556685003,128.36682672989582,0.0,37.84404255436151,-1452.432540582359,3453.0757318948063,100.0,210.38027254943245,-61.72289253100871,0.0,89.13953903789192,0.0,0.0,0.0,0.0,0.0,0.0,0.0,0.0
-1328.5434207408834,-3040.425250914448,200.0658630752311,445.4718087724382,668.6130167961187,1.378482442349025,1087.0229191726437,-2347.086390079789,274.402195543174,434.3266138971211,-126.55668016317122,12.394643095323374,57.21153067637991,1416.479417394488,-3421.30430461333,197.8972634434714,1356.9665158083217,65.35414579957205,-22.080831401855647,6.9410624353360015,0.0,0.0,0.0,0.0,0.0,0.0,0.0,-1082.7761829519493,2347.0863900797885,100.0,-312.28837367572623,126.55668016322579,0.0,39.48555366452985,-1397.173757030603,3421.304304613334,100.0,1011.5536012559232,-65.35414579951066,0.0,92.83762233286602,0.0,0.0,0.0,0.0,0.0,0.0,0.0,0.0
-1315.3827314268442,-3008.625687874489,202.5557806253799,-199.9834443598104,178.35089125085915,8.573636472219164,1134.1013243542347,-2409.890804727969,280.24605855158507,1014.7599075948926,-124.64383836771958,10.972932695117663,55.91422386131988,1482.7474555193091,-3387.7303857273446,186.66809318669993,-115.08532553539908,68.93236702789181,-22.820715171222048,5.077482594016627,0.0,0.0,0.0,0.0,0.0,0.0,0.0,-1187.1589198324166,2409.890804727969,100.0,-218.31110075119454,124.64383836765819,0.0,45.79047671135598,-1399.998868665756,3387.7303857273405,100.0,-403.46345408297,-68.93236702796003,0.0,94.08335771485763,0.0,0.0,0.0,0.0,0.0,0.0,0.0,0.0
-1331.2796235697297,-3017.6312145831002,208.62667808400312,-2044.600162850378,743.7019670575114,15.691541875887651,1187.3325318635477,-2471.7134457338034,285.3678333208593,128.5079739700086,-122.62985353144359,9.507263355058626,55.88548284849356,1378.4565272556038,-3352.3812190083445,175.0917197161582,1034.2116732855675,72.4546526456993,-23.469176303319017,3.005356906803557,0.0,0.0,0.0,0.0,0.0,0.0,0.0,-1120.8235777884147,2471.7134457338034,100.0,143.45765356256493,122.62985353138902,0.0,44.23165994573606,-1301.2279015261597,3352.381219008349,100.0,-408.68783875406166,-72.45465264563109,0.0,85.14520303074846,0.0,0.0,0.0,0.0,0.0,0.0,0.0,0.0
-1149.09540887309,-2835.453579148805,218.22385655056087,-413.7692838248995,874.2725826329433,22.66806619142443,1262.3660308635428,-2532.504146719298,289.74700138111103,-1427.648728978487,-120.51635991501371,8.003506729696994,57.511471772340066,1282.7009057770647,-3315.2854887640783,163.214519430876,-1163.2312114905392,75.91814447137267,-24.023616981761506,2.682215545228129,0.0,0.0,0.0,0.0,0.0,0.0,0.0,-1249.9668976287687,2532.5041467192978,100.0,253.82720113859364,120.51635991506828,0.0,45.35683427103589,-1372.8228089221957,3315.2854887640738,100.0,-1335.9171898883437,-75.9181444714477,0.0,87.03086744010791,0.0,0.0,0.0,0.0,0.0,0.0,0.0,0.0
-1100.4728606021051,-2727.9399245616137,231.26084526616057,-599.3978000158961,437.2615617909628,29.440350803328954,1211.3103877363524,-2592.2135786808,293.36601923774776,946.8390799034341,-118.30507252647976,6.46768705603364,38.61916741167866,1311.5826292502616,-3276.4732965624166,151.08407387970266,-50.78230226946971,79.3200320326423,-24.481816047913725,6.894861470260343,0.0,0.0,0.0,0.0,0.0,0.0,0.0,-1281.161518278894,2592.2135786808,100.0,-250.17922210928077,118.30507252641837,0.0,54.46615019170534,-1313.9408794376884,3276.4732965624216,100.0,436.91026145218416,-79.32003203256045,0.0,97.7705418104387,0.0,0.0,0.0,0.0,0.0,0.0,0.0,0.0
-981.8730612084503,-2770.7705491666848,247.6201807167247,-865.1686569184824,11.387971295391708,35.947377299472976,1322.041060256919,-2650.7932900173296,296.21038865290234,-197.37671397481677,-115.99778572913692,4.905957019643665,42.574585281632274,1168.4826590016291,-3235.9761368053173,138.7489791436753,-852.8684692561944,82.65755484575493,-24.841937899046656,12.641628931432805,0.0,0.0,0.0,0.0,0.0,0.0,0.0,-1304.5540854649414,2650.793290017329,100.0,-415.4945547417549,115.99778572919831,0.0,56.371788612119424,-1238.1559820803564,3235.9761368053123,100.0,-78.8825174817282,-82.65755484582996,0.0,100.0,0.0,0.0,0.0,0.0,0.0,0.0,0.0,0.0
-940.8322636485376,-2663.1631394839337,267.15446498146656,102.01898115548488,1430.1232544676554,42.1305172486143,1336.8401634545958,-2708.195745846944,298.26871472718585,1141.9984329036038,-113.59637178565436,3.32457310624676,49.283890237154424,1140.4206256431992,-3193.826871172412,126.25865115404424,464.08327925281014,85.928004656746,-25.102539842014338,4.509097824700176,0.0,0.0,0.0,0.0,0.0,0.0,0.0,-1321.8287658513004,2708.1957458469433,100.0,1450.181698078028,113.5963717856066,0.0,60.34423593991871,-1218.9233602513812,3193.8268711724177,100.0,-1416.183529101952,-85.92800465666414,0.0,99.85426549490612,0.0,0.0,0.0,0.0,0.0,0.0,0.0,0.0
-900.7462227655438,-2529.8408670046815,289.68769379093544,1036.86430034362,1351.086618092836,47.934060443080284,1360.0698309865047,-2764.374366579221,299.53275154907874,-1062.9950962232908,-111.10277933874613,1.7298705374531664,44.77808673999865,1063.485562530086,-3150.059701955269,113.663127725876,345.1191679466922,89.12872763787618,-25.26257787286042,1.2586641947410868,0.0,0.0,0.0,0.0,0.0,0.0,0.0,-1439.9897048243515,2764.374366579221,100.0,1161.7562580178878,111.1027793388007,0.0,58.1727494024984,-1074.9752925578996,3150.059701955264,100.0,1538.0331780314407,-89.12872763795804,0.0,96.00198042472265,0.0,0.0,0.0,0.0,0.0,0.0,0.0,0.0
-764.8092479379599,-2414.0096270499384,315.01684232880183,-347.22562399781737,1790.1538859972243,53.30571684943578,1460.7819767475867,-2819.283565712567,299.9974352290833,-1414.7271734763433,-108.519031829926,0.1282378910747184,29.189539118374768,1089.0252436745764,-3104.7101443036377,101.01286810031203,-132.0956196364125,92.25712654219933,-25.32141085920955,10.745143712830265,0.0,0.0,0.0,0.0,0.0,0.0,0.0,-1375.498148098588,2819.283565712567,100.0,1260.5838729449306,108.519031829926,0.0,57.73104243413759,-1127.863606662821,3104.7101443036436,100.0,892.9575675258286,-92.25712654220615,0.0,100.0,0.0,0.0,0.0,0.0,0.0,0.0,0.0,0.0
-693.6326328632839,-2379.7134399706833,342.9136944892795,1599.183541482219,1068.1545370241884,58.197087742120175,1476.3245453469106,-2872.878786825674,299.66090418629756,52.61927856310763,-105.84722585775808,-1.473908492321243,34.015876829957634,1025.3251740727176,-3057.8149974065427,100.0,-555.4635315959683,95.31066281033418,0.0,0.562640233816154,0.0,0.0,0.0,0.0,0.0,0.0,0.0,-1476.3433335401207,2872.878786825674,100.0,-8.925802563804837,105.8472258577649,0.0,76.26709416297282,-1022.4848226213331,3057.8149974065363,111.64144920145733,-221.88735251830963,-95.31066281033418,25.278803108807963,93.33895262541664,0.0,0.0,0.0,0.0,0.0,0.0,0.0,0.0
-520.7226977161544,-2329.465762152617,373.1268991085411,-1682.0362956169874,-125.18595872106062,62.564101777286396,1455.7241021187049,-2925.116539733116,298.52450660614113,-110.37673127861808,-103.08952947626494,-3.0701502140786374,29.079826178451626,966.9583354543697,-3009.4123146312536,100.0,-486.52222437175567,98.28685863070177,0.0,6.885181394461245,0.0,0.0,0.0,0.0,0.0,0.0,0.0,-1541.0563193359776,2925.1165397331156,100.0,373.50571897371196,103.08952947626494,0.0,69.48019946461707,-1012.2767466074175,3009.41231463126,124.24912940268591,-1095.340537940226,-98.28685863070177,25.134925313607113,94.59250886706793,0.0,0.0,0.0,0.0,0.0,0.0,0.0,0.0
-399.9658921129678,-2259.1000992735567,405.3842346434416,-113.75430606981467,-451.87889153304695,66.36741207601972,1571.4668530639399,-2975.954435775733,296.59279503935625,503.5759042815971,-100.24818043581945,-4.65409253034494,25.01791904519389,898.3045366064889,-2959.5413726447323,100.0,-314.6286680289461,101.1832989501454,0.0,9.30349820515174,0.0,0.0,0.0,0.0,0.0,0.0,0.0,-1547.2305355390406,2975.954435775733,100.0,-1099.9075521037196,100.24818043583309,0.0,79.50243350933245,-871.1049700972984,2959.541372644726,136.75966456067917,-899.3981328901265,-101.1832989501454,24.89035386603817,84.51423403999586,0.0,0.0,0.0,0.0,0.0,0.0,0.0,0.0
-427.945347429373,-2232.5472086754085,439.3950618927536,-2376.639206578676,-2248.138876039509,69.57275074098504,1554.6807305054624,-3025.351222217187,293.8735081639199,-331.8604883123396,-97.32548436733168,-6.219389970228804,17.35735631298967,798.9719317082661,-2908.2426395422317,100.0,-300.0165740680751,103.99763343361656,0.0,12.671199656748785,0.0,0.0,0.0,0.0,0.0,0.0,0.0,-1593.458141187937,3025.3512222171867,100.0,199.46704335920117,97.32548436732486,0.0,80.73333227877781,-804.0754103358641,2908.242639542238,149.1229359079285,-511.03615384859665,-103.99763343362338,24.546068549888247,82.5645337316299,0.0,0.0,0.0,0.0,0.0,0.0,0.0,0.0
-308.5379997854754,-1983.8306498705608,474.8529426618497,1183.5815301981845,1117.9608573004373,72.15123761023364,1683.7891431825758,-3073.2668157187536,290.3775397829332,1704.8094896976954,-94.3238129112251,-7.759771756544183,12.11201411256867,797.744509035988,-2855.5577420093005,100.0,-103.54345105623622,106.72757837138533,0.0,16.187454963364573,0.0,0.0,0.0,0.0,0.0,0.0,0.0,-1549.1884633070035,3073.2668157187536,100.0,190.8342576499183,94.32381291121828,0.0,82.33945933743591,-745.995191212039,2855.557742009293,161.28941463415728,60.49821563875071,-106.72757837137851,24.10344861516606,72.03132171891845,0.0,0.0,0.0,0.0,0.0,0.0,0.0,0.0
-226.34662232381228,-1944.1776392919585,511.438400776617,-581.5484243308997,264.69513869572324,74.0796404686293,1689.7719322968915,-3119.662334865212,286.11889518268356,1160.3838437476122,-91.2456017930026,-9.269066927325866,14.083336713304329,809.805818222974,-2801.5294315434394,100.0,-441.65477232564626,109.3709185321245,0.0,24.501210158783163,0.0,0.0,0.0,0.0,0.0,0.0,0.0,-1689.4490076289405,3119.662334865212,100.0,1008.6019181156496,91.2456017930026,0.0,81.72808307398896,-751.9614207529402,2801.529431543433,173.21036030492678,-711.6506263061842,-109.37091853211768,23.56426725265152,83.03800753683014,0.0,0.0,0.0,0.0,0.0,0.0,0.0,0.0
-62.67890556271229,-1882.5581736100985,548.821800569784,717.0815478839763,1227.2484273736666,75.34058436990222,1693.5008365109118,-3164.500131715396,281.11463502571974,1192.984649058019,-88.09334884682812,-10.741229057474584,12.242712306775573,630.2804646099745,-2746.201549763219,100.0,373.9818747808914,111.92550896055764,0.0,18.751716913890817,0.0,0.0,0.0,0.0,0.0,0.0,0.0,-1671.5520096581138,3164.5001317153956,100.0,-343.24119836984323,88.09334884682812,0.0,82.15867870610948,-656.7746898088128,2746.2015497632265,184.838016121903,-491.5128885003344,-111.92550896055081,22.930684490273734,71.24695556746777,0.0,0.0,0.0,0.0,0.0,0.0,0.0,0.0
9.140386567428926,-1894.4889034073467,586.6663169045429,-1331.7704782606759,-377.5407030184374,75.92270818589895,1735.2973940822465,-3207.7438223518884,275.3848070037021,-470.12379884117536,-84.86961198853578,-12.170360481494527,2.8275337966424807,509.65594729581306,-2689.6189928326767,100.0,-262.90757052766935,114.3892767178977,0.0,29.08984997895974,0.0,0.0,0.0,0.0,0.0,0.0,0.0,-1694.3827436298052,3207.7438223518884,100.0,393.0995671908738,84.8696119885426,0.0,82.39144179069237,-642.5862012728302,2689.6189928326703,196.12580024256806,80.55547373593413,-114.3892767178977,22.20523853976971,72.7136940781193,0.0,0.0,0.0,0.0,0.0,0.0,0.0,0.0
-9.16954388178236,-1724.3617949862703,624.6309699753291,916.5840693912957,-3167.5294291263617,75.82076696989873,1694.5342195031812,-3249.3583164049655,268.95236552384614,328.9272958201741,-81.57700714003113,-13.550735920279635,16.82710480374919,542.1914515589183,-2631.827675029993,100.0,507.32487255025205,116.76022256404622,0.0,26.620313564430624,0.0,0.0,0.0,0.0,0.0,0.0,0.0,-1717.8234042488766,3249.358316404965,100.0,549.0547052297438,81.57700714003113,0.0,85.97423901183504,-516.307145974327,2631.82767503,207.02849239289793,404.2109335713832,-116.7602225640394,21.390835628289153,70.94896106517447,0.0,0.0,0.0,0.0,0.0,0.0,0.0,0.0
133.39797326048176,-1549.7718362828005,662.3736975423441,1381.3917380518953,-1459.2111930663816,75.03567921434524,1757.7651856374837,-3289.3098455269037,261.8430797506976,-251.3945459117042,-78.21820610661916,-14.876825417287307,8.21339086474873,422.5069948934298,-2572.8744914901567,100.0,-419.5755804603982,119.03642257977936,0.0,35.018513178350865,0.0,0.0,0.0,0.0,0.0,0.0,0.0,-1751.9757012319226,3289.3098455269037,100.0,518.0964083718538,78.21820610662598,0.0,98.62596111043881,-497.26665521330267,2572.8744914901495,217.50241502543366,1226.606972662701,-119.03642257977253,20.490738355685494,68.5959333419901,0.0,0.0,0.0,0.0,0.0,0.0,0.0,0.0
204.42111884508626,-1492.8467501802422,699.5544369187393,1097.0980625868183,1238.9095001115186,73.57451857463047,1693.9138311887657,-3327.565990793524,254.08543037163852,-762.9992422129953,-74.79593440897816,-16.143316492265143,0.0,355.65843232738376,-2512.8072801514927,100.0,-1675.732446344948,121.21602972814344,0.0,40.11798991519643,0.0,0.0,0.0,0.0,0.0,0.0,0.0,-1689.4689548961924,3327.565990793524,100.0,685.0417094764941,74.79593440891676,0.0,90.91432929397178,-388.94754486367043,2512.807280151501,227.50560829699555,1855.6793341252162,-121.21602972814344,19.508552624150184,58.624362745283385,0.0,0.0,0.0,0.0,0.0,0.0,0.0,0.0
455.2489591666837,-1401.9821898141618,735.8381889418797,962.8959688027282,237.97601130091493,71.4504501356214,1777.4454590194362,-3364.0957090107354,245.71049549969385,82.49130577917981,-71.31296907125261,-17.345135423642688,12.283098045763026,296.38595416362404,-2451.674782937378,100.0,-42.6270408374063,123.29727535273378,0.0,41.95241459378394,0.0,0.0,0.0,0.0,0.0,0.0,0.0,-1769.4272847880197,3364.0957090107354,100.0,-565.1431721121003,71.312969071314,0.0,89.64854570563767,-325.37440101737263,2451.6747829373708,236.9979981650594,-925.6446038452455,-123.2972753527406,18.448213192452698,58.35565948854107,0.0,0.0,0.0,0.0,0.0,0.0,0.0,0.0
423.4647661647307,-1239.0520846185445,770.8980363220692,-264.6163782024408,1170.0962682058366,68.68261179403476,1773.030179624457,-3398.8693579047326,236.75182617072622,46.62604385148484,-67.77213636804163,-18.47746757458097,0.8937006653067954,250.8048900742678,-2389.526606204174,100.0,1160.7017382430543,125.27847061357988,0.0,48.63733520836483,0.0,0.0,0.0,0.0,0.0,0.0,0.0,-1761.389484191614,3398.8693579047326,100.0,-1749.7316971699036,67.77213636797342,0.0,97.98621951552857,-129.68987030102994,2389.526606204182,245.94155692937977,-244.6205476239561,-125.27847061357988,17.313967912902513,59.97867011663849,0.0,0.0,0.0,0.0,0.0,0.0,0.0,0.0
523.1433018412237,-1150.8026100504205,804.4180891735372,1680.55338644841,2907.178164027771,65.29594182549943,1715.5049031866643,-3431.8587201754094,227.24531193379295,1188.7907591516591,-64.17630953071921,-19.53577668095491,1.0308691691828002,134.68853533758653,-2326.4131804879557,100.0,-1090.1185150858705,127.15800785709007,0.0,50.74086369156541,0.0,0.0,0.0,0.0,0.0,0.0,0.0,-1792.3002084999746,3431.8587201754094,100.0,141.05830968744613,64.1763095307806,0.0,90.29407747201975,-216.72616233849635,2326.413180487948,254.30045557571,50.88141767752688,-127.15800785709689,16.11036071385641,50.71942751000707,0.0,0.0,0.0,0.0,0.0,0.0,0.0,0.0
610.806225765256,-1052.873456286411,836.0963311882217,-1647.43363853134,275.34445652381123,61.320954190275074,1771.6190636593617,-3463.0370263934688,217.2290370731265,-748.615754126896,-60.528406416012785,-20.51582302420897,8.938629725015957,79.61009184642475,-2262.3857195822047,100.0,545.860593787785,128.93436192072386,0.0,47.929731975431025,0.0,0.0,0.0,0.0,0.0,0.0,0.0,-1798.4505108906194,3463.0370263934683,100.0,-1458.9842593198352,60.52840641594457,0.0,91.65969232236367,-49.286784171769035,2262.385719582213,262.0412073113116,-1206.831378986814,-128.93436192073068,14.84221339618955,56.86019286253803,0.0,0.0,0.0,0.0,0.0,0.0,0.0,0.0
733.7763704697754,-935.4890544002437,865.6473408084383,640.2968768261644,943.7252568234413,56.79346360188447,1836.0711726220422,-3492.3789767226453,206.7431280377321,-816.0271829677731,-56.83138713825883,-21.41368041619799,0.0,58.125746330950264,-2197.4961789801737,100.0,1396.4900137968455,130.6060913706051,0.0,52.711190972131405,0.0,0.0,0.0,0.0,0.0,0.0,0.0,-1822.4064086969115,3492.3789767226453,100.0,-1268.9120530035757,56.83138713830658,0.0,93.26850467899884,-27.962259309112845,2197.4961789801655,269.13280171723125,2093.3009687193307,-130.60609137061192,13.51460631656039,51.60856724011864,0.0,0.0,0.0,0.0,0.0,0.0,0.0,0.0
845.7595020877794,-965.874046992554,892.8048628804572,952.0207610144087,1063.411326506739,51.75426283583988,1833.624516722119,-3519.8607614494217,195.82959268981745,-984.2630039326934,-53.08825166737506,-22.225751927969952,3.947739311429048,-15.237065714915671,-2131.7972137151423,100.0,1076.878471190881,132.17183967104575,0.0,58.4859354016036,0.0,0.0,0.0,0.0,0.0,0.0,0.0,-1815.6234654140585,3519.8607614494217,100.0,265.1800377547613,53.08825166736824,0.0,99.37300803553418,80.34768410302456,2131.797213715151,275.5468289799153,-913.2480074935452,-132.17183967105257,12.132858034854337,35.87304751451157,0.0,0.0,0.0,0.0,0.0,0.0,0.0,0.0
896.2710602986438,-687.258213741535,917.3242076184921,-224.11617841157124,-180.48483869843324,46.24875518607439,1779.5499828816864,-3545.4600803035714,184.53215201604633,-1450.7270244275799,-49.302037394718354,-22.948784299586293,12.65312561291019,-77.7394077305658,-2065.342135633283,100.0,222.21283894708074,133.63033628580297,0.0,64.3131394502959,0.0,0.0,0.0,0.0,0.0,0.0,0.0,-1714.3125115698454,3545.4600803035714,100.0,-747.6922866240204,49.302037394718354,0.0,93.10439351232536,81.7914232839033,2065.3421356332747,281.2575937044735,1083.6682037366616,-133.6303362858098,10.702504007412585,28.370821163133026,0.0,0.0,0.0,0.0,0.0,0.0,0.0,0.0
848.8470737440144,-684.7468974272838,938.9844552642514,-467.9464108683021,1212.406260901331,40.32654538033228,1777.3876628567093,-3569.156160553858,172.8960649758014,-563.4383743571175,-45.47581666806991,-23.579880972976923,10.622316137380754,-176.3141952076642,-1998.184870133289,100.0,-966.4995078301472,134.9803977083343,0.0,65.04937357223159,0.0,0.0,0.0,0.0,0.0,0.0,0.0,-1786.8603677082556,3569.156160553858,100.0,11.781316542337663,45.47581666806991,0.0,93.525994470486,102.71815257326452,1998.1848701332979,286.2422178536426,1264.2011698957144,-134.9803977083377,9.22927441123278,33.32107864364937,0.0,0.0,0.0,0.0,0.0,0.0,0.0,0.0
1042.6175346591158,-497.8294882309523,957.5904465781528,67.62176251433857,-2402.946946065797,34.04099264050444,1811.7090863060694,-3590.929773864198,160.96794718813618,1485.7410543405967,-41.61269429872846,-24.11651369599042,0.0,-283.08935386948815,-1930.3799124083985,100.0,1095.8120252960973,136.22092842265374,0.0,67.9120736531721,0.0,0.0,0.0,0.0,0.0,0.0,0.0,-1738.2356317859153,3590.929773864198,100.0,1923.0278938568472,41.612694298721635,0.0,82.33147056103681,227.03342288300624,1930.3799124083903,290.48073240006346,-341.37440439504235,-136.22092842265374,7.71907118821332,46.72933867676821,0.0,0.0,0.0,0.0,0.0,0.0,0.0,0.0
1116.5405667963305,-491.68373803678185,972.9745412277255,384.54052871445924,-1061.7805475322405,27.44872991534578,1801.9252138355303,-3610.7632518966207,148.79558418377863,-928.4851265022962,-37.71580504208259,-24.55653265086511,7.84642287783306,-286.6976451262815,-1861.982283225786,100.0,301.2549164802189,137.3509217921628,0.0,72.07649116555366,0.0,0.0,0.0,0.0,0.0,0.0,0.0,-1728.618887790416,3610.7632518966207,100.0,495.4244694797899,37.71580504207577,0.0,89.42123444841172,297.5422903925087,1861.982283225795,293.9561573246999,-757.3723455406841,-137.3509217921628,6.177944401222817,32.251177375008325,0.0,0.0,0.0,0.0,0.0,0.0,0.0,0.0
1205.9702191208282,-381.3736459156475,984.9981282301881,-191.2017828425303,1224.1201871506964,20.609153616204026,1753.150310516823,-3628.6405006483506,136.42773997032248,-963.0544626816493,-33.78831105387917,-24.898175066670376,9.81148932259812,-348.51326620945923,-1793.0474842797448,100.0,915.9064680096714,138.36946087650404,0.0,79.61038743775411,0.0,0.0,0.0,0.0,0.0,0.0,0.0,-1640.1362834870952,3628.6405006483506,100.0,992.2964414613966,33.78831105387917,0.0,96.56703141447076,349.2628807292009,1793.0474842797364,296.65456964091766,635.6500581339205,-138.36946087650404,4.612067996794167,30.913503049255098,0.0,0.0,0.0,0.0,0.0,0.0,0.0,0.0
1274.4621427981428,-262.60289702724805,993.5528748399984,1375.6275120827092,901.7540321632515,13.583888454516,1735.099592963329,-3644.5470135113937,123.91396167751651,201.87655600788844,-29.83339932427498,-25.140072281187358,18.115987323881537,-400.0590797197571,-1723.6314531543435,100.0,-609.029151291222,139.27571917562204,0.0,81.31261027773012,0.0,0.0,0.0,0.0,0.0,0.0,0.0,-1743.7615419295348,3644.5470135113937,100.0,4.15881357783519,29.83339932427498,0.0,84.21873558780449,422.5728990338816,1723.6314531543353,298.5651591717093,1508.9781622282626,-139.27571917562545,3.027715071517605,18.898160669550343,0.0,0.0,0.0,0.0,0.0,0.0,0.0,0.0
1409.036592231662,-17.065138829857986,998.5617026289433,1693.0019231153324,1197.8764296069803,6.436232201777443,1777.4211494437009,-3658.4698830440093,111.30438106527558,-711.3203912467031,-25.854279091718126,-25.281255223940775,19.350766051041276,-472.08417287025054,-1653.7905179326374,100.0,2557.9850294888593,140.06896130041127,0.0,84.67805058875571,0.0,0.0,0.0,0.0,0.0,0.0,0.0,-1754.2214273215252,3658.4698830440093,100.0,102.8061809618896,25.854279091711305,0.0,84.4911087163941,525.9269692045957,1653.7905179326465,299.6802718566134,-1468.3492581351152,-140.06896130041127,1.4312327412346804,25.09765655364427,0.0,0.0,0.0,0.0,0.0,0.0,0.0,0.0
1451.560067971892,11.957982542816719,999.9794819642274,-883.8476619762412,1551.2440086656889,-0.7694146244136846,1726.4172948424166,-3670.3978114445463,100.0,-1354.0206037560438,-21.854179238807774,0.0,25.840368456028735,-580.8526115771444,-1583.5813514888318,100.0,123.41545158468875,140.74854356946958,0.0,73.34384068496932,0.0,0.0,0.0,0.0,0.0,0.0,0.0,-1632.8120943819572,3670.3978114445463,101.35048631042456,-958.1815367854233,21.854179238800953,25.32115829843704,71.48109123933435,526.2177371451464,1583.5813514888234,299.99544041483887,2761.3758435374343,-140.748543569473,-0.1709832862943017,17.764884571104584,0.0,0.0,0.0,0.0,0.0,0.0,0.0,0.0
1464.202214626605,-16.78974926048636,997.7934386273143,885.0872784825651,98.41672581268817,-7.968129010337748,1615.6993717938828,-3680.3211197191113,100.0,-7.075103477410494,-17.836345672185416,0.0,31.658918175024922,-579.4080166270355,-1513.0609255006634,100.0,-1641.0803070610182,141.3139145314119,0.0,86.88744161600985,0.0,0.0,0.0,0.0,0.0,0.0,0.0,-1606.1035506928092,3680.3211197191113,113.99994346916999,584.6380398512258,17.836345672185416,25.259621647929436,75.52346789949382,639.4804295051653,1513.0609255006725,299.50940224174917,-224.27034754263389,-141.3139145314119,-1.772514333408708,13.216107204220041,0.0,0.0,0.0,0.0,0.0,0.0,0.0,0.0
1465.748800961429,288.33612612910827,992.0232689098773,1844.9347505071887,1143.7305122998796,-15.095050403683103,1657.9928542716748,-3688.2317555356494,100.0,-248.61639947106482,-13.804038688633682,0.0,27.59626019033409,-658.960792491903,-1442.2864642194893,100.0,501.8916393896018,141.76461541234858,0.0,84.03985462950146,0.0,0.0,0.0,0.0,0.0,0.0,0.0,-1710.101046894125,3688.2317555356494,126.59331510455416,30.08183533778947,13.80403868862686,25.096891795952985,75.1242550738881,644.482211620224,1442.2864642194806,298.2241044670147,566.110072948702,-141.764615412352,-3.366944466561108,13.713169401596794,0.0,0.0,0.0,0.0,0.0,0.0,0.0,0.0
1646.1124289954348,382.0608110320476,982.7209621498394,6.576918495658219,375.2944426637876,-22.085965108346386,1601.3082342780574,-3694.1232997580637,100.0,-391.40032774733754,-9.760530329476751,0.0,22.318686097011962,-688.126730456156,-1371.315398035162,100.0,84.57953274025783,142.1002804881664,0.0,86.64703687427956,0.0,0.0,0.0,0.0,0.0,0.0,0.0,-1662.3482389593376,3694.1232997580637,139.08015059578645,847.556034676453,9.760530329476751,24.83362065863389,77.37118585381475,746.9859711287373,1371.315398035171,296.1446961541676,953.2170663671315,-142.10028048830281,-4.94788619935548,14.743526067055116,0.0,0.0,0.0,0.0,0.0,0.0,0.0,0.0
1640.9465939617173,433.1837720285191,969.9703323064587,-1193.7376423906971,1131.1700509087166,-28.87788485108672,1592.890129506849,-3697.990971655062,100.0,-739.3389478972324,-5.709101725478831,0.0,23.862530795394786,-770.8440333925273,-1300.2053168739126,100.0,-602.8773758631934,142.32063738142188,0.0,90.63625117898044,0.0,0.0,0.0,0.0,0.0,0.0,0.0,-1559.6180918273155,3697.990971655062,151.41042611918547,-13.629758205988765,5.70910172547201,24.470862933053183,78.53518259846412,908.803856931511,1300.205316873904,293.27950767281015,-113.099742722207,-142.32063738128886,-6.509006081608106,8.129966497614301,0.0,0.0,0.0,0.0,0.0,0.0,0.0,0.0
1702.6132051532613,538.7204150433245,953.8862627949763,2387.349937799462,-1686.1354648699046,-35.409614306901744,1505.2226648118428,-3699.831632779512,100.0,-210.9244196123086,-1.6530404343143346,0.0,29.817458388953966,-913.4713709664787,-1229.0139234664946,100.0,222.29097206562244,142.42550728170386,0.0,83.58739416712065,0.0,0.0,0.0,0.0,0.0,0.0,0.0,-1524.530180697667,3699.831632779512,163.534745049869,-774.4135510222077,1.6530404343143346,24.010071872001078,60.66494180320124,917.7543032573225,1229.0139234665037,289.64001732611257,-1291.9520149770192,-142.42550728183687,-8.044050071950153,9.256386818334512,0.0,0.0,0.0,0.0,0.0,0.0,0.0,0.0
1743.6629652607455,678.0229636691864,934.6136713848789,269.44054584560035,689.9867336505253,-41.622302470411796,1475.702097393938,-3699.6437895151557,100.0,712.378187689394,2.404362227098318,0.0,30.177591877243948,-937.2742454900533,-1157.7989865250752,100.0,251.72703098084185,142.414805092194,0.0,86.44171686154297,0.0,0.0,0.0,0.0,0.0,0.0,0.0,-1544.0849789625092,3699.6437895151557,175.40453585080738,705.6664742127509,-2.404362227098318,23.453093462060792,66.58032694739347,976.0783281201075,1157.7989865250665,285.24080536729605,1283.309078870836,-142.414805092061,-9.546868592294118,4.515071724982964,0.0,0.0,0.0,0.0,0.0,0.0,0.0,0.0
1854.0173953071844,813.4768529700043,912.3262044880641,901.0221823168899,-82.35919861619209,-47.45997290397838,1500.681463894137,-3697.427594288614,100.0,1294.042579411938,6.459813853387004,0.0,36.67778171097843,-1015.0416685789517,-1086.6182938663023,100.0,-715.2122887659226,142.28853949671247,0.0,92.3326159703747,0.0,0.0,0.0,0.0,0.0,0.0,0.0,-1544.2059517631044,3697.427594288614,186.97224665647164,2145.3535615973815,-6.459813853387004,22.802159028358062,57.685510041240065,962.6373825645107,1086.6182938663114,280.0994955893159,75.84252007391399,-142.2885394968489,-11.011441163813913,4.6075669497529,0.0,0.0,0.0,0.0,0.0,0.0,0.0,0.0
1796.5944437735377,842.2062846970948,887.2246726013957,2296.589695712164,-270.3995898474119,-52.87002808716068,1520.809109991178,-3693.184845445696,100.0,186.91518592733814,10.510023622348399,0.0,46.56854734688005,-1064.639728267618,-1015.5296055191523,100.0,-800.8065406536224,142.04681295482885,0.0,96.56066081648063,0.0,0.0,0.0,0.0,0.0,0.0,0.0,-1479.2212032128625,3693.184845445696,198.1915357715502,-1200.2508328060696,-10.510023622348399,22.059876295594023,59.686112454015046,1026.9115584515177,1015.5296055191437,274.2366847217444,82.65215615193483,-142.04681295469754,-12.43190052573567,4.865560787477784,0.0,0.0,0.0,0.0,0.0,0.0,0.0,0.0
1959.8066298914378,1038.219395557369,859.5352410003416,-103.73657231716265,-1477.5378496098301,-57.80372332051172,1384.0498022545974,-3686.9189857921237,100.0,-286.6056644762091,14.551704965315366,0.0,42.35006396348798,-1110.427244738097,-944.5906068550426,100.0,496.680397238614,141.68982161642134,0.0,100.0,0.0,0.0,0.0,0.0,0.0,0.0,0.0,-1382.274779578525,3686.9189857921237,209.01745732157255,2032.7174585064824,-14.551704965322187,21.229218941135315,52.749646462439316,1122.9279614190818,944.5906068550518,267.6758599176975,-549.0574484454976,-141.68982161655265,-13.802556140301476,10.53398256995263,0.0,0.0,0.0,0.0,0.0,0.0,0.0,0.0
1911.7329559898776,997.7129548491736,829.5073919855793,173.53095174569034,2367.325602216187,-62.21660591725538,1444.3856721355485,-3678.6350997998443,100.0,84.12305835815687,18.581578234100107,0.0,57.67146461776252,-1183.8019770342792,-873.8588617788095,100.0,-509.02704462148677,141.2178551651965,0.0,100.0,0.0,0.0,0.0,0.0,0.0,0.0,0.0,-1393.3147224598565,3678.6350997998443,219.4066413116999,582.5957621600003,-18.581578234093286,20.313514682239315,44.18294906557821,1115.8352945990628,873.8588617788009,260.4433046613639,981.5096878866768,-141.2178551650652,-15.117916989827904,3.233067313249558,0.0,0.0,0.0,0.0,0.0,0.0,0.0,0.0
1981.5531429862265,1141.6680378250342,797.4116770427631,-1639.209640087621,-135.52533104313397,-66.06891572182178,1290.6658472316317,-3668.3399094811994,100.0,507.5690738412402,22.596373362214308,0.0,57.149001968195755,-1226.219494893771,-803.3917660179675,100.0,-434.3109829847572,140.63129658069045,0.0,96.36776513250551,0.0,0.0,0.0,0.0,0.0,0.0,0.0,-1370.4746462214778,3668.3399094812,229.3174673723453,-1064.6913366383353,-22.59637336222795,19.3164319445836,41.15196809173449,1275.0927011844983,803.3917660179765,252.56799347308274,505.12787013633783,-140.63129658082346,-16.372713574335762,2.7613327661323734,0.0,0.0,0.0,0.0,0.0,0.0,0.0,0.0
1936.5130873723288,1274.123338107132,763.537279168539,-824.1491303269095,2234.728913136985,-69.32594335039198,1250.7642459288322,-3656.0417689343108,100.0,-416.4939959148296,26.59283251844954,0.0,59.60486085761592,-1209.1432162226406,-733.2465005487192,100.0,-1299.933169641688,139.93062183015468,0.0,84.2140710530042,0.0,0.0,0.0,0.0,0.0,0.0,0.0,-1330.7179282995219,3656.0417689343108,238.71023149557638,478.1131989255118,-26.5928325184359,18.24196516623701,38.59761850552941,1198.3181744863741,733.2465005487107,244.08147583379284,834.2527891255531,-139.93062183002166,-17.561919021873393,0.0,0.0,0.0,0.0,0.0,0.0,0.0,0.0,0.0
1900.5418900069212,1346.61324383353,728.1894073262936,1160.8660410098037,1196.8527827742844,-71.95834292249174,1179.5574936659493,-3641.750657564089,100.0,154.25897847777264,30.567712750423652,0.0,61.202153059051284,-1336.395859493366,-663.4799851959463,100.0,-356.028355675503,139.1163994800712,0.0,95.5136329938993,0.0,0.0,0.0,0.0,0.0,0.0,0.0,-1294.327544109349,3641.750657564089,247.5473050943334,-961.7166428508574,-30.567712750437295,17.09441879540904,38.65346178442157,1323.96156641284,663.4799851959552,235.01774979386937,604.5033051723476,-139.11639948020252,-18.680769226782132,7.061031603045239,0.0,0.0,0.0,0.0,0.0,0.0,0.0,0.0
1998.3364019831329,1565.3824129166676,691.6865465076402,923.9204539209118,1341.8199578917972,-73.94239646850906,1197.41148622295,-3625.478171984385,100.0,-271.02770884860433,34.51778861610137,0.0,64.39213222601761,-1395.7438083501816,-594.148832445392,100.0,-582.3846034031158,138.18929023691112,0.0,93.14467699245121,0.0,0.0,0.0,0.0,0.0,0.0,0.0,-1192.28217088553,3625.478171984385,255.79328574725238,-3379.227872016453,-34.51778861608773,15.878390046290463,31.45725435988503,1309.5308930643419,594.1488324453837,225.41312577268448,-53.44432086234406,-138.18929023678152,-19.72478193529767,7.893417632212858,0.0,0.0,0.0,0.0,0.0,0.0,0.0,0.0
2010.113351295313,1571.5881557763519,654.3575881766391,398.013943467912,1237.4095854207712,-75.26022762843184,1134.9868057113863,-3607.2375166078373,100.0,-456.14619258866355,38.43985480114725,0.0,68.87022393305575,-1388.229903947816,-525.3093015049589,100.0,941.2386436811119,137.1500464088831,0.0,86.08911650606898,0.0,0.0,0.0,0.0,0.0,0.0,0.0,-1182.463977740682,3607.2375166078373,263.4151390251898,-157.584050850935,-38.43985480116089,14.59875048203969,28.719246872245293,1463.8993090853755,525.3093015049506,215.30608109452783,-1586.5253907464557,-137.1500464090093,-20.689774702020713,13.552809019052152,0.0,0.0,0.0,0.0,0.0,0.0,0.0,0.0
1961.254743933713,1638.8560221239793,616.538866951514,344.58878870503895,796.1630092306052,-75.89996271883479,1041.1630201987502,-3587.04349293108,100.0,142.4638954572879,42.33072871979857,0.0,76.28033671343152,-1462.958999859485,-457.0172526529343,100.0,-277.81532696387444,135.99951129756334,0.0,86.05219079775473,0.0,0.0,0.0,0.0,0.0,0.0,0.0,-1140.1891313242081,3587.0434929310804,270.3823308312746,-279.6772170932752,-42.33072871979857,13.260626498691863,35.563818215444215,1480.783834746454,457.01725265294306,204.7371058436409,116.53051428553908,-135.99951129730925,-21.57188164531533,15.159543284540774,0.0,0.0,0.0,0.0,0.0,0.0,0.0,0.0
1956.7228369397747,1803.2613208384078,578.5711302234004,352.85702264279166,-765.246325876434,-75.85583771432653,1061.3499408449202,-3564.912487523959,100.0,1370.418612133778,46.18725309753927,0.0,70.90451282135982,-1551.25912462,-389.3281019097585,100.0,443.62141705989757,134.73861851140043,0.0,87.75567021914273,0.0,0.0,0.0,0.0,0.0,0.0,0.0,-1039.2092121097417,3564.912487523959,276.66694972431685,1054.8189124967735,-46.18725309753927,11.869378788171048,22.705033523323856,1483.215844585107,389.32810190975044,193.74854065587172,-1048.1921623828066,-134.73861851165282,-22.36756893451556,10.948375327125701,0.0,0.0,0.0,0.0,0.0,0.0,0.0,0.0
1956.9649106878358,1887.4025448532975,540.7964680159071,-2827.7597812646036,1979.3309776365334,-75.12825018219814,943.7447845752448,-3540.86245873255,100.0,-868.0080537039464,50.006298532941855,0.0,70.79301243260883,-1545.1853730101084,-322.2967760702893,100.0,472.1380762024239,133.36839121080345,0.0,84.5176511667567,0.0,0.0,0.0,0.0,0.0,0.0,0.0,-931.630225099234,3540.86245873255,282.2438187355297,1067.691731447505,-50.006298532941855,10.430580862694967,29.598515746486108,1468.3762773716053,322.29677607029794,182.38440709680043,1186.411382980225,-133.36839121055448,-23.073648946887317,13.968322282556455,0.0,0.0,0.0,0.0,0.0,0.0,0.0,0.0
1956.3324162552635,2047.6146004968105,503.55523074759526,-267.27695440623506,1542.1834946255922,-73.7237556996584,929.3837205186978,-3514.9129221067474,100.0,-467.5426083995626,53.784766037128975,0.0,79.01855030652284,-1600.1350186598916,-255.97766813322028,100.0,781.9138302621195,131.8899412744929,0.0,74.76164142374287,0.0,0.0,0.0,0.0,0.0,0.0,0.0,-901.8594337141564,3514.9129221067474,287.0905962306129,236.47026270637298,-53.784766037128975,8.949996726588552,17.72678599794081,1548.6811683589046,255.97766813321243,170.69023130584398,-36.44455220356235,-131.88994127474018,-23.687293037650647,18.014851527064764,0.0,0.0,0.0,0.0,0.0,0.0,0.0,0.0
2034.7611712097635,2081.5288937282753,467.1829626682469,-217.66816018208715,-782.0354811932077,-71.65500878864066,811.5540428191669,-3487.084934564242,100.0,-633.7794662742726,57.519589548446675,0.0,79.70152429721799,-1655.5385378633994,-190.4245931634007,100.0,-1409.9521262463918,130.3044684011303,0.0,84.26477949096694,0.0,0.0,0.0,0.0,0.0,0.0,0.0,-857.4484809525986,3487.0849345642423,291.1878654131326,-752.7394035993876,-57.519589548446675,7.433557784952427,16.693181309572406,1600.4992416072341,190.4245931634091,158.71286161285167,912.7492083121433,-130.30446840088302,-24.20604287188027,15.019685557614258,0.0,0.0,0.0,0.0,0.0,0.0,0.0,0.0
1937.937587866371,2130.5697256017793,432.0073785988926,1774.6250941056053,247.6875523752551,-68.94064889772068,792.9711786250098,-3457.4010773037517,100.0,193.14038048948873,61.207738420494024,0.0,82.45502261329325,-1592.9408420613547,-125.69074462338745,100.0,-786.1440361752955,128.6132591320859,0.0,75.65669190628998,0.0,0.0,0.0,0.0,0.0,0.0,0.0,-761.6060351227759,3457.401077303752,294.5192121106344,-165.4728404423264,-61.207738420494024,5.887339081734808,14.239582210187276,1664.9955785098555,125.69074462337971,146.50028085784004,-260.4037833145924,-128.6132591320859,-24.627820272922065,20.171587027389428,0.0,0.0,0.0,0.0,0.0,0.0,0.0,0.0
1918.9278475550955,2286.927777683435,398.3454112150543,-744.7280887697252,883.0071146401224,-65.60513246064744,742.8595456036679,-3425.885437481364,100.0,-944.0043410526715,64.84621988114213,0.0,89.64645880210988,-1676.683064604853,-61.828651209139935,100.0,119.95480784625215,126.81768581020492,0.0,76.74765020068078,0.0,0.0,0.0,0.0,0.0,0.0,0.0,-713.0532304549295,3425.885437481364,297.07129053187003,112.16422736243771,-64.84621988113531,4.317534962297884,15.271109880546303,1656.6098084588234,61.82865120914812,134.1014141657387,1062.5573405083207,-126.81768581020492,-24.95093554775096,12.467469003802771,0.0,0.0,0.0,0.0,0.0,0.0,0.0,0.0
1939.1426629394086,2354.070176278678,366.5003554774057,-529.0767219625616,213.3866960136197,-61.67851254343219,652.7402226651733,-3392.5635886648565,100.0,-922.124128648228,68.43208146134884,0.0,84.22120476100616,-1624.089802808679,1.1098657745992568,100.0,1309.3043236781693,124.9192054649609,0.0,76.1695223966,0.0,0.0,0.0,0.0,0.0,0.0,0.0,-671.9867554754919,3392.5635886648565,298.8338767317052,-994.1833657235435,-68.43208146134884,2.7304342581618357,7.954692571857364,1656.3925717925408,-1.1098657746067602,121.56593294622473,-159.86614466632318,-124.91920546495749,-25.174094256210182,21.23231345639166,0.0,0.0,0.0,0.0,0.0,0.0,0.0,0.0
1805.9430845626875,2360.0541296183487,336.75913593841966,-389.7391300859954,-401.80645796009003,-57.19616806554683,531.7181280351797,-3357.4625700818647,100.0,-1047.4834306715088,71.96241339076778,0.0,92.13688364473147,-1670.864416193864,63.073734465159305,100.0,540.9663083431235,122.91935863038248,0.0,63.10240137506007,0.0,0.0,0.0,0.0,0.0,0.0,0.0,-562.3475555643391,3357.462570081865,299.7999095695212,-368.5936867752707,-71.96241339076778,1.1323950931154059,2.1024876110653885,1608.4314993194366,-63.073734465151574,108.94405590384719,666.0926911741683,-122.91935863038248,-25.296402396621076,28.155868184146712,0.0,0.0,0.0,0.0,0.0,0.0,0.0,0.0
1837.8335775460068,2467.550799969105,309.38972154677964,2613.594106815536,294.1754448767756,-52.19848503523224,498.6092952508989,-3320.610864678725,100.0,274.41937353639673,75.43435095895802,0.0,86.59241867069738,-1679.5780266337863,124.01267388440806,103.71365214438082,236.28220728555448,120.81976809499679,25.31736998728661,59.38757866765195,0.0,0.0,0.0,0.0,0.0,0.0,0.0,-535.3922577344285,3320.610864678725,299.9655189970274,73.5762904961166,-75.43435095895802,-0.47018058820810893,6.200978426212323,1771.8152815517446,-124.01267388441511,100.0,1381.3027620413823,-120.81976809500361,0.0,28.2001175415582,0.0,0.0,0.0,0.0,0.0,0.0,0.0,0.0
1806.0057972366228,2601.6228532177906,284.63871124206565,-870.1954699306191,122.91532583045637,-46.730492670796195,463.97939048278647,-3282.0383760078066,100.0,-2414.9925040713683,78.84507683993661,0.0,98.92606381823258,-1752.522382187525,183.8772347396946,116.35648283795605,-1608.4781160700152,118.62213758499479,25.236913029418062,65.94474977112982,0.0,0.0,0.0,0.0,0.0,0.0,0.0,-478.7401430680019,3282.038376007807,299.33004156215816,217.82635046088672,-78.84507683993661,-2.0708726673302635,5.96784172239896,1728.3523724241445,-183.87723473968708,100.0,950.7835376996616,-118.62213758499479,0.0,37.95832670206019,0.0,0.0,0.0,0.0,0.0,0.0,0.0,0.0
1743.7422028869812,2665.8890821338746,262.7291120936923,-346.5097403059565,-76.93765161584452,-40.84145768649336,461.08403691104826,-3241.776403962083,100.0,-345.4179797693598,82.19182337833445,0.0,87.0013393404598,-1735.5600174125218,242.6188395496763,128.93378741691976,106.24850130012192,116.32825038171859,25.05535384362318,55.482297487442025,0.0,0.0,0.0,0.0,0.0,0.0,0.0,-381.3807307123771,3241.7764039620834,297.8960230669443,-782.6879515671362,-82.19182337834127,-3.663268571710887,7.556795466046029,1776.8189713254678,-242.61883954968334,100.0,-974.1209967606983,-116.32825038171859,0.0,40.26753015334517,0.0,0.0,0.0,0.0,0.0,0.0,0.0,0.0
1683.0780406537965,2723.6486855618036,243.85833000298067,913.7541244063732,-130.08338566040266,-34.58444039857284,309.7634672971781,-3199.857619376631,100.0,889.7922578380335,85.47187483525931,0.0,97.38007935362624,-1828.5333456767196,300.189822062943,141.39517962711744,-1339.477844832228,113.93996787464062,24.7734197787355,49.16974940817717,0.0,0.0,0.0,0.0,0.0,0.0,0.0,-383.13927752936195,3199.857619376631,295.6692083687128,-235.23950765129285,-85.47187483526614,-5.240988964330597,4.209960733260306,1781.7824061422928,-300.1898220629357,100.0,830.0662414574185,-113.9399678746338,0.0,47.274701846409116,0.0,0.0,0.0,0.0,0.0,0.0,0.0,0.0
1665.1295213259434,2780.3490943353895,228.19639107229187,-1127.809772410776,194.07438614070998,-28.015816650774923,333.64913603405967,-3156.3160375176753,100.0,-48.29062603241596,88.68256959194241,0.0,92.05039401045946,-1800.1760710895453,356.54346593698756,153.6907375738317,-1533.0754828986574,111.45922805089185,24.392240297836167,55.80539916735123,0.0,0.0,0.0,0.0,0.0,0.0,0.0,-261.3391313838029,3156.316037517676,292.6585183654698,-942.8917822885514,-88.68256959194241,-6.797713300097712,9.037166563739277,1809.735830377284,-356.54346593699415,100.0,-552.8983078461852,-111.45922805088503,0.0,47.857523845122266,0.0,0.0,0.0,0.0,0.0,0.0,0.0,0.0
1680.2316989615015,2794.0537427179884,215.88440966661773,-229.79167043208918,-546.3830653096329,-21.19476986681832,134.71880938220568,-3111.1869904806813,100.0,410.6871351540617,91.82130230954499,0.0,89.30753832987786,-1770.8238439368724,411.6340426465947,165.7712037151318,487.9492289818472,108.88804392267957,23.91334245356802,55.396725657668576,0.0,0.0,0.0,0.0,0.0,0.0,0.0,-240.46924151322528,3111.1869904806817,288.87601425766786,-1256.2061978502527,-91.82130230953817,-8.327205146752874,14.419887929725244,1781.2516596914259,-411.63404264658766,100.0,203.14367816158324,-108.88804392268298,0.0,50.094610590492934,0.0,0.0,0.0,0.0,0.0,0.0,0.0,0.0
1481.8750985537276,2847.2775310980805,207.0333169705106,-973.2083814753332,776.9669439082918,-14.18275780685974,126.12920062078328,-3064.5070985199,100.0,-824.4983067237906,94.8855260433038,0.0,93.33392178161495,-1821.0982685479878,465.4168485904336,177.5881821937434,119.73995915567912,106.22850189385645,23.33864477055215,38.02650558615692,0.0,0.0,0.0,0.0,0.0,0.0,0.0,-78.95349784066462,3064.5070985199,284.33684922953046,-138.60828580486645,-94.8855260433038,-9.823337168790545,0.0,1754.6950763041973,-465.41684859044017,100.0,-45.326004246546745,-106.22850189385304,0.0,64.97156944096712,0.0,0.0,0.0,0.0,0.0,0.0,0.0,0.0
1534.3656677606073,2955.8916700726677,201.72286149600438,450.3840578177028,-688.2264977135742,-7.042958831696637,44.63817329473393,-3016.3142403326224,100.0,-1429.9191945787882,97.87275430926911,0.0,85.66964729483759,-1844.5954384108782,517.8482413661914,189.09433271690295,-545.0915453049709,103.48276006681431,22.670449559537218,51.86124055489554,0.0,0.0,0.0,0.0,0.0,0.0,0.0,-48.40690397290743,3016.314240332623,279.0592077434996,-316.389636257204,-97.87275430926911,-11.28011567433191,7.23797561979207,1797.7625104684962,-517.8482413661977,100.0,-1338.3198539326406,-103.48276006682113,0.0,58.82174643931765,0.0,0.0,0.0,0.0,0.0,0.0,0.0,0.0
1429.0792011460753,3033.551163018424,200.0008905470301,-1628.9480509561292,589.4083438485563,0.1602973352927961,-38.34744205201028,-2966.647522322292,100.0,254.08305458280498,100.78056310190277,0.0,89.59300120585165,-1787.4408719291466,568.885675184385,200.2435602074823,54.3538593376627,100.65304649135328,21.91143369405438,41.238799318542284,0.0,0.0,0.0,0.0,0.0,0.0,0.0,37.80978278346056,2966.6475223222924,273.0642326910122,1516.0641369571558,-100.78056310190277,-12.6917046266027,4.6084400281213895,1846.7979904693245,-568.8856751843787,100.0,1294.8328562074767,-100.65304649135669,0.0,58.04068938146189,0.0,0.0,0.0,0.0,0.0,0.0,0.0,0.0
1423.5397958396682,3047.866932191016,201.88291911429644,303.89610734004805,357.7208931636642,7.36210922027027,-28.969726740742672,-2915.547246865326,100.0,-487.96369426964753,103.60659286115833,0.0,93.51571784766625,-1772.3673048009302,618.4877353924571,210.99119946663677,-585.0361434346678,97.74165735667566,21.064637886528743,30.982628493851866,0.0,0.0,0.0,0.0,0.0,0.0,0.0,83.22091694466103,2915.5472468653265,266.3759406914269,-1147.1560396385423,-103.60659286115151,-14.052449023830036,7.115290808949645,1835.0528465951272,-618.487735392463,100.0,-988.4915061140748,-97.74165735667907,0.0,57.61051670618461,0.0,0.0,0.0,0.0,0.0,0.0,0.0,0.0
1300.457601185938,3229.149353775251,207.35199008493566,-494.1019555385458,670.8509777500763,14.49758836240278,-124.58591298945727,-2863.054879607522,100.0,-469.336518990035,106.34855038706519,0.0,88.90490658391882,-1830.1271921357759,666.6141720809958,221.29419410816922,421.2231891939871,94.75095512814505,20.133454506804327,38.69240389157873,0.0,0.0,0.0,0.0,0.0,0.0,0.0,106.48736672516844,2863.054879607522,259.02112587844954,562.7502043850338,-106.34855038707201,-15.356897553881765,11.499734667562155,1738.1833442681836,-666.6141720809899,100.0,-993.3204074807804,-94.75095512814846,0.0,61.79340684238005,0.0,0.0,0.0,0.0,0.0,0.0,0.0,0.0
1174.8884066570013,3247.556693190096,216.3588270264092,-75.30603214927623,731.3132598045627,21.502443960092705,-133.93111253222293,-2809.213015816482,100.0,-1199.5457136860207,109.00421070065704,0.0,84.64597154714696,-1743.5484030282178,713.2259327446964,231.11126904779584,1409.672610624807,91.68336663023297,19.12161399188747,39.467403137613516,0.0,0.0,0.0,0.0,0.0,0.0,0.0,216.83297191681996,2809.213015816482,251.02925255948406,-1129.129331642422,-109.00421070065704,-16.599824432906587,5.5874117739557585,1747.4349558571578,-713.2259327447018,100.0,-93.87696079366151,-91.68336663023638,0.0,68.69649698347158,0.0,0.0,0.0,0.0,0.0,0.0,0.0,0.0
1085.3822004366152,3255.191683820927,228.82227816809342,-1770.2580471100885,62.81689342183881,28.313562132397863,-202.50542484850303,-2754.065345817414,100.0,-456.97136130412616,111.57141884934845,0.0,85.31714428017574,-1784.2823803037102,758.2851939718621,240.40309585629268,-1602.86894794295,88.54138107727977,18.033169901348742,23.858349162185174,0.0,0.0,0.0,0.0,0.0,0.0,0.0,203.65608612964445,2754.065345817414,242.4323371779338,1060.9629379667772,-111.57141884934845,-17.77625034047503,15.173861947212318,1758.9448360481056,-758.2851939718562,100.0,-493.76784036122103,-88.54138107727977,0.0,76.468094715103,0.0,0.0,0.0,0.0,0.0,0.0,0.0,0.0
1088.7417217834488,3243.3631878762058,244.63004758026324,-2229.9393374853667,-82.85850754436296,34.869574576163984,-374.10422025192804,-2697.6566195403366,100.0,765.6154862480364,114.04809165574306,0.0,79.73055879053877,-1776.6180192751742,801.7553921363622,249.13245031409886,2296.0088448540628,85.32754805373088,16.87248267827016,22.132280628757833,0.0,0.0,0.0,0.0,0.0,0.0,0.0,342.73314939783717,2697.6566195403366,233.26482005132772,160.78048726139002,-114.04809165574989,-18.88146236736347,17.693650774738515,1764.8886615435442,-801.7553921363672,100.0,-1331.994665803195,-85.32754805357399,0.0,78.78269286587795,0.0,0.0,0.0,0.0,0.0,0.0,0.0,0.0
889.0607008037009,3246.031381316149,263.63970696253494,-1499.5885647659593,-914.8291531649443,41.11141149574593,-397.0273540765954,-2640.0326102074628,100.0,-170.58246510704862,116.43221940762942,0.0,79.96375967182175,-1744.0027310885741,843.6012530675089,257.26436153619267,-605.60953842657,82.04447544451,15.644202180711488,21.456103482843783,0.0,0.0,0.0,0.0,0.0,0.0,0.0,447.25196645706905,2640.0326102074628,223.56342739910392,18.445081609837075,-116.43221940763624,-19.9110328960532,20.149864534672407,1738.8695670235588,-843.6012530675034,100.0,-436.22960990512297,-82.0444754446703,0.0,81.65947449801347,0.0,0.0,0.0,0.0,0.0,0.0,0.0,0.0
767.7862185881925,3330.2428308613107,285.67997892553814,43.83488542503301,2469.243573684321,46.98283382269892,-459.5881313106821,-2581.240077190223,100.0,-14.963730182448955,118.7218674893893,0.0,83.44570359064893,-1813.0091750952377,883.7888206734233,264.7662520698276,263.34920102050546,78.69482732054621,14.35324905388029,18.208614586482327,0.0,0.0,0.0,0.0,0.0,0.0,0.0,461.8224689179138,2581.240077190223,213.36702421278403,-89.27753257175254,-118.7218674893893,-20.86083733832254,21.27824101992996,1740.6240610792263,-883.7888206734278,100.0,142.85544263095403,-78.69482732039614,0.0,84.81651222437087,0.0,0.0,0.0,0.0,0.0,0.0,0.0,0.0
686.4444389017574,3430.4585516047327,310.5522802034224,-1124.8765807592633,-162.87692934603228,52.43093993137734,-599.7803985749508,-2521.3267280660766,100.0,287.9298069056131,120.91517795140135,0.0,77.71176794589,-1688.4737600256499,922.285484495007,271.60806840388045,-118.54164730919138,75.28132177463931,13.004795017356514,12.638000386948153,0.0,0.0,0.0,0.0,0.0,0.0,0.0,601.8507276537908,2521.3267280660766,202.71645855795964,1926.9294226690317,-120.91517795140817,-21.727070658863,19.10852264970535,1780.509435694939,-922.2854844950025,100.0,-968.7688133788652,-75.28132177477573,0.0,87.20951741829884,0.0,0.0,0.0,0.0,0.0,0.0,0.0,0.05422585810406326
718.0415743392712,3413.1867884881985,338.03251089282566,628.4982207520562,664.8785051252685,57.40664228282469,-584.3300022318829,-2460.3411799058895,100.0,-147.032866968064,123.01037101784914,0.0,72.7430269204187,-1705.280242064909,959.0600061678279,277.7624013669724,-1667.512261998479,71.8067287183112,11.604242146550519,8.373122372792817,0.0,0.0,0.0,0.0,0.0,0.0,0.0,573.7350185001898,2460.3411799058895,191.65439793183594,-315.4371065303434,-123.01037101785596,-22.506262618722275,20.954442273069706,1617.2553809601038,-959.060006167832,100.0,134.18689762284203,-71.8067287181816,0.0,89.80256984080138,0.0,0.0,0.0,0.0,0.0,0.0,0.0,0.06304904523214554
608.3214062298488,3492.1487384035663,367.8730735972281,-1120.2368429133458,257.341174991775,61.86510970530179,-662.8497196962519,-2398.332919823304,100.0,-1221.2258309285414,125.00574653091462,0.0,73.1733994508262,-1739.4830083268632,994.0825447707666,283.20459593203634,-793.3445236687794,68.27386763180584,10.157201231317003,5.508513915705062,0.0,0.0,0.0,0.0,0.0,0.0,0.0,662.9098949585197,2398.3329198233046,180.22515833190516,-1883.659596371964,-125.00574653091462,-23.195291677519947,23.320471609011513,1724.7840035285162,-994.0825447707621,100.0,367.0474904947423,-68.27386763193545,0.0,89.11360830930697,0.0,0.0,0.0,0.0,0.0,0.0,0.0,0.07330786904388821
611.6349280264131,3467.496675081396,399.8051042841621,-1250.9657964551398,2.9150262228472457,65.76617132299162,-785.3120682609423,-2335.352264818102,100.0,1461.093895368067,126.89968533021784,0.0,67.63704796115086,-1624.0225678539316,1027.3246810405522,287.91284998743583,-228.18849250210747,64.68560527828458,8.669469298414754,0.779390294539624,0.0,0.0,0.0,0.0,0.0,0.0,0.0,801.8056905646088,2335.3522648181024,168.47452672052145,-282.32201643678195,-126.89968533023148,-23.791397498686138,41.13729265871254,1596.1693227957767,-1027.3246810405558,100.0,1262.1751008834963,-64.68560527828458,0.0,93.50589726908785,0.0,0.0,0.0,0.0,0.0,0.0,0.0,0.08523592457219176
489.5128032054527,3416.416134587455,433.5408947552127,-330.61348957447706,-1039.7246399082496,69.07467849749565,-791.6285167897199,-2271.450320946152,100.0,-694.7887518201327,128.69065056724367,0.0,54.769843568039526,-1632.496076305303,1058.7594404328224,291.86830167895016,-613.3666676265602,61.04485337607457,7.147006387933175,7.656713942088157,0.0,0.0,0.0,0.0,0.0,0.0,0.0,751.7163515625679,2271.450320946152,156.4495775966069,-151.90426390745301,-128.6906505672505,-24.292192007874576,34.22440856944225,1605.514947640647,-1058.7594404328183,100.0,-39.951043892754114,-61.04485337608139,0.0,82.22215098931767,0.0,0.0,0.0,0.0,0.0,0.0,0.0,0.09910481551887466
224.87185740329426,3419.4477874568283,468.7764849023088,20.64161934520797,865.2986482777851,71.76082151658733,-859.8893796648596,-2206.678941849074,100.0,-526.1017842928072,130.37718895166563,0.0,69.35180560009911,-1601.070874148831,1088.3613150107262,295.0551049727194,-594.7938942260498,57.35456623662003,5.595911676571745,11.338382680411723,0.0,0.0,0.0,0.0,0.0,0.0,0.0,882.5717242328608,2206.6789418490744,144.19848440932532,1195.1998457660575,-130.3771889516588,-24.69566895964988,31.388960268738344,1594.5856218323247,-1088.3613150107299,100.0,854.799764483954,-57.35456623662685,0.0,85.4445800000114,0.0,0.0,0.0,0.0,0.0,0.0,0.0,0.11523033871371334
341.00333638952424,3447.9377148659432,505.1944013940266,1051.597889916621,-1920.1447645865096,73.80039818118831,-877.9227031723316,-2141.0906866772702,100.0,-172.08265515190817,131.95793193108784,0.0,59.039804090866724,-1586.426320058243,1116.1062841435646,297.460493136437,1197.8638154464682,53.617738367072434,4.02239904361295,6.127927568507489,0.0,0.0,0.0,0.0,0.0,0.0,0.0,922.4621765395469,2141.0906866772707,131.7703265692235,-294.3294680705634,-131.95793193108784,-25.000211974911082,40.24868710375718,1513.5665026556396,-1116.106284143561,100.0,18.828685415347763,-53.61773836706561,0.0,95.8535031507999,0.0,0.0,0.0,0.0,0.0,0.0,0.0,0.13397967485796172
100.2268855381293,3495.6168125542545,542.4665181162902,-1318.0298805711031,1054.1324433080376,75.17503186694114,-902.176403046519,-2074.7387774404665,100.0,-468.2817123293978,133.43159680150393,0.0,53.68145500231686,-1512.9132881855794,1141.971833998426,299.0748298844744,1192.477213869031,49.83740204030937,2.4327721773349253,3.2248671722910895,0.0,0.0,0.0,0.0,0.0,0.0,0.0,967.9538326964171,2074.7387774404665,119.21489282997847,-762.6915191250123,-133.43159680151075,-25.204601016277408,43.225409964330204,1497.8944156016753,-1141.9718339984288,100.0,4.8670833827645765,-49.83740204032301,0.0,99.03271454508321,0.0,0.0,0.0,0.0,0.0,0.0,0.0,0.15577974928671173
81.51528958813473,3428.340036879909,580.2570125948503,-364.4305759053765,2745.753471974458,75.87233709859049,-1039.8461761214628,-2007.67705582036,100.0,87.59978054194107,134.79698774813187,0.0,46.768450349985194,-1493.7569358934672,1165.9369758092348,299.8916479820466,-764.4339807695417,46.0166248344899,0.8333993216461977,3.226923772823148,0.0,0.0,0.0,0.0,0.0,0.0,0.0,1033.1949365599903,2007.6770558203602,106.58248182842715,746.7604109976128,-134.79698774813187,-25.308017275701786,49.97927594202425,1551.8322458994276,-1165.9369758092375,100.0,41.139897570136554,-46.0166248344899,0.0,96.63315803570556,0.0,0.0,0.0,0.0,0.0,0.0,0.0,0.18112695312597024
25.184912280014494,3508.525485429225,618.2253917620818,1306.4431738127196,-1193.1757826340709,75.88603114268778,-1142.6045317297298,-1939.959939480479,106.07629941806029,213.84625744962705,136.05299681572774,25.310046454744395,47.985657103797095,-1392.050609554318,1187.9822629081755,299.9076751537621,-386.0437958000091,42.15850714372209,-0.7693122358895721,3.111145895208921,0.0,0.0,0.0,0.0,0.0,0.0,0.0,1064.1100624297621,1939.9599394804795,100.0,650.2167823551667,-136.05299681572774,0.0,57.7083257447132,1392.9020809831025,-1187.9822629081727,100.0,602.2150707461833,-42.15850714372209,0.0,82.0444395371571,0.0,0.0,0.0,0.0,0.0,0.0,0.0,0.21059844619672852
-87.88171199191336,3467.7671929758567,656.0295598059901,-849.9683951689178,1462.662594955209,75.2159906158056,-1140.649253541442,-1871.6423779085696,118.71073824961422,482.70127048459017,137.19860480769967,25.21068042421831,45.548040258929205,-1365.2660666556733,1208.0898065058363,299.12284719276795,-635.5450826428478,38.26617966233243,-2.3689418324528333,0.0,0.0,0.0,0.0,0.0,0.0,0.0,0.0,1210.5453355326533,1871.6423779085699,100.0,651.0282600471805,-137.19860480769285,0.0,59.60567673827844,1454.4953959599136,-1208.0898065058386,100.0,-809.8769494449721,-38.26617966233243,0.0,99.04416337061662,0.0,0.0,0.0,0.0,0.0,0.0,0.0,0.24486529903492948
-254.5002963303757,3492.121401525258,693.3289004598714,-198.701429913191,-442.1350750267038,73.86825259555337,-1210.9884753283295,-1802.7798078275148,131.27021952512405,-287.83932484166144,138.23288211309773,25.010317256882075,40.87825713605097,-1354.422174001189,1226.2432902071937,297.5403082179698,920.0853471067,34.342800844374324,-3.959081151947146,9.527308932997094,0.0,0.0,0.0,0.0,0.0,0.0,0.0,1122.9143682484632,1802.779807827515,100.0,773.542412095951,-138.23288211309432,0.0,56.65404103557103,1395.2595386144424,-1226.2432902071919,100.0,623.2543910518086,-34.342800844374324,0.0,82.69916848281673,0.0,0.0,0.0,0.0,0.0,0.0,0.0,0.28470777327319546
-245.61501426978919,3398.14617078229,729.7873459613451,-527.0642697136981,729.7122248067853,71.85496022706502,-1231.4513388297148,-1733.428108210843,143.70442839281662,-93.69068713750266,139.1549894609716,24.709759632627737,30.95585426650737,-1291.9561680690363,1242.4279832516245,295.16639807829915,-828.4885834650981,30.391554340715174,-5.533359897509058,10.367857451646927,0.0,0.0,0.0,0.0,0.0,0.0,0.0,1281.0924626882127,1733.4281082108432,100.0,-233.0369565829949,-139.154989460975,0.0,65.9013352276471,1331.9134510891477,-1242.4279832516258,100.0,1022.5764694255952,-30.391554340708353,0.0,85.81482179856422,0.0,0.0,0.0,0.0,0.0,0.0,0.0,0.33103308832101386
-383.9358086320954,3396.2039784551216,765.0764050291822,18.53985770261403,645.451929113824,69.1942533123688,-1211.3707404459808,-1663.6435549393773,155.96355185784216,-1002.68463413218,139.96417860143083,24.31021162286342,30.107552357553892,-1233.2357613012305,1256.6307524663084,292.0106269544855,-328.63059534787567,26.415646415639458,-7.0854713117182655,13.777439217999236,0.0,0.0,0.0,0.0,0.0,0.0,0.0,1318.0645250698228,1663.6435549393777,100.0,437.9069741727051,-139.96417860142742,0.0,62.6224796519707,1302.5778755759109,-1256.6307524663066,100.0,850.3810640473625,-26.415646415639458,0.0,82.24703449964916,0.0,0.0,0.0,0.0,0.0,0.0,0.0,0.38489607889348454
-563.3593856383088,3512.4549222027185,798.8781225759858,-1298.5469924903368,293.56759272310455,65.91010487111816,-1320.7356189859033,-1593.482775135811,167.9984783393575,1017.3762558386295,140.6597929128759,23.813273866875306,37.723247698934856,-1205.3523673316558,1268.840072923197,288.08563726008396,172.12084122563056,22.418303345136792,-8.60919744226237,8.393711871779113,0.0,0.0,0.0,0.0,0.0,0.0,0.0,1340.1507193514144,1593.4827751358112,100.0,-171.00249203123553,-140.6597929128759,0.0,73.29776875503673,1234.16387055406,-1268.8400729231985,100.0,118.2198438183184,-22.418303345102686,0.0,86.24982136491914,0.0,0.0,0.0,0.0,0.0,0.0,0.0,0.4475232137638106
-606.2598880583566,3394.5523761115523,830.8879444894793,148.9209964483092,1907.6778831992146,62.03210514248042,-1427.2999311429662,-1523.0027012142664,179.76099441765723,-285.42183305196204,141.2412679343629,23.22093715938479,20.319778732917868,-1105.1746215982062,1279.046037291016,283.40715299438676,170.22157812310184,18.40276879873045,-10.0984340518022,9.71566407551459,0.0,0.0,0.0,0.0,0.0,0.0,0.0,1360.6511264291053,1523.0027012142666,100.0,-284.24346945341654,-141.24126793435948,0.0,70.97517605316392,1149.6917364932704,-1279.0460372910152,100.0,-352.6320468672134,-18.402768798771376,0.0,87.37968455176392,0.0,0.0,0.0,0.0,0.0,0.0,0.0,0.5203405226503064
-769.6622098092621,3378.278616247707,860.8174616708397,1006.793065205203,-472.39009584285895,57.595194977187134,-1453.9463968750792,-1452.2605246821227,191.2039779831594,479.8009717712853,141.70813182439474,22.53557447529687,30.771552736288434,-1114.0492674381865,1287.240363874609,277.9939167501162,-197.95751197085792,14.372301207786222,-11.547215072346546,23.715664221985147,0.0,0.0,0.0,0.0,0.0,0.0,0.0,1383.1574313919639,1452.260524682123,100.0,485.3075571177146,-141.70813182439133,0.0,77.0501901073282,1115.920786292705,-1287.24036387461,100.0,464.0073034057684,-14.372301207765759,0.0,90.62092711671504,0.0,0.0,0.0,0.0,0.0,0.0,0.0,0.6050060671375364
-788.7596135540266,3380.124810862367,888.3970086060765,-1010.3119537476232,-2051.728250118904,52.639351019471974,-1455.0554164833734,-1381.3136497316016,202.2815870134659,759.3630655331265,142.0600057432739,21.759931463186604,12.840969270569893,-1072.5143177431503,1293.4164033351926,271.8676146282561,495.5039556211307,10.330171120929208,-12.949736506048168,20.071199841197853,0.0,0.0,0.0,0.0,0.0,0.0,0.0,1470.8272964873747,1381.3136497316018,100.0,-689.7169677748207,-142.0600057432739,0.0,86.2579530726866,1113.635383387705,-1293.4164033351917,100.0,-624.1854956352142,-10.330171120949672,0.0,83.16101364397069,0.0,0.0,0.0,0.0,0.0,0.0,0.0,0.7034476949995692
-792.9621456221238,3318.0105942160703,913.3780930574305,-1963.7246054209118,525.6613490735276,47.20922551680417,-1492.452076919637,-1310.2196466587668,212.94944322223404,829.5622696962607,142.29660416065713,20.897115445906564,9.196792322408978,-972.1327183161217,1297.5691440859882,265.05278936082016,1366.3360303668549,6.2796585505930125,-14.300379676746786,19.827246531984276,0.0,0.0,0.0,0.0,0.0,0.0,0.0,1503.7790684853392,1310.219646658767,100.0,-359.3623439556336,-142.29660416065713,0.0,78.81679153723326,948.6248444758583,-1297.5691440859887,100.0,-899.012225394635,-6.279658550572549,0.0,94.72903491422859,0.0,0.0,0.0,0.0,0.0,0.0,0.0,0.8179069375972308
-919.7275908245497,3297.1323929233035,935.535634983089,5.621989982577702,-933.5387967233646,41.35374400232877,-1562.5819799672026,-1239.0362051477396,223.16480984413846,-1568.2948215678402,142.41773508724123,19.95058297226393,22.799384123294708,-886.5672830622285,1299.6952163589194,257.5767419896006,591.5751342229794,2.224050311076553,-15.593733739086417,12.31685530169939,0.0,0.0,0.0,0.0,0.0,0.0,0.0,1538.4155762874539,1239.0362051477398,100.0,-1241.7155899175839,-142.41773508724464,0.0,81.67282475544359,896.7128220913619,-1299.695216358919,100.0,-1329.902239502685,-2.2240503110833743,0.0,73.27253364811074,0.0,0.0,0.0,0.0,0.0,0.0,0.0,0.9509900498999999
-1054.0846508707027,3287.0373982482974,954.6699945126342,1149.808792149975,493.38645430952965,35.12566447482527,-1609.6457566353556,-1167.8210874580343,232.8867628436943,139.88686624279012,142.42330023043337,18.924125969635384,13.786277561971318,-825.5508015815727,1299.792894939022,249.46942249478212,-86.5542169131578,-1.833362648289949,-16.824617355024287,24.94326710086348,0.0,0.0,0.0,0.0,0.0,0.0,0.0,1546.46149332987,1167.8210874580348,100.0,857.75328389121,-142.42330023043337,0.0,87.64612238069749,871.9339444012219,-1299.792894939022,100.0,-815.4839768789941,1.8333626482967702,0.0,86.74679875378973,0.0,0.0,0.0,0.0,0.0,0.0,0.0,0.0
-1226.5225891652246,3275.290769190175,970.6087707060119,-2257.21593959815,-773.1346288993132,28.581102048339062,-1563.3695997183088,-1096.632081553004,242.07635486205876,-136.67416912605177,142.31329507462306,17.82185655310286,9.1657784669222,-828.9502704311014,1297.8621005643877,240.76330981157795,-704.3501728085567,-5.889287913798853,-17.988099450977018,24.03558609938607,0.0,0.0,0.0,0.0,0.0,0.0,0.0,1670.5355976356834,1096.6320815530044,100.0,171.24224598823844,-142.31329507462306,0.0,87.794777593872,835.0903873044572,-1297.8621005643877,100.0,107.44991383794684,5.889287913805674,0.0,74.68247166353737,0.0,0.0,0.0,0.0,0.0,0.0,0.0,0.0
-1220.9755161701353,3139.3790378330586,983.2083548892756,845.2401638846106,712.159481550816,21.77902335360784,-1642.1620139433282,-1025.5269542074261,250.69677124501834,150.60032049670554,142.0878088840675,16.648190551701703,13.721650319746203,-756.6538718968393,1293.9043999904775,231.49328171555587,255.0889942784272,-9.940434278912562,-19.07951897223441,32.87378004534831,0.0,0.0,0.0,0.0,0.0,0.0,0.0,1640.9232738740848,1025.5269542074266,100.0,-977.0426819171723,-142.0878088840658,0.0,90.57142698544507,667.784730752491,-1293.904399990477,100.0,-20.43771141705747,9.940434278912562,0.0,73.38986820670193,0.0,0.0,0.0,0.0,0.0,0.0,0.0,0.0
-1236.2627187208943,3079.217630241857,992.3552245714252,-285.2820724822152,586.0415946461785,14.78071524794359,-1589.6770680637785,-954.5634041322845,258.71347752709505,224.11287726393994,141.7470246309773,15.407829818128107,1.4681544974429102,-594.2157918514238,1287.9230047187684,221.69647509791002,190.51334914627205,-13.983514414965157,-20.09450355577954,26.946619444030972,0.0,0.0,0.0,0.0,0.0,0.0,0.0,1704.1198604843216,954.5634041322847,100.0,-238.74560698904133,-141.7470246309773,0.0,92.95475510019928,686.7173799862686,-1287.9230047187693,100.0,-1188.015676208809,13.983514414965157,0.0,66.40090322248528,0.0,0.0,0.0,0.0,0.0,0.0,0.0,0.0
-1344.3171003523573,3113.46952431776,997.9669662842069,-1785.6319765471994,-1175.9188379148054,7.649232619261284,-1702.8938894181076,-883.7990151547795,266.0943577809313,1701.7388339657032,141.29121884691983,14.105743392510135,9.200265768033706,-693.7247769252288,1279.9227683907648,211.41213719043319,236.57547787774433,-18.015247538685344,-21.028987046509542,45.171002231891514,0.0,0.0,0.0,0.0,0.0,0.0,0.0,1644.6895183658128,883.7990151547797,100.0,296.3973474831437,-141.29121884691983,0.0,87.50619089250078,671.5153956655388,-1279.9227683907638,100.0,-78.17228038527617,18.015247538678523,0.0,73.18576473031945,0.0,0.0,0.0,0.0,0.0,0.0,0.0,0.0
-1414.7869178084813,3093.1137221398135,999.9930181290042,-82.44227553400947,124.46160081562994,0.44883026049433283,-1738.269931247496,-813.2912094915634,272.80984327770966,-22.00235360136503,140.7207613984184,12.747147595814852,4.116342427710665,-530.7613087286478,1269.9101828494695,200.68146833620062,1819.5175294097533,-22.032362074412504,-21.879225786762788,43.47112187138791,0.0,0.0,0.0,0.0,0.0,0.0,0.0,1664.1871360021432,813.2912094915638,100.0,398.90776201947006,-140.7207613984201,0.0,93.24670357356173,527.1808677352852,-1269.9101828494709,100.0,-937.5510122067186,22.032362074412504,0.0,64.02303937469391,0.0,0.0,0.0,0.0,0.0,0.0,0.0,0.0
-1552.2453736676302,3010.614240978852,998.4151253405046,1781.1935732638563,-248.6480287032373,-6.755616067378014,-1690.2344922278917,-743.0972011531067,278.8330309431759,735.9853254394636,140.03611518682249,11.337485132610254,0.0,-544.058323674032,1257.8933728715474,189.54745693584508,1181.8819953234333,-26.03159830882305,-22.641813613875144,42.69500550301737,0.0,0.0,0.0,0.0,0.0,0.0,0.0,1775.6286395531718,743.0972011531069,100.0,372.11635952518463,-140.03611518682078,0.0,100.0,501.1757329895775,-1257.8933728715492,100.0,-1062.586324745661,26.03159830882305,0.0,66.60694548972737,0.0,0.0,0.0,0.0,0.0,0.0,0.0,0.0
-1610.72162941451,2830.209102621432,993.2475047624761,-1479.5194279862358,-307.5495249399114,-13.899194167146902,-1770.7314607621802,-673.2739495170563,284.13979113471527,-876.2971051944214,139.2378357726824,9.882403286916599,0.0,-472.8999033981497,1243.8820895744225,178.0547072306557,-243.57960950374547,-30.009711036059343,-23.3136955056969,43.6162600348966,0.0,0.0,0.0,0.0,0.0,0.0,0.0,1734.7821354054904,673.2739495170565,100.0,-421.8815971724689,-139.2378357726824,0.0,97.30179282735321,469.22561956436346,-1243.8820895744202,100.0,-1397.241109951183,30.009711036066165,0.0,55.07129282280978,0.0,0.0,0.0,0.0,0.0,0.0,0.0,0.0
-1588.0524808190635,2935.305913448114,984.5367167537374,637.7246347112009,69.35266309739063,-20.91754026545061,-1816.160827081089,-603.8781131081327,288.70886430772026,-696.1090718168282,138.3265709249457,8.387731298474819,13.951621963296434,-349.5509235637073,1227.8877025036545,166.24926061240518,-335.24670670621845,-33.96347219109202,-23.892179819392823,43.36578032386253,0.0,0.0,0.0,0.0,0.0,0.0,0.0,1801.2244449751158,603.8781131081329,100.0,-10.570399488436806,-138.326570924944,0.0,90.2672530545889,415.52807295596904,-1227.8877025036568,100.0,165.08660441742904,33.9634721910852,0.0,50.22121200655774,0.0,0.0,0.0,0.0,0.0,0.0,0.0,0.0
-1613.3351370836597,2818.4718090629035,972.3612456784476,753.4469168456519,-671.9262011251499,-27.74741893168425,-1791.3372353036352,-534.9660036222414,292.52194618398084,115.84137215644205,137.30306009530807,6.859457010085066,0.0,-246.39017414524386,1209.9231904070784,154.17841117578436,175.82970070947454,-37.88967346907839,-24.374949074498744,52.99666697886133,0.0,0.0,0.0,0.0,0.0,0.0,0.0,1758.5315864581987,534.9660036222416,100.0,-116.85969213940325,-137.30306009530636,0.0,100.0,294.12442395378747,-1209.9231904070766,100.0,-200.46969728873506,37.88967346907839,0.0,50.39049666860061,0.0,0.0,0.0,0.0,0.0,0.0,0.0,0.0
-1727.8138935861648,2749.300072405192,956.8307927605055,-890.6270493183786,-568.0203473461279,-34.32729283027243,-1836.92288112414,-466.5935402319784,295.56376108091155,282.49639857399643,136.1681338181853,5.303702879564867,9.47030388818522,-166.42816223727985,1190.0031307030818,141.89051625234663,1091.8878881848036,-41.78512892885465,-24.760069237038067,59.6472310984916,0.0,0.0,0.0,0.0,0.0,0.0,0.0,1773.8407913661952,466.59354023197864,100.0,337.80190159773724,-136.1681338181853,0.0,93.51611121253241,244.29521250444895,-1190.003130703084,100.0,1491.9572500944842,41.78512892886147,0.0,45.57324620604496,0.0,0.0,0.0,0.0,0.0,0.0,0.0,0.0
-1677.037180572889,2711.5321867848475,938.0852876734539,1192.6900229734315,410.22883284162845,-40.59787717346353,-1821.4125432633357,-398.81620421065907,297.8221231078452,-1167.4316549849823,134.92271303690245,3.7267014524121578,1.1268937378658617,-181.5489973350073,1168.1436876516996,129.43480268499366,-373.12735302979917,-45.64667757824964,-25.045997467524757,55.167070932759415,0.0,0.0,0.0,0.0,0.0,0.0,0.0,1790.8694775094411,398.8162042106593,100.0,-1546.0772751089587,-134.92271303690075,0.0,94.12955387605102,157.37153707692727,-1168.1436876516968,100.0,1336.6186483913398,45.64667757816778,0.0,47.226316719725396,0.0,0.0,0.0,0.0,0.0,0.0,0.0,0.0
-1921.7192955330972,2570.487162310837,916.2936277714839,89.37712269563349,-231.47630821865732,-46.502673877931784,-1807.9344084965635,-331.6889939116837,299.28798498423396,-1095.3741418789127,133.56780835587244,2.1347703934455353,11.102051376959619,-59.368539340318286,1144.3625992379866,116.86116961908998,-459.48785524324217,-49.47118593859386,-25.23158830168967,67.90716355882131,0.0,0.0,0.0,0.0,0.0,0.0,0.0,1832.3545530682547,331.68899391168395,100.0,-297.88821661053817,-133.56780835587244,0.0,88.37380150875784,43.88576865424248,-1144.3625992379898,100.0,-84.73452661664233,49.47118593868936,0.0,45.56302287824238,0.0,0.0,0.0,0.0,0.0,0.0,0.0,0.0
-1814.3530089168644,2477.0360925623677,891.6521563210898,1356.962916239039,775.1251760284003,-51.98848061428123,-1838.5025487663358,-265.2663801397712,299.955474284186,-327.8027287599639,132.10451922130574,0.5342871774615787,6.834661009412572,3.88166558524739,1118.679162778456,104.21998860024978,565.0904338024192,-53.255550588457936,-25.316098239473845,73.64999203168009,0.0,0.0,0.0,0.0,0.0,0.0,0.0,1812.7097870710516,265.2663801397715,100.0,-1478.8606234126269,-132.10451922130574,0.0,91.53893103800742,50.506163930756415,-1118.6791627784528,100.0,-829.5302048709535,53.25555058835562,0.0,28.68015345237503,0.0,0.0,0.0,0.0,0.0,0.0,0.0,0.0
-1947.8816222257767,2386.440605399977,864.3828934445369,-183.42484137610313,418.1240335251664,-57.00587016018574,-1780.707068302236,-199.60226195027633,299.8219169621375,-585.9856416936736,130.53403302854576,-1.0683364597343825,0.0,69.88211982651968,1091.1142192621014,100.0,634.7554049156751,-56.99670068050864,0.0,67.91308749171425,0.0,0.0,0.0,0.0,0.0,0.0,0.0,1860.822945393573,199.60226195027667,100.0,-421.8919856478544,-130.53403302854406,0.0,95.35754336906191,-69.63215374439605,-1091.114219262105,108.43809822036988,633.5264821331605,56.99670068061778,25.29918872350443,35.9163995057704,0.0,0.0,0.0,0.0,0.0,0.0,0.0,0.0
-1831.9432451323555,2358.0816344929385,834.7315357143741,-745.9344202610157,-1602.6227160451845,-61.50963574149955,-1778.801445396925,-134.74992291245553,298.8878480654138,-1284.1719970601343,128.85762415866338,-2.6666802075436635,16.982746650598905,159.29703234701844,1061.6901364388955,100.0,-138.0615711649152,-60.69160043496822,0.0,74.15702486779114,0.0,0.0,0.0,0.0,0.0,0.0,0.0,1736.242473337459,134.74992291245576,100.0,-980.0706230393791,-128.85762415866338,0.0,86.98999832300873,-77.6352309588737,-1061.6901364388918,121.06238096485916,725.3028073463624,60.69160043485908,25.1809274954158,39.501656496715555,0.0,0.0,0.0,0.0,0.0,0.0,0.0,0.0
-1937.7012424016098,2222.5150935297293,802.9652424226848,174.91290270052332,722.47876380246,-65.4591983451752,-1783.1495740130322,-70.76198787217322,297.1570095907624,-1966.1522414525223,127.07665294438016,-4.254340901138676,9.271474889846372,228.70607435691858,1030.4307906692793,100.0,686.7054122520553,-64.33725160132781,0.0,80.19862874014741,0.0,0.0,0.0,0.0,0.0,0.0,0.0,1806.0569125203956,70.76198787217368,100.0,-1573.4631842771978,-127.07665294438016,0.0,86.23640622190685,-105.39159587634538,-1030.4307906692834,133.6022851786601,-566.6812357119277,64.33725160145059,24.961788324469012,22.32454941049178,0.0,0.0,0.0,0.0,0.0,0.0,0.0,0.0
-1881.2012907872192,2151.8665255646556,769.3702284708287,787.3547641410119,-1678.7813586370748,-68.81897233791221,-1785.8072940042605,-7.690380249134478,294.63633549344667,-130.36634622235283,125.19256456607422,-5.824958173337791,16.743836145475743,279.5272443245511,997.3615475495963,100.0,1340.3166558658584,-67.93069589293964,0.0,76.42064054338388,0.0,0.0,0.0,0.0,0.0,0.0,0.0,1743.1936542699339,7.690380249134705,100.0,421.0707602494733,-125.19256456607422,0.0,91.82028487660821,-211.70957558481547,-997.3615475495922,146.00757443815576,80.83624422967432,67.93069589293282,24.642649109551513,19.534939608968944,0.0,0.0,0.0,0.0,0.0,0.0,0.0,0.0
-2022.0709903212162,2110.676319063071,734.2491855677849,-973.981010487015,561.7190814362777,-71.55868609258903,-1746.838297629437,54.413720096708175,291.3359239089542,-433.0482211230401,123.20688787956556,-7.372239935048697,11.787492985507958,389.84821182496637,962.509241328954,100.0,-739.3034986811788,-71.4690173862823,0.0,88.34349714484986,0.0,0.0,0.0,0.0,0.0,0.0,0.0,1802.7216823279416,-54.41372009670795,100.0,-993.1265464122362,-123.20688787956215,0.0,79.97982088679802,-361.24179802257913,-962.5092413289585,158.2285516040613,1575.9101571839417,71.4690173862823,24.224788362289047,15.00875274316699,0.0,0.0,0.0,0.0,0.0,0.0,0.0,0.0
-1990.711898458262,1963.8721638472628,697.9185549721495,506.0169954356161,827.3910665018548,-73.65365473675638,-1720.8702834978421,115.49991839537711,287.26899669860416,913.3634662945497,121.12123417479552,-8.889987582138588,14.442594372707813,356.0785781345233,925.9021531344679,100.0,-55.35540308709216,-74.94934488775698,0.0,74.0172393121371,0.0,0.0,0.0,0.0,0.0,0.0,0.0,1724.960778223448,-115.49991839537688,100.0,365.7815449172642,-121.12123417479893,0.0,79.21716440518973,-452.8959543207394,-925.9021531344633,170.21625791437566,252.09692419547252,74.94934488775016,23.709880085041277,12.38393682974953,0.0,0.0,0.0,0.0,0.0,0.0,0.0,0.0
-1903.9291120975802,1833.718186009649,660.7056763504293,-1380.5657510880758,791.1175306167024,-75.08500256327807,-1802.9698190825457,175.51864586003194,282.4518464811179,87.90992037207388,118.9372958688216,-10.372120827834408,19.542760446100267,485.21636022612864,887.5699880222874,100.0,-784.9501379551481,-78.36885426328763,0.0,79.40418407115168,0.0,0.0,0.0,0.0,0.0,0.0,0.0,1686.8803256623205,-175.51864586003148,100.0,-107.39323895401299,-118.9372958688216,0.0,71.82102903968884,-440.754070725448,-887.5699880222928,181.9226691193013,-764.3107533897893,78.36885426329445,23.09998706472399,14.995985699250708,0.0,0.0,0.0,0.0,0.0,0.0,0.0,0.0
-1984.5690362168784,1741.734294715836,622.9458384404765,392.14786868681813,-245.93164735226196,-75.83983310141605,-1724.5961782450986,234.42119990987567,276.90377136235224,-130.61969941027087,116.65684513237011,-11.812702061102698,30.523884254426676,623.4774606839696,847.5438508733148,100.0,1704.5691724492895,-81.72477073011805,0.0,92.70016316326479,0.0,0.0,0.0,0.0,0.0,0.0,0.0,1666.9391487239302,-234.42119990987544,100.0,-162.92259543124487,-116.65684513237011,0.0,71.74445671138665,-551.4148056745668,-847.5438508733098,193.30088787239134,-1028.9162780044126,81.72477073011464,22.397552609006652,19.740878429562414,0.0,0.0,0.0,0.0,0.0,0.0,0.0,0.0
-2070.641167297789,1738.9367456476923,584.979258093641,-1067.4869378487642,-145.05663915545028,-75.91134531363025,-1669.6789469030243,292.15978369017853,270.64699762467524,265.5044094566017,114.28173245180233,-13.20596013347,24.177041956155428,539.2733168943471,805.8562211528695,100.0,-232.84206909770148,-85.01437110831944,0.0,86.41158292343461,0.0,0.0,0.0,0.0,0.0,0.0,0.0,1696.1844729064667,-292.1597836901781,100.0,353.72778920185056,-114.28173245180574,0.0,80.35537551902611,-571.0126709442161,-805.8562211528749,204.30533160718105,1262.7858353053439,85.01437110831944,21.605390758113998,10.624531028061249,0.0,0.0,0.0,0.0,0.0,0.0,0.0,0.0
-2004.2886064345048,1536.2292395435977,547.1480149145203,-230.66799590059304,-104.53569966770374,-75.29889487370781,-1719.0816410590908,348.6875448573401,263.70659068570046,371.67406862785924,111.81388512750686,-14.546313478956563,16.836529170574863,663.4390551694552,762.5409265551014,100.0,356.02475151492683,-88.2349860306033,0.0,87.60543506261588,0.0,0.0,0.0,0.0,0.0,0.0,0.0,1708.0017534859055,-348.68754485733984,100.0,857.2217313318356,-111.81388512751028,0.0,71.4914586480635,-638.6668951270774,-762.5409265550961,214.89191514664753,-512.9626276645178,88.2349860306067,20.726675011431865,2.480212621582318,0.0,0.0,0.0,0.0,0.0,0.0,0.0,0.0
-2049.556049397484,1555.2391365647368,509.79296911729966,694.1732544727893,1435.7566209916513,-74.00799997148937,-1619.131374564763,403.95861359752416,256.1103546830939,-724.2703689646146,109.25530571000081,-15.828392474533928,37.861815486499914,728.3214820412359,717.6331155532064,100.0,1571.199104123105,-91.38400210836608,0.0,81.8566452448653,0.0,0.0,0.0,0.0,0.0,0.0,0.0,1694.667954643709,-403.95861359752394,100.0,827.5018453467271,-109.25530571000422,0.0,60.75352467884802,-691.8689285427591,-717.6331155532125,225.01822731393435,-1079.3115134586578,91.38400210836608,19.764925614069853,12.72872149624065,0.0,0.0,0.0,0.0,0.0,0.0,0.0,0.0
-1944.8739425115316,1417.6587651743882,473.25069036874856,-1078.9704802356596,1205.6529415364719,-72.05029159454341,-1596.3937186104,457.9281398480134,247.88872108771892,414.51863902578,106.60807037494692,-17.04706095150044,44.73356838136158,783.6973924007433,671.169228878061,100.0,1057.890148652457,-94.45886405234205,0.0,100.0,0.0,0.0,0.0,0.0,0.0,0.0,0.0,1592.8704714545304,-457.9281398480134,100.0,364.15910048912565,-106.60807037494692,0.0,60.401686601922414,-763.640767664294,-671.169228878055,234.6437008368338,-811.868596322185,94.45886405234205,18.72399545432117,0.0,0.0,0.0,0.0,0.0,0.0,0.0,0.0,0.0
-2017.0764564971835,1350.9698974695602,437.8504252892322,1666.0892918051195,1957.3709048289788,-69.44340873208745,-1647.8078478765324,510.5523296910794,239.07462679136356,180.64848262765622,103.87432723839993,-18.1974367716181,40.50934012234365,805.5738376346181,623.186969948066,100.0,1128.4405464935248,-97.4570767461114,0.0,91.91984773628803,0.0,0.0,0.0,0.0,0.0,0.0,0.0,1533.9261226712863,-510.5523296910794,100.0,725.8249532763261,-103.87432723840334,0.0,61.232702976813414,-835.5181789134072,-623.1869699480721,243.72977486534535,870.3429953595548,97.45707674610799,17.60805462850911,0.0,0.0,0.0,0.0,0.0,0.0,0.0,0.0,0.0
-2054.2877658459033,1213.4298431095046,403.9111309344091,-1338.59262130479,-332.0864793646774,-66.2108394480083,-1657.5627153130881,561.788480890838,229.70338215743422,915.1585021757603,101.05629461375202,-19.274911385569595,48.426055848980766,919.5168532529306,573.7252742745607,100.0,805.778853637824,-100.37620727078888,0.0,94.24766540993723,0.0,0.0,0.0,0.0,0.0,0.0,0.0,1561.3953028238377,-561.7884808908377,100.0,-637.2025894114154,-101.0562946137486,0.0,54.23721016410991,-948.0472181790294,-573.7252742745545,252.2400494512613,-201.87357482737127,100.37620727078888,16.42157373506123,9.326604989439407,0.0,0.0,0.0,0.0,0.0,0.0,0.0,0.0
-1949.4718726823542,1096.0762066176662,371.7386009861892,-143.1571574026691,-142.80025896087466,-62.38170925234044,-1589.2778238666742,611.595017544251,219.8125295632268,-834.5552678399736,98.15625921160859,-20.275168295379018,55.63764488305263,976.5868258136665,522.8242778672563,100.0,-18.691115678651045,-103.21388687919807,0.0,91.39470807866002,0.0,0.0,0.0,0.0,0.0,0.0,0.0,1559.611563123012,-611.595017544251,100.0,-856.0245055930056,-98.15625921160517,0.0,54.592902869299536,-992.9468527689271,-522.8242778672632,260.140431370909,1.200754267042612,103.21388687919807,15.169305964732871,5.932635428126117,0.0,0.0,0.0,0.0,0.0,0.0,0.0,0.0
-1861.5376889379259,990.1764192089872,341.62271054585574,-138.8578471735741,1768.3136384098339,-57.9905186805027,-1437.6477106175737,659.9315238181618,209.44169300047068,-979.844173301824,95.1765742843645,-21.194200346864136,50.57391468677807,1071.0032915639622,470.5252846657131,100.0,-1726.4720440118242,-105.9678129180611,0.0,97.01065661482585,0.0,0.0,0.0,0.0,0.0,0.0,0.0,1424.8394457505296,-659.9315238181618,100.0,747.532943007302,-95.17657428436792,0.0,50.980801565462535,-981.769283334535,-470.52528466570675,267.3992707068661,10.207157018986095,105.96781291826233,13.856268058740397,9.713522823027304,0.0,0.0,0.0,0.0,0.0,0.0,0.0,0.0
-1742.7810779351012,855.7065537735211,313.8348043539759,-707.7327131295647,718.7610347917575,-53.07683244215099,-1411.8102064532757,706.7587767449786,198.63241933666558,294.1594090912531,92.11965771626524,-22.028325782723783,60.873416288122826,1091.2230378814438,416.8707330228915,100.0,-57.132511740065866,-108.63575069665899,0.0,98.6680133754164,0.0,0.0,0.0,0.0,0.0,0.0,0.0,1383.498614656736,-706.7587767449784,100.0,-188.05696032592664,-92.11965771626183,0.0,43.126920212123764,-1094.0656410379559,-416.87073302289855,273.9874876414856,540.5698793324257,108.63575069645776,12.487720211026101,0.0,0.0,0.0,0.0,0.0,0.0,0.0,0.0,0.0
-1823.0845777311274,735.874036028242,288.6252519691385,-53.36012536430303,796.4210373368581,-47.68492294298454,-1381.074575200388,752.0387780504047,187.42801187313728,321.7831515593309,88.98799006192348,-22.774202992222854,55.612042309573134,1162.7073533260211,361.9041612683841,100.0,596.5407343560958,-111.21553529917605,0.0,100.0,0.0,0.0,0.0,0.0,0.0,0.0,0.0,1486.330167478024,-752.0387780504045,100.0,100.89424293288289,-88.98799006192348,0.0,39.62340437272176,-1087.9519399704734,-361.90416126837727,279.8786889542797,-1152.8293235133629,111.21553529938751,11.069144995333033,1.9362575227140475,0.0,0.0,0.0,0.0,0.0,0.0,0.0,0.0
-1840.0167023491076,608.0055800896414,266.22119193354365,-466.37343395510584,-847.5095382013797,-41.86337138923051,-1416.2032395804997,795.7347849873813,175.87335686660018,-66.49645242406336,85.7841125331106,-23.428843898035723,68.98590601863208,1260.8828652872814,305.6701723788515,100.0,1893.4862806400417,-113.70507334370245,0.0,93.49176142071964,0.0,0.0,0.0,0.0,0.0,0.0,0.0,1296.8584314409204,-795.7347849873811,100.0,-606.6180366356048,-85.78411253311401,0.0,31.976483515839334,-1174.9703603069931,-305.670172378859,285.0492737564606,276.718291415707,113.7050733434944,9.60622540127929,4.518692570026316,0.0,0.0,0.0,0.0,0.0,0.0,0.0,0.0
-1824.2193121079758,554.5457314638925,246.8244852504269,1292.4791016501968,627.5806654951276,-35.66463007012686,-1258.657310772483,837.8113401512244,164.01474370920272,201.84909097572245,82.51062493677637,-23.98962592686999,71.0878206923698,1243.0220426504156,248.21439778476224,100.0,772.2477490356744,-116.10234467780629,0.0,88.46307998850077,0.0,0.0,0.0,0.0,0.0,0.0,0.0,1387.1894927581716,-837.8113401512244,100.0,-79.68546154492742,-82.51062493677637,0.0,28.90869390355598,-1230.6057529005625,-248.2143977847552,289.47852803904993,-458.1361983533361,116.10234467802115,8.104822067605255,7.8680285921878035,0.0,0.0,0.0,0.0,0.0,0.0,0.0,0.0
-1643.1827799386392,587.4244919155426,230.60989661264097,1204.747229373778,1346.4615715387718,-29.144549761804228,-1266.8936913148125,878.2343002517637,151.8996794874368,-372.94308139274676,79.17018356538847,-24.45430251582792,71.036874990238,1238.7288579259123,189.58346034236206,100.0,-251.51478694087473,-118.40540402116972,0.0,82.20341934211527,0.0,0.0,0.0,0.0,0.0,0.0,0.0,1255.173308092973,-878.2343002517632,100.0,991.8681610011731,-79.17018356538847,0.0,33.77332683253083,-1294.5687275126174,-189.58346034236956,293.1487076557886,-548.7473144104706,118.4054040209412,6.57094980372392,6.622441794959254,0.0,0.0,0.0,0.0,0.0,0.0,0.0,0.0
-1508.7356856274753,262.82930096032646,217.72351976945595,-1490.2787419431047,-2243.831615595432,-22.361876510721572,-1201.5657079551645,916.9708638191328,139.57669866281142,503.1748271466074,75.76549904141984,-24.82101211239481,69.5887126228657,1268.216436554156,129.82493650137485,100.0,-1108.5635816263039,-120.61238254065415,0.0,90.81204323425571,0.0,0.0,0.0,0.0,0.0,0.0,0.0,1216.239588864815,-916.9708638191328,100.0,-1049.8479739706863,-75.76549904141302,0.0,23.96076813808922,-1310.6847640628882,-129.82493650136757,296.04510940840373,-1401.6095394960666,120.61238254065756,5.01075349363532,12.086188057538411,0.0,0.0,0.0,0.0,0.0,0.0,0.0,0.0
-1565.4002098026847,265.1254432978324,208.2814612191438,658.9744575564418,110.50481573469838,-15.377722330793517,-1144.83577534196,953.9895978207337,127.09516863673375,122.07244093140844,72.29933411808815,-25.08828563213278,84.2461941847913,1390.7963989806735,68.98731769867027,100.0,410.55704605855226,-122.72148937007955,0.0,91.32938525402444,0.0,0.0,0.0,0.0,0.0,0.0,0.0,1204.471612322728,-953.9895978207333,100.0,1114.81275394279,-72.29933411808133,0.0,23.510179354765427,-1366.4192659241567,-68.987317698678,298.1561299494591,505.9510527597979,122.72148937007614,3.4304834787729988,16.492271020356757,0.0,0.0,0.0,0.0,0.0,0.0,0.0,0.0
-1491.6704467676398,136.68293730012866,202.36879408722479,236.41174033757238,1133.7908461398238,-8.255014582775004,-1114.493198326127,989.2604631677705,114.50509197852865,-233.08901801758907,68.774501437033,-25.255052343896054,82.21830080045544,1427.4143797081576,7.119971009695291,100.0,102.68583976211062,-124.73101306097305,0.0,75.13029731901096,0.0,0.0,0.0,0.0,0.0,0.0,0.0,1117.4681312558428,-989.2604631677705,100.0,-150.2987796453715,-68.774501437033,0.0,14.983179450450205,-1388.7074531486498,-7.119971009688015,299.4733122668153,41.314266791024465,124.73101306097305,1.8364705183250862,19.466439604620664,0.0,0.0,0.0,0.0,0.0,0.0,0.0,0.0
-1349.7949752585516,20.133526537218263,200.0387916160144,-1105.6081063706392,-793.8063795087605,-1.0579289977641793,-1073.5898318129298,1022.7548390906632,101.85690610889637,-493.00516226423156,65.19386124632092,-25.32064415939338,80.67536226097755,1443.7317593477774,-55.72690091087452,100.0,-800.671533189286,-126.6393229724656,0.0,85.0172857972595,0.0,0.0,0.0,0.0,0.0,0.0,0.0,1028.424652822488,-1022.7548390906627,100.0,1862.143783427162,-65.1938612463141,0.0,15.164509026735564,-1500.6431289794587,55.726900910866334,299.99137956347704,-805.7575128812334,126.6393229724656,0.2351004274459001,17.54389999166675,0.0,0.0,0.0,0.0,0.0,0.0,0.0,0.0
-1331.5352600650945,-58.37424046916758,201.31244717169858,-306.6942200898643,-372.34018308969377,6.148688547458505,-1002.2322593827696,1054.4455463635504,100.0,-285.7441811800885,61.5603190793513,0.0,86.12792421377385,1514.042772773243,-119.50230056628016,100.0,-12.17899036064523,-128.44487059426228,0.0,85.5698053671297,0.0,0.0,0.0,0.0,0.0,0.0,0.0,1011.6605557026065,-1054.4455463635504,110.79871875869826,-716.6025782547371,-61.5603190793513,25.28479830963505,12.242790743956053,-1483.7032907608082,119.50230056628789,299.70825639710176,-434.7507442810138,128.44487059426228,-1.3672115051312517,13.471864252199135,0.0,0.0,0.0,0.0,0.0,0.0,0.0,0.0
-1324.9095067578992,-224.06725321838636,206.17828509371247,907.1817857734845,-135.3947638365382,13.29990629297157,-1004.4346938331691,1084.306869359054,100.0,526.5590531455615,57.876823397200496,0.0,89.25687601089805,1470.4298347320382,-184.1544770000478,100.0,-5.053561429094771,-130.14619080318084,0.0,80.31463263682004,0.0,0.0,0.0,0.0,0.0,0.0,0.0,882.4888002570823,-1084.306869359054,123.41108260923974,558.1347607564345,-57.876823397200496,25.147658397532595,17.262371510260827,-1517.9885374645523,184.15447700005575,298.62507699448076,789.8298377899698,130.14619080317914,-2.9640462175342464,27.91377520892692,0.0,0.0,0.0,0.0,0.0,0.0,0.0,0.0
-1226.4867292156819,-241.91437351420714,214.592464090656,789.4030374240936,-580.2285076595026,20.331291632064676,-946.2508610448405,1112.314576915372,100.0,-894.3444281952992,54.14636319602778,0.0,84.48199133147415,1550.8278017386815,-249.63096778952422,100.0,-280.3440389645152,-131.7419030520358,0.0,75.07874478009566,0.0,0.0,0.0,0.0,0.0,0.0,0.0,927.8894544506608,-1112.314576915372,135.92965873674333,522.507385998972,-54.14636319602778,24.90977382273627,0.48992560059528856,-1587.1233519618183,249.6309677895158,296.74618070768554,-863.2215751185572,131.74190305203751,-4.549006590319209,28.677491982729258,0.0,0.0,0.0,0.0,0.0,0.0,0.0,0.0
-1140.5016146719604,-363.77001641653106,226.4791722511577,-547.8496100030088,-83.21483135788071,27.179491650325076,-821.9297474133472,1138.4459419988343,100.0,1038.2346435676038,50.371965581650784,0.0,90.52332970614518,1589.2790547032869,-315.87864161689185,100.0,846.8163961906953,-133.23071248991312,0.0,72.46096131467348,0.0,0.0,0.0,0.0,0.0,0.0,0.0,878.5225428988836,-1138.4459419988339,148.30429616057438,531.9631937895468,-50.371965581657605,24.57209758058525,14.0777212692544,-1619.0904134975854,315.8786416168999,294.0790946300802,461.74268768956495,133.2307124899097,-6.115743074134343,23.040186389515114,0.0,0.0,0.0,0.0,0.0,0.0,0.0,0.0
-1078.0664996775392,-536.5908053015507,241.73131011062452,-595.2878563486206,324.9570254930188,33.78280393644701,-799.4230410899868,1162.679760145883,100.0,1500.7568911324443,46.55669331320041,0.0,99.52131400302504,1588.9552856146129,-382.84374138296755,100.0,-498.2006755175189,-134.61141101284454,0.0,70.81064932362307,0.0,0.0,0.0,0.0,0.0,0.0,0.0,815.1179394550891,-1162.679760145883,160.48542053653287,-2092.632715007422,-46.55669331320041,24.135982444311423,9.5070620575483,-1568.3357238060364,382.8437413829588,290.6345034418452,1554.866070495358,134.61141101284454,-7.657979126799148,29.041384301132954,0.0,0.0,0.0,0.0,0.0,0.0,0.0,0.0
-987.0591536531762,-712.8139076617233,260.21145561943655,754.3668482457036,-1370.9633961732497,40.081732522326945,-721.2680147989885,1184.9963666695749,100.0,700.5694041207369,42.70364231777876,0.0,83.50208501369748,1568.9209611502392,-450.47192782862874,100.0,-440.2739535347166,-135.88287824418444,0.0,56.218235072177066,0.0,0.0,0.0,0.0,0.0,0.0,0.0,687.5739396735352,-1184.9963666695749,172.42423275787536,-705.1543868857669,-42.70364231777876,23.60317554565924,5.7254627781793745,-1655.2734953622135,450.4719278286369,286.4262066058129,-593.7335564286218,135.88287824418444,-9.169536357926802,37.1501086080056,0.0,0.0,0.0,0.0,0.0,0.0,0.0,0.0
-910.8031731899474,-803.5788661977471,281.75310231820475,697.4049244020983,-1196.4743674987626,46.019523942585465,-649.2395427727139,1205.3776526166184,100.0,-155.89775374897158,38.81593917830287,0.0,89.45797708769632,1658.404405115933,-518.7083236288876,100.0,1823.524940877877,-137.04408244369802,0.0,60.60379224469898,0.0,0.0,0.0,0.0,0.0,0.0,0.0,679.7247868845315,-1205.3776526166184,184.07290445063586,221.69993447665263,-38.81593917830287,22.975811375659987,1.8053900320454055,-1705.9044477065459,518.7083236288787,281.47106308509467,-266.5217966020032,137.04408244369802,-10.644359280322533,34.78031329108387,0.0,0.0,0.0,0.0,0.0,0.0,0.0,0.0
-739.6129257074748,-806.6170922080263,306.16215956410844,578.4628503336279,1321.610150713006,51.54267858475379,-663.6765102568327,1223.8070794619975,100.0,347.605388181301,34.89673859641016,0.0,96.95885095411805,1677.8949525545806,-587.4975579233119,100.0,258.2181579367773,-138.0940813448018,0.0,55.582450701086294,0.0,0.0,0.0,0.0,0.0,0.0,0.0,521.194232446716,-1223.8070794619975,195.38476958006999,687.6812905301239,-34.89673859640334,22.256403233590305,9.974821196457768,-1675.7984949542897,587.4975579233202,275.78892380396763,494.0540218234537,138.094081345061,-12.076539569038118,45.91524150461762,0.0,0.0,0.0,0.0,0.0,0.0,0.0,0.0
-742.1638924930764,-1005.3613170025459,333.21870129124613,-195.36992964183582,-674.6369191462941,56.60143272114141,-534.8231515270537,1240.2696925292662,100.0,125.24124843999971,30.949220832444553,0.0,96.21966662920664,1746.4010010621903,-656.7838112472011,100.0,1561.0872445936013,-139.0320229194225,0.0,45.87546172082903,0.0,0.0,0.0,0.0,0.0,0.0,0.0,592.0204553961241,-1240.2696925292662,206.31451140062282,-95.8926526039292,-30.949220832444553,21.44783315838538,8.840927699030107,-1641.6804487365496,656.7838112471921,269.4025521225906,-422.58259092240223,139.0320229191633,-13.460339730806936,56.398230529779696,0.0,0.0,0.0,0.0,0.0,0.0,0.0,0.0
-701.2388674043168,-1135.6707052524187,362.6789475486346,-953.5085200544518,-1901.1851573118224,61.150206881888494,-485.0663115120458,1254.7521331256144,100.0,-171.68660898237988,26.97658912502675,0.0,94.57180462787554,1735.7476690666788,-726.5108608265116,100.0,1316.5503388824527,-139.85714606808529,0.0,51.188943488020804,0.0,0.0,0.0,0.0,0.0,0.0,0.0,447.18080272341774,-1254.7521331256144,216.81834400047558,712.9849774758998,-26.97658912502675,20.55334038282865,3.4834635651219132,-1767.2056848832035,726.5108608265199,262.3375326441386,185.53110484349077,139.8571460683462,-14.790216089234889,39.39672943553909,0.0,0.0,0.0,0.0,0.0,0.0,0.0,0.0
-588.9978184727737,-1123.598038510839,394.2774609621628,2100.6809056733828,-856.3320099297448,65.14801652579763,-460.01513511335514,1267.2426493818657,100.0,125.97821889050294,22.982067091579665,0.0,95.398250278532,1746.8199797921466,-796.6221262003236,100.0,54.55890761018509,-140.56878124036416,0.0,43.33458619407507,0.0,0.0,0.0,0.0,0.0,0.0,0.0,382.97311767058045,-1267.2426493818657,226.854187713381,596.5233938029965,-22.982067091572844,19.576508356778675,0.0,-1820.6491574641639,796.6221262003145,254.62216871968423,-243.31843773550645,140.56878124010154,-16.060840993412313,65.92311159396013,0.0,0.0,0.0,0.0,0.0,0.0,0.0,0.0
-411.98983606696567,-1270.355474379854,427.72953833033614,-31.059704973661724,-933.8549877343667,68.55884131290281,-332.7440816282825,1277.7311057886086,100.0,-1008.1507723533225,18.96889611259894,0.0,93.65148579113313,1785.495959494767,-867.0607151332813,100.0,227.6977602718148,-141.1663509742965,0.0,45.20006373548114,0.0,0.0,0.0,0.0,0.0,0.0,0.0,421.1364338494232,-1277.7311057886086,236.38183769506614,347.6386085929181,-18.968896112605762,18.521250391424786,5.417171346182811,-1803.4306582534043,867.0607151332897,246.28736906143624,1441.374698218383,141.16635097456253,-17.26712416115774,61.42522906511421,0.0,0.0,0.0,0.0,0.0,0.0,0.0,0.0
-345.5665207950044,-1438.4165023163519,462.7337758054884,-500.26311223592074,-51.26432888718341,71.35194964727617,-279.87804794306004,1286.2089914207168,100.0,643.4284507508494,14.940332701387433,0.0,86.30817353976742,1764.0188254784034,-937.7694697812999,100.0,-452.2665960810275,-141.6493703691458,0.0,38.5340232598061,0.0,0.0,0.0,0.0,0.0,0.0,0.0,260.9191545245907,-1286.2089914207168,245.36312498886315,-180.8470523468074,-14.940332701387433,17.39179398207014,0.0,-1785.398590990322,937.7694697812908,237.36652391857473,336.63611962226696,141.64937036888318,-18.404233071332072,66.1768115111472,0.0,0.0,0.0,0.0,0.0,0.0,0.0,0.0
-309.35997921001416,-1452.242155589104,498.9747845481311,-325.1838425266615,-352.3516226939853,73.50217557040338,-129.19942076853215,1292.6694268435967,100.0,1133.3188242645401,10.899645861511544,0.0,100.0,1821.92781351051,-1008.6910130725249,100.0,1163.2593373945974,-142.01744747467615,0.0,40.34493343499362,0.0,0.0,0.0,0.0,0.0,0.0,0.0,144.68133530831065,-1292.6694268435967,253.76206943532074,241.60241342172128,-10.899645861511544,16.192663872231776,2.839419582479243,-1811.5770149432567,1008.6910130725335,227.89537131173986,-120.46346835853683,142.01744747467444,-19.467612323499992,64.31240382723752,0.0,0.0,0.0,0.0,0.0,0.0,0.0,0.0
-113.46692982540424,-1580.6794688227758,536.1260323863422,-243.21647850886322,319.0745226065508,74.99014550607001,-120.65637295877922,1297.1071696955482,100.0,409.09742184617113,6.850114434196257,0.0,96.2194620279614,1781.1133699622824,-1079.7677952664649,100.0,-502.8571863392119,-142.27028361315092,0.0,26.110774384056494,0.0,0.0,0.0,0.0,0.0,0.0,0.0,115.91445439463413,-1297.1071696955482,261.5450238132198,10.744218490543673,-6.850114434196257,14.928663927063042,2.3225443224732123,-1770.320408874466,1079.7677952664558,217.91185386205427,-503.2325533484459,142.27028361315433,-20.45300188749863,63.11269611740737,0.0,0.0,0.0,0.0,0.0,0.0,0.0,0.0
-50.907456579977755,-1764.2050770503563,573.8527858767904,686.0261550454779,-1656.503424245152,75.80245281722625,-106.69933167126516,1299.5186189417127,100.0,848.3382399979989,2.795024437664324,0.0,100.0,1818.1058067487863,-1150.9421406529557,100.0,299.0173362522751,-142.4076736188067,0.0,31.160107655856205,0.0,0.0,0.0,0.0,0.0,0.0,0.0,14.94183050974442,-1299.5186189417127,268.6808086345473,143.26039894061267,-2.795024437664324,13.604857888300899,12.296547303140477,-1725.3331975157953,1150.942140652964,207.4559667882404,-1185.1528245743884,142.40767361881012,-21.35645416955782,74.68157612348172,0.0,0.0,0.0,0.0,0.0,0.0,0.0,0.0
-5.735859081619569,-1780.8119233825057,611.8151262593693,-855.4414426705735,-881.1582971308758,75.93177859952618,58.156996420989955,1299.9018177961539,100.0,756.9062715405431,-1.262333599363501,0.0,94.61176817988508,1877.1044050727394,-1222.1562943536264,100.0,259.8535894706231,-142.42950600564654,0.0,33.8388028317562,0.0,0.0,0.0,0.0,0.0,0.0,0.0,22.13468161495348,-1299.9018177961539,275.14083705342205,-648.9006540738887,1.262333599363501,12.226549088394165,20.07531824093138,-1813.9859874640224,1222.1562943536173,196.5695976807755,-1320.442040001077,142.42950600564654,-22.17434982691543,74.87514829499268,0.0,0.0,0.0,0.0,0.0,0.0,0.0,0.0
35.3127589058566,-1843.949647772113,649.6710121316337,-1422.997874507886,-1253.5863032768816,75.3769576253967,112.6518158631518,1298.2564553097081,100.0,882.4735356229846,-5.3186673076947955,0.0,91.10267825238834,1831.3926094325327,-1293.3524691873247,100.0,-471.1051391102603,-142.33576305763336,0.0,22.241984256834304,0.0,0.0,0.0,0.0,0.0,0.0,0.0,-113.93896360729752,-1298.2564553097081,280.8992293885726,-160.54811403971541,5.3186673076947955,10.799259204669625,11.868881837048114,-1765.7472843138164,1293.352469187333,185.29635869496866,-163.3679961263647,142.33576305763336,-22.90341226734043,73.62897786886246,0.0,0.0,0.0,0.0,0.0,0.0,0.0,0.0
165.482256135562,-1967.1902227282012,687.0793612482855,-718.9028397479301,-1580.1305943055206,74.14298884210609,171.5117625371725,1294.5838666223021,100.0,-766.876807767337,-9.37068514937664,0.0,83.10449166204559,1823.0671398967015,-1364.4728925620343,100.0,-474.0787303652053,-142.12652084308274,0.0,12.919847792594023,0.0,0.0,0.0,0.0,0.0,0.0,0.0,-133.26005996753824,-1294.5838666223021,285.93291680057484,-379.21976457562437,9.37068514937664,9.32870613879345,18.437086942938446,-1756.604173662908,1364.472892562043,173.68141183521436,-354.9997912995582,142.12652084308615,-23.54072077557319,86.50264900015122,0.0,0.0,0.0,0.0,0.0,0.0,0.0,0.0
286.0303663439992,-2027.2721624209423,723.7031236786255,306.7858569688491,-1264.2944692561844,72.24099033181915,250.54694356800354,1288.8870318795484,100.0,188.76987368015193,-13.41509908858825,0.0,82.74280317995948,1880.9068805981726,-1435.459853354694,100.0,-111.99465502505973,-141.8019491529344,0.0,20.76026262717236,0.0,0.0,0.0,0.0,0.0,0.0,0.0,-214.78666464559535,-1288.8870318795484,290.22173370850624,-631.989840656816,13.41509908858825,7.8207811101495395,14.965253936345867,-1775.6901594722265,1435.4598533546846,161.77128803036334,387.63633587440495,141.80194915293782,-24.083722214072765,75.42680919225076,0.0,0.0,0.0,0.0,0.0,0.0,0.0,0.0
478.1980311266177,-2099.5205994102234,759.2123186327851,907.6471093926593,1045.825426736451,69.6880991368073,342.11782566550573,1281.1705738144847,100.0,-465.990035266193,-17.44862725971643,0.0,88.98620300907466,1840.1636347786662,-1506.255748741308,100.0,-16.035329126262923,-141.36231136296374,0.0,19.5591255645421,0.0,0.0,0.0,0.0,0.0,0.0,0.0,-216.99124169662184,-1281.1705738144847,293.7484985757833,565.8661287942186,17.44862725971643,6.281525054876624,24.528305137090744,-1750.2270391897773,1506.2557487413164,149.61370072499815,-1006.7027515026052,141.36231136296374,-24.530241251208906,80.55228980181853,0.0,0.0,0.0,0.0,0.0,0.0,0.0,0.0
460.4462270810424,-2180.753080239338,793.2870075948821,36.63873370838701,-100.95181191366919,66.50731685501057,340.8982526654337,1271.4407539964282,100.0,-782.9742087204911,-21.46799663050615,0.0,72.46983060138078,1732.739351139166,-1576.8031309391824,100.0,198.90300846315995,-140.80796422006983,0.0,23.85459611953683,0.0,0.0,0.0,0.0,0.0,0.0,0.0,-398.56694209736577,-1271.4407539964282,296.49908274154467,-292.98605323885965,21.46799663051297,4.717104425117213,23.960112583238104,-1713.645689764793,1576.8031309391733,137.25735473341558,1087.7940795017491,140.80796422007325,-24.87848907590859,87.0294744675245,0.0,0.0,0.0,0.0,0.0,0.0,0.0,0.0
667.5973330950325,-2420.50462786468,825.6201769750425,-711.3693835414921,-180.38134917128673,62.72730239459975,503.9377265602619,1259.705467749986,100.0,-739.9308111585881,-25.46994565793966,0.0,69.20098155286802,1759.504116384414,-1647.0447538231706,100.0,683.5055960904901,-140.13935755279363,0.0,13.121289924426259,0.0,0.0,0.0,0.0,0.0,0.0,0.0,-365.17180007185425,-1259.705467749986,298.4624670218326,-2284.7293248813453,25.46994565793966,3.133786485451253,24.137434176147185,-1730.523640123144,1647.044753823179,124.75175112205179,-883.4933509272321,140.13935755279704,-25.12707056386006,90.95409587415517,0.0,0.0,0.0,0.0,0.0,0.0,0.0,0.0
655.6209024273709,-2401.9166036915003,855.9205043076735,1432.9436803488097,889.7086480859252,58.38211375726132,492.4883617771729,1245.9742377483421,100.0,1533.5415913968031,-29.451226934838814,0.0,53.93348970211989,1719.79169045315,-1716.9236193785496,100.0,-666.6317970204636,-139.35703390630124,0.0,19.247668870550523,0.0,0.0,0.0,0.0,0.0,0.0,0.0,-517.3560901333608,-1245.9742377483426,299.63078585382095,1496.4819010996612,29.451226934838814,1.5379142054391082,31.932673127265463,-1667.715330287273,1716.9236193785405,112.1469889020233,-716.8058567821777,139.35703390629442,-25.274989866552247,86.6546564916088,0.0,0.0,0.0,0.0,0.0,0.0,0.0,0.0
680.279793679656,-2465.5666059368377,883.9149830723313,327.66054971414974,-95.8738783746685,53.510901174450964,504.61455992376665,1230.2582062860251,100.0,-402.19914851918816,-33.408609825055464,0.0,65.147217848229,1698.8085565308425,-1786.383023952285,100.50643567377428,2.333540691641929,-138.4616281021124,20.25729465636772,4.849593730903107,0.0,0.0,0.0,0.0,0.0,0.0,0.0,-608.8209645645373,-1230.2582062860251,299.999358806243,161.43591379869406,33.40860982504864,-0.06411915110135169,34.54337994999024,-1716.4724704483476,1786.3830239522931,100.0,1569.244191887326,138.4616281023682,-5.064359744435336,91.65849582295999,0.0,0.0,0.0,0.0,0.0,0.0,0.0,0.0
853.0110353560975,-2629.088387340665,909.3513824876529,987.9117633806783,-655.6261328424284,48.15755436333063,597.5823391036396,1212.5701262374191,100.0,859.2282185062317,-37.33888308483529,0.0,68.56784688955251,1830.04167102316,-1855.3666042657105,113.15783140496363,-320.1697004372636,-137.45386672326958,25.266877222580177,0.0,0.0,0.0,0.0,0.0,0.0,0.0,0.0,-553.6077689361604,-1212.5701262374196,299.5667093297842,-873.2993455605776,37.33888308483529,-1.6658956383119516,33.16191870885084,-1724.829698216321,1855.3666042657017,100.0,-1360.3357879206385,137.4538667230172,0.0,95.87140236579215,0.0,0.0,0.0,0.0,0.0,0.0,0.0,0.0
1032.8995741683061,-2594.503121945884,932.000520115417,-33.280548784634334,-380.04357420026054,42.37030707961878,666.851640884608,1192.9243507083647,100.0,-1.2051994871927718,-41.23885746879296,0.0,64.99059606550608,1643.7128352807356,-1923.8183831507358,125.75651521897477,528.6082465476011,-136.33456752343363,25.110877776160336,3.9531166373383053,0.0,0.0,0.0,0.0,0.0,0.0,0.0,-717.6118020974561,-1192.9243507083647,298.33457067232325,-323.7105568071138,41.23885746879296,-3.2609983393763287,33.80166950822448,-1639.9344817021586,1923.818383150744,100.0,441.9075532266322,136.33456752368602,0.0,97.45225542834153,0.0,0.0,0.0,0.0,0.0,0.0,0.0,0.0
1103.1346760031156,-2633.7539823801853,951.658326798663,753.272100889393,1239.3079681841277,36.20130253042987,751.4459157620269,1171.3368213892377,100.0,-189.85511101341558,-45.105368317736065,0.0,52.46720029912813,1651.760161375535,-1991.6828149730131,138.25201521376556,1136.1425827186463,-135.10463876611652,24.85428101481304,1.830555914145683,0.0,0.0,0.0,0.0,0.0,0.0,0.0,-699.588498669068,-1171.3368213892377,296.30787893532425,-1490.8062618805884,45.105368317729244,-4.843037073509322,46.626410410787486,-1599.6123670945283,1991.6828149730045,100.0,229.9700588684766,135.10463876586414,0.0,89.84067308573886,0.0,0.0,0.0,0.0,0.0,0.0,0.0,0.0
1068.761538979963,-2769.5004695556563,968.1476853286152,571.4289353292725,-475.0264380166982,29.706123563038886,858.8240592064799,1147.8250556189632,100.0,355.3262726263563,-48.93527812667344,0.0,55.82536018217756,1567.2129246297275,-2058.9048307046633,150.5942728545703,-1420.8879273816717,-133.76507848387746,24.498114897235865,0.1420684836355397,0.0,0.0,0.0,0.0,0.0,0.0,0.0,-891.9282184150788,-1147.8250556189632,293.4947532991978,-1326.9276847031585,48.93527812668026,-6.4056739958047615,47.77391272099567,-1596.3117230399182,2058.904830704671,100.0,-847.075574711796,133.76507848412302,0.0,94.87267787595931,0.0,0.0,0.0,0.0,0.0,0.0,0.0,0.0
1175.143472866259,-2814.7117589189947,981.3200262740957,717.5530041501111,384.9617199985869,22.94329186236382,839.8346751170328,1122.4081321704589,100.0,629.3820594449545,-52.7254790907773,0.0,50.48388657385204,1616.3535860767086,-2125.429882610524,162.73384351464696,25.839086455846427,-132.31697367248898,24.04380626941162,5.516486630151315,0.0,0.0,0.0,0.0,0.0,0.0,0.0,-933.1052730129533,-1122.4081321704589,289.9064634968487,367.3010752110099,52.7254790907773,-7.942648987441885,46.71545142001341,-1583.939303322873,2125.429882610516,100.0,-357.44713443283104,132.31697367225024,0.0,97.34928216730853,0.0,0.0,0.0,0.0,0.0,0.0,0.0,0.0
1247.8254038482517,-2925.972106192404,991.0566665948802,1684.4396416299367,-1272.6382052020676,15.973740669541598,988.3946296113434,1095.1066757690414,100.0,735.2015084950716,-56.47289562712331,0.0,50.63240355075669,1525.6715179080252,-2191.2039885111294,174.62209455663157,774.0150889737333,-130.76149940489586,23.493175148467174,11.067684204032451,0.0,0.0,0.0,0.0,0.0,0.0,0.0,-979.3519239012425,-1095.1066757690414,285.55738466571813,1383.1138515964922,56.47289562713013,-9.44780473449839,53.92401580369228,-1554.8313148432183,2191.203988511137,100.0,364.8456528713473,130.76149940488904,0.0,97.29829152876859,0.0,0.0,0.0,0.0,0.0,0.0,0.0,0.0
1381.9677143290373,-3022.206333094681,997.2698789781435,-738.7623618188684,-56.075681738388994,8.86026577217649,949.3495935677779,1065.9428403563634,100.0,-1586.0608569613385,-60.17448687068736,0.0,39.38164884244384,1539.9070110928706,-2256.173775587022,186.21140016096223,809.7192009297271,-129.09991788137177,22.848427431535328,2.551970010768518,0.0,0.0,0.0,0.0,0.0,0.0,0.0,-1022.3746267928004,-1065.9428403563634,280.46493975918594,-1228.189533345252,60.17448687068736,-10.915111394927806,52.632303688485486,-1456.511708578804,2256.1737755870136,100.0,870.7884500112323,129.09991788137177,0.0,93.58422539487744,0.0,0.0,0.0,0.0,0.0,0.0,0.0,0.0
1487.1065300520575,-3019.7794570867395,999.9036822631905,1203.071706863376,-486.60748095423514,1.6669597131885894,1099.9297742003396,1034.9402911134516,100.0,1017.8748444112398,-63.82724914148184,0.0,33.23505415754914,1423.166099595444,-2320.2865236883426,197.45533212086485,16.41505559765733,-127.33357740266456,22.11214605853499,12.113008800689329,0.0,0.0,0.0,0.0,0.0,0.0,0.0,-1010.871079791614,-1034.9402911134516,274.64952974804174,-1882.5872010131252,63.82724914148184,-12.33869075485245,55.86175324158554,-1467.2409662036082,2320.28652368835,100.0,777.4716557309205,127.33357740265774,0.0,100.0,0.0,0.0,0.0,0.0,0.0,0.0,0.0,0.0
1610.5920585904282,-3107.410969662142,998.9343458327756,-356.58982510477017,426.77899698968986,-5.541365684233597,1097.997993345232,1002.1241852574485,100.0,-296.3077590259968,-67.42821838216969,0.0,44.274790553642816,1392.4257285965086,-2383.4902081150603,208.30884583955242,550.8825426128135,-125.46391127704737,21.287280664673602,5.936177455903453,0.0,0.0,0.0,0.0,0.0,0.0,0.0,-1107.7397917007083,-1002.1241852574485,268.1344518916461,-1502.1273035548677,67.42821838216969,-13.712839777425074,56.137564305643004,-1429.9416315337096,2383.490208115052,100.0,-110.46449945440486,125.46391127704737,0.0,86.4531348940869,0.0,0.0,0.0,0.0,0.0,0.0,0.0,0.0
1542.4474310159137,-3075.691786885011,994.3706034264096,52.88171430774241,-197.67049669999778,-12.699763272394762,1119.3373420011392,967.5211516276236,100.0,-529.7360617431809,-70.97447256320947,0.0,36.50819930237564,1360.4679895552003,-2445.733541832623,218.72846078450982,608.7025568941897,-123.49243665707718,20.377135763816057,7.642435797998593,0.0,0.0,0.0,0.0,0.0,0.0,0.0,-1055.7209961520011,-967.521151627624,260.9458064061979,771.5648115646195,70.97447256320265,-15.032053449910734,62.307306498249595,-1326.3632348866724,2445.73354183263,100.0,1218.684240023972,123.492436657084,0.0,87.72325740829719,0.0,0.0,0.0,0.0,0.0,0.0,0.0,0.0
1539.1392588307074,-3313.6452470859317,986.2535744491997,2222.9070729664522,-1344.7882508720204,-19.74373575407583,1181.1308357885812,931.1592690772345,100.0,-579.6389785816575,-74.46313405392175,0.0,34.22883447311012,1338.0974477334219,-2506.9660170892726,228.67243467594162,895.8202984282468,-121.42075330846865,19.385357510194012,0.6669927096427166,0.0,0.0,0.0,0.0,0.0,0.0,0.0,-1207.4048379999213,-931.159269077235,253.11239190400545,-20.254477269736526,74.46313405392175,-16.291046837451262,69.23903768928977,-1429.8520752717961,2506.966017089265,100.0,233.70548763348552,121.42075330847547,0.0,90.25516397567807,0.0,0.0,0.0,0.0,0.0,0.0,0.0,0.0
1691.1140868225439,-3213.5851829833387,974.6563934852392,-175.45639132846304,-1346.8166485978782,-26.60981680443399,1305.1403263405582,893.0680436887551,100.0,-1624.996896301393,-77.89137195759395,0.0,30.63744905544953,1261.4818033140193,-2567.137946400778,238.10093071156317,-369.79755958024725,-119.25054231194281,18.315919091449615,14.101702548152868,0.0,0.0,0.0,0.0,0.0,0.0,0.0,-1246.7075202246824,-893.0680436887551,244.66559002264486,1022.8739050996546,77.89137195760077,-17.484776255176797,79.37550721146548,-1251.322323376551,2567.1379464007705,100.0,420.0392401463728,119.25054231194281,0.0,81.3812429086506,0.0,0.0,0.0,0.0,0.0,0.0,0.0,0.0
1669.6023429519823,-3194.5467629435743,959.6835513536223,-2115.0276832141253,1456.4055031458724,-33.23614290375133,1343.2146784126126,853.2783848309941,100.0,-647.1326657034467,-81.25640440864572,0.0,23.8486481128179,1143.6106679319669,-2626.2005028697095,246.97617715780558,1162.153868482435,-116.98356469909413,17.173104811557067,10.074832547458898,0.0,0.0,0.0,0.0,0.0,0.0,0.0,-1310.0454482429122,-853.2783848309941,235.6392397062048,497.28529864905,81.2564044086389,-18.60845947383794,74.1403957811058,-1208.3389618155225,2626.2005028697167,100.0,-35.90237202764797,116.98356469910777,0.0,88.06581567189146,0.0,0.0,0.0,0.0,0.0,0.0,0.0,0.0
1746.0373403982524,-3327.993372248716,941.4699536441994,788.8133539819421,281.2618024974131,-39.56301072907081,1346.3854655253583,811.822580077464,100.0,1079.7622825536087,-84.55550082991067,0.0,23.53155495549371,1141.4125666131672,-2684.105759806378,255.26261866810776,1419.6455235836481,-114.6216600234493,15.961492927358591,8.084923698047547,0.0,0.0,0.0,0.0,0.0,0.0,0.0,-1400.0529952848858,-811.8225800774642,226.06950164223576,150.43378461135944,84.55550082991067,-19.65759487801421,80.61325865327753,-1247.319098165698,2684.1057598063708,100.0,-629.919413152885,114.62166002345612,0.0,77.89921587219973,0.0,0.0,0.0,0.0,0.0,0.0,0.0,0.0
1817.0662779591062,-3360.486070321213,920.1797052156605,744.20846131438,698.9823508577183,-45.53341508190954,1430.4514881990333,768.7342690064386,100.0,196.2998898828414,-87.78598414849284,0.0,15.360168860008955,1171.6045585279528,-2740.806729619154,262.9270587220744,1358.2087887828754,-112.1667448676726,14.685937307500296,16.13653787564823,0.0,0.0,0.0,0.0,0.0,0.0,0.0,-1355.3683816064722,-768.7342690064388,215.9947133975237,-1137.9338044765473,87.78598414848943,-20.627979500148257,84.56675847214485,-1080.8526150468015,2740.8067296191607,100.0,-480.3478177308102,112.1667448676726,0.0,87.75253012887562,0.0,0.0,0.0,0.0,0.0,0.0,0.0,0.0
1779.0570625821774,-3370.4349775227306,896.0046316076688,-403.7727273186283,-454.1883487948712,-51.09356250654798,1436.3236575530516,724.0484159038997,100.0,711.1386114562151,-90.9452329679948,0.0,28.419050687730554,1100.4652500968211,-2796.257401942965,269.93879261488684,288.59680373446224,-109.62081128839145,13.351547987221295,25.554595081752808,0.0,0.0,0.0,0.0,0.0,0.0,0.0,-1428.4690282335646,-724.0484159039001,205.45523583300366,-2394.749199412056,90.9452329679948,-21.515725858155577,87.31174045945586,-1080.4707354943775,2796.2574019429576,100.0,395.5936631466659,109.62081128839145,0.0,74.79001439702648,0.0,0.0,0.0,0.0,0.0,0.0,0.0,0.0
1801.6379480684382,-3473.7673021145715,869.1625506891405,-99.52281845549578,-993.1899580820209,-56.19335596987696,1502.0111608723882,677.8012813915418,100.0,804.8003275423184,-94.03068369574953,0.0,0.4864954725686861,1046.8335909370128,-2850.412780974588,276.26973046418857,-211.57494495313358,-106.98592519971271,11.963670696935651,18.682891038889768,0.0,0.0,0.0,0.0,0.0,0.0,0.0,-1468.2912658574178,-677.801281391542,194.49329141310642,119.76086796062532,94.03068369574953,-22.3172775291701,80.30198807673486,-1058.3938794200776,2850.412780974594,100.0,414.2864142461849,106.98592519971271,0.0,72.60326493021687,0.0,0.0,0.0,0.0,0.0,0.0,0.0,0.0
1910.0702018712068,-3405.006667775796,839.8953101151352,-1035.9775064324742,578.7152742430294,-60.78684623672814,1473.6895524577571,630.0303930028588,100.0,64.85403177091484,-97.03983262298607,0.0,8.764449960740382,975.2279230732197,-2903.228921984891,281.8945097416645,448.5946196048076,-104.2642246968353,10.527865446510702,29.56691866738499,0.0,0.0,0.0,0.0,0.0,0.0,0.0,-1502.6669147130754,-630.0303930028588,183.15279505728876,606.7344320372217,97.03983262298607,-23.02942339701204,83.28915911031697,-1055.22224794562,2903.228921984884,100.0,410.15340371565856,104.2642246968353,0.0,64.00546603335896,0.0,0.0,0.0,0.0,0.0,0.0,0.0,0.0
1921.9832415130911,-3494.017891704553,808.4666082749146,-714.8785431343163,-1498.722332313505,-64.83264587300596,1519.1637243411833,580.774514731186,100.0,-577.5489801619517,-99.97023795654059,0.0,10.850495953585156,924.2955321771518,-2954.6629669779604,286.7905968784996,-254.13351640119743,-101.45791832104806,9.049884251252536,34.858008292898155,0.0,0.0,0.0,0.0,0.0,0.0,0.0,-1557.4592435677575,-580.7745147311862,171.47917821137702,1035.7359841184564,99.970237956544,-23.64931051632624,91.20972170409502,-860.2766778156877,2954.662966977966,100.0,584.4027876374997,101.45791832104806,0.0,75.35443581739236,0.0,0.0,0.0,0.0,0.0,0.0,0.0,0.0
1955.9139299590447,-3379.1621903502814,775.1596183644917,-939.5248934656388,489.9840583751643,-68.29430214800254,1512.819777867485,530.073615574411,100.0,133.87372016812492,-102.81952180024064,0.0,7.96956668388869,867.8462304501585,-3004.6731794685975,290.93837753767207,95.31455933713801,-98.56928326765455,7.5356480885557175,39.71647127925661,0.0,0.0,0.0,0.0,0.0,0.0,0.0,-1555.6513223831298,-530.0736155744112,159.519206843517,-1266.7269853471305,102.81952180024064,-24.17445554183459,87.5435602363982,-871.1491861818562,3004.673179468591,100.0,-1066.942036709816,98.56928326764773,0.0,62.40558916556433,0.0,0.0,0.0,0.0,0.0,0.0,0.0,0.0
2000.280261630963,-3447.6728314312927,740.274436990808,-19.224282640346928,-320.5456202482196,-71.14062547313438,1635.4992677496846,477.96883710187217,100.0,-1355.0317857853247,-105.58537208445841,0.0,1.4743105285105411,792.2147034554213,-3053.218978349558,294.32123519143875,221.1529213997153,-95.60066353805269,5.99122317775425,39.72101134770418,0.0,0.0,0.0,0.0,0.0,0.0,0.0,-1527.9919494778833,-477.9688371018724,147.32079409386023,-633.7685216317743,105.585372084455,-24.602754676927105,92.91213346244581,-815.5329136761039,3053.2189783495633,100.0,82.08390608377101,95.60066353804586,0.0,66.23329881588296,0.0,0.0,0.0,0.0,0.0,0.0,0.0,0.0
2100.14257517311,-3517.2727204217035,704.125380295639,847.3249623991205,-683.2520020111019,-73.3459704218933,1568.2448877224074,424.5024600697716,100.0,-1212.1666437047986,-108.26554444226758,0.0,0.0,690.0793769985005,-3100.2609708214477,296.9256176892223,1349.792661562995,-92.55446803773566,4.422796678070426,46.70258245259058,0.0,0.0,0.0,0.0,0.0,0.0,0.0,-1712.681605417227,-424.5024600697716,134.93280832853603,-206.96469653649274,108.26554444226417,-24.93249210173616,90.63943294277104,-749.9004447725139,3100.260970821442,100.0,307.48901849523804,92.55446803773566,0.0,50.718374521811455,0.0,0.0,0.0,0.0,0.0,0.0,0.0,0.0
1949.9454245445427,-3554.7643653499113,667.0381519612207,-874.6685785449063,1407.998246451582,-74.89046679431624,1711.3763881725554,369.7178701121811,100.0,-769.7138061651788,-110.8578640305359,0.0,4.102186010980322,621.210672015299,-3145.760984358168,298.7410915492203,1391.0057439524148,-89.43316862155825,2.8366519020949,37.19457708710492,0.0,0.0,0.0,0.0,0.0,0.0,0.0,-1634.3906418199385,-369.7178701121811,122.4048773668688,484.90855240348196,110.8578640305359,-25.16234684688392,100.0,-747.6138227930019,3145.760984358173,100.0,-1226.8229225607552,89.43316862139454,0.0,61.36611025914984,0.0,0.0,0.0,0.0,0.0,0.0,0.0,0.0
1998.7983391829237,-3437.094986500339,629.3469086139426,-4.843622256747722,-654.4835258892613,-75.76019864947114,1715.7543151055631,313.6595225354945,100.0,214.148095033986,-113.36022729514525,0.0,8.508909463595685,670.0284540667218,-3189.6820976823483,299.7603837562373,585.4416972926703,-86.23929808776893,1.239143144057664,54.619346922695726,0.0,0.0,0.0,0.0,0.0,0.0,0.0,-1702.6851010572482,-313.65952253549494,109.78718966613097,-1541.6091915760512,113.36022729514184,-25.291398085615384,100.0,-639.6794509459548,3189.682097682343,100.0,-867.1006047823823,86.23929808792582,0.0,45.83720054955651,0.0,0.0,0.0,0.0,0.0,0.0,0.0,0.0
2025.2299714403423,-3433.6960333643856,591.3912490668573,683.6316554866448,-395.46254340488986,-75.94732968661219,1767.2798890478691,256.372906244884,102.86970673968915,568.3133777552678,-115.77060367728677,25.319128822518095,7.736818226822022,515.9980927603951,-3231.9886707252626,299.9794108982927,214.02080445257326,-82.97544812352953,-0.36332977629427887,48.05456240067465,0.0,0.0,0.0,0.0,0.0,0.0,0.0,-1641.7703623199927,-256.37290624488446,100.0,416.3610890104667,115.77060367728677,0.0,94.80067507545215,-569.5013307629226,3231.988670725267,100.0,686.8014182011498,82.97544812337946,0.0,46.09761903817248,0.0,0.0,0.0,0.0,0.0,0.0,0.0,0.0
1980.6939911577583,-3550.072125294165,553.513154527962,77.22320055214027,2448.8985680300857,-75.45017385165522,1702.5733991569664,197.90450683203494,115.51510674163208,136.6218708899271,-118.08703726161184,25.245427964751528,0.34600001261552915,469.8601366425156,-3272.6463735472807,299.3972955252798,812.5147625423917,-79.6442672001831,-1.9643471521484912,49.07358048363118,0.0,0.0,0.0,0.0,0.0,0.0,0.0,-1822.4604093496737,-197.9045068320354,100.0,206.07284592818473,118.08703726160843,0.0,98.42486377910654,-498.90329618751105,3272.6463735472757,100.0,650.3826457165883,79.64426720032634,0.0,49.11913987983483,0.0,0.0,0.0,0.0,0.0,0.0,0.0,0.0
1964.2903468279694,-3398.1664863530623,516.0539073430568,322.66565070288607,792.889603535898,-74.27321052795833,1725.3699329487508,138.30176885411765,128.09835128676718,232.9274621808213,-120.30764836324806,25.07059076718477,3.1708937798080394,404.8460620782078,-3311.622214195032,298.01636966414014,-579.6453316019523,-76.24845842642117,-3.557495107793045,61.70000828886755,0.0,0.0,0.0,0.0,0.0,0.0,0.0,-1687.7777403449206,-138.30176885411788,100.0,-1041.8572697068919,120.30764836324465,0.0,95.05932045755168,-426.864448182378,3311.6222141950366,100.0,-428.34219085382387,76.24845842629156,0.0,37.834610646008926,0.0,0.0,0.0,0.0,0.0,0.0,0.0,0.0
2002.7765055525192,-3575.2075262471394,479.35101603538703,-671.3955384125211,2060.5152313715553,-72.42704417750502,1804.6728790898335,77.61305733459426,140.56903032469313,-1164.9540158695572,-122.43063505310715,24.795317649483337,0.0,362.7000469635924,-3348.8845654730176,295.8421654764727,-371.0045471957696,-72.79077735244755,-5.13639129339083,63.869989720005584,0.0,0.0,0.0,0.0,0.0,0.0,0.0,-1760.4128067146903,-77.61305733459449,100.0,1303.3208940667373,122.43063505310374,0.0,99.12709649403143,-285.745582903551,3348.884565473013,100.0,1321.771432267515,72.79077735258397,0.0,38.61545963792946,0.0,0.0,0.0,0.0,0.0,0.0,0.0,0.0
1963.447793651759,-3472.6506988158503,443.73517434749795,-646.6042197248032,161.2639901454918,-69.92830879366437,1835.0053668874793,15.887618517106375,152.87718475650118,-535.7656941305788,-124.4542746200284,24.420711390163206,9.420807785043873,259.5708568672592,-3384.4031906076334,292.8833930960019,-331.4148053262812,-69.27402973627068,-6.694710453482173,68.56496697243172,0.0,0.0,0.0,0.0,0.0,0.0,0.0,-1722.007231980609,-15.887618517106603,100.0,184.60653958529747,124.45427462003181,0.0,94.30125086712343,-253.8947279730774,3384.403190607629,100.0,-945.7000795311978,69.2740297361479,0.0,31.6676591276576,0.0,0.0,0.0,0.0,0.0,0.0,0.0,0.0
2015.8011388792613,-3473.917055456554,409.5272816843637,852.2346248141923,2711.5154895963838,-66.79951802942753,1811.2667892211973,-46.82446009567684,164.97350657716416,-302.78384259293716,-126.37692496873456,23.948272708720566,10.196253032132432,170.6031677712681,-3418.149267783024,289.15190573469556,214.0317425705814,-65.70106926473727,-8.22620976673818,63.977851714473175,0.0,0.0,0.0,0.0,0.0,0.0,0.0,-1784.3449265370723,46.82446009567661,100.0,-1094.5200153635324,126.37692496873115,0.0,91.52470019218904,-208.5707140492097,3418.1492677830274,100.0,-101.36379178939364,65.70106926486005,0.0,44.19704474617445,0.0,0.0,0.0,0.0,0.0,0.0,0.0,0.0
1961.543308504755,-3489.0627170081243,377.03555180371006,-1025.7050594080579,1545.6671567639637,-63.0688623484906,1775.3686307925834,-110.47229038592741,176.80953640957586,-137.81489483543396,-128.19702595228364,23.379894253561844,14.233069831255715,197.91015282227315,-3450.095413528751,284.66265219731355,22.374713721703685,-62.07479523999609,-9.724753855490746,80.59190493114404,0.0,0.0,0.0,0.0,0.0,0.0,0.0,-1730.337291670708,110.47229038592718,100.0,-649.9978387649901,128.19702595228364,0.0,90.63751415859066,-236.67709683526203,3450.095413528747,100.0,-1099.7579921200768,62.07479523988695,0.0,37.56567268813728,0.0,0.0,0.0,0.0,0.0,0.0,0.0,0.0
1960.4631846997859,-3487.934156826125,346.55273580422823,-481.85734738848964,-1460.3684779074433,-58.76995502907306,1819.7088168071207,-175.0042249141186,188.33785763886692,-1160.8458226453183,-129.9131006380702,22.717853019819216,8.865983918066581,68.66088877059002,-3480.215704940233,279.43361699462906,800.1082965945197,-58.39815022487073,-11.184339364822904,76.04446268412303,0.0,0.0,0.0,0.0,0.0,0.0,0.0,-1801.4501449864367,175.00422491411837,100.0,-7.475404487456672,129.9131006380702,0.0,88.21771295749569,-48.0143579758593,3480.2157049402367,100.0,275.01972816313696,58.39815022498669,0.0,22.57077203233525,0.0,0.0,0.0,0.0,0.0,0.0,0.0,0.0
1871.7906520822874,-3390.327242915423,318.3534844326901,393.9135462131196,561.5181359751477,-53.941529306946734,1808.7186401979122,-240.36789882867686,199.51228636929193,201.4859398679812,-131.52375650630688,21.964801227422015,9.245436474145645,-41.50085311971142,-3508.485700714111,273.4857482952302,-241.41836169834943,-54.67411765694351,-12.599119012751032,83.29180359285094,0.0,0.0,0.0,0.0,0.0,0.0,0.0,-1808.6703013909573,240.36789882867663,100.0,175.10516750886154,131.5237565063086,0.0,87.07337188392188,18.85057251970238,3508.485700714107,100.0,-866.4424676547062,54.67411765684119,0.0,16.902575519694413,0.0,0.0,0.0,0.0,0.0,0.0,0.0,0.0
1789.2249818964337,-3343.6518831003295,292.69187347550695,-644.5636227922114,355.83231774742217,-48.62708938895423,1799.8598005576027,-306.510272357777,210.2880564426883,-1202.7466937390932,-133.0276865799732,21.123755695972903,15.445392278236076,-82.62344713504737,-3534.8824609812414,266.8428740045386,325.4534853422873,-50.90571942587303,-13.963425015176654,77.28100917875224,0.0,0.0,0.0,0.0,0.0,0.0,0.0,-1733.1859231343972,306.5102723577768,100.0,-310.97261011814794,133.0276865799732,0.0,88.2975417391921,99.17724361523962,3534.8824609812445,100.0,588.1113048247765,50.90571942596853,0.0,21.050365723460995,0.0,0.0,0.0,0.0,0.0,0.0,0.0,0.0
1790.4939926246334,-3293.647711284999,269.79911453113743,606.3399387706602,-2229.0062226043415,-42.874518478937205,1707.4109675883046,-373.37767384880465,220.62199877730092,327.7055489528436,-134.42367048550352,20.198085759008535,20.49847927568984,-147.60861667578078,-3559.3845659214594,259.53160630724165,1194.1514019095116,-47.09601342293581,-15.271791791746239,86.95451018283987,0.0,0.0,0.0,0.0,0.0,0.0,0.0,-1793.4060138271727,373.3776738488043,100.0,312.8282845108379,134.42367048550523,0.0,85.19387153959609,179.5756967664098,3559.384565921456,100.0,1801.8002525547538,47.09601342293581,0.0,22.43756142103167,0.0,0.0,0.0,0.0,0.0,0.0,0.0,0.0
1708.5811595312853,-3281.895859958457,249.881471789197,-97.18405237870911,870.8718376725233,-36.735647349270266,1820.2091133886922,-440.9158433205614,230.47271430851944,-1409.0219890651258,-135.71057544256348,19.191499765958895,25.112031536199083,-201.68144046392817,-3581.9721331447727,251.58123505555494,1262.5246895217165,-43.24809105818758,-16.518977861595516,91.94687685678127,0.0,0.0,0.0,0.0,0.0,0.0,0.0,-1791.852371760228,440.91584332056095,100.0,-229.54321752901592,135.71057544256348,0.0,74.2221257591562,223.98278109793716,3581.9721331447754,100.0,609.190227143299,43.24809105818076,0.0,12.170720507143274,0.0,0.0,0.0,0.0,0.0,0.0,0.0,0.0
1579.687699997276,-3267.4555059033796,233.1184035862483,105.27282153046144,-44.13190767022115,-30.265787344466162,1810.5487411934837,-509.0699764928755,239.8007398387054,1230.6341012396,-136.8873571840112,18.108030226142233,19.083705365328928,-276.5704980815818,-3602.626833825105,243.02361043041302,91.53946253229549,-39.365074752952296,-17.69998684145918,72.3735023742064,0.0,0.0,0.0,0.0,0.0,0.0,0.0,-1803.3543689926519,509.0699764928753,100.0,-37.17319480008541,136.8873571840095,0.0,76.0455233403489,261.97668842785083,3602.626833825103,100.0,-41.3346313896821,39.36507475295912,0.0,21.799707062070304,0.0,0.0,0.0,0.0,0.0,0.0,0.0,0.0
1597.3742857669217,-3228.5670108849326,219.66094548278238,1641.6493267602925,673.1874568512944,-23.523232025144125,1801.0172519401196,-577.7847692578855,248.56870613169437,-885.1314735976177,-137.9530608027659,16.952017653953817,30.857332481974368,-346.3498174641645,-3621.331907573295,233.89301534566383,204.45321434974034,-35.45011540569476,-18.810087461751408,83.76797462897696,0.0,0.0,0.0,0.0,0.0,0.0,0.0,-1781.304199886451,577.7847692578852,100.0,425.6914327447828,137.95306080276418,0.0,75.0701640503789,387.64719793511676,3621.331907573297,100.0,533.5883380074038,35.45011540569476,0.0,7.849807186087837,0.0,0.0,0.0,0.0,0.0,0.0,0.0,0.0
1505.0788433540904,-3165.1524683559705,209.63034942999138,-946.5001015086762,-367.98307542397197,-16.568731941891883,1751.7293480544154,-647.0044625569121,256.7414876186268,797.7359405338336,-138.9068215267963,15.728093180246105,27.360797756713755,-410.58975243582233,-3638.07217603746,224.226028106431,-1598.4063309721635,-31.506389835253685,-19.844832520638107,89.63100170757666,0.0,0.0,0.0,0.0,0.0,0.0,0.0,-1899.2312269053189,647.0044625569118,100.0,914.4527885764887,138.906821526798,0.0,73.82735446444113,398.35833036490754,3638.072176037458,100.0,-209.49887042318522,31.506389835260507,0.0,7.969599447802252,0.0,0.0,0.0,0.0,0.0,0.0,0.0,0.0
1488.7602150879102,-3078.383411492025,203.1169912873869,1196.1473187710192,-776.9283807345687,-9.464947271528388,1769.4613203742074,-716.6728876265046,264.28634311536723,-1532.3640774502417,-139.74786542086122,14.4411599994379,37.191430493826125,-546.9047577365442,-3652.8340552195323,214.06137587185145,1283.8200582729005,-27.537098202990364,-20.80007670008314,89.58384529356499,0.0,0.0,0.0,0.0,0.0,0.0,0.0,-1745.8322083390738,716.6728876265042,100.0,-1137.588313215308,139.74786542086122,0.0,62.49629116992437,522.9376266682971,3652.8340552195336,100.0,-555.2258071685117,27.537098202997186,0.0,11.210285591977032,0.0,0.0,0.0,0.0,0.0,0.0,0.0,0.0
1434.8581991008296,-3001.7444943530236,200.179556534614,-1.543057216310899,-473.41671590242186,-2.275883247812658,1738.5042332460878,-786.7335115769426,271.1730469877798,7.014043825043927,-140.47551001437284,13.096373726689592,43.936041505495865,-521.314690652146,-3665.6055664981122,203.43977950923556,-284.14096047986675,-23.545461415981208,-21.671993172491426,95.83682935190497,0.0,0.0,0.0,0.0,0.0,0.0,0.0,-1694.1045803692678,786.7335115769423,100.0,1078.8358118748533,140.47551001437114,0.0,61.30642528432709,500.6962561187595,3665.605566498111,100.0,-143.34130814820242,23.545461416028957,0.0,2.8723875602042988,0.0,0.0,0.0,0.0,0.0,0.0,0.0,0.0
1325.8944306210926,-3073.077343408314,200.8445115141655,-670.7104346720973,-1125.9251399652567,4.933686526851204,1710.251917041202,-857.1294832662124,277.3740102393969,49.68414908853788,-141.08916485572422,11.699121743915839,40.87861334664965,-620.9525807508038,-3676.376346348572,192.40379046118326,-683.8381287795437,-19.534718513600637,-22.45708893152994,95.45405105050733,0.0,0.0,0.0,0.0,0.0,0.0,0.0,-1695.6084736230885,857.1294832662121,100.0,423.7229788036825,141.08916485572422,0.0,62.185435271944826,648.2950096901326,3676.376346348573,100.0,271.75534809217766,19.53471851356653,0.0,1.4272149166482562,0.0,0.0,0.0,0.0,0.0,0.0,0.0,0.0
1242.8648161793683,-2950.491976537906,205.1058649691409,375.35660095595176,44.39973542568396,12.098803692918523,1594.4873333305175,-927.8036794322296,282.86439103638713,-1142.4916061693193,-141.58833199063338,10.255001617187247,38.81960308046671,-652.1095977927423,-3685.1376547526233,180.99762027918626,-1411.1624266268211,-15.50812403870168,-23.152218785444916,97.57836141899087,0.0,0.0,0.0,0.0,0.0,0.0,0.0,-1621.8963317583048,927.8036794322293,100.0,1081.261292796363,141.5883319906368,0.0,51.78944996360459,621.8637346187784,3685.1376547526224,100.0,478.585718713847,15.508124038722144,0.0,0.478035013233697,0.0,0.0,0.0,0.0,0.0,0.0,0.0,0.0
1281.7224169736664,-2828.678657550557,212.92522202458474,1852.6850106132918,1757.0347495384453,19.154910409642696,1617.4254922763166,-998.6987510458763,287.62219422704646,369.4358242459782,-141.97260636674002,8.769798672228433,39.19376481174645,-722.6050610011657,-3691.882382290446,169.2669635066271,5.506038113444447,-11.468945397275547,-23.75459795715713,92.71937783904264,0.0,0.0,0.0,0.0,0.0,0.0,0.0,-1639.1692252844591,998.698751045876,100.0,-1191.1084896960745,141.97260636673832,0.0,58.41862328767695,742.6356989830205,3691.8823822904465,100.0,-1082.7877220807568,11.468945397261905,0.0,2.887788940162433,0.0,0.0,0.0,0.0,0.0,0.0,0.0,0.0
1111.0753746272696,-2749.6256265208895,224.23213012602855,-961.1183041858908,-185.36712872171847,26.03843102249897,1619.9332863474692,-1069.757169847238,291.62835945712516,389.3589717165389,-142.24167616212867,7.249462817671315,48.02937028784846,-760.49783426773,-3696.605055909685,157.25881462072695,-1640.3999874070075,-7.420460206617463,-24.261813240416075,95.90953222578871,0.0,0.0,0.0,0.0,0.0,0.0,0.0,-1700.568298962973,1069.7571698472377,100.0,452.4386007766111,142.24167616213208,0.0,51.63217421636351,792.9365786371602,3696.6050559096843,100.0,-94.88528110082257,7.420460206624284,0.0,0.0,0.0,0.0,0.0,0.0,0.0,0.0,0.0,0.0
1116.027797549341,-2786.3056001366467,238.92471381834656,1038.1380150464338,1253.981174652231,32.68734488097806,1622.0763613984527,-1140.9212750272875,294.86683752798973,-357.4362070538609,-142.39532303840065,5.700084708969371,55.16749217383982,-887.1442116712686,-3699.301843366583,145.0212797667949,-749.6419489541773,-3.365953636023278,-24.671832667399798,97.67619247209858,0.0,0.0,0.0,0.0,0.0,0.0,0.0,-1598.0658758489815,1140.9212750272873,100.0,-763.2922936978332,142.39532303840065,0.0,51.021312142579525,848.9461535021593,3699.3018433665825,100.0,879.7626012876844,3.3659536360164566,0.0,3.778554655531862,0.0,0.0,0.0,0.0,0.0,0.0,0.0,0.0
985.7829891286123,-2661.546052780389,256.87059264550373,161.5481317587171,2830.9878507347707,39.04174514598907,1479.7296881967752,-1212.133320017082,297.3246546917169,-14.071374241597141,-142.4334223178073,4.127871348483438,55.51242393011177,-944.3033562201362,-3699.9705563356865,132.6033840390025,-115.52334482943024,0.6912842592259949,-24.983013649037247,99.90069665155339,0.0,0.0,0.0,0.0,0.0,0.0,0.0,-1567.8358336056133,1212.1333200170818,100.0,-1799.5327482266418,142.4334223178107,0.0,32.785055675009716,982.1659150215606,3699.9705563356865,100.0,444.28879691595967,-0.6912842592259949,0.0,1.038953645458478,0.0,0.0,0.0,0.0,0.0,0.0,0.0,0.0
964.1338874217956,-2587.527485854657,277.9080739009877,-490.53909686400743,123.82882701875133,45.04437855125218,1459.1335398019455,-1283.3355193466398,298.9919646255516,657.3490330543757,-142.35594308445116,2.539121219440119,66.68082463290978,-910.9016355526484,-3698.6106521855754,120.05487507972082,254.4002870927062,4.74796120742667,-25.194109555421917,100.0,0.0,0.0,0.0,0.0,0.0,0.0,0.0,-1565.7954672329886,1283.3355193466396,100.0,-2122.754187725361,142.35594308445116,0.0,41.595400321904506,957.0204075557665,3698.6106521855754,100.0,38.127407247998235,-4.747961207413027,0.0,0.9727637359583658,0.0,0.0,0.0,0.0,0.0,0.0,0.0,0.0
862.3591726598836,-2577.5152796958478,301.84760948212926,-565.549207260342,1092.0368797558945,50.641161256671694,1437.5568504346961,-1354.4700955352941,299.8620878775055,-98.8172211028359,-142.16294820934536,0.9401990534334459,57.91612851418376,-1018.4833589508866,-3695.2232344191807,107.42602378425273,174.08821105692027,8.800785392081707,-25.304274709968197,88.02454098194583,0.0,0.0,0.0,0.0,0.0,0.0,0.0,-1487.6615328039163,1354.470095535294,100.0,1559.652521637364,142.16294820934536,0.0,41.88919875230445,1054.2038333104952,3695.2232344191807,100.0,-242.26876070427465,-8.80078539209535,0.0,2.451655415388692,0.0,0.0,0.0,0.0,0.0,0.0,0.0,0.0
700.5702576487955,-2443.0955540478617,328.47350372207404,-709.5475572746216,296.48472408840917,55.78166614451021,1456.4936660083056,-1425.4793259756093,299.93153862507614,-1020.7194639784825,-141.8545942994217,-0.6624896674961178,61.34206937625478,-1109.8190923785978,-3689.811051778344,100.0,-739.8865837443623,12.846468123100294,0.0,92.10034249392427,0.0,0.0,0.0,0.0,0.0,0.0,0.0,-1451.5946038600596,1425.479325975609,100.0,-286.60667441090027,141.8545942994183,0.0,23.244247584757964,1101.2605334654627,3689.811051778345,105.23257709065756,660.7512825511901,-12.84646812307301,25.313067777297817,7.406694068714042,0.0,0.0,0.0,0.0,0.0,0.0,0.0,0.0
622.7931798309435,-2429.7046506168454,357.54585681181175,236.87774636665438,-415.18195588867457,60.41957716901493,1336.3704627455372,-1496.30558977276,299.2000386398885,-407.99125339658985,-141.43113157043103,-2.2625243720142407,75.21627013143184,-1157.753607937369,-3682.3784960133335,100.0,472.32432007132275,16.881726505228016,0.0,84.73093658345721,0.0,0.0,0.0,0.0,0.0,0.0,0.0,-1364.567021688367,1496.3055897727597,100.0,-443.53872232751996,141.43113157043103,0.0,25.542869499326592,1146.4652446193008,3682.3784960133326,117.87021560773451,-333.6758809394644,-16.881726505262122,25.22045353128412,17.178291549625307,0.0,0.0,0.0,0.0,0.0,0.0,0.0,0.0
620.8855156898194,-2213.283999860321,388.80272630198743,477.28873473980855,922.6584676220773,64.51310666424263,1371.1410404016083,-1566.8914145013748,297.67051840231176,117.81871926693725,-140.89290364405315,-3.8534951211136104,84.6111146969115,-1214.2439696217766,-3672.931598319124,100.0,578.5903506257944,20.90328610233655,0.0,81.92857255926782,0.0,0.0,0.0,0.0,0.0,0.0,0.0,-1328.2488076537409,1566.8914145013744,100.0,-328.83567502157007,140.89290364405315,0.0,27.619438457477266,1168.4317243369242,3672.9315983191254,130.43626380752585,-959.6896872841376,-20.90328610233655,25.026802996192714,23.851781671848833,0.0,0.0,0.0,0.0,0.0,0.0,0.0,0.0
446.842174802528,-2189.4288373072586,421.9624872093012,1053.6095470201951,1148.0195207362453,68.0253718524142,1325.9549584631093,-1637.1795228419046,295.3491053615892,26.82641539135261,-140.2403472685205,-5.429028287114193,77.29183162655677,-1187.0087758491215,-3661.478024441358,100.0,-294.4848008779161,24.90788359402586,0.0,89.71871638485273,0.0,0.0,0.0,0.0,0.0,0.0,0.0,-1248.767384980068,1637.1795228419044,100.0,484.08557672532993,140.2403472685205,0.0,28.142632332143187,1237.7273595760316,3661.478024441356,142.8803805303391,590.765643326431,-24.90788359402586,24.732891960230177,13.92756428571185,0.0,0.0,0.0,0.0,0.0,0.0,0.0,0.0
356.7956024906212,-2134.756785043617,456.7263694629048,-789.0865412619214,-267.4132591072839,70.92472715775102,1254.0459829789615,-1707.1128790586706,292.2450993885106,121.6335387139793,-139.4739919650135,-6.982812087233583,80.07289021170463,-1213.0843945591685,-3648.027068455907,100.0,702.095546874798,28.892269424040933,0.0,80.1753308477175,0.0,0.0,0.0,0.0,0.0,0.0,0.0,-1343.222218203535,1707.1128790586704,100.0,-62.78268186653918,139.4739919650135,0.0,4.845768075601924,1350.32987938997,3648.0270684559086,155.15271308921837,-495.4000674104054,-28.892269424047754,24.339897867761664,11.02044290611283,0.0,0.0,0.0,0.0,0.0,0.0,0.0,0.0
173.0540323666426,-1978.8676582493247,492.78114982838116,-752.0519170965298,259.9464730924137,73.18504933460986,1174.9861798240593,-1776.6347352818764,288.37093551896726,531.6159023422108,-138.594459597457,-8.508621869364106,84.21332846723298,-1365.400674139413,-3632.5896452271613,100.0,-519.3165675594469,32.85321043700378,0.0,79.2616236826898,0.0,0.0,0.0,0.0,0.0,0.0,0.0,-1224.8701316683575,1776.6347352818761,100.0,808.5470571502708,138.594459597457,0.0,20.055366769255894,1326.4912522584175,3632.589645227159,167.2040969860396,279.3713469058878,-32.85321043700378,23.849395102242568,29.515250539401173,0.0,0.0,0.0,0.0,0.0,0.0,0.0,0.0
180.32320277634145,-1953.639405984048,529.801974055002,-319.2304246613345,-2095.23570248161,74.78597283724639,1125.4287747845667,-1845.6886775560306,283.74213413764437,15.250393915011955,-137.60246386801327,-10.000345048812846,80.9349612544191,-1394.4591045906088,-3615.178281551062,100.0,487.75211625996917,36.787492501932775,0.0,82.42317395224377,0.0,0.0,0.0,0.0,0.0,0.0,0.0,-1062.476918112476,1845.6886775560304,100.0,836.8155026614841,137.6024638680201,0.0,22.226123386810762,1288.9247707766383,3615.1782815510637,178.9862528706347,409.3075675346279,-36.787492501932775,23.263348679057003,19.402711176280572,0.0,0.0,0.0,0.0,0.0,0.0,0.0,0.0
-3.831069944194425,-1901.0878515277825,567.4552838186409,-753.9930839352648,1193.5905846656215,75.71307331505409,1127.9581223662171,-1914.2186716174133,278.3772388014196,162.00315823537835,-136.4988097379853,-11.452005596073036,99.94836428627748,-1395.7464214675158,-3595.8071059901845,100.0,-1070.2117960363546,40.6919231204688,0.0,83.3327932992672,0.0,0.0,0.0,0.0,0.0,0.0,0.0,-1187.1259011569111,1914.2186716174133,100.0,887.832867120095,136.4988097379853,0.0,14.13106565162892,1353.0686884457464,3595.807105990182,190.45197995390293,750.7925493010077,-40.6919231204688,22.5841063734255,25.901920095891008,0.0,0.0,0.0,0.0,0.0,0.0,0.0,0.0
67.761652349521,-1757.6459924040764,605.4018220885487,-996.9002956543266,1196.8098265606966,75.95799757491591,1055.8217266106815,-1982.1691083634373,272.29774195155704,1038.4048388044466,-135.28439277444704,-12.857787977542898,92.71306080955503,-1444.9989165839288,-3574.491837408994,100.0,231.65370169469725,44.56333401728443,0.0,70.47423455124384,0.0,0.0,0.0,0.0,0.0,0.0,0.0,-1084.1119404021715,1982.1691083634369,100.0,380.98978650121524,135.28439277444363,0.0,18.383591882844957,1421.3295285106358,3574.4918374089966,201.55534510007138,-1314.5461891699858,-44.56333401737311,21.814389314903337,34.067657831461744,0.0,0.0,0.0,0.0,0.0,0.0,0.0,0.0
-161.92462716838924,-1645.8327201157645,643.2996898396075,139.60184454936518,-1775.6934401893886,75.51853884488821,985.7686341019526,-2049.48484897701,265.5279988123009,-287.3706947843459,-133.9601984240744,-14.212060453314734,86.03686005969564,-1484.4581885961195,-3551.2497722187054,100.0,-924.6153880592567,48.39858371147557,0.0,75.48341424221401,0.0,0.0,0.0,0.0,0.0,0.0,0.0,-988.0796090208189,2049.4848489770097,100.0,492.32902839076814,133.96019842408123,0.0,15.178163419347928,1429.256942391605,3551.2497722187027,212.25186684057797,-398.72002655758706,-48.39858371138007,20.957281086270143,23.271547040844922,0.0,0.0,0.0,0.0,0.0,0.0,0.0,0.0
-237.71585804676286,-1570.0601123240128,680.807426569003,-1094.2031620428972,-1393.6894382250773,74.39865665624325,939.4108066132657,-2116.1112696692817,258.095129820803,-239.53931534641356,-132.5273012127377,-15.50939763857599,90.34800073243,-1516.775238738272,-3526.099770341962,100.0,368.64774716037914,52.194560064754114,0.0,64.5854989938567,0.0,0.0,0.0,0.0,0.0,0.0,0.0,-989.8046025395098,2116.1112696692812,100.0,930.1497396453897,132.5273012127377,0.0,1.7972039553893806,1496.8486970311335,3526.0997703419657,222.49869357239433,2124.752096687316,-52.19456006484961,20.016215370198296,29.841155509141263,0.0,0.0,0.0,0.0,0.0,0.0,0.0,0.0
-305.7809359876151,-1509.4026331027776,717.58708686178,71.62623870735672,-412.3062143013749,72.60844116886176,868.839070924162,-2181.994306004466,250.02891197926223,281.94980479436254,-130.98686387404769,-16.74460223840839,96.19427277567455,-1576.6900714871472,-3499.062239908875,100.0,572.8713675882091,55.948182808187994,0.0,61.94406571042601,0.0,0.0,0.0,0.0,0.0,0.0,0.0,-827.9195812152999,2181.994306004466,100.0,966.1534041875677,130.98686387404769,0.0,7.249511411032504,1573.791926258389,3499.062239908872,232.25477522690326,-813.3451699613602,-55.948182808085676,18.99496219356834,29.33097716539833,0.0,0.0,0.0,0.0,0.0,0.0,0.0,0.0
-507.9254228411253,-1299.527193141469,753.3072852853902,-248.02369311204188,259.58823063024056,70.16402225778108,816.1986806983944,-2247.0804967707763,241.3616595645315,437.323887138636,-129.34013640575358,-17.91272586880197,98.74118616208794,-1590.9734702159974,-3470.159120696665,100.0,869.0053948239336,59.656406040141974,0.0,63.097660620177955,0.0,0.0,0.0,0.0,0.0,0.0,0.0,-785.603153845809,2247.0804967707763,100.0,255.60429444752685,129.34013640574676,0.0,10.761193699622346,1632.496689556478,3470.159120696669,241.4810277216045,613.4939852785794,-59.65640604025111,17.897612824250473,35.58371806302085,0.0,0.0,0.0,0.0,0.0,0.0,0.0,0.0
-471.38203120526225,-1211.3477679214063,787.6461821787036,1044.0239864182467,-408.98786076357965,67.0874241835503,708.107135115833,-2311.317027361873,232.12809467308495,-636.651263538202,-127.58845505539512,-19.009088880490026,98.14097367559017,-1610.33843681595,-3439.4138663265353,100.0,-939.2385024992473,63.316220699559835,0.0,43.050530156532545,0.0,0.0,0.0,0.0,0.0,0.0,0.0,-702.3247167941807,2311.3170273618725,100.0,490.89317345968595,127.58845505540194,0.0,3.7044719457383923,1654.1548897786963,3439.4138663265394,250.14048953583514,675.259711676182,-63.316220699443875,16.728563380973043,44.18675248025555,0.0,0.0,0.0,0.0,0.0,0.0,0.0,0.0
-564.6799937331708,-1013.0445211249663,820.2943834334109,-219.92484693646816,652.7015364567762,63.406367152741154,708.1851227021624,-2374.6517726335824,222.36520811996385,411.45576611695617,-125.73324123603015,-20.029299106217593,100.0,-1670.9728601273655,-3406.851425232064,100.0,-59.9434553532069,66.92465700595221,0.0,54.853368753339524,0.0,0.0,0.0,0.0,0.0,0.0,0.0,-672.0215928147595,2374.6517726335824,100.0,-145.6776718707124,125.73324123603697,0.0,7.057638423910208,1669.3467188047634,3406.8514252320597,258.19846978323733,1626.5934787908725,-66.924657006075,15.49249722192286,49.90555221656307,0.0,0.0,0.0,0.0,0.0,0.0,0.0,0.0
-585.3737668496034,-1054.6542526924154,850.9577281407913,-109.84082418900755,622.9760748152376,59.15401755880566,659.7247117572236,-2437.033339201231,212.11211124894183,75.083049251229,-123.776000372809,-20.96926945630443,90.10020005133025,-1689.289665529314,-3372.4982204146095,100.0,252.71963976587585,70.47878687102184,0.0,49.21636192308758,0.0,0.0,0.0,0.0,0.0,0.0,0.0,-722.5160752323982,2437.03333920123,100.0,979.2306159942876,123.77600037279535,0.0,13.122292262642128,1723.1647591942208,3372.4982204146136,265.62268718779086,-681.8933668002217,-70.47878687089224,14.194366182627789,51.13192242157338,0.0,0.0,0.0,0.0,0.0,0.0,0.0,0.0
-779.3498230676619,-918.7465604515545,879.3599389870114,-468.6858156111481,-606.2032958822584,54.36868915152729,565.7395941144679,-2498.411107143097,201.40987924759742,-491.54415819587257,-121.71832068133654,-21.82523429204366,100.0,-1774.8292104217685,-3336.382128002256,100.0,348.9989736046948,73.97572627284717,0.0,46.446830638707645,0.0,0.0,0.0,0.0,0.0,0.0,0.0,-541.403901316962,2498.411107143096,100.0,1651.482142075056,121.71832068133654,0.0,8.965121880399872,1714.8045787726965,3336.3821280022516,272.3833994066356,2125.060928382286,-73.97572627299041,12.839370738279854,50.52002963507587,0.0,0.0,0.0,0.0,0.0,0.0,0.0,0.0
-878.3608954863615,-790.197877280965,905.2451115169679,-1421.8480715235883,666.7411065084468,49.09349783013283,556.6158103623243,-2558.735271076286,190.30138659497766,215.1861767512642,-119.56187187899559,-22.59376451131942,91.74069964960985,-1755.3931196139242,-3298.5324546294823,100.0,751.3488241972937,77.41263759808135,0.0,40.95399545546793,0.0,0.0,0.0,0.0,0.0,0.0,0.0,-524.9869562449746,2558.735271076286,100.0,1276.21524401637,119.56187187899559,0.0,5.421889084143851,1686.5466497770183,3298.5324546294873,278.4535221816155,1012.1695688125828,-77.4126375979381,11.432939169988572,60.32676694327937,0.0,0.0,0.0,0.0,0.0,0.0,0.0,0.0
-961.1599760856889,-757.9955330303491,928.3800198382166,-1688.8921491759072,-469.74070791831025,43.37597316781512,471.4990775036707,-2617.9568805716235,178.83113530107636,-1739.2321558748906,-117.30840382998167,-23.27178128601531,93.97249038578047,-1743.6159044315891,-3258.979913656178,100.0,179.67088139323437,80.78673194245312,0.0,42.02297306754529,0.0,0.0,0.0,0.0,0.0,0.0,0.0,-387.5901387856479,2617.956880571623,100.0,-566.855079789479,117.30840382997485,0.0,10.959864556424389,1723.3274825245267,3258.979913656173,283.808737842202,89.74124561834628,-80.78673194260318,9.980705818403237,56.431537108695224,0.0,0.0,0.0,0.0,0.0,0.0,0.0,0.0
-1011.0195680663928,-598.9566491597537,948.556217990692,-990.8273748907601,-767.378529581801,37.26763016974928,417.2225713042992,-2676.027879874794,167.04507662621955,-655.1447498005425,-114.95974512546809,-23.856568396207365,92.27307409953299,-1631.6403454413653,-3217.7566002450126,100.0,-516.6530807542892,84.09527137607711,0.0,36.07245667407563,0.0,0.0,0.0,0.0,0.0,0.0,0.0,-281.63448037612056,2676.0278798747936,100.0,893.3156995507684,114.95974512546127,0.0,0.0641632793814555,1816.6290672058344,3217.7566002450176,288.4275927251216,115.2875892849238,-84.09527137608393,8.488488511848118,56.91803758002969,0.0,0.0,0.0,0.0,0.0,0.0,0.0,0.0
-1071.6311835921686,-491.0210215664155,965.5919180487089,-753.7182926479784,554.152135895599,30.823505121255153,301.71018405152836,-2732.901146901492,154.99042699457377,-1047.1749045136003,-112.51780159939244,-24.34578311160209,86.91956540775973,-1691.0972837245151,-3174.8959653176926,100.0,-828.3512910987918,87.33557116300744,0.0,28.637743351403117,0.0,0.0,0.0,0.0,0.0,0.0,0.0,-206.97945403662015,2732.901146901492,100.0,-135.3551932735587,112.51780159939244,0.0,5.033272520609266,1810.4004405804149,3174.8959653176876,292.29158312041227,-333.3611850535988,-87.33557116300744,6.96226525934776,61.683323934122306,0.0,0.0,0.0,0.0,0.0,0.0,0.0,0.0
-1144.0653794508507,-349.9935725380568,979.3336280336227,263.6102941803415,167.15569047628918,24.10165971056017,274.24129191965847,-2788.5305314749394,142.71547883924885,-1454.9110796592872,-109.98455478257256,-24.7374655769228,88.50741273577671,-1877.1342630944089,-3130.4327884109134,100.0,-860.3189315591942,90.50500194135793,0.0,30.144969665294063,0.0,0.0,0.0,0.0,0.0,0.0,0.0,-279.1299381198303,2788.5305314749394,100.0,-235.19685794295015,109.98455478257938,0.0,1.8094146715025143,1730.3581942403878,3130.43278841092,295.3852293995983,1061.0285765880099,-90.50500194136475,5.40815030202026,68.41468298676527,0.0,0.0,0.0,0.0,0.0,0.0,0.0,0.0
-1323.0592238533698,-239.79277362868706,989.6575348794313,-584.722944550092,298.3227969002645,17.16265789158456,205.82281884621347,-2842.870892774741,130.26940713677521,-1168.2262202886861,-107.36206029438108,-25.030046663258645,85.98930571090854,-1722.059677374712,-3084.403149454367,100.0,28.77118383047332,93.60099185624676,0.0,24.666460108372572,0.0,0.0,0.0,0.0,0.0,0.0,0.0,-185.65995962019156,2842.870892774741,100.0,-1386.1107567668073,107.3620602943879,0.0,5.593071979113746,1806.7347984754235,3084.4031494543615,297.69613802901694,-430.08581961112554,-93.60099185624676,3.832369618628775,76.79464461155574,0.0,0.0,0.0,0.0,0.0,0.0,0.0,0.0
-1272.242204862546,-99.99161722401615,996.470619990849,-1552.1092175367323,2067.671760668934,10.06902020149937,144.84844076730403,-2895.8781359666928,117.70207240600155,-411.5897610370934,-104.65244617475491,-25.222354254207815,87.83823618119231,-1780.2345876231434,-3036.844399493361,100.0,-1294.4272123437258,96.62102864681401,0.0,21.718402986040154,0.0,0.0,0.0,0.0,0.0,0.0,0.0,-94.20227383902282,2895.878135966692,100.0,-1067.8279078707558,104.65244617475491,0.0,11.548561287630303,1829.837506297077,3036.8443994933673,299.2150512198631,62.424458450474276,-96.62102864681401,2.2412359835448115,72.99039503448827,0.0,0.0,0.0,0.0,0.0,0.0,0.0,0.0
-1320.852082208477,36.73465433572565,999.7114973425918,-2220.3178278800488,-120.20844473666199,2.884660449577723,31.63766803230086,-2947.509247983816,105.0638209606243,605.6681863928393,-101.85791115741267,-25.313617941525166,71.93243780701779,-1842.5602798617101,-2987.79513038017,100.0,1076.9997294078303,99.56266168486309,0.0,32.16676067300895,0.0,0.0,0.0,0.0,0.0,0.0,0.0,-30.449935018515237,2947.509247983816,100.0,792.5837329650185,101.85791115741267,0.0,11.879200703738366,1803.2705707162536,2987.795130380164,299.93588401604836,232.8707916587257,-99.56266168486991,0.641123676983284,84.58184500253489,0.0,0.0,0.0,0.0,0.0,0.0,0.0,0.0
-1428.4084704965326,-30.72448468279096,999.3509665686303,-429.7617602717594,-187.0038586688021,-4.325690147364867,33.061837536514666,-2997.722332429589,100.0,-1070.5358747822988,-98.98072288571257,0.0,73.67583796095596,-1834.696002335287,-2937.295143458332,100.0,1517.892454428793,102.42350396344136,0.0,17.875947235154683,0.0,0.0,0.0,0.0,0.0,0.0,0.0,16.867217828520257,2997.722332429589,107.5947167844369,793.5494297374316,98.98072288571257,25.30347211147216,20.71637272769083,1806.1528900674487,2937.2951434583383,299.8557486712959,120.86479269923075,-102.42350396344136,-0.961557051158195,84.22827495986999,0.0,0.0,0.0,0.0,0.0,0.0,0.0,0.0
-1525.485540055063,211.3300516157149,995.392276058034,960.8670566017349,560.4230135673577,-11.49706619454605,-84.54472050354163,-3046.4766435750453,100.0,715.1638720487357,-96.0232160724945,0.0,81.25436855161634,-1790.8314558541563,-2885.385417265691,100.0,-223.57591481780105,105.20123403374328,0.0,17.804464279617022,0.0,0.0,0.0,0.0,0.0,0.0,0.0,170.10141892217007,3046.476643575045,120.22282914481256,-996.2561007313693,96.02321607250133,25.191957409512753,20.0571765293063,1789.2720853494968,2885.3854172656847,298.9749662178127,-25.954054932942654,-105.20123403374328,-2.5603856615708764,90.05619543412593,0.0,0.0,0.0,0.0,0.0,0.0,0.0,0.0
-1579.9098035908046,343.3953656790153,987.8710936869244,-803.3612831861751,1569.7083435195489,-18.56485345858573,-167.15497905946768,-3093.732619422153,100.0,-391.99516654098744,-92.98779060560491,0.0,72.61230103585251,-1813.6404275048503,-2832.1080742820004,100.0,-412.11401770621706,107.89359788892398,0.0,12.137594583824498,0.0,0.0,0.0,0.0,0.0,0.0,0.0,185.01295185991643,3093.732619422153,132.76992632402482,730.3835857007442,92.98779060561174,24.979520577480656,17.090908687932025,1790.6040162664206,2832.108074282007,297.29706518019464,132.59972115641972,-107.89359788891034,-4.148957047004842,82.28087317010853,0.0,0.0,0.0,0.0,0.0,0.0,0.0,0.0
-1680.3050100676728,459.94075065501477,976.8551854502434,-24.28989672090438,802.9404981421288,-25.465371043010236,-194.79827644701896,-3139.4519138066576,100.0,367.3330505914811,-89.87690960048894,0.0,73.85297423088399,-1773.7228408781266,-2777.50634674847,100.0,-284.199054952918,110.49841079307043,0.0,17.82777484779982,0.0,0.0,0.0,0.0,0.0,0.0,0.0,264.61556835465393,3139.451913806657,145.18574308253827,-452.7381701529282,89.87690960048894,24.66701266387645,32.21269178708125,1766.9617553673284,2777.5063467484633,294.82876743971565,229.55459405618967,-110.49841079307043,-5.720907191940512,90.8474271451538,0.0,0.0,0.0,0.0,0.0,0.0,0.0,0.0
-1677.961743919766,475.2878536834435,962.4438048888524,-1016.4440761999526,-2162.4760888113797,-32.13644515427518,-366.923438908265,-3183.597427514316,100.0,-10.785709966934007,-86.69309740143945,0.0,67.97227310162019,-1762.1171232894255,-2721.624541586582,100.0,-213.32388611576562,113.01355905408855,0.0,19.862189294062087,0.0,0.0,0.0,0.0,0.0,0.0,0.0,378.12737601289314,3183.597427514316,157.4205401065912,313.91419592989905,86.69309740143945,24.25568561446255,35.433472183489116,1776.451899799737,2721.624541586589,291.5799613056316,-1523.344299679103,-113.01355905409537,-7.269938667620011,94.32643349016293,0.0,0.0,0.0,0.0,0.0,0.0,0.0,0.0
-1671.9482789173207,584.5401644925677,944.7667988132714,21.317631542024174,-817.1049400399858,-38.51796928899262,-421.47877920142497,-3226.1333383852984,100.0,452.13244470065433,-83.4389375332762,0.0,59.43052249892876,-1748.3591660493673,-2664.5080044450615,100.0,1209.5026393188084,115.4370017388078,0.0,3.576286046499421,0.0,0.0,0.0,0.0,0.0,0.0,0.0,408.77293520848394,3226.133338385298,169.42530327010348,1443.6967394648502,83.43893753328302,23.747187256809354,34.057265286684476,1799.075304789092,2664.508004445055,287.56366190137715,-1715.128335774133,-115.43700173881462,-8.789845860343632,92.91758523628823,0.0,0.0,0.0,0.0,0.0,0.0,0.0,0.0
-1712.973665070045,795.5039338501705,923.9834373814515,-112.86343760993987,2010.9824745738183,-44.552445794308824,-488.1108642906361,-3267.0251303823065,100.0,-935.5152297779978,-80.11707060486742,0.0,61.31225823006981,-1811.8989025010505,-2606.203082903753,100.0,1547.6006207243302,117.7667723291438,0.0,9.354430405131252,0.0,0.0,0.0,0.0,0.0,0.0,0.0,382.95266930885157,3267.0251303823065,181.15193999139436,822.7619738314345,80.1170706048606,23.143554698894206,43.07035505825549,1856.6186275356588,2606.203082903746,282.7959590243539,255.40592916453647,-117.76677232913698,-10.274539831924017,91.92408396902016,0.0,0.0,0.0,0.0,0.0,0.0,0.0,0.0
-1715.6721311565022,789.8057445820559,900.2809790716669,404.6530396376738,217.60555385591886,-50.18550392319469,-512.0338566308094,-3306.2396215988206,100.0,-635.2386841025136,-76.73019216638295,0.0,58.95419443974119,-1696.7307608449114,-2546.7570888646724,100.0,-1052.2400444258153,120.00098031781818,0.0,6.1499759796035445,0.0,0.0,0.0,0.0,0.0,0.0,0.0,545.7614117228314,3306.2396215988206,192.5534718980652,-99.60701113776338,76.73019216638977,22.447206168190093,32.98451469613821,1708.7409944287667,2546.7570888646796,277.2959526881937,683.374798205133,-120.000980317825,-11.718072712747585,98.50492883245666,0.0,0.0,0.0,0.0,0.0,0.0,0.0,0.0
-1920.9787612705925,950.6796462999918,873.8729834800849,655.8460384663738,-1285.4840255719466,-55.366389715661626,-625.3255688742062,-3343.7449911847953,100.0,-1072.5606301338019,-73.28105052205274,0.0,58.40456137663091,-1739.3667977497494,-2486.2182601604254,100.0,-519.4790542472094,122.1378127424623,0.0,0.0,0.0,0.0,0.0,0.0,0.0,0.0,0.0,596.9032539467858,3343.744991184795,203.58422302824684,406.3150842417713,73.28105052205274,21.660931323947494,43.46163262733107,1660.6231040019557,2486.218260160418,271.085676605713,886.7463009308744,-122.1378127424623,-13.11466152966375,99.71006514419128,0.0,0.0,0.0,0.0,0.0,0.0,0.0,0.0
-1898.6311320848552,928.9995874967088,844.9973871447868,-18.04715348973218,1470.35187589349,-60.04842329324845,-647.0218972280074,-3379.510805167873,100.0,-225.96106354893266,-69.77244449994487,0.0,47.22038847929792,-1600.4455707755833,-2424.6357214112613,100.0,-1053.010974811665,124.17553565671369,0.0,7.640272319599804,0.0,0.0,0.0,0.0,0.0,0.0,0.0,636.0642321146482,3379.510805167873,214.20000281420116,-1579.9078971808462,69.77244449993805,20.78788008146546,38.26202669878176,1730.1764700128017,2424.6357214112686,264.1900099191076,827.4427844880313,-124.17553565671369,-14.458711373319204,92.94138202603644,0.0,0.0,0.0,0.0,0.0,0.0,0.0,0.0
-1875.2504544564877,1232.497472516063,813.914359733061,-297.42565690478955,2574.0593174975666,-64.18941944497419,-748.8367559534668,-3413.508041149233,100.0,311.60605587771727,-66.20722118087087,0.0,56.601715641076936,-1642.4345331902941,-2362.0594441626877,100.0,115.32675526884077,126.11249553726111,0.0,1.5281518130921041,0.0,0.0,0.0,0.0,0.0,0.0,0.0,683.7735131490361,3413.508041149233,224.35828311526143,260.79386097320935,66.20722118087087,19.831549993144648,52.3403930789192,1546.8211220107453,2362.05944416268,256.63657753099915,-588.3372534242324,-126.11249553726793,-15.744837812047763,94.80769680108763,0.0,0.0,0.0,0.0,0.0,0.0,0.0,0.0
-1949.1086635528534,1212.7628511638236,780.9039599078038,-817.5467696484361,991.988055871941,-67.75206771759372,-722.2979303864494,-3445.7091118539993,100.0,278.94255670632276,-62.58827358819872,0.0,50.70255390319333,-1625.2812529253292,-2298.5402063356228,100.0,223.541687847071,127.94712062561075,0.0,9.429346673816983,0.0,0.0,0.0,0.0,0.0,0.0,0.0,825.6532785019749,3445.7091118539993,234.01836859087933,1235.9977959632333,62.58827358820554,18.795772236846204,56.222985461513716,1695.8694210215535,2298.5402063356314,248.45563943562206,1.1644430546471085,-127.9471206258495,-16.967888462601906,97.7413531223899,0.0,0.0,0.0,0.0,0.0,0.0,0.0,0.0
-1893.9482545431033,1372.2886653158528,746.2636119936984,-546.1201405197846,-3.1768657468364836,-70.70426858278267,-818.8253155864602,-3476.0878875171143,100.0,-257.95844635916524,-58.918538340019495,0.0,39.921471724096584,-1543.8557898189667,-2234.1295510224477,100.0,-88.4792531815583,129.67792220371393,0.0,5.136852972696545,0.0,0.0,0.0,0.0,0.0,0.0,0.0,821.5469979505133,3476.0878875171143,243.1415597312456,-1135.9142016002681,58.918538340019495,17.684696267722728,64.39243989873927,1609.6979007358782,2234.12955102244,239.67996949350493,1127.8558251396316,-129.677922203482,-18.122963631180227,99.52047741698475,0.0,0.0,0.0,0.0,0.0,0.0,0.0,0.0
-2018.7603214421988,1374.328201566258,710.3054261784345,-2313.7313046492136,726.9750872397822,-73.01942265540902,-924.0028514109425,-3504.6197170865025,100.0,-306.50454368433316,-55.20099326655327,0.0,41.12124022872079,-1514.310979417019,-2168.8797446619074,100.0,-627.1679406904616,131.30349580083703,0.0,7.385553489143764,0.0,0.0,0.0,0.0,0.0,0.0,0.0,856.82446057581,3504.619717086502,251.69130789236326,575.3746074361214,55.20099326654645,16.50277319497789,63.35786797697633,1611.2457619277147,2168.8797446619155,230.34472413528854,-198.2477271949267,-131.3034958010826,-19.205435942301108,91.27297390121882,0.0,0.0,0.0,0.0,0.0,0.0,0.0,0.0
-1999.5353412414265,1497.9315451491846,673.353386394022,773.125629728795,-268.2493252343477,-74.67667035331431,-965.1280101458767,-3531.281448226325,100.0,484.08504379375756,-51.438654993557975,0.0,25.119709976495912,-1527.9287064654989,-2102.8437346273035,100.0,-646.0609947010744,132.82252233582767,0.0,8.653500676630449,0.0,0.0,0.0,0.0,0.0,0.0,0.0,928.6774685934857,3531.2814482263248,259.63336171448367,-1040.4102394124925,51.438654993557975,15.254737950166373,65.7350747474066,1580.6081842430945,2102.8437346272954,220.48730152067077,-468.99025622064414,-132.82252233558893,-20.210968876589277,85.95752389615369,0.0,0.0,0.0,0.0,0.0,0.0,0.0,0.0
-2005.9565692720985,1676.9017265604953,635.7404312154666,-387.88748923914795,-1030.4670676733383,-75.66107984383223,-1046.895200274339,-3556.0514461040916,100.0,282.8046669129287,-47.63457649452448,0.0,29.25623771005935,-1485.4618533034984,-2036.0751062618792,100.0,1192.355287383749,134.23376918391114,0.0,0.0,0.0,0.0,0.0,0.0,0.0,0.0,0.0,933.6999076480912,3556.051446104091,266.9359043373347,-16.76267814669643,47.63457649452448,13.945590318467964,66.18383524206719,1449.2991071173412,2036.075106261888,210.14719171670447,-83.22682525697701,-134.23376918416693,-21.135534143431016,86.88404018831582,0.0,0.0,0.0,0.0,0.0,0.0,0.0,0.0
-2032.1040988017216,1756.7864924350476,597.8054540779451,-51.20354691241232,381.7704295115641,-75.96378157856293,-1046.1311565833514,-3578.909610946382,100.0,-692.3139092379773,-43.791844613315334,0.0,32.30836743078366,-1486.0546643630048,-1968.6280393967807,100.0,192.09862101463386,135.53609118077588,0.0,10.976673124761703,0.0,0.0,0.0,0.0,0.0,0.0,0.0,1073.7787304841484,3578.909610946382,273.56968086243955,-399.5143758888662,43.791844613315334,12.58057490892412,65.26094714842993,1408.4831384367499,1968.6280393967727,199.36581849565312,-929.224753040254,-135.5360911805235,-21.975427818807844,90.77925580948218,0.0,0.0,0.0,0.0,0.0,0.0,0.0,0.0
-2010.9122157249517,1891.7188635800253,559.8902498405546,-152.46634657125128,2091.9324521873136,-75.5820482094191,-1143.4688942367377,-3599.837394348939,100.0,262.5472633388631,-39.91357755928675,0.0,25.39727829048876,-1409.0718520912583,-1900.557264386352,100.0,-43.41331479632572,136.7284315478912,0.0,13.799113301102954,0.0,0.0,0.0,0.0,0.0,0.0,0.0,1121.295212552438,3599.837394348939,279.5081155518968,-109.23148355071817,39.91357755928675,11.165160143856951,76.85895451308762,1485.4286740472141,1900.557264386361,188.18637338618163,-1746.2802896724656,-136.72843154789803,-22.72728518366108,81.38211576212844,0.0,0.0,0.0,0.0,0.0,0.0,0.0,0.0
-1960.8096004228173,1959.9856084445764,522.336435208178,766.1651078116176,71.53016487110335,-74.51931916108776,-1117.0288303763007,-3618.817814327886,100.0,-1298.9854075734206,-36.002922377165305,0.0,15.377984910741795,-1341.7555535632464,-1831.9180176969749,100.0,-997.1499250322188,137.80982275379415,0.0,17.358397727898573,0.0,0.0,0.0,0.0,0.0,0.0,0.0,1163.1725671724405,3618.8178143278856,284.7274182941079,429.4383187735059,36.002922377172126,9.705016351763334,83.1182099555389,1358.5170517366532,1831.9180176969667,176.65364264269402,-858.1378599755362,-137.80982275379415,-23.38809420345001,85.48398149921474,0.0,0.0,0.0,0.0,0.0,0.0,0.0,0.0
-1949.5384216574269,2031.4337756696032,485.4823707585452,641.9326000797457,580.9505562745437,-72.78516964257648,-1219.7948997740218,-3635.8354690998694,100.0,-1123.2069085667695,-32.06305239309131,0.0,13.824614303138993,-1417.0801080278616,-1762.7659970849468,100.0,459.9892322439473,138.77938729641073,0.0,21.841807600279914,0.0,0.0,0.0,0.0,0.0,0.0,0.0,1205.4986481120586,3635.8354690998694,289.20667990993775,2054.36523686741,32.06305239309131,8.205993051155929,80.54129047690031,1325.9981122809454,1762.7659970849559,164.81382782600082,-1421.153965038177,-138.7793872964039,-23.955207594631105,83.32755855160042,0.0,0.0,0.0,0.0,0.0,0.0,0.0,0.0
-1891.803081261964,2097.8977959942276,449.66011230705993,1263.0027937895443,-458.6578082863957,-70.39522437348637,-1282.5197880929536,-3650.8765495799335,100.0,-287.14589081563076,-28.09716463980294,0.0,12.083041999878343,-1330.8158712136164,-1693.1573164003182,100.0,77.78410986812901,139.63633841637375,0.0,18.776556822605812,0.0,0.0,0.0,0.0,0.0,0.0,0.0,1267.5966660758056,3650.8765495799335,292.92795591749984,-659.9254928430196,28.09716463980294,6.674095516735292,81.58404454344843,1243.077277279161,1693.1573164003098,152.71436071409136,-47.39623578501778,-139.63633841637375,-24.426353430077086,83.18696295474336,0.0,0.0,0.0,0.0,0.0,0.0,0.0,0.0
-1983.3023526044685,2237.5055891418397,415.1924190776326,-725.1084735624056,-738.9522356079669,-67.37101680582413,-1345.1012212833134,-3663.928850586991,100.0,86.01216334203514,-24.1084772623185,0.0,19.43463053767412,-1212.3405346402865,-1623.1484600528106,100.0,680.9470403164755,140.37998073522203,0.0,28.025792054839073,0.0,0.0,0.0,0.0,0.0,0.0,0.0,1387.8742016374993,3663.928850586991,295.8763384199933,-604.3568650583359,24.1084772623185,5.115460721492866,83.5640138108952,1212.5421587556655,1623.1484600528197,140.40371328450314,-289.06569549887195,-140.37998073521862,-24.799644240682994,72.09248303705493,0.0,0.0,0.0,0.0,0.0,0.0,0.0,0.0
-1911.6139344049368,2249.6270609585094,382.3898456359783,-518.6823372026311,2559.8266988981004,-63.739795106712904,-1328.9963679791467,-3674.9817807477953,100.0,-743.6759255880736,-20.100226906558873,0.0,5.295034963913334,-1156.4294936588653,-1552.79623717732,100.0,315.7471188144632,141.0097108196203,0.0,30.39982863913543,0.0,0.0,0.0,0.0,0.0,0.0,0.0,1367.5257785173987,3674.981780747795,298.040015828601,828.3667091135453,20.100226906558873,3.53633275123002,84.7474501084294,1166.9495316041596,1552.7962371773115,127.93120352952131,1212.5844323283627,-141.0097108196203,-25.073584576804606,77.27491888368061,0.0,0.0,0.0,0.0,0.0,0.0,0.0,0.0
-1822.9429007006959,2467.2508357410707,351.5479437871328,-1906.2767729542622,910.7617489120662,-59.534276652323115,-1392.1123071197674,-3684.0263710913787,100.0,-1111.9284119949975,-16.07566609293599,0.0,16.880222977336942,-1165.429507414285,-1482.1577355356403,100.0,808.8346437133532,141.52501767107083,0.0,25.334807601289615,0.0,0.0,0.0,0.0,0.0,0.0,0.0,1377.9969348299283,3684.0263710913787,299.4103201811904,-2164.9362300668713,16.07566609293599,1.943037789966695,89.43607983519853,1122.3033012247824,1482.1577355356317,115.34679788213589,-1732.420725090368,-141.52501767107083,-25.24707699921656,68.98867348798906,0.0,0.0,0.0,0.0,0.0,0.0,0.0,0.0
-1785.6612461416505,2447.5636295388695,322.9445996481493,510.2582604806321,2044.466378755742,-54.792353242991965,-1460.814228276285,-3691.0552823269772,100.0,-253.97652932935785,-12.038060577103806,0.0,0.0,-1143.726718034848,-1411.2902751923566,100.0,975.6963202632392,141.92548314052033,0.0,29.128466936237846,0.0,0.0,0.0,0.0,0.0,0.0,0.0,1499.1752657746945,3691.0552823269772,299.98176186725357,701.50490174266,12.038060577103806,0.34195877646027384,97.92787978492281,1123.4345700647398,1411.2902751923657,102.70091104427173,1511.0323336283625,-141.92548314052033,-25.319426475589992,63.67412620964881,0.0,0.0,0.0,0.0,0.0,0.0,0.0,0.0
-1755.2379396449783,2541.215855873005,296.83752988888574,722.143604996312,263.25808494892044,-49.55674969809252,-1540.5341951089797,-3696.0628107995535,100.0,172.10090210020098,-7.990686699918115,0.0,11.594837837402581,-967.5205737570604,-1340.251362002059,109.95579598081773,-1011.4050096077261,142.21078226770487,25.290343164880085,29.191419039085673,0.0,0.0,0.0,0.0,0.0,0.0,0.0,1503.4265788136643,3696.0628107995535,299.752051619973,314.9844109303194,7.990686699918115,-1.2604901666452406,99.70304083650802,996.9176083343934,1340.2513620020504,100.0,1434.451616190186,-142.21078226770146,0.0,73.2470765646664,0.0,0.0,0.0,0.0,0.0,0.0,0.0,0.0
-1776.4753718938143,2597.7245214361074,273.46195970000497,-576.2278880357633,630.017955396695,-43.87463890420861,-1460.1592372357743,-3699.0448931180576,100.0,-204.3302707237035,-3.936828728835735,0.0,0.799013413195734,-949.7552126451402,-1269.098640945795,122.57261884285313,-876.5022317815624,142.38068354481356,25.15994357846445,49.39820650873835,0.0,0.0,0.0,0.0,0.0,0.0,0.0,1630.3552962669578,3699.0448931180576,298.72210968731014,-973.3276513972805,3.936828728835735,-2.8578894285971046,98.58182717403086,908.7824961136656,1269.0986409458044,100.0,696.8489706589253,-142.38068354481356,0.0,61.02697321007455,0.0,0.0,0.0,0.0,0.0,0.0,0.0,0.0
-1737.171099774884,2720.5064109144146,253.0285034095362,980.6772082041573,611.6268448752044,-37.797216786850925,-1535.3481108902424,-3699.999109452692,100.0,-1732.2901059268827,0.12022380713915481,0.0,1.6865176682561334,-934.3321493020574,-1197.8898493548054,135.09901297249945,568.0945065613821,142.43504910437196,24.928750113384126,37.47166163957874,0.0,0.0,0.0,0.0,0.0,0.0,0.0,1559.8568307864994,3699.999109452692,296.8960621453776,873.0850236595086,-0.12022380713915481,-4.443839628296473,95.64458770558994,946.2963886166359,1197.8898493547968,100.0,-91.34433005737947,-142.43504910437196,0.0,54.47510587215888,0.0,0.0,0.0,0.0,0.0,0.0,0.0,0.0
-1637.7462088272644,2767.830915697115,235.72126684383778,-1134.1531062499314,-548.8312695703507,-31.37924103370665,-1588.5267829701331,-3698.924685498502,100.0,992.5937587470287,4.177178786724198,0.0,4.397328007491847,-829.4955386719969,-1126.6827700590536,147.48479606922547,282.89738845525335,142.37383483109284,24.597688959557473,34.670112638054725,0.0,0.0,0.0,0.0,0.0,0.0,0.0,1611.295565509438,3698.924685498502,294.2812243688622,1366.876319343172,-4.177178786724198,-6.011987251017388,98.62117038285938,829.4496296184082,1126.6827700590627,100.0,-894.8720960640338,-142.37383483109625,0.0,55.76181024030914,0.0,0.0,0.0,0.0,0.0,0.0,0.0,0.0
-1594.6370146114123,2868.3002246952974,221.69618853060666,2623.809120870576,-747.3638653011494,-24.678537727345145,-1634.5997361999885,-3695.8224931036852,100.0,-685.8323484168966,8.230744167838111,0.0,9.838140167957068,-785.2615829013885,-1055.5351844991214,159.6803491378725,1320.2011376520322,142.19709039796726,24.168086389365158,46.422733179161554,0.0,0.0,0.0,0.0,0.0,0.0,0.0,1665.598891612679,3695.8224931036852,290.8880717247198,68.86425877112856,-8.230744167838111,-7.556050101399876,95.50382628503867,804.7879371522732,1055.535184499113,100.0,874.1531589187633,-142.19709039770123,0.0,51.173102012066686,0.0,0.0,0.0,0.0,0.0,0.0,0.0,0.0
-1662.065625405749,2936.331939689914,211.0796346898249,-2069.4922085774297,14.617155532384913,-17.755480330862667,-1650.7274617708856,-3690.6950495621295,100.0,-838.8272250320756,12.277630658888938,0.0,2.786227857535512,-743.4280483868755,-984.5048258389473,171.63681526855072,-643.8913999268226,141.90495922459036,23.641663444357732,52.77596310466663,0.0,0.0,0.0,0.0,0.0,0.0,0.0,1654.7399586999268,3690.6950495621295,286.7301976065459,861.3382907915229,-12.277630658888938,-9.06984247064969,94.0301537021695,764.1306966280554,984.5048258389565,100.0,1639.7458662015315,-141.90495922485468,0.0,42.14520200841923,0.0,0.0,0.0,0.0,0.0,0.0,0.0,0.0
-1491.9325356560757,2897.117961437936,203.9672606717191,-355.47341922590135,-847.5482098734915,-10.672445721917825,-1688.1432688101888,-3683.5465155707357,100.0,365.8059378071448,16.31455438790681,0.0,10.430931520081973,-634.9137857400086,-913.6493321180212,183.30629536352689,-689.8202681577362,141.49767836373826,23.020529040669828,52.77910768988358,0.0,0.0,0.0,0.0,0.0,0.0,0.0,1689.7233342653044,3683.5465155707357,281.824258977742,661.808936038783,-16.31455438790681,-10.547299917342059,96.45264592839048,665.5927152190206,913.6493321180128,100.0,159.61228082980313,-141.49767836347223,0.0,43.085151140211956,0.0,0.0,0.0,0.0,0.0,0.0,0.0,0.0
-1480.8650842088189,2997.9350296112734,200.42314910026437,2823.5622672162435,-1329.7082015865567,-3.493252175820487,-1757.2482322885737,-3674.382691853194,100.0,-1777.0031667809508,20.338239567270193,0.0,0.0,-581.3110981422533,-843.026199480488,194.64204002699654,762.8754543810987,140.97557830501444,22.307171520356945,60.733897531023665,0.0,0.0,0.0,0.0,0.0,0.0,0.0,1764.9173653545279,3674.382691853194,276.189909641638,407.80426919655724,-20.338239567270193,-11.982503562279874,95.54444404373018,586.0371794159083,843.026199480497,100.0,-1024.7352443912425,-140.97557830527876,0.0,36.52484638716596,0.0,0.0,0.0,0.0,0.0,0.0,0.0,0.0
-1459.845015200352,3047.461138502351,200.47923248752568,1405.8269862569466,-163.19275500866752,3.7174156382261003,-1717.1943377295931,-3663.211014452951,100.0,681.7781820271421,24.345421151883784,0.0,12.702697659184103,-534.7321286408676,-772.6927355196731,205.59863684900668,151.9096009606332,140.3390827109115,21.50444868280715,64.99084892842781,0.0,0.0,0.0,0.0,0.0,0.0,0.0,1699.9505761238072,3663.211014452951,269.8497215059,117.35697638944998,-24.345421151883784,-13.369703800279922,90.93935095767921,570.685748855149,772.6927355196647,100.0,-389.88166580316033,-140.3390827106506,0.0,36.38919062427074,0.0,0.0,0.0,0.0,0.0,0.0,0.0,0.0
-1283.5315820902922,3075.56842414009,204.13500552112663,91.81746406310708,-370.0717339650578,10.894589467294509,-1709.9522827715243,-3650.040548699183,100.0,-1453.6014475173806,28.33284748858432,0.0,8.289639789876231,-473.68837488361544,-702.7060127753296,216.13219233324617,-945.0834358472641,139.58870806880668,20.615576336037122,61.070635394486466,0.0,0.0,0.0,0.0,0.0,0.0,0.0,1731.0650370184567,3650.040548699183,262.82909415664676,-114.195582028525,-28.33284748858432,-14.703343333803787,91.04987873513126,389.9274413150297,702.7060127753386,100.0,892.0809245277223,-139.5887080690693,0.0,28.31619393710604,0.0,0.0,0.0,0.0,0.0,0.0,0.0,0.0
-1205.4476231815333,3171.9975716528716,211.35752961712342,1712.4268333462999,-1673.2586644802814,17.973602839896614,-1727.502430728069,-3634.881981850677,100.0,14.4701910241713,32.29728295470068,0.0,8.96868054010724,-375.52106185837846,-633.1228224218992,226.200507739878,1579.5731234686627,138.7250632757923,19.644115413751138,68.70579589073168,0.0,0.0,0.0,0.0,0.0,0.0,0.0,1745.618666753639,3634.881981850677,255.15615310453273,-947.3377180482692,-32.297282954693856,-15.978079436192303,88.28626806517758,386.34050310984526,633.1228224218909,100.0,313.93965239307306,-138.725063275794,0.0,33.8575420460263,0.0,0.0,0.0,0.0,0.0,0.0,0.0,0.0
-1243.1699208559412,3227.845773020477,222.08172969726286,-6.117560062384655,-491.7968943229903,24.890673712104388,-1746.1188389068518,-3617.747614423587,100.0,753.1391981334411,36.235510583735504,0.0,15.429321728320367,-313.36566560450416,-563.999628184811,235.76324813896542,785.6894775254636,137.74884914170798,18.593957709857563,80.34470094563298,0.0,0.0,0.0,0.0,0.0,0.0,0.0,1794.7766772212794,3617.747614423587,246.86163711043778,536.3310347467677,-36.235510583735504,-17.1888053552928,85.79602925990802,354.79694894445703,563.9996281848198,100.0,207.2466457294422,-137.74884914170798,0.0,23.75093577859826,0.0,0.0,0.0,0.0,0.0,0.0,0.0,0.0
-1132.4631592365738,3257.6628891254954,236.21098051667258,1595.0952498590455,1121.869074912604,31.583479144935893,-1752.8258883369208,-3598.6513502101,100.0,-466.6499234510093,40.144334675630944,0.0,5.057593332435678,-267.5956911085113,-495.39252052276845,244.7821039972427,-582.1219351803145,136.66085782175912,17.469310287358155,79.46681979711964,0.0,0.0,0.0,0.0,0.0,0.0,0.0,1818.945238197359,3598.6513502101,237.97877504214847,679.0832422213623,-40.144334675630944,-18.33067077174718,93.14197625171832,200.39851904632883,495.39252052276026,100.0,828.7622919636794,-136.66085782176083,0.0,18.97052598957589,0.0,0.0,0.0,0.0,0.0,0.0,0.0,0.0
-969.4289455829698,3313.1329810370594,253.61797725912606,-176.13945182196858,250.25417792238613,37.99171683538731,-1808.2992308548546,-3577.6086849961157,100.0,1393.8770849037996,44.0205833900427,0.0,12.25121834952084,-237.62568367961728,-427.3571711126501,253.22094465089359,-358.5054165500792,135.4619721734798,16.274678624395165,83.3256355774081,0.0,0.0,0.0,0.0,0.0,0.0,0.0,1831.7919115858347,3577.6086849961157,228.54315275536078,285.3031081557515,-44.0205833900427,-19.399101229977163,87.0921511150285,224.56355628144564,427.3571711126589,100.0,385.10920811583844,-135.4619721734798,0.0,9.476942614058094,0.0,0.0,0.0,0.0,0.0,0.0,0.0,0.0
-913.1336401882239,3389.8830089494963,274.14588255585346,600.4536278259462,-44.32886320988018,44.057648440964954,-1830.2816987708204,-3554.636693987092,100.0,250.52193524111772,47.86111132014639,0.0,16.723087658103044,-103.80038016550682,-359.94878767450666,261.04596304950644,-1324.4650016849887,134.1531650402993,15.014848564724446,75.16540403919116,0.0,0.0,0.0,0.0,0.0,0.0,0.0,1781.3341599962216,3554.636693987092,218.59257053229436,288.92096999583373,-47.86111132013957,-20.389816464026893,88.36767261539083,104.26158506907947,359.9487876744987,100.0,-340.3199563889868,-134.15316504030102,0.0,19.85973478117848,0.0,0.0,0.0,0.0,0.0,0.0,0.0,0.0
-864.3957017153974,3296.478763122458,297.6097395931733,-1877.7943660303981,-159.40341594716756,49.72661980359277,-1763.9863931901816,-3529.7540179522553,100.0,-1651.8265520192858,51.662802044922955,0.0,30.15794426550469,-83.59697619901694,-293.22206917276856,268.22581119134446,-1161.205277477393,132.73549846214905,13.69486714502898,87.47425764986191,0.0,0.0,0.0,0.0,0.0,0.0,0.0,1788.8804079784088,3529.7540179522553,208.16689164903494,-307.5589321662301,-51.662802044922955,-21.29884754484067,78.90288184909959,74.87543848303565,293.2220691727607,100.0,-328.6150940418208,-132.73549846215246,0.0,12.681206746517905,0.0,0.0,0.0,0.0,0.0,0.0,0.0,0.0
-821.4223327138221,3444.796005720921,323.7981385768806,795.6495840377238,361.97283415023776,54.947553384372156,-1793.1509143992585,-3502.980848098444,100.0,769.4717242653155,55.422570658101904,0.0,22.382872893493836,16.181910526158536,-227.23116143053778,274.73172570735557,-170.70647022304686,131.21012281366063,12.320022375857889,79.32667037293385,0.0,0.0,0.0,0.0,0.0,0.0,0.0,1833.4658362676776,3502.980848098444,197.3078826782774,960.9549817844766,-55.422570658108725,-22.12255278029218,77.39969084116623,-8.632433295317822,227.2311614305463,100.0,-548.5293015872371,-131.21012281365893,0.0,17.300853681870095,0.0,0.0,0.0,0.0,0.0,0.0,0.0,0.0
-683.0295395164402,3296.7139417083213,352.4751215384706,-941.2883665850961,1934.1819702151088,59.67340847350613,-1847.2089484882401,-3474.3389096858036,100.0,-654.7764682978755,59.13736627136814,0.0,24.196452011006993,116.45796600541887,-162.02961319256246,280.5376430908288,24.158530586439575,129.57827587066276,10.8958220571958,83.95864064843508,0.0,0.0,0.0,0.0,0.0,0.0,0.0,1814.5748166085248,3474.3389096858036,186.05904616720125,2155.9343461615745,-59.13736627136814,-22.857632304253457,70.36400594256199,-97.51067473279151,162.02961319255473,100.0,-1206.3821638889808,-129.57827587066618,0.0,15.161784674342258,0.0,0.0,0.0,0.0,0.0,0.0,0.0,0.0
-591.8040811769766,3503.5349879682362,383.3823083208961,-1375.3857543363397,-49.03461634653013,63.86160502737653,-1723.8145420964017,-3443.851444398699,100.0,-1020.5858549878644,62.80417449002471,0.0,25.957316742476607,105.20636816234867,-97.67033267271654,285.6203041110564,44.94936338878446,127.84128180582115,9.427971713524812,90.25602070708652,0.0,0.0,0.0,0.0,0.0,0.0,0.0,1758.6536279580023,3443.8514443986996,174.46544636083843,-137.21723588581995,-62.80417449002471,-23.50114129627599,63.283124176468576,-126.12994619809295,97.67033267272495,100.0,-454.46732655635674,-127.84128180581774,0.0,14.6199873171419,0.0,0.0,0.0,0.0,0.0,0.0,0.0,0.0
-471.83333925909807,3509.063744297726,416.24122458864497,1250.7456650946474,270.8895041046344,67.47440731614432,-1796.8940773292277,-3411.543191486098,100.0,706.2787363266841,66.42001985904471,0.0,27.931380709069927,164.13310043684527,-34.20554462140467,289.9593469927201,1472.3098006096277,126.00055011408472,7.92235173678705,81.94132529037935,0.0,0.0,0.0,0.0,0.0,0.0,0.0,1778.6818390045212,3411.5431914860983,162.57352866907317,1041.3887171946226,-66.42001985904471,-24.05050177890672,64.21012412960532,-175.08778306016433,34.205544621397166,100.0,464.3334749967072,-126.00055011408472,0.0,8.308028142679007,0.0,0.0,0.0,0.0,0.0,0.0,0.0,0.0
-356.60784788989054,3410.959451291586,450.75581088674306,460.72974294135065,-223.59761598152318,70.47926392300951,-1690.093224522417,-3377.440367686746,100.0,-744.833606610706,69.98196827756828,0.0,44.32431635209965,285.51143952388446,28.31325205267467,293.53738898770814,-1260.454684975822,124.05757446897496,6.384993828795302,87.74698723072848,0.0,0.0,0.0,0.0,0.0,0.0,0.0,1763.8621864775055,3377.440367686746,150.43093360052464,-472.0332804043733,-69.98196827756828,-24.503512945390042,60.790879859543665,-287.1146796867968,-28.313252052666712,100.0,340.9978065978521,-124.05757446897837,0.0,1.4820606557214555,0.0,0.0,0.0,0.0,0.0,0.0,0.0,0.0
-342.8676473868268,3572.127091496851,486.6150901420314,267.61501932648144,-330.97003873616586,72.84910103361625,-1833.5978812600763,-3341.5706459554303,100.0,1430.713737549628,73.48712937979144,0.0,40.338155279804134,352.3428868813754,89.83532607152256,296.3400960125765,-27.41263973725836,122.01393151075195,4.822056837480204,88.79437026604214,0.0,0.0,0.0,0.0,0.0,0.0,0.0,1779.2594120358278,3341.5706459554303,138.08630590871513,-656.5096868707997,-73.48712937979826,-24.858359976370252,64.40556859806219,-441.64747922760915,-89.83532607153006,100.0,120.33694628166899,-122.01393151052685,0.0,10.388575381906946,0.0,0.0,0.0,0.0,0.0,0.0,0.0,0.0
-187.98166075103694,3544.382302606545,523.4959695724699,406.69737166834136,1361.4777818250946,74.56256637044703,-1759.296563959449,-3303.9631330075804,100.0,44.226157763996525,76.9326588801664,0.0,32.59416808415585,400.7703156433004,150.3107549541835,298.35624007267904,-1122.8975695216288,119.87127956590939,3.239802083771224,92.78941876305022,0.0,0.0,0.0,0.0,0.0,0.0,0.0,1824.6009398806475,3303.9631330075804,125.58909971510732,-1583.5440057031224,-76.9326588801664,-25.113621310290455,66.04587131294966,-401.6412262203688,-150.31075495417576,100.0,-564.7778223886551,-119.87127956613108,0.0,8.013411787477374,0.0,0.0,0.0,0.0,0.0,0.0,0.0,0.0
-109.80895054495468,3522.852226631556,561.0661517591834,231.87470464745857,-1011.6114874459231,75.60422157892674,-1768.4928740743803,-3264.648345700438,100.0,61.7968547608325,80.31576088176735,0.0,46.58366004811618,489.5349929159193,209.69046552654027,299.5777442429174,-590.0904433872824,117.63135730397607,1.6445682779780668,96.16689461848972,0.0,0.0,0.0,0.0,0.0,0.0,0.0,1729.6195345264407,3264.6483457004383,112.98938038971255,-2530.083205501124,-80.31576088176053,-25.26827433834299,51.67292376897226,-542.9992709117132,-209.6904655265473,100.0,-970.089565261093,-117.63135730375438,0.0,6.665546598048932,0.0,0.0,0.0,0.0,0.0,0.0,0.0,0.0
10.151997316526494,3510.2440226683957,598.9871286524581,-756.2392067378477,250.51254913154025,75.96468132565576,-1718.6318444556737,-3223.658186269959,100.0,266.968459156991,83.63369014480668,7.5965351066133024,45.61722931871971,571.9147795222538,267.92627374217614,299.9997150249123,84.46847955320663,115.2959823233391,0.04274612611226303,90.50965733465931,0.0,0.0,0.0,0.0,0.0,0.0,0.0,1771.3406868816548,3223.6581862699595,100.33762398296099,-530.5839384152125,-83.63369014480668,-17.725164394564388,43.37675159918581,-575.888367297302,-267.92627374216863,100.0,-270.4057451558907,-115.29598232355397,0.0,1.851201675410958,0.0,0.0,0.0,0.0,0.0,0.0,0.0,0.0
96.0860629060244,3471.086586743359,636.9172315356614,2392.2734581281106,-32.59372000744861,75.64069786186167,-1593.4640189353058,-3181.025916443538,112.31548498766455,-327.66447149757937,86.88375431433997,25.273682770882573,57.63777967404769,641.3344710093888,324.9709237815093,299.62046195096985,407.1355118111529,112.8670496798577,-1.559247272077755,92.11318451969457,0.0,0.0,0.0,0.0,0.0,0.0,0.0,1690.6198748997945,3181.0259164435383,100.0,-530.5484705233562,-86.88375431433997,0.0,47.7331785101803,-644.769573093846,-324.9709237815159,100.0,-565.2978207413321,-112.86704967964624,0.0,11.849838372947907,0.0,0.0,0.0,0.0,0.0,0.0,0.0,0.0
236.33702724091793,3370.4971484590496,674.5147094668307,-462.06768308022686,-1252.7263478121768,74.63519028431676,-1702.493343080505,-3136.7861304495673,124.91925658614338,296.601109662231,90.06331610497682,25.124416508513363,60.82645890711141,673.6867164001173,380.77812639794615,298.44150435630627,1432.158030252203,110.34653034562098,-3.1549941308080065,98.8358047455749,0.0,0.0,0.0,0.0,0.0,0.0,0.0,1655.3911030419993,3136.786130449568,100.0,1108.6913737615896,-90.06331610499046,0.0,45.926674301954144,-663.4818292925905,-380.7781263979389,100.0,2.550092709602154,-110.34653034583243,0.0,3.986933202765729,0.0,0.0,0.0,0.0,0.0,0.0,0.0,0.0
256.85390354207186,3503.822595556455,711.440808461091,1850.1432825757759,1255.9275163429606,72.95721823550537,-1606.9133836497801,-3090.9747269457303,137.42319852813216,-348.052456612387,93.16979544086507,24.874498693341707,54.04140742857881,748.6462745141247,435.302596479474,296.46756529240133,985.5719186013192,107.73646961282566,-4.738101688710117,91.82654873983569,0.0,0.0,0.0,0.0,0.0,0.0,0.0,1646.4419525952328,3090.9747269457303,100.0,-153.868180991509,-93.16979544086507,0.0,39.70035771691009,-757.5750706413003,-435.30259647948037,100.0,-1118.7187328530713,-107.73646961282566,0.0,0.0,0.0,0.0,0.0,0.0,0.0,0.0,0.0,0.0
388.19320374094264,3506.0280758415847,747.3628236704335,1129.7059718182663,-242.77693140082874,70.62190027513509,-1575.1570160973254,-3043.628879888802,149.77721845936966,137.9761367264632,96.20067154961134,24.52493052741346,57.13368296682578,838.6052009745953,488.50008979566564,293.70655260586346,133.48627663286322,105.0389854317541,-6.302227819044788,90.02223968664126,0.0,0.0,0.0,0.0,0.0,0.0,0.0,1606.077949235256,3043.6288798888027,100.0,1144.387629069239,-96.20067154960452,0.0,33.04665931233466,-861.8245124322857,-488.5000897956586,100.0,88.07762044527692,-105.03898543175069,0.0,8.055845400941202,0.0,0.0,0.0,0.0,0.0,0.0,0.0,0.0
503.9075160481527,3423.1666834732105,781.9570970606792,-239.37159805578432,916.8909183268261,67.65027766204639,-1622.4399376955485,-2994.7870083696084,161.93182463190814,-177.9257838504725,99.15348500730715,24.077112424473057,68.16267603050748,928.486104408575,540.3274388998352,290.16952725860824,-122.27593468950943,102.25626669322423,-7.841106437034568,92.32815655225524,0.0,0.0,0.0,0.0,0.0,0.0,0.0,1622.326019639556,2994.787008369609,100.0,694.5016038084236,-99.15348500730033,0.0,24.788273720735994,-888.8499314851764,-540.3274388998414,100.0,1437.9438447072323,-102.25626669322423,0.0,7.700864913303961,0.0,0.0,0.0,0.0,0.0,0.0,0.0,0.0
618.3762214576927,3484.067917681603,814.911933576478,-517.1735175425683,-865.6699259453717,64.06912477192861,-1554.5323240424607,-2944.488745437605,173.8383241742415,-45.67344211909244,102.02583973454466,23.53283839981202,79.28067799624027,937.973595337704,590.7425881576451,285.8706590162621,540.6980710672184,99.39057145217248,-9.348572602592924,86.49235855157166,0.0,0.0,0.0,0.0,0.0,0.0,0.0,1545.8762546502992,2944.4887454376053,100.0,-1248.8544230680225,-102.02583973453784,0.0,21.70740953740857,-942.2836560590418,-590.7425881576387,100.0,1521.8245692685327,-99.39057145217248,0.0,14.428611883010111,0.0,0.0,0.0,0.0,0.0,0.0,0.0,0.0
624.0714500236846,3453.5815798242643,845.9304095196212,629.1553557702878,-192.5235462341675,59.91070786004343,-1506.2035144865386,-2892.7749059403877,185.4490181610346,702.6206785702993,104.81540494070032,22.894288883200318,71.31552409678117,920.1818922652424,639.7046278733171,280.82716968231057,487.2209985486512,96.44422509536412,-10.818587217847835,83.69034909879876,0.0,0.0,0.0,0.0,0.0,0.0,0.0,1469.2922757823394,2892.774905940388,100.0,-775.3040245952116,-104.81540494070032,0.0,36.53759397761692,-972.2673023253197,-639.7046278733226,100.0,639.8383095201262,-96.44422509536753,0.0,12.18823273582328,0.0,0.0,0.0,0.0,0.0,0.0,0.0,0.0
760.7317970821587,3397.617456883872,874.7330478371512,-1416.0872489588883,85.2382176786432,55.21249434093647,-1506.6989457537554,-2839.6874534042227,196.71739270098112,-640.4975608092855,107.51991701521092,22.16402198381374,77.24479829687232,1082.581476444067,687.1738274861659,275.05926410539985,68.26974668942853,93.41961845442142,-12.24526122051401,89.02334024075326,0.0,0.0,0.0,0.0,0.0,0.0,0.0,1478.4631633542317,2839.687453404223,100.0,-762.2250586165126,-107.51991701522456,0.0,25.72488318848236,-1023.2713049637556,-687.1738274861602,100.0,-1966.806315852765,-93.41961845441801,0.0,10.658305901840944,0.0,0.0,0.0,0.0,0.0,0.0,0.0,0.0
839.1097884394339,3487.3643568171274,901.0603362148909,-589.2014820743685,-1274.487478835856,50.01681520705006,-1418.1543213923949,-2785.269465982473,207.59830527726092,-263.8721016938541,110.13718136445732,21.344963242124777,78.34500421568637,1097.5182398484403,733.1116678101225,268.590049236191,1449.8523065442373,90.31920586576234,-13.62287917622183,87.01297537212696,0.0,0.0,0.0,0.0,0.0,0.0,0.0,1417.9444401665978,2785.269465982473,100.0,-183.08013442426386,-110.13718136445732,0.0,22.295262321811958,-1126.0391333226733,-733.1116678101282,100.0,-837.3584217996415,-90.31920586575893,0.0,16.73422646454615,0.0,0.0,0.0,0.0,0.0,0.0,0.0,0.0
883.189557845234,3320.556012635426,924.6750652882786,-1039.0870571593666,136.1306381471104,44.37048362527037,-1436.1414847377648,-2729.5651014995565,218.04816559411205,1081.7719310152665,112.6650741924891,20.44039390982533,77.44395974414172,1110.9613623466546,777.4808722904659,261.44544155802305,-195.02159715738344,87.14550317904582,-14.94592217525593,83.19899137989229,0.0,0.0,0.0,0.0,0.0,0.0,0.0,1371.0081871747645,2729.565101499557,100.0,-353.15017707588936,-112.66507419249592,0.0,10.965116844501665,-1142.5849360287702,-777.48087229046,100.0,1199.0215374301306,-87.14550317904582,0.0,16.167853050419055,0.0,0.0,0.0,0.0,0.0,0.0,0.0,0.0
1018.2327126754609,3269.195109358883,945.3644659032273,940.0118889294401,-230.38905784789677,38.3243731497339,-1318.7783585538082,-2672.619561618797,228.02511020499898,216.44626101381277,115.10154422449887,19.453937804720596,86.88555962709177,1221.2787304297615,820.245437252031,253.6540632622444,954.3027589831433,83.90108571564497,-16.209089941994392,75.36053335782212,0.0,0.0,0.0,0.0,0.0,0.0,0.0,1326.1400257856399,2672.619561618798,100.0,-270.76661963921083,-115.10154422449887,0.0,13.942807209472488,-1211.5772865736478,-820.245437252036,100.0,974.9462338755552,-83.90108571565179,0.0,24.284455988509276,0.0,0.0,0.0,0.0,0.0,0.0,0.0,0.0
1106.1013553840487,3206.747101593179,962.9421261701905,692.1022710808063,1180.1012112752437,31.93295934964567,-1379.3347647381936,-2614.4790551632436,237.48917022281296,-288.73080694729083,117.44461437127256,18.389546793263634,77.52344570368214,1316.1311814996232,861.3706611147127,245.24712758413602,1247.4931105429869,80.58858617888745,-17.407322068484916,75.8688873947953,0.0,0.0,0.0,0.0,0.0,0.0,0.0,1320.1545857175524,2614.479055163244,100.0,-1365.8299609995618,-117.44461437126574,0.0,8.632776258450008,-1202.7597435768546,-861.3706611147077,100.0,625.3406477010822,-80.58858617889427,0.0,33.71544618393669,0.0,0.0,0.0,0.0,0.0,0.0,0.0,0.0
1097.0983251899802,3157.204606459247,977.2496710388252,-298.01785106859484,1416.433790118083,25.253828983873063,-1288.3351680733917,-2555.1907606192244,246.40243144022952,-892.014449970111,119.69238333351768,17.251484958881917,79.28808963338871,1316.7670642246117,900.8231725521969,236.25831375878985,262.2880997947527,77.21069251774452,-18.53581828706467,70.71974878796507,0.0,0.0,0.0,0.0,0.0,0.0,0.0,1200.2091184308476,2555.190760619225,100.0,-565.1408172729043,-119.69238333351768,0.0,11.13319517295139,-1315.362732264048,-900.8231725522014,100.0,-272.553850153339,-77.21069251775134,0.0,26.763690610617854,0.0,0.0,0.0,0.0,0.0,0.0,0.0,0.0
1278.9229636743542,3180.890461983307,988.158189260161,706.0470686336191,-939.0027054045458,18.347161142914956,-1105.0281066287566,-2494.8027878530647,254.72918621876175,-332.582618177953,121.84302714484829,16.04431151954074,90.56944895589287,1329.7862062814277,938.57095757142,226.7236320978833,42.772639402734285,73.77014574578652,-19.59005770085014,67.40127881244278,0.0,0.0,0.0,0.0,0.0,0.0,0.0,1135.3561183327015,2494.802787853065,100.0,-562.800355213443,-121.84302714485511,0.0,13.898156793337435,-1349.0863341707513,-938.570957571415,100.0,333.5203432014464,-73.77014574565692,0.0,30.718374963174885,0.0,0.0,0.0,0.0,0.0,0.0,0.0,0.0
1326.7503976728801,3092.21673755359,995.5693948793985,399.0175139042924,-868.1639707768272,11.275185034226638,-1149.6413035022895,-2433.364139072026,262.4360765380231,555.3115690827053,123.89480065133966,14.772862562892044,82.88925628751649,1375.5235823594526,974.5833854904508,216.68127972786996,121.66775837894761,70.26973771633266,-20.565816894949478,53.866722601317406,0.0,0.0,0.0,0.0,0.0,0.0,0.0,1184.1970053087002,2433.3641390720263,100.0,-766.5082644950701,-123.89480065133966,0.0,8.337868745074617,-1450.1710087703966,-974.5833854904549,100.0,-209.41298434753435,-70.26973771646226,0.0,22.17374086105964,0.0,0.0,0.0,0.0,0.0,0.0,0.0,0.0
1265.1271881984962,3124.779553828232,999.4165127942035,759.0213329026597,-356.18563892558996,4.101619295818182,-1067.804352193298,-2370.92466906115,269.4922276321264,-1636.3876374175163,125.84603892834821,13.442231672388232,92.59899407789504,1411.669033915816,1008.831233794027,206.1714875675168,364.88707107913683,66.71230885840941,-21.459186856088337,57.86920750526897,0.0,0.0,0.0,0.0,0.0,0.0,0.0,1080.287687156325,2370.9246690611503,100.0,-752.9701281057373,-125.84603892834821,0.0,11.747601842393056,-1444.957701509754,-1008.8312337940229,100.0,45.59968073658183,-66.71230885828663,0.0,34.147956821546806,0.0,0.0,0.0,0.0,0.0,0.0,0.0,0.0
1475.9773895318685,2931.968598734845,999.6648803996458,-1555.0140396769234,158.5772979043213,-3.1089021097579916,-1090.7283133268018,-2307.5350447282767,275.86937167785516,1124.518648018344,127.69515863107017,12.057749521688379,94.29898016207851,1532.4123255380998,1041.2867118462832,195.23635915781523,36.94726671889612,63.1007458699537,-22.266588632543574,63.22090474389529,0.0,0.0,0.0,0.0,0.0,0.0,0.0,1078.0353854020955,2307.535044728277,100.0,-292.62940699869716,-127.69515863107017,0.0,4.973311294487061,-1491.1859402979717,-1041.2867118462873,100.0,-550.6446768035505,-63.10074587006966,0.0,32.4607628678436,0.0,0.0,0.0,0.0,0.0,0.0,0.0,0.0
1506.9946805816273,2919.3826233142886,996.3122598989183,63.96318844589018,894.052391378757,-10.291412248718075,-937.5477127319165,-2243.246703990055,281.5419610390962,-1265.1254415615927,129.44065927949396,10.62496251933112,89.98019871203074,1504.8723066602513,1071.9234834417057,183.91970198993337,665.6860694742306,59.4379793773669,-22.984787671882145,52.688375784300966,0.0,0.0,0.0,0.0,0.0,0.0,0.0,1016.0228748637994,2243.2467039900553,100.0,-722.4337286200227,-129.44065927949396,0.0,6.670384066570501,-1489.982815091827,-1071.923483441702,100.0,-387.520948188062,-59.43797937725094,0.0,44.69309985552771,0.0,0.0,0.0,0.0,0.0,0.0,0.0,0.0
1593.0036965216755,2863.274534795312,989.3888584659295,-906.684436777042,-725.648439788381,-17.381196569341455,-925.8188736395574,-2178.111814032317,286.48727061386325,-496.9978099815114,131.08112447592475,9.149610589129509,100.0,1452.8428958018044,1100.7166881757526,172.26685200693117,-128.82815760634116,55.72698155550597,-23.61090677898659,41.87343111539347,0.0,0.0,0.0,0.0,0.0,0.0,0.0,858.1794533506018,2178.111814032317,100.0,-53.96383240160446,-131.08112447591793,0.0,7.118400753937971,-1610.01749500749,-1100.7166881757557,100.0,-149.0261062661989,-55.72698155560829,0.0,47.768222389850486,0.0,0.0,0.0,0.0,0.0,0.0,0.0,0.0
1555.5567176239483,2809.433206333386,978.9570560781001,921.5895284352348,1808.9752420800392,-24.314375981198282,-863.5156726935436,-2112.1832289786807,290.68548887389585,335.19695422926077,132.61522305425615,7.637604175311026,100.0,1593.4559133439145,1127.6429616180476,160.32449198230603,835.259250594446,51.9707637176748,-24.14243764243551,40.685213359742754,0.0,0.0,0.0,0.0,0.0,0.0,0.0,806.3685060111812,2112.183228978681,100.0,442.8801664110887,-132.61522305425615,0.0,0.0,-1581.8676812504864,-1127.642961618044,100.0,-538.8301341180807,-51.9707637176748,0.0,48.78739334142225,0.0,0.0,0.0,0.0,0.0,0.0,0.0,0.0
1745.1227057681206,2738.6588407645854,965.110843471583,-460.18614633499965,-3125.5492353627915,-31.028482407115234,-798.160463906143,-2045.5144470017342,294.1197972321178,223.37086040407485,134.04171016061696,6.095000564565396,98.22347045732171,1612.0348088435458,1152.6804542715408,148.1404645029672,107.08721621366522,48.172373870772844,-24.577250883195916,48.868104825092715,0.0,0.0,0.0,0.0,0.0,0.0,0.0,734.794448404172,2045.5144470017344,100.0,-487.60215305643555,-134.04171016062037,0.0,0.0,-1594.7507038432736,-1152.6804542715436,100.0,789.7119815733686,-48.172373870772844,0.0,63.89089763075299,0.0,0.0,0.0,0.0,0.0,0.0,0.0,0.0
1673.7666233328325,2679.1116835705416,947.9749752829714,467.3151761578174,398.54541651362524,-37.463021621720145,-812.3994527891133,-1978.1595669115977,296.77643741999896,-606.0961749126619,135.35942826279097,4.527979619755342,87.2547160473174,1680.7167772856014,1175.8088493024775,135.76358030585317,-539.2434567758289,44.3348942425655,-24.91360458505909,39.09819297189148,0.0,0.0,0.0,0.0,0.0,0.0,0.0,758.1613619425619,1978.1595669115982,100.0,295.8636314153978,-135.35942826278756,0.0,2.8605389403855725,-1690.7864293466869,-1175.8088493024743,100.0,-298.8834572987241,-44.3348942425655,0.0,62.59695576473541,0.0,0.0,0.0,0.0,0.0,0.0,0.0,0.0
1738.4836037279981,2639.0956897585215,927.7038460076541,1962.771780581694,-1000.5838597828165,-43.56001830529408,-681.0330471938007,-1910.1732442571008,298.6447666048988,428.4559651085914,136.56730808997509,2.942819022648564,86.66327624459295,1690.3146527169376,1197.0093790265691,123.24342273601852,-298.16386666954145,40.46143878047587,-25.15015127305503,36.20271954083384,0.0,0.0,0.0,0.0,0.0,0.0,0.0,682.4378606965525,1910.173244257101,100.0,-1461.7641948345267,-136.5673080899785,0.0,6.303577042700259,-1695.3851923889686,-1197.0093790265714,100.0,1805.5363570506574,-40.46143878047587,0.0,67.15054375990228,0.0,0.0,0.0,0.0,0.0,0.0,0.0,0.0
1714.7234991335708,2522.544863872879,904.480098902523,786.5507636702159,-429.1499616754618,-49.26453840281738,-593.0466030426292,-1841.6106469751858,299.71730002658404,618.8276693476024,137.6643695003554,1.3458691247191723,94.66753120724177,1747.5089183988505,1216.2648401382016,110.6301491095564,1055.6502866490302,36.55515062475615,-25.28594331158601,33.19243431054192,0.0,0.0,0.0,0.0,0.0,0.0,0.0,526.6671664862957,1841.6106469751862,100.0,769.5034348836668,-137.664369500352,0.0,0.0,-1717.7414773378873,-1216.2648401381994,100.0,-263.2052398216831,-36.55515062474933,0.0,66.03503342308605,0.0,0.0,0.0,0.0,0.0,0.0,0.0,0.0
1883.8595883334192,2456.965762939766,878.512980366761,360.4024705542611,-1152.1441224492378,-54.525184080629856,-524.7932205703013,-1772.527410624532,299.9897409821137,-621.816652773166,138.64972227641942,-0.2564724931409046,98.14434021204976,1733.1028266919373,1233.5596076701231,100.0,49.75496548385422,32.619199557934735,0.0,37.51666259182474,0.0,0.0,0.0,0.0,0.0,0.0,0.0,542.1342482737334,1772.5274106245324,100.0,-72.39507368430054,-138.64972227641942,0.0,11.375296661803578,-1680.2504135516242,-1233.559607670125,102.02571022287803,1515.6236947432456,-32.619199557934735,25.3204367007735,67.96697809459721,0.0,0.0,0.0,0.0,0.0,0.0,0.0,0.0
1898.4417957344099,2479.0168341472645,850.0364546278646,-478.05690947849257,-864.1338131550469,-59.294556822181335,-495.1861873857759,-1702.9795932397174,299.46099803896794,526.7189481243071,139.52256684734948,-1.8577866501385643,94.12423666334556,1720.8358226915607,1248.8796476724624,100.0,1114.1989521378412,28.656779432728854,0.0,33.705689858954884,0.0,0.0,0.0,0.0,0.0,0.0,0.0,519.420326366725,1702.9795932397176,100.0,821.5461375596925,-139.52256684734607,0.0,2.305258946831734,-1725.418229131776,-1248.8796476724642,114.67345430697247,359.9832002146752,-28.656779432728854,25.253493255788797,71.11637559607571,0.0,0.0,0.0,0.0,0.0,0.0,0.0,0.0
1954.0650489665934,2338.736934635634,819.3070957195345,1714.854261664749,675.5813696962196,-63.529684488989346,-452.20267511176615,-1633.0236298426005,298.13318940746365,-114.9157076442549,140.28219493782217,-3.4516582816155505,85.45796687816706,1748.4868795989746,1262.2125286006367,100.0,100.85430954209187,24.671105580305266,0.0,30.304330561544376,0.0,0.0,0.0,0.0,0.0,0.0,0.0,486.09947085878554,1633.023629842601,100.0,-1378.624389919562,-140.28219493782558,0.0,12.783663804787006,-1776.4404373425616,-1262.2125286006353,127.2624146991073,-380.7818976155909,-24.671105580305266,25.085381160440505,78.97166021786786,0.0,0.0,0.0,0.0,0.0,0.0,0.0,0.0
1897.2048192394457,2233.075165493281,786.6017757447806,206.63773931166816,-907.5397918869021,-67.19240850100391,-359.59631381237807,-1562.716286647711,296.01163445493864,809.6179039880601,140.92799014277034,-5.031702138598462,78.5988541605176,1778.5596055905487,1273.547431403023,100.0,83.78312733807434,20.665412201262825,0.0,17.56918225611068,0.0,0.0,0.0,0.0,0.0,0.0,0.0,321.25207064385245,1562.7162866477113,100.0,189.33016288975608,-140.92799014277034,0.0,16.56383009424287,-1739.4633598550972,-1273.5474314030243,139.74215845048508,1055.9063870817147,-20.665412201262825,24.81677389279298,78.8270291078817,0.0,0.0,0.0,0.0,0.0,0.0,0.0,0.0
2004.5238964124007,2079.2409325566746,752.2151702530823,883.0905592507634,-1428.6284284029875,-70.24972764575296,-234.03965327610905,-1492.1146149989734,293.1048323957015,1783.2705992874367,141.45942842752788,-6.59158836791363,81.88372071750041,1825.9299661793568,1282.8751583001517,100.0,198.15764658573016,16.642949741130906,0.0,26.95696716881688,0.0,0.0,0.0,0.0,0.0,0.0,0.0,268.61775356152316,1492.1146149989736,100.0,696.3938899388413,-141.45942842752447,0.0,10.604382629341089,-1748.5195563682948,-1282.8751583001508,152.06269014782066,1301.5013902754026,-16.642949741124085,24.448747527134884,81.3017774342923,0.0,0.0,0.0,0.0,0.0,0.0,0.0,0.0
2055.2266222656535,2078.166724637975,716.4571032081203,642.7538491594487,-1556.8128350583652,-72.67409542034954,-161.35858198718387,-1421.2759050750215,289.4244282421166,1149.608592697081,141.87607855309807,-8.125067870358578,78.32449516872155,1736.700474671979,1290.1881402482882,100.0,-199.05187997542498,12.606982252832495,0.0,15.1791332405618,0.0,0.0,0.0,0.0,0.0,0.0,0.0,196.58875376067198,1421.275905075022,100.0,-20.74945937595686,-141.87607855310148,0.0,12.014079466503972,-1757.0057015899702,-1290.188140248289,164.17465220121696,698.3105885097393,-12.606982252832495,23.982776423084715,88.42069830845303,0.0,0.0,0.0,0.0,0.0,0.0,0.0,0.0
1993.0486545878873,2024.001991176082,679.6497554680118,782.4097403742019,2025.3745486779735,-74.4436682252092,-134.9633172552114,-1350.257639400716,284.98516615322933,763.3707602296056,142.17760242620443,-9.625997335386103,82.91785457603818,1819.1995764109142,1295.480443081397,100.0,889.1261406247975,8.560784748069636,0.0,12.519821550876298,0.0,0.0,0.0,0.0,0.0,0.0,0.0,124.34834314974607,1350.2576394007162,100.0,-921.8343731811362,-142.17760242620443,0.0,17.46518695014722,-1842.6491968915755,-1295.4804430813965,176.02952257683916,1048.0288036913907,-8.560784748049173,23.42072731914641,81.25550406688608,0.0,0.0,0.0,0.0,0.0,0.0,0.0,0.0
2058.646288947228,1924.994482526029,642.124761929716,1734.9119716705297,-1672.416517520121,-75.54250217616186,-78.57614968116769,-1279.1174462025808,279.80483036782175,-2419.435308569555,142.36375537310096,-11.088363851949055,74.5981062184767,1807.422092833237,1298.747772326447,100.0,-227.6289688188865,4.507640539657132,0.0,15.497865934119506,0.0,0.0,0.0,0.0,0.0,0.0,0.0,30.838787400067417,1279.117446202581,100.0,153.84450373473237,-142.36375537309755,0.0,24.63227749860124,-1772.4679087770776,-1298.7477723264474,187.57980918224692,-348.171973495447,-4.507640539670774,22.764851854239225,95.49365694453282,0.0,0.0,0.0,0.0,0.0,0.0,0.0,0.0
2005.163632211158,1722.5565698534945,604.2202234923725,2351.395077397434,-1182.5092883645527,-75.96069675834883,22.125949066329127,-1207.91305264601,273.90417395852967,289.84695578486935,142.43438633891515,-12.506308997009228,67.92152229881859,1834.5054045639758,1299.9874766881976,100.0,-171.49457062764782,0.4508385774784074,0.0,10.389972660164144,0.0,0.0,0.0,0.0,0.0,0.0,0.0,-31.03229057723845,1207.9130526460103,100.0,-243.78561243165046,-142.43438633891515,0.0,22.260280203530908,-1762.1953873771495,-1299.9874766881976,198.7792401256528,-1188.603671684151,-0.4508385774715862,22.0177775474734,92.92042051516337,0.0,0.0,0.0,0.0,0.0,0.0,0.0,0.0
1950.4757155421714,1690.0111375282627,566.2776607618163,-1035.9514915399416,68.46451531292814,-75.6944840310365,80.77275147756384,-1136.7022379921898,267.30683569243945,39.123956394137224,142.38943800970333,-13.87415230509049,63.67039101979703,1766.8414827905365,1299.1985502006046,100.0,-690.5380465738142,-3.606329220558564,0.0,6.631985758567434,0.0,0.0,0.0,0.0,0.0,0.0,0.0,7.279054129885516,1136.70223799219,100.0,1318.9214796888048,-142.38943800970674,0.0,33.59127286414449,-1817.1421384750377,-1299.1985502006041,209.58294908690397,155.1765785148791,3.606329220558564,21.182497271895073,87.95821009095737,0.0,0.0,0.0,0.0,0.0,0.0,0.0,0.0
1979.5500775053722,1580.4120899199793,528.6389369434694,797.5964940874053,-506.8493935009974,-74.74626257557759,160.35747282654546,-1065.5427867127469,260.0392453312327,1632.9944138112935,142.22894685907363,-15.186414024934436,69.9741235072551,1843.303285661514,1296.3816330431177,100.0,-2676.93010891908,-7.660570639652633,0.0,4.000625996201083,0.0,0.0,0.0,0.0,0.0,0.0,0.0,-167.75028921268665,1065.542786712747,100.0,33.81454068789637,-142.22894685907363,0.0,33.393173069074365,-1702.1956214638049,-1296.3816330431187,219.94765505756857,-235.4711067693131,7.6605706396389905,20.26235726469025,93.74428156925724,0.0,0.0,0.0,0.0,0.0,0.0,0.0,0.0
1971.4370001710106,1466.117617351608,491.6431776484276,1113.5911748407113,-1599.4984000545003,-73.12457588549563,175.9069605504069,-994.4924416001685,252.13051775025716,-591.9521854721575,141.953043118599,-16.437837072078167,54.08065288918286,1754.9080740070924,1291.5390110212084,100.0,-667.357190691796,-11.70859583962283,0.0,11.807537398033105,0.0,0.0,0.0,0.0,0.0,0.0,0.0,-157.09256780638677,994.4924416001688,100.0,52.99023651385454,-141.9530431185973,0.0,34.585630299249836,-1815.3406499423463,-1291.539011021208,229.8318357300651,-349.9406596968572,11.708595839643294,19.261043721732705,93.83247165080813,0.0,0.0,0.0,0.0,0.0,0.0,0.0,0.0
1951.5725670293245,1315.055902830679,455.62371536532316,-446.0411988058263,-450.71933161608285,-70.84403538810989,251.38599347269715,-923.6088569120446,243.61233630069782,-1405.9076628011805,141.56195067199974,-17.623408089364858,67.13704001209143,1712.5068322034547,1284.6746137115279,100.0,33.6380175327065,-15.74712002452543,0.0,2.739333814303081,0.0,0.0,0.0,0.0,0.0,0.0,0.0,-254.43034315281736,923.608856912045,100.0,-679.635212226975,-141.56195067199974,0.0,41.20181121685909,-1759.2984499786626,-1284.6746137115292,239.19589384121645,-1471.758362334731,15.74712002452543,18.182568030213275,95.73851281895635,0.0,0.0,0.0,0.0,0.0,0.0,0.0,0.0
1934.5207524783577,1270.634627850009,420.90508612830644,1189.316535672964,-1805.0077578184403,-67.925188796533,303.4973001677216,-852.9495515871504,234.5188258821112,-1209.2382574761589,141.05598687401653,-18.738377531146,64.98286651184395,1800.5543698275342,1275.7940112732408,100.0,-1773.1617828061997,-19.77286610802139,0.0,8.276734599654993,0.0,0.0,0.0,0.0,0.0,0.0,0.0,-349.6241757585535,852.9495515871507,100.0,-25.72490194922125,-141.05598687401653,0.0,44.018403716183855,-1756.3628657969434,-1275.7940112732394,248.00231580383522,465.4467078172479,19.77286610802821,17.031250698579612,84.73244483561888,0.0,0.0,0.0,0.0,0.0,0.0,0.0,0.0
1895.1997268430725,1089.802930073231,387.80010544125116,557.1570895004595,-869.6226645316244,-64.39433497342122,398.4212202982713,-782.5718625713353,224.8864162338132,-498.94897259338734,140.43556229208093,-19.77827869046635,45.27677403108633,1744.7292440735957,1264.9044099280673,100.0,-1571.0557935524582,-23.78256737267975,0.0,0.0,0.0,0.0,0.0,0.0,0.0,0.0,0.0,-438.4074079181522,782.5718625713355,100.0,-954.0455224585266,-140.43556229207923,0.0,44.0436869792143,-1681.7613721294215,-1264.9044099280686,256.21582199084276,-893.3017871029858,23.78256737267975,15.811704047947472,95.20066084939788,0.0,0.0,0.0,0.0,0.0,0.0,0.0,0.0
1854.953047041702,1053.7234846361928,356.60704980417916,-386.9692179329775,140.7353211197983,-60.283286978498154,467.78523093872315,-712.5328982910911,214.75369599278963,161.32426588189304,139.70118037368763,-20.73894559330725,49.025405323635724,1732.0698754199966,1252.0146461127674,100.0,-544.5373680540627,-27.772970120727223,0.0,3.133992965050695,0.0,0.0,0.0,0.0,0.0,0.0,0.0,-439.46582823763504,712.5328982910914,100.0,-1349.5879342678857,-139.70118037368763,0.0,43.14586918086722,-1733.9119451508695,-1252.014646112766,263.8035080698651,-13.419193498405093,27.772970120727223,14.528813734626453,95.17794324610135,0.0,0.0,0.0,0.0,0.0,0.0,0.0,0.0
1894.0118144859375,984.4493321390518,327.6069692363813,-293.7652181413239,860.0247109756509,-55.629085431473584,489.9073431765151,-642.8894923125537,204.16125810279362,1405.467957329321,138.85343703775447,-21.61652968798336,43.023309185029774,1795.2814739269718,1237.1351793087374,100.0,-21.024790095578965,-31.74083631429994,0.0,10.95156108784461,0.0,0.0,0.0,0.0,0.0,0.0,0.0,-552.2167833182464,642.889492312554,100.0,744.3447853268412,-138.85343703775447,0.0,43.68029575242474,-1662.4657535793249,-1237.1351793087392,270.7349768221003,692.1148068964737,31.74083631429312,13.187719177558392,95.62671848934323,0.0,0.0,0.0,0.0,0.0,0.0,0.0,0.0
1781.5632511086721,726.4499764602556,301.0611550104351,-71.14668082724393,-1677.342438259745,-50.47366477609046,589.7694889107692,-573.6981572235414,193.1515371939393,-1978.440723605459,137.89302019103616,-22.40751526292513,46.98265404481686,1727.2514737296074,1220.2780835546187,100.0,-175.12309128799188,-35.68294620295319,0.0,10.017862604628696,0.0,0.0,0.0,0.0,0.0,0.0,0.0,-560.423943672885,573.6981572235417,100.0,-1100.7065090498845,-137.89302019103786,0.0,57.13555724621576,-1700.2637988362728,-1220.2780835546164,276.98245991737735,-441.3384068490848,35.68294620295319,11.793792969159256,100.0,0.0,0.0,0.0,0.0,0.0,0.0,0.0,0.0
1708.8216016105869,640.3578731638224,277.2087854129027,246.175402096095,1065.6820680531007,-44.863475449584485,664.891924806347,-505.0150387760458,181.76863958426827,-438.35522271154446,136.8207091699378,-23.108733531054497,37.355896326560625,1616.3547056624482,1201.4570376487159,100.0,-103.85335002293232,-39.59610093636911,0.0,10.463447798270039,0.0,0.0,0.0,0.0,0.0,0.0,0.0,-650.7088376990175,505.015038776046,100.0,-886.8280997652317,-136.8207091699395,0.0,70.68113259437337,-1718.4230819294626,-1201.4570376487131,282.52092915755713,-565.6621330639996,39.59610093637593,10.352619352045735,91.08531021491275,0.0,0.0,0.0,0.0,0.0,0.0,0.0,0.0
1685.1167833483603,642.0999430534266,256.2647707434844,461.0043083604364,-191.16577685530217,-38.849065363691864,755.2475296063714,-436.8958703264351,170.058166584332,109.0797471903926,135.63737410810518,-23.71737532434622,32.14593896639396,1667.0268971583148,1180.6873140492735,100.0,-1076.5662455219638,-43.47712516009324,0.0,7.8999123858596,0.0,0.0,0.0,0.0,0.0,0.0,0.0,-711.0218337352817,436.89587032643533,100.0,-1542.3491852468965,-135.63737410810347,0.0,58.550985626017074,-1583.6396338559246,-1180.6873140492767,287.3281967426205,-595.2765411067367,43.47712516009324,8.869971847853435,86.37723099949008,0.0,0.0,0.0,0.0,0.0,0.0,0.0,0.0
1692.747606775645,427.08218351135577,238.41781696915336,1487.7196180348017,-578.1285015034885,-32.48462446651047,772.3124729287631,-369.395927610214,158.06703181263472,199.6856693700488,134.34397523034932,-24.231002347703168,30.324205224422045,1628.4139728379148,1157.9857664815345,100.0,997.7254094263571,-47.322869592157986,0.0,5.172998017109184,0.0,0.0,0.0,0.0,0.0,0.0,0.0,-767.8531428150941,369.39592761021436,100.0,-1997.7359850355526,-134.3439752303476,0.0,66.69327220395431,-1565.9727472500558,-1157.9857664815318,291.3850041577721,-920.8208429506237,47.322869592151164,7.351790127799518,92.63150789240373,0.0,0.0,0.0,0.0,0.0,0.0,0.0,0.0
1699.67385870531,404.948006293117,223.8287254798298,-533.0763977367099,-180.57173193287525,-25.827496490541932,831.7346168286109,-302.569983888209,145.84327325381872,-1249.1365882067425,132.9415620734767,-24.647556947072644,29.983388011794617,1644.1388364856898,1133.3708162616554,100.0,-63.32101835204867,-51.13021357859452,0.0,9.176411321588455,0.0,0.0,0.0,0.0,0.0,0.0,0.0,-829.3055965747133,302.5699838882093,100.0,698.5585559478358,-132.94156207347498,0.0,86.07326165120563,-1561.6439907473882,-1133.3708162616585,294.67509932545477,825.4371594998292,51.13021357860134,5.804156217611194,82.69772425885124,0.0,0.0,0.0,0.0,0.0,0.0,0.0,0.0
1605.142248817179,274.6092653464266,212.62894426484445,1084.029935279657,-735.5260412530131,-18.93766228431872,889.0944243770381,-236.47226550044593,133.43586081249276,-276.61441621928986,131.4312726346219,-24.965370352665417,23.11638532757451,1534.7940613743706,1106.8624373486523,100.0,-1131.1990930853733,-54.896067625766136,0.0,13.841116183816451,0.0,0.0,0.0,0.0,0.0,0.0,0.0,-903.8379533616953,236.47226550044616,100.0,-154.778870717833,-131.4312726346219,0.0,77.23277606641987,-1538.7434449315629,-1106.862437348649,297.18530171320475,-42.635775474983575,54.896067625766136,4.233270132162659,96.11013793377136,0.0,0.0,0.0,0.0,0.0,0.0,0.0,0.0
1617.2206123415435,178.62010863311747,204.91938356405927,874.7524532957902,-135.50145091943364,-11.877199383976347,975.6504029276488,-171.1564078638387,120.89450013367336,1468.6928420235552,129.81433244782465,-25.183169364255917,20.80072330860776,1483.491456614723,1078.4821401363565,100.0,-1318.8702479076835,-58.61737590727216,0.0,10.72782523126088,0.0,0.0,0.0,0.0,0.0,0.0,0.0,-993.3028323805327,171.15640786383892,100.0,388.9848182205833,-129.81433244782124,0.0,85.12085952716042,-1567.2821146895096,-1078.4821401363606,298.90555513651174,766.9821741831709,58.61737590727216,2.6454250374584376,87.52177911481317,0.0,0.0,0.0,0.0,0.0,0.0,0.0,0.0
1538.009585397992,157.93804295596948,200.76950666471743,536.0140878773643,-675.9560647159686,-4.709722693281719,962.3178000419383,-106.67541194938804,108.26943347575846,-1062.1034278179313,128.0920535896746,-25.30008145180254,15.443837891697239,1448.0115847605143,1048.2529539987195,100.0,-1038.6956418486204,-62.29111874367618,0.0,25.343081346968802,0.0,0.0,0.0,0.0,0.0,0.0,0.0,-1025.297287844935,106.67541194938826,100.0,-788.7206502926517,-128.0920535896746,0.0,85.82693283363615,-1516.0639554508443,-1048.2529539987158,299.82896804515104,275.1332538491306,62.29111874379896,1.0469820394095564,89.86640493260761,0.0,0.0,0.0,0.0,0.0,0.0,0.0,0.0
1370.7433962195093,-100.36256979488833,200.21670403590701,-640.1027582340851,-1536.8119939556925,2.50018868766972,1099.2563208754075,-43.081601274202285,100.0,-459.971388535256,126.26583361414191,0.0,15.796864058954439,1422.979193437421,1016.1994086024224,100.0,-754.9895346628,-65.91431505295077,0.0,29.187875025199553,0.0,0.0,0.0,0.0,0.0,0.0,0.0,-1069.6678896850208,43.08160127420274,104.38876156623886,1812.4995165320217,-126.26583361414532,25.315638250827632,78.21382611179094,-1446.2810228620103,-1016.1994086024265,299.95184113159524,-171.29516940776853,65.91431505282799,-0.5556552995531661,84.94796083272567,0.0,0.0,0.0,0.0,0.0,0.0,0.0,0.0
1338.7879534616204,-237.84801166592297,203.26595643973405,1532.0441715084417,654.7732339575906,9.687573321409673,1140.9713441223757,19.573420556753717,100.0,-1257.233216358644,124.33715441924505,0.0,14.159010554308708,1454.3996020519637,982.3475140021833,100.0,-11.135053286913035,-69.48402476887622,0.0,25.8294668667264,0.0,0.0,0.0,0.0,0.0,0.0,0.0,-1101.167386981584,-19.573420556753263,117.0293746808604,849.5867438497419,-124.33715441924846,25.229777438871253,86.14511921300758,-1348.762783981967,-982.3475140021792,299.27368215090235,426.05702002482303,69.48402476900583,-2.1560666139339446,82.21044526451726,0.0,0.0,0.0,0.0,0.0,0.0,0.0,0.0
1227.9542196544885,-146.40712542700132,209.889790054562,18.624439465636442,1315.2785989157971,16.787672736931825,1164.0840852752349,81.2388117247358,100.0,-629.2178056047703,122.30758104406391,0.0,13.447620978476715,1431.9380910329296,946.7247395346658,100.0,-162.75622884916288,-72.99735122815036,0.0,23.94324626042557,0.0,0.0,0.0,0.0,0.0,0.0,0.0,-1173.281725434079,-81.23881172473557,129.60176599204436,-1210.0210015888024,-122.30758104406391,25.04284298507713,71.64048625083846,-1305.2905483334387,-946.7247395346703,297.79720789271073,460.0336961667813,72.99735122800712,-3.74784045597778,72.9338451589708,0.0,0.0,0.0,0.0,0.0,0.0,0.0,0.0
1219.5777176299614,-372.1008698074196,220.02852401465856,-1003.0480168471888,-1008.1982353367059,23.736514904629757,1281.6884090794847,141.86453345313953,100.0,1236.8691311842338,120.17876039891689,0.0,8.58484916685985,1308.7275400553938,909.359991528378,100.0,157.54476140917973,-76.45144351897898,0.0,30.785714384083043,0.0,0.0,0.0,0.0,0.0,0.0,0.0,-1258.0338047760324,-141.8645334531393,142.05556892880114,932.7474748686325,-120.17876039891689,24.755583772232086,91.38828275642928,-1349.4942481913197,-909.3599915283735,295.5283332974401,693.4588869191612,76.4514435191154,-5.324599980720279,77.57254052291826,0.0,0.0,0.0,0.0,0.0,0.0,0.0,0.0
1026.4157511891772,-440.6606475263999,233.5908081359289,387.5488190926376,-1397.5074063329935,30.471490625565423,1332.1975284507007,201.4013906117857,100.0,-812.9136839242835,117.95241992894603,0.0,7.833324659032835,1286.4606324911417,870.2835898473772,100.0,-1492.4597737980184,-79.84349879660385,0.0,30.032500918560352,0.0,0.0,0.0,0.0,0.0,0.0,0.0,-1268.1097520363137,-201.40139061178525,154.34089199999124,335.1456750767227,-117.95241992894944,24.369150596646847,91.67731315456909,-1209.7408000676558,-870.2835898473827,292.47614776030105,484.0528191908538,79.84349879644697,-6.880028492428778,74.30130600628138,0.0,0.0,0.0,0.0,0.0,0.0,0.0,0.0
1004.491256056709,-548.7206356501005,250.45444598278448,-437.60379686266447,-261.7718131264917,36.931917641598204,1311.3426201917207,259.8010716366239,100.0,-1447.977668295456,115.63036621228662,0.0,14.23796295241577,1260.4056092958508,829.5272432880954,100.0,402.69935203997875,-83.1707645554684,0.0,26.9179227324328,0.0,0.0,0.0,0.0,0.0,0.0,0.0,-1280.6162853523733,-259.80107163662365,166.40851866587454,-1242.3129039995626,-115.63036621228662,23.885091557921925,86.56417041531401,-1213.2540195775284,-829.5272432880904,288.65287871804173,-1211.080902401418,83.1707645554684,-8.407894750068863,65.08798034529688,0.0,0.0,0.0,0.0,0.0,0.0,0.0,0.0
859.1163493821605,-664.6748005635458,270.4674958603469,1796.743791700872,-1183.7880949231578,43.05958738350455,1412.2239427461814,317.0161877324608,100.0,-695.0997417734391,113.21448349450293,0.0,7.348971536981974,1224.369874246341,787.1240238489545,100.0,553.6313842952995,-86.43054086491702,0.0,36.89218884940039,0.0,0.0,0.0,0.0,0.0,0.0,0.0,-1388.8868629587103,-317.0161877324606,178.21010450571998,-714.443045216608,-113.21448349450634,23.305345857067863,98.02210943932853,-1187.324497513234,-787.1240238489602,284.0738426643077,32.40635334721105,86.43054086491361,-9.902077930462951,67.00731688213033,0.0,0.0,0.0,0.0,0.0,0.0,0.0,0.0
876.6714469831079,-861.5340355631531,293.4496398119631,-298.90333667010964,-670.9927797825276,48.799289431403565,1497.1869956268463,373.0003113269015,100.0,670.1630945801753,110.70673215900001,0.0,7.23654401550708,1109.2115774885071,743.1083398939654,100.0,706.6128994003356,-89.62018255842167,0.0,43.0695451540628,0.0,0.0,0.0,0.0,0.0,0.0,0.0,-1395.8417725890351,-373.00031132690106,189.69837089159756,-28.804480919990283,-110.7067321589966,22.632236027824604,100.0,-1037.1467987970843,-743.1083398939602,278.75738378985454,156.5030146742754,89.62018255841826,-11.356592149026028,56.21849337141531,0.0,0.0,0.0,0.0,0.0,0.0,0.0,0.0
815.7783675235154,-894.6243763028294,319.19380828741737,-1133.2562134111822,671.5533447045374,54.099308961586985,1424.2833807056425,427.7080137442995,100.0,617.5330767099899,108.10914713664829,0.0,6.335132584441098,1127.74393381088,697.5159082317537,100.0,374.21001191224207,-92.73710138080673,0.0,41.25533023315681,0.0,0.0,0.0,0.0,0.0,0.0,0.0,-1436.5946195051176,-427.70801374429925,200.82729439247098,-1228.4752783080967,-108.1091471366517,21.868458632297063,94.54842246319201,-1056.0707489188837,-697.5159082317593,272.7248004934263,-1954.2198281576957,92.73710138081015,-12.765610440003172,57.593661978666916,0.0,0.0,0.0,0.0,0.0,0.0,0.0,0.0
671.2771241774761,-1025.095043398584,347.4680458434552,-2778.3676799798723,-323.11255572034213,58.91189269836417,1413.0500569257154,481.0949020691487,100.0,-434.54875129906213,105.42383625446405,0.0,7.899694171336485,978.3007203861206,650.3837251330144,100.0,-265.31662272128244,-95.77876808834276,0.0,55.496626374201,0.0,0.0,0.0,0.0,0.0,0.0,0.0,-1458.8122223889634,-481.0949020691485,211.55229114981472,-891.9706289936494,-105.42383625447087,21.01707345819591,97.16976841735153,-927.5828042462109,-650.3837251330085,266.00026005770866,247.0762134614307,95.77876808834276,-14.123488100011059,45.33160724977394,0.0,0.0,0.0,0.0,0.0,0.0,0.0,0.0
651.338546889278,-1126.7155152341868,378.0176010667296,-576.1125942715972,175.1200914431547,63.193679171366455,1450.959016449249,533.1176551690035,100.0,-1093.6439649969452,102.65297852515346,0.0,10.988975169919115,939.5104206190647,601.7500363095617,100.0,1374.0060885179014,-98.74271450108495,0.0,51.23456674408056,0.0,0.0,0.0,0.0,0.0,0.0,0.0,-1553.6821547263962,-533.117655169003,221.83039548612624,15.525069617573308,-102.65297852515687,20.081491260941107,89.81161305189852,-916.4131474990838,-601.7500363095558,258.61070183217237,637.3979409596814,98.74271450108495,-15.424785301424322,44.19182946652771,0.0,0.0,0.0,0.0,0.0,0.0,0.0,0.0
512.4458000145626,-1302.571644882607,410.56722188880906,347.4878843034668,468.65281010327976,66.90608940381992,1536.0295644625494,583.7340588476629,100.0,1541.0705771122127,99.798822378973,0.0,7.662094252766307,860.7315962205099,551.6543058796822,100.0,1596.0912065592584,-101.62653550573737,0.0,55.871078414171954,0.0,0.0,0.0,0.0,0.0,0.0,0.0,-1481.9333414892637,-583.7340588476627,231.62043203079068,-305.9215255313552,-99.798822378973,19.06546009975031,89.25826619558127,-854.5474255146457,-551.6543058796888,250.58572931067613,-30.884875591429477,101.62653550573395,-16.66428888500917,52.28346326203368,0.0,0.0,0.0,0.0,0.0,0.0,0.0,0.0
353.61187139495684,-1296.2143969172616,444.82363561251935,-1330.2898080191658,-691.3828242987825,70.0156745094722,1587.0238507395754,632.9030401001921,100.0,337.1555731545368,96.86368383919898,0.0,2.3009423293978055,795.4001097665667,500.1371843446882,100.0,779.5914249261244,-104.42789100727623,0.0,56.8412094295854,0.0,0.0,0.0,0.0,0.0,0.0,0.0,-1609.8736849314269,-632.9030401001919,240.8831806737763,423.0242428029453,-96.86368383919557,17.973050322449353,100.0,-766.6455606645628,-500.1371843446818,241.95749153616484,654.8966773709157,104.42789100728305,-17.837033244485525,46.758636164768085,0.0,0.0,0.0,0.0,0.0,0.0,0.0,0.0
211.69490359309293,-1513.164758757333,480.4781913044635,1227.812801228413,-895.1706507379527,72.49441706814082,1645.9232583867697,680.5847004418465,100.0,-494.477417864548,93.84994464280226,0.0,0.0,743.197376699228,447.2404756027697,100.0,865.7750107123871,-107.14450782784525,0.0,57.645870268851475,0.0,0.0,0.0,0.0,0.0,0.0,0.0,-1663.7018027027684,-680.5847004418463,249.58153368628766,-1164.2592929369425,-93.84994464279885,16.808638259141446,95.07970759797652,-732.8263505204018,-447.24047560277677,232.76055430758868,951.6451752752641,107.14450782784525,-18.93832021937044,36.35359975701002,0.0,0.0,0.0,0.0,0.0,0.0,0.0,0.0
217.97417155542098,-1438.1741422314726,517.209640745766,744.3262325498702,-1520.7181893719849,74.31998356241081,1675.7085765571728,726.7403482839607,100.0,856.6275991738189,90.76005030775718,0.0,9.34504859359031,702.3317633395018,393.0071030270433,100.0,-753.9507840667966,-109.77418155132341,0.0,64.14633351408013,0.0,0.0,0.0,0.0,0.0,0.0,0.0,-1684.3068845422881,-726.7403482839607,257.6806443789676,533.2820659341769,-90.76005030775377,15.576888690091266,93.47128679262815,-666.8713722329122,-393.00710302703646,223.0317617049913,860.728581170352,109.77418155131659,-19.9637379163957,40.407318797581006,0.0,0.0,0.0,0.0,0.0,0.0,0.0,0.0
102.32775297978041,-1625.8717454212047,554.687032884571,-14.557991029106887,130.41390575265382,75.47592560383634,1607.8169475971101,771.3325303304853,100.0,-32.23297282441422,87.59650814860493,0.0,7.330737563560373,583.2311584083485,337.48107463500037,100.0,314.74758347939655,-112.31477831211578,0.0,66.07150079484114,0.0,0.0,0.0,0.0,0.0,0.0,0.0,-1677.7480713850262,-771.3325303304853,265.1480667020902,1633.6979187748284,-87.59650814860493,14.282736158024818,95.50673004671327,-572.460851140476,-337.48107463500764,212.81008848752026,687.8236574742323,112.31477831211578,-20.90917838410178,26.52164738711874,0.0,0.0,0.0,0.0,0.0,0.0,0.0,0.0
-14.028546612219827,-1648.2099794136104,592.572695711245,-854.0379144063114,1794.6361068335216,75.95182813283316,1690.376624687754,814.3250619697042,100.0,630.7297588905158,84.36188524189788,0.0,5.368577875167488,548.6369505933214,280.707447378029,100.0,-1847.6611478286436,-114.7642365267211,0.0,65.77278130659602,0.0,0.0,0.0,0.0,0.0,0.0,0.0,-1696.1308088470994,-814.3250619697039,271.95388522849163,-1089.7292061355347,-84.36188524189788,12.931365199740696,90.36287592962667,-620.7776742770108,-280.70744737802215,202.13648395567037,-481.90207572526333,114.7642365267211,-21.770854069825276,30.361864930587423,0.0,0.0,0.0,0.0,0.0,0.0,0.0,0.0
-58.71692951671483,-1793.5318162657748,630.5252786895614,92.22678881419981,-542.4858490520728,75.74340325873152,1662.2374092039402,855.6830566364692,100.0,-940.8550060832488,81.05880634310779,0.0,15.43515296953493,451.0163473545948,222.73229057954995,100.0,-691.7892513220647,-117.12056856657568,0.0,81.22729418248342,0.0,0.0,0.0,0.0,0.0,0.0,0.0,-1648.9586009758564,-855.6830566364688,278.07083499851,-1378.8481394461132,-81.05880634310779,11.52818957620184,95.074510559281,-511.64114742398493,-222.73229057955746,191.05370790326776,-1171.4594154634276,117.1205685665791,-22.54531299303352,19.14907294909061,0.0,0.0,0.0,0.0,0.0,0.0,0.0,0.0
-207.10834591284987,-1957.050272998077,668.2028283314769,1014.2101797870333,-1939.5288959349898,74.85252889331889,1764.7785288232355,895.3729541211273,100.0,1611.2770624266705,77.68995175676764,0.0,16.730747904857125,480.08521668068386,163.60264855188325,100.0,692.7032510021265,-119.38186237096602,0.0,75.56045339137754,0.0,0.0,0.0,0.0,0.0,0.0,0.0,-1691.1595622423959,-895.3729541211273,283.4744107468217,570.2412259236564,-77.68995175676764,10.078830584335492,79.32249994477843,-389.4372090901081,-163.60264855187597,179.60615931639148,2672.99621740894,119.38186237096261,-23.22945257449959,14.306137806826905,0.0,0.0,0.0,0.0,0.0,0.0,0.0,0.0
-223.91026143768727,-2033.5984745452727,705.2658692044934,1316.6125965507956,-663.2625881375259,73.28723183175725,1775.5015969886692,933.3625478021672,100.0,-2095.987832975112,74.25805516149467,0.0,21.00386168412994,388.4397941418142,103.36650242172345,100.0,-341.9785026941639,-121.54628299854039,0.0,85.52358106285014,0.0,0.0,0.0,0.0,0.0,0.0,0.0,-1708.425756004439,-933.3625478021668,288.14296507359745,-922.7071729797524,-74.25805516150149,8.589094537418873,89.22093570873773,-405.9662077657126,-103.36650242173118,167.83969850548584,317.5510940665558,121.54628299854039,-23.820532065551845,19.20406708786957,0.0,0.0,0.0,0.0,0.0,0.0,0.0,0.0
-304.772978914577,-2090.7948830878427,741.3804626116928,1550.3750118844644,1168.5836032783845,71.06161542974803,1765.7288702547119,969.6210107804891,100.0,-570.5621791455508,70.7659013917737,0.0,25.897476166459334,315.6579396407378,42.07273119566548,100.0,-70.08255010971396,-123.61207411631767,0.0,86.73255321221981,0.0,0.0,0.0,0.0,0.0,0.0,0.0,-1755.9760399461707,-969.6210107804886,292.05779516669133,100.1856669649294,-70.7659013917737,7.064949504249967,80.05277722990886,-292.85494231805774,-42.07273119565798,155.80146338322464,-1195.306905117172,123.61207411631767,-24.316183527870407,23.2111555015803,0.0,0.0,0.0,0.0,0.0,0.0,0.0,0.0
-412.734228359169,-2043.8392274159894,776.2212153857035,-455.3347171368401,385.69226447275923,68.19573253335136,1805.4601613182654,1004.1189208940878,100.0,1758.7080065863563,67.21632417814817,0.0,17.62132166820582,240.87778740025362,-20.22892790309811,100.0,-952.8426080357972,-125.57755942487347,0.0,91.98170619257556,0.0,0.0,0.0,0.0,0.0,0.0,0.0,-1743.9012553995537,-1004.1189208940878,295.2032177274438,237.18383987134075,-67.21632417814135,5.512501400334031,78.50277880573536,-224.69147943560648,20.228927903090153,143.53968062414162,-166.70161042414279,125.57755942487347,-24.714421319747686,22.76357203270723,0.0,0.0,0.0,0.0,0.0,0.0,0.0,0.0
-556.3355839227933,-2185.331014484179,809.4742116872814,-966.4482565897328,-2408.212564854316,64.71540480109638,1823.625042866396,1036.828284592858,100.0,-210.99798437158142,63.61220384769467,0.0,24.608829222359855,120.88468717344355,-83.48791979424482,100.0,-473.78474883995534,-127.44114401856109,0.0,89.69590151115837,0.0,0.0,0.0,0.0,0.0,0.0,0.0,-1801.8402331287718,-1036.8282845928575,297.56663179993683,-525.3320940670653,-63.612203847701494,3.937969526806171,68.88839875888979,-139.8246217629134,83.48791979425255,131.10347246254437,802.3092739920692,127.44114401831894,-25.01365005079279,19.800595756873,0.0,0.0,0.0,0.0,0.0,0.0,0.0,0.0
-679.280519038264,-2354.9169221670572,840.8398413929276,-680.6484278246398,349.54744951485054,60.651990051907205,1905.2368386169132,1067.7225596541352,100.0,-1071.5568410645187,59.95646498710357,0.0,23.564668111961993,117.52249256060966,-147.65291256368823,100.0,360.08885821584545,-129.20131567948147,0.0,87.44539451282367,0.0,0.0,0.0,0.0,0.0,0.0,0.0,-1779.4112216287488,-1067.7225596541352,299.13856925199775,-493.1214016022943,-59.95646498710357,2.347661655165325,69.78496897425595,-146.44526884890456,147.65291256367982,118.54265990270397,-538.5478675235958,129.20131567972703,-25.212670973351408,4.2686778732658786,0.0,0.0,0.0,0.0,0.0,0.0,0.0,0.0
-732.2024131580791,-2375.813853795112,870.0354995877404,772.9654183059557,-178.8150901379322,56.04209972897422,1854.0854287719644,1096.7766767205571,100.0,727.5624320187296,56.25207406899335,0.0,36.918636915534904,13.25007865596357,-212.6718391170632,100.0,-452.71529329398777,-130.85664610580068,0.0,99.45635825847921,0.0,0.0,0.0,0.0,0.0,0.0,0.0,-1747.8423632049748,-1096.7766767205571,299.9127327057204,294.584493748398,-56.25207406899335,0.7479487575022858,73.98871994596307,-19.087775645059516,212.67183911707116,105.90756312968493,1045.274920190625,130.85664610555511,-25.310686784711365,9.865186546593845,0.0,0.0,0.0,0.0,0.0,0.0,0.0,0.0
-769.1866428828563,-2468.911470048594,896.7981328410362,-328.9516606780745,343.38383976466275,50.92726903107689,1893.7956202841142,1123.9670596427495,100.0,181.5572963746672,52.502037045114776,0.0,34.02062849062959,45.10148120051046,-278.4919394300314,106.75120007960638,-1594.2683192849076,-132.40579206806615,25.307304821281846,95.89449042580334,0.0,0.0,0.0,0.0,0.0,0.0,0.0,-1779.4192317728298,-1123.9670596427495,299.8860207655481,-2144.7233866008605,-52.502037045114776,-0.8547605163656158,60.655573184483266,-5.537461757572224,278.49193943002274,100.0,675.530446938365,132.40579206831,0.0,3.001320660538066,0.0,0.0,0.0,0.0,0.0,0.0,0.0,0.0
-883.6405954295328,-2602.7800520470473,920.8866093227259,1344.0425679465757,-1791.783545610133,45.35358267917104,1794.9427257393947,1149.2716446103477,100.0,1073.4431475762358,48.70939690701107,0.0,35.8131382659299,-98.74378779810162,-345.0598033606101,119.38291713755962,-1708.3210614971542,-133.84749650284277,25.202538631630986,100.0,0.0,0.0,0.0,0.0,0.0,0.0,0.0,-1797.9693784124743,-1149.2716446103477,299.05854044285184,-660.5963772288169,-48.70939690701789,-2.4540455127720406,54.47218068694994,69.55139487441545,345.05980336061816,100.0,-96.82187010316568,133.8474965025955,0.0,1.7763739636124525,0.0,0.0,0.0,0.0,0.0,0.0,0.0,0.0
-897.6448901382139,-2665.171716150425,942.0838914056425,1583.797321147028,-532.5683656918818,39.37125969250076,1829.5028152799887,1172.6698980558172,100.0,-53.67952014441471,44.8772312168353,0.0,39.44317231672849,-208.82429669513283,-412.32141398930685,131.9369838068308,392.0134350469027,-135.18058952884644,24.99680792220886,100.0,0.0,0.0,0.0,0.0,0.0,0.0,0.0,-1816.6844663851198,-1172.6698980558172,297.4336067272294,1014.1192302910963,-44.8772312168353,-4.0434992961269245,57.48610810026287,184.4861887035572,412.32141398931503,100.0,116.91820330887523,135.18058952910053,0.0,4.673719329977326,0.0,0.0,0.0,0.0,0.0,0.0,0.0,0.0
-1011.6667678150849,-2736.7411772244263,960.1989911786329,-840.1849415005711,-1636.9763498041016,33.0342009137928,1776.5057855885561,1194.1428333165372,100.0,-1039.2430947990113,41.00864960996205,0.0,43.55588086684442,-212.59728854862615,-480.2221914513774,144.36310692723333,-2185.195433640867,-136.40398940020987,24.690936875951763,93.13209421034277,0.0,0.0,0.0,0.0,0.0,0.0,0.0,-1816.6463590164678,-1194.1428333165372,295.0177293062427,1145.367735089859,-41.00864960996205,-5.6167543159139655,58.33417085680473,240.7297059392199,480.22219145136876,100.0,532.4494607440497,136.40398939995407,0.0,0.5252339961056505,0.0,0.0,0.0,0.0,0.0,0.0,0.0,0.0
-1110.4905163902515,-2805.0612747153523,975.0686912512776,86.28876473831383,674.1199231273595,26.399503362150085,1695.531802426126,1213.6730260416684,100.0,189.04344504430355,37.10679127172625,0.0,44.854281324498416,-300.58630040809203,-548.7070372260569,156.61150589643307,390.2652376602444,-137.51670338025235,24.286150850500547,97.70896903522963,0.0,0.0,0.0,0.0,0.0,0.0,0.0,-1752.3965360163654,-1213.6730260416684,291.8205864867956,1292.1661945163248,-37.10679127171943,-7.167507915883675,55.49093488588592,409.4679356923638,548.7070372260652,100.0,1044.6934758734697,137.51670338050985,0.0,11.075859747773737,0.0,0.0,0.0,0.0,0.0,0.0,0.0,0.0
-1155.430950320959,-2859.04349916881,986.559015345621,836.0506745737871,2472.269041021482,19.52694578755768,1727.4237672886704,1231.2446283312415,100.0,-782.8744119386602,33.17482239004903,0.0,60.14798211114714,-348.58278907102886,-617.7203788466583,168.6331120972576,779.3996848217162,-138.5178285511114,23.784071469266763,94.6185283844677,0.0,0.0,0.0,0.0,0.0,0.0,0.0,-1737.8832882603465,-1231.2446283312415,287.8549864226271,-441.062451445016,-33.17482239004903,-8.68954758329096,48.57577251617182,403.2439367180746,617.7203788466493,100.0,736.860371916195,138.5178285508522,0.0,3.191206179457442,0.0,0.0,0.0,0.0,0.0,0.0,0.0,0.0
-1416.3858675908937,-2929.343003153796,994.5664354249809,382.6308917427855,2396.463818310501,12.478450063374567,1682.2766596239983,1246.8433815960393,100.0,550.1879630726557,29.215933586276606,0.0,61.372427853583275,-505.11398036015225,-687.2062149950873,180.37976547271086,33.985252049733106,-139.40655254232638,23.186710125006016,96.80493272939435,0.0,0.0,0.0,0.0,0.0,0.0,0.0,-1649.5320717863437,-1246.8433815960393,283.13681580324624,1029.4665443316057,-29.215933586276606,-10.176775836992249,41.07080674560008,396.3761819304284,687.2062149950957,100.0,-1382.4970807396553,139.4065525425873,0.0,2.7204657494351934,0.0,0.0,0.0,0.0,0.0,0.0,0.0,0.0
-1362.139994547206,-3023.887912916078,999.0188044834986,786.4911998597074,1319.710394114818,5.31752326887613,1725.977237161072,1260.4566281278217,100.0,1430.0349484647904,25.2333373260808,0.0,47.549054190462115,-482.2223128461248,-757.1081609446078,191.80440746118109,344.34878826567683,-140.18215419416038,22.49645992192569,100.0,0.0,0.0,0.0,0.0,0.0,0.0,0.0,-1756.1492447483568,-1260.4566281278217,277.68497620986875,473.2168411798182,-25.2333373260808,-11.623234654714452,32.778431681512124,565.9145769256972,757.1081609445987,100.0,1025.0629067346197,140.18215419389776,0.0,3.274742464134792,0.0,0.0,0.0,0.0,0.0,0.0,0.0,0.0
-1392.4960735912384,-3030.6143562872303,999.8760065920299,192.32218966902565,870.1792736041511,-1.891314510507982,1713.4568116983398,1272.073321370503,100.0,-238.92810073191072,21.230265312726715,0.0,66.2852579275563,-633.479637617196,-827.3694943134514,202.8612695189202,-20.23161319976566,-140.84400413890535,21.716086088631243,96.13129048280463,0.0,0.0,0.0,0.0,0.0,0.0,0.0,-1718.5877240080554,-1272.073321370503,271.5213083933196,865.4768039809176,-21.230265312726715,-13.023129341671051,39.223493211789695,536.3997102250964,827.3694943134599,100.0,441.5185182168335,140.84400413890535,0.0,11.17751556882006,0.0,0.0,0.0,0.0,0.0,0.0,0.0,0.0
-1544.7761414714446,-3198.498967972206,997.1303183434184,-1545.6681170929176,2196.3199551552475,-9.083111510506114,1690.9183179531428,1281.6840348839519,100.0,-428.3672037026588,17.20996586458341,0.0,67.0030036653264,-625.8025735243599,-897.933201092696,213.50605647455092,-305.9210647404677,-141.39156531444428,20.84871490019765,95.99386904750472,0.0,0.0,0.0,0.0,0.0,0.0,0.0,-1670.3419386099745,-1281.6840348839519,264.6705047772559,470.5956811401404,-17.20996586458341,-14.37085174472827,39.95643917218141,563.0156519561583,897.9332010926869,100.0,-10.295896661727966,141.39156531444257,0.0,2.20056579263976,0.0,0.0,0.0,0.0,0.0,0.0,0.0,0.0
-1435.6219838966513,-3116.797570852464,990.8064784405399,-423.9962669502154,-206.9670687107032,-16.193069504588493,1572.9519540164802,1289.280969993135,100.0,-64.77311461210888,13.17570127941508,0.0,69.79635753630627,-647.8378479074914,-968.7420219105093,223.6961239810591,-343.70149296409124,-141.82439339875373,19.89782115403642,92.46131233084611,0.0,0.0,0.0,0.0,0.0,0.0,0.0,-1658.1047976511181,-1289.280969993135,257.16001053723136,1041.3086141115593,-13.17570127941508,-15.661002719515693,31.550130774675804,684.9648528649958,968.7420219105178,100.0,-896.0572987317141,141.82439339875202,0.0,12.070878050805748,0.0,0.0,0.0,0.0,0.0,0.0,0.0,0.0
-1607.1018569654861,-3195.4067973422957,980.961464800127,541.9211605763473,1073.8493101575568,-23.157127637185795,1617.47229109392,1294.8579621164026,100.0,-12.35335452900813,9.130745187055709,0.0,64.31202415858682,-694.1357687530865,-1039.7384984957725,233.39064935437835,1523.6791515434254,-142.14213717071175,18.867214249345352,85.57872830316337,0.0,0.0,0.0,0.0,0.0,0.0,0.0,-1612.6517467696126,-1294.8579621164026,249.0199136518925,16.42053697437518,-9.130745187055709,-16.888413759971144,25.381834982756914,723.0707490051215,1039.7384984957632,100.0,-376.0201770551362,142.14213717071175,0.0,9.808717629339471,0.0,0.0,0.0,0.0,0.0,0.0,0.0,0.0
-1643.7309225928545,-3297.716377372006,967.6839811806578,645.7103511924129,462.76601393354895,-29.91253961321945,1549.3669813947877,1298.410485767778,100.0,765.2515841719469,5.078379893052443,0.0,68.74657755120309,-936.8218651668991,-1110.8650203028221,242.55079511416474,1192.9449604784759,-142.3445387951017,17.761022926197683,84.76167588657098,0.0,0.0,0.0,0.0,0.0,0.0,0.0,-1575.9664347569308,-1298.410485767778,240.28282436677569,-544.1179120508059,-5.078379893052443,-18.048167704057505,21.818093526194986,837.9848001341267,1110.8650203028308,100.0,1027.3065837528702,142.3445387951017,0.0,17.568173041554108,0.0,0.0,0.0,0.0,0.0,0.0,0.0,0.0
-1800.2099614701551,-3359.415557125201,951.0936579598308,-438.9711405930814,376.3507816810943,-36.39843904350755,1516.3324932670316,1299.935658229192,100.0,-158.33946042200296,1.0218937151398677,0.0,78.86859551593079,-892.1211855946332,-1182.0638712600376,251.13986457159703,-1991.48194807967,-142.43143403182899,16.583678725294106,90.172212389514,0.0,0.0,0.0,0.0,0.0,0.0,0.0,-1559.3648653591463,-1299.935658229192,230.9837445535877,110.18302861015513,-1.0218937151398677,-19.135618432517987,15.739132918324836,901.3702854222126,1182.0638712600285,100.0,170.63385648067992,142.43143403182899,0.0,0.8524540884547847,0.0,0.0,0.0,0.0,0.0,0.0,0.0,0.0
-1806.3627404171666,-3355.2802954477615,931.3399742625918,1882.1096949661649,-444.1667623287344,-42.5563878518949,1490.3665847047098,1299.4322418896827,100.0,-1248.0154726672527,-3.035421684958237,0.0,86.70103965576541,-971.7103372715654,-1253.2772766037747,259.1234488408988,-809.0363340364848,-142.4027523691973,15.339898234644807,78.34997908802166,0.0,0.0,0.0,0.0,0.0,0.0,0.0,-1502.0002778459955,-1299.4322418896827,221.15992748833287,-361.11120898881154,3.035421684958237,-20.146409481816647,23.107030524153895,876.8013084547449,1253.2772766037833,100.0,423.14190943248946,142.40275236893126,0.0,23.550192025772592,0.0,0.0,0.0,0.0,0.0,0.0,0.0,0.0
-1778.3609750188673,-3356.6722002871743,908.6009111514204,-547.900867888925,-14.691644380152411,-48.330902803537015,1536.9227265141287,1296.9006452496624,100.0,-1789.066988960957,-7.090273972687555,0.0,85.61517909776373,-1020.3597806022982,-1324.4474497602107,266.46956468563565,483.5413311892165,-142.25851708085884,14.034664194378763,78.93415666492949,0.0,0.0,0.0,0.0,0.0,0.0,0.0,-1501.2224185391588,-1296.9006452496624,210.8507286100329,-946.017651980643,7.090273972687555,-21.07649149667381,26.25950269209794,990.1593689801629,1324.4474497602014,100.0,1825.7780363287543,142.25851708112486,0.0,21.172533042380323,0.0,0.0,0.0,0.0,0.0,0.0,0.0,0.0
-1919.7967815283312,-3389.0459500861457,883.0813480135773,-406.1455133332629,790.9762863485093,-53.669955409814634,1511.3090898610153,1292.3429225894392,100.0,-81.41095799819027,-11.139372812190231,0.0,89.4784539604406,-1066.5198882269924,-1395.5166392364865,273.14878264755794,191.9351173357029,-141.99884520825663,12.673205535188572,87.52240907434548,0.0,0.0,0.0,0.0,0.0,0.0,0.0,-1476.1423311874053,-1292.3429225894392,200.09744785791958,77.2787602604717,11.139372812190231,-21.922138452287925,0.638857161020395,1023.5407868808608,1395.516639236495,100.0,-456.9344467489145,141.998845207994,0.0,15.246778753472356,0.0,0.0,0.0,0.0,0.0,0.0,0.0,0.0
-1796.3383427123015,-3448.427294405271,855.0112165939914,323.9333955253028,-775.7375350609368,-58.52544070627857,1361.9030832974006,1285.762772302256,100.0,-687.7144591164586,-15.179432536290278,0.0,77.6988392514173,-1059.9215980471795,-1466.4271754836684,279.13434494468856,-1134.4246771627404,-141.62394746274003,11.260976430624794,77.08818504458826,0.0,0.0,0.0,0.0,0.0,0.0,0.0,-1405.6010480370749,-1285.762772302256,188.94316421871605,-423.841941277725,15.179432536290278,-22.679962581260327,2.7024039052816704,1098.422936842633,1466.427175483659,100.0,805.5499702500015,141.62394746300606,0.0,28.592953241873737,0.0,0.0,0.0,0.0,0.0,0.0,0.0,0.0
-1938.4933313721504,-3375.8144870313117,824.6434293058732,977.6409677768379,-2275.3992445166705,-62.85361067870042,1268.3207793803215,1277.165533893206,100.0,-544.2093335280867,-19.20717481263182,0.0,89.48509636308911,-1181.8419028302183,-1537.1215176929306,284.40227266634236,-256.16459616461725,-141.13412805854068,9.803634446995773,65.52733544657984,0.0,0.0,0.0,0.0,0.0,0.0,0.0,-1357.774688411606,-1277.165533893206,177.43256314683163,620.6020215301749,19.20717481263182,-23.346927945411124,11.059736991147318,1157.844599891941,1537.121517692939,100.0,-299.27107523483073,141.13412805827465,0.0,20.454153629316867,0.0,0.0,0.0,0.0,0.0,0.0,0.0,0.0
-1974.6971541056093,-3436.763042949197,792.2516004851366,-24.06185285759875,-997.9801044649548,-66.61546843410349,1328.7923942878615,1266.558183646458,100.0,-336.53160650920427,-23.219331303964736,0.0,100.0,-1178.1655569895445,-1607.5423004875547,288.9314618356391,516.368216196837,-140.5297844616939,8.30701787843509,73.80176837900216,0.0,0.0,0.0,0.0,0.0,0.0,0.0,-1317.0450425607012,-1266.5581836464585,165.6117575488463,-320.86793790253296,23.219331303964736,-23.920362598128406,4.923706094245338,1227.8414032645928,1607.5423004875456,100.0,767.93782084741,140.52978446195652,0.0,19.32077458817023,0.0,0.0,0.0,0.0,0.0,0.0,0.0,0.0
-1895.5724524508653,-3466.3822889391163,758.1275811200346,-934.8126933964727,-456.6134474565797,-69.77711956312135,1319.9627371701288,1253.9493289643042,100.0,-939.0377496493136,-27.21264632019711,0.0,100.0,-1244.9011610021294,-1677.6323804723083,292.7037679546729,-21.6059493239527,-139.81140707173722,6.77712235797685,72.25134279940647,0.0,0.0,0.0,0.0,0.0,0.0,0.0,-1291.539469251952,-1253.9493289643042,153.5281030494407,-15.646766953358338,27.21264632019711,-24.397969288521324,16.07567147237835,1282.5170738160436,1677.6323804722992,100.0,2411.7200076637628,139.8114070714746,0.0,42.28035246180887,0.0,0.0,0.0,0.0,0.0,0.0,0.0,0.0
-2024.4199399779372,-3427.0107690182754,722.5788292683123,751.5758842966886,257.90597762618745,-72.31007752971664,1202.502931567703,1239.3492013826344,100.0,-1434.7785810847267,-31.183879460290882,0.0,87.06839772504904,-1327.3717571208747,-1747.3348826028723,295.7040786936375,-617.6550330319003,-138.97957881955222,5.2200768382940055,59.43185362685619,0.0,0.0,0.0,0.0,0.0,0.0,0.0,-1172.3375519378978,-1239.3492013826344,141.23000827885568,1399.468922516238,31.183879460290882,-24.777834664492957,9.991411909035651,1213.2968348244576,1747.334882602881,100.0,1327.8704479467092,138.97957881981483,0.0,41.52376580459154,0.0,0.0,0.0,0.0,0.0,0.0,0.0,0.0
-1934.9198231233854,-3450.2726340376803,685.9256398542454,-313.7786499383708,-1765.7246057360953,-74.19152033462979,1139.6701624263692,1222.7696482684796,100.0,-1313.0801154149174,-35.12980824167471,0.0,90.49252541956577,-1265.4240313918715,-1816.5932463375125,297.92037443271045,-1289.3605394748568,-138.0349746985496,3.6421190383504154,63.12632472242928,0.0,0.0,0.0,0.0,0.0,0.0,0.0,-1208.6501643583795,-1222.76964826848,128.7667409418528,856.5785526547859,35.12980824167471,-25.058436937868578,10.754322328062525,1419.4586116293578,1816.5932463375034,100.0,-51.539863052166766,138.0349746982904,0.0,34.24547406835551,0.0,0.0,0.0,0.0,0.0,0.0,0.0,0.0
-1954.96055549107,-3479.7479047940474,648.4982588053695,488.5275101933041,-27.15988758482581,-75.40449614280362,1145.1398062151272,1204.2241232064007,100.0,-624.9845410467992,-39.04723071516173,0.0,87.94280136003295,-1324.1723146451407,-1885.35127153337,299.34377641415085,-906.5102066012696,-136.97836121275486,2.0495704543191096,54.18448169402356,0.0,0.0,0.0,0.0,0.0,0.0,0.0,-1167.993411640058,-1204.2241232064011,116.18823044514183,768.5843144239391,39.04723071516173,-25.238651980870017,0.0,1467.7822025178762,1885.3512715333782,100.0,-144.6585070246124,136.97836121301066,0.0,42.80169116856687,0.0,0.0,0.0,0.0,0.0,0.0,0.0,0.0
-2011.2308409434577,-3446.2261934096477,610.6339075304544,-60.69964907454619,-342.92151948525316,-75.93807601925448,1020.7294421035267,1183.7276750814858,100.0,-545.5757227020126,-42.93296806321678,0.0,100.0,-1491.0213220298692,-1953.5531640505676,299.968582311713,-810.7823518267264,-135.81059575897712,0.44881103487398377,46.71385949206279,0.0,0.0,0.0,0.0,0.0,0.0,0.0,-1074.4556645268476,-1183.7276750814858,103.54486787393444,64.81950054905383,42.93296806321678,-25.31775782950895,3.211610964025891,1437.2257959885615,1953.5531640505587,100.0,1257.8027295972674,135.81059575872473,0.0,42.8429464818078,0.0,0.0,0.0,0.0,0.0,0.0,0.0,0.0
-2036.1597051600659,-3511.7297296834413,572.6737445482441,-24.454170449999992,1094.4695937682468,-75.78745239957755,1041.285056301977,1161.296935867836,109.1126958810409,-468.41700918121603,-46.78386717939702,25.295437575869357,94.12687384650509,-1389.2416032144147,-2021.1435810265834,299.7922890748781,330.4522010500955,-134.53262592720534,-1.153746377671041,49.42725687420474,0.0,0.0,0.0,0.0,0.0,0.0,0.0,-1021.6006888558373,-1161.296935867836,100.0,-462.55614680757674,46.78386717940384,0.0,7.314914743522183,1476.2191815906604,2021.1435810265914,100.0,353.8065154204571,134.53262592720193,0.0,54.73619976645161,0.0,0.0,0.0,0.0,0.0,0.0,0.0,0.0
-1947.8880110455964,-3455.4785662380823,534.95979164276,-1500.8839715135025,2189.6448051310063,-74.95398240491511,955.8135018327541,1136.950107132447,121.7337530373406,-518.895342291018,-50.59680322689928,25.171780637676733,86.25498039634942,-1549.520267457852,-2088.067675784707,298.81560295638735,-1305.5057284955262,-133.1454887344944,-2.75168173802399,45.44409016041942,0.0,0.0,0.0,0.0,0.0,0.0,0.0,-1036.4927215241037,-1136.950107132447,100.0,-602.2691691205267,50.59680322689928,0.0,10.393401266168068,1565.2305347400493,2088.0676757846986,100.0,-41.53363033596861,133.1454887344944,0.0,57.94116908248558,0.0,0.0,0.0,0.0,0.0,0.0,0.0,0.0
-1919.7001958608603,-3529.9993787794174,497.83185224059093,301.4352450514082,-422.7415823081765,-73.44517561605414,930.3422961964545,1110.7069452654268,134.26774206251622,248.76634132829622,-54.36868217435858,24.947282400080724,94.38999068235427,-1583.1126933046648,-2154.2711423395926,297.04243668290553,417.7694689743498,-131.65030978220784,-4.338593517409208,29.247569856676357,0.0,0.0,0.0,0.0,0.0,0.0,0.0,-893.6306925901721,-1110.7069452654273,100.0,-1272.9813531872646,54.368682174365404,0.0,1.9045089142892646,1615.0643242798274,2154.2711423396004,100.0,616.8636209721569,131.65030978221466,0.0,58.674291123379206,0.0,0.0,0.0,0.0,0.0,0.0,0.0,0.0
-1961.3257023374656,-3506.269546851149,461.6244497756259,26.123407387427733,-1201.5291257004378,-71.2746264102708,831.6609692220862,1082.5887454485496,146.66445022993574,-587.004532445394,-58.09644330646961,24.62284223108199,98.9130942228653,-1620.4475843242453,-2219.7002594643313,294.4798937801484,-270.62231281368554,-130.04830234288647,-5.908124348888748,32.1690091071819,0.0,0.0,0.0,0.0,0.0,0.0,0.0,-892.5236157915833,-1082.5887454485496,100.0,-619.7436609566233,58.09644330646279,0.0,4.04087551385454,1538.6964410257565,2219.700259464323,100.0,-1617.9671471463632,130.04830234288647,0.0,60.983574258500404,0.0,0.0,0.0,0.0,0.0,0.0,0.0,0.0
-1912.3098382378316,-3501.90309564601,426.6638136265967,-1815.1171894839354,-1669.5831719318494,-68.46189147714739,744.8535721560129,1052.6183243751416,158.87421477724175,812.8084492948096,-61.77706170756892,24.19975987854741,90.13930670596957,-1641.4053755376124,-2284.3019342827533,291.1382401152715,-114.60302812775922,-128.34076637572252,-7.4539864957850455,30.145340647370656,0.0,0.0,0.0,0.0,0.0,0.0,0.0,-798.8653546979414,-1052.6183243751416,100.0,1673.9702935815774,61.77706170756892,0.0,14.882156430823912,1640.581909166056,2284.301934282761,100.0,-1177.6750160323013,128.3407663757157,0.0,64.10123507099664,0.0,0.0,0.0,0.0,0.0,0.0,0.0,0.0
-1886.7361134430944,-3472.2505182127916,393.26493978421604,971.0146007947912,517.6028606888804,-65.03231361114103,631.3803027023845,1020.8200017353315,170.84812186158473,-472.24152105777137,-65.40755071628837,23.67973026326183,85.42617488438077,-1640.7592012118698,-2348.0237453521127,287.03086277052245,173.24082160777152,-126.52908747171068,-8.969987041120362,25.825895375378465,0.0,0.0,0.0,0.0,0.0,0.0,0.0,-724.7885849748274,-1020.8200017353315,100.0,-1852.349746451996,65.40755071628837,0.0,14.46822627672603,1596.9002859870614,2348.0237453521045,100.0,637.2279763154768,126.5290874717175,0.0,68.83196408341432,0.0,0.0,0.0,0.0,0.0,0.0,0.0,0.0
-1877.522334709997,-3380.63657438712,361.72875273137515,388.96653709793327,88.07783822106558,-61.01679337370257,683.7792933364539,987.2195804816797,182.5382025145911,-720.7665035169771,-68.98496434900835,23.064836688841694,83.12459377231475,-1694.1312691689175,-2410.813985200673,282.17421641291696,279.09989638388424,-124.614735729308,-10.45005269721969,26.788298372142606,0.0,0.0,0.0,0.0,0.0,0.0,0.0,-658.6656269917553,-987.2195804816797,100.0,1044.5710089968554,68.98496434901517,0.0,21.77523981208133,1669.978831302223,2410.8139852006807,100.0,489.71328649205816,124.61473572906925,0.0,66.10606681013763,0.0,0.0,0.0,0.0,0.0,0.0,0.0,0.0
-1942.9065168161226,-3415.900607820515,332.33939410788923,296.3518996498999,-431.5316176937199,-56.451510677786416,632.6692145118063,951.8443258912102,193.8976248120461,924.1012650510231,-72.50639969065105,22.35754249584062,81.37018824167356,-1647.845456299054,-2472.621702286195,276.58775737478567,-887.9474730555103,-122.59926456126095,-11.888254136091234,18.006940155264413,0.0,0.0,0.0,0.0,0.0,0.0,0.0,-571.6443990085539,-951.8443258912102,100.0,-498.5778918841902,72.50639969065105,0.0,14.566992237740035,1708.079317935519,2472.6217022861874,100.0,-235.16057882454334,122.59926456148605,0.0,86.61588632635203,0.0,0.0,0.0,0.0,0.0,0.0,0.0,0.0
-1799.133852269307,-3411.4590123345984,305.3616625889555,303.9885904391167,1950.2229982142103,-51.37759880654016,539.3123326740197,914.7229434408237,204.88088148843562,471.60066002450776,-75.9689992498943,21.560681193178795,80.7500001540518,-1697.1373776466323,-2533.3967423407667,270.2938657092752,-610.7033120925314,-120.48430943523954,-13.27882974300536,23.515894313423384,0.0,0.0,0.0,0.0,0.0,0.0,0.0,-552.2330830758398,-914.7229434408237,100.0,-630.6181394571252,75.9689992498943,0.0,19.791706287700144,1725.5955986656068,2533.396742340774,100.0,-262.45420716156787,120.48430943501444,0.0,78.95068879325746,0.0,0.0,0.0,0.0,0.0,0.0,0.0,0.0
-1734.5752453193427,-3272.432985897224,281.038628044091,-1020.7767695104724,58.33736040213353,-45.840773801517116,325.4688337655508,875.8855555140567,215.44397224473965,443.33494118176503,-79.36995327813747,20.67744510683184,85.8612962240782,-1699.4072041341533,-2593.0897890689266,263.31775553305806,-1114.2532607347005,-118.27158654424011,-14.616208698275557,9.082374097459706,0.0,0.0,0.0,0.0,0.0,0.0,0.0,-418.09112985645856,-875.8855555140567,100.0,-371.71071369528903,79.36995327813747,0.0,22.699337536373505,1708.7608720715627,2593.0897890689193,100.0,1291.7140959397193,118.27158654445157,0.0,82.90852807790219,0.0,0.0,0.0,0.0,0.0,0.0,0.0,0.0
-1743.94961270364,-3356.214990362413,259.58944147303635,-158.7039857739967,-19.502993894820975,-39.89092256053681,450.51474814198804,835.3636769580799,225.5445800191298,32.36421662351745,-82.70650204946719,19.711372590956415,80.25099734073335,-1779.7863909543094,-2651.6524041655684,255.68737401542955,-846.1722768112236,-115.96289141728903,-15.895033294652023,8.169616598211118,0.0,0.0,0.0,0.0,0.0,0.0,0.0,-368.87541927872024,-835.3636769580799,100.0,-546.7817715181752,82.70650204946378,0.0,28.878561131192598,1778.1000948157246,2651.652404165575,100.0,1493.5183274067163,115.96289141707075,0.0,90.70092055083893,0.0,0.0,0.0,0.0,0.0,0.0,0.0,0.0
-1705.508636224824,-3269.5182951239103,241.20736045112244,1275.9315853830685,947.3742971425554,-33.58165335528213,291.48121517584354,793.1901895107735,235.14224051440786,-1662.6422107589992,-85.97593810000603,18.666333852798402,72.79262652112263,-1733.9317676490482,-2709.0370666216313,247.43328941845485,-423.2479243130399,-113.560097458967,-17.110180400962776,15.15580130731725,0.0,0.0,0.0,0.0,0.0,0.0,0.0,-308.05275025043966,-793.1901895107737,100.0,405.5484359136585,85.97593810000603,0.0,24.85943993610852,1822.469408151021,2709.037066621624,100.0,70.84693469356694,113.56009745917845,0.0,89.12443886775972,0.0,0.0,0.0,0.0,0.0,0.0,0.0,0.0
-1692.255032618229,-3154.0862439952766,226.05800787486294,1091.4208722035835,-1235.5101136026087,-26.969812820273376,234.55887790828012,749.3993151186248,244.1985043030392,679.1256470617011,-89.1756084249323,17.546515448159568,72.42094562799392,-1769.1049306330724,-2765.197211285226,238.5885686366892,102.42903578760661,-111.06515443268563,-18.256781986021764,9.154254956253023,0.0,0.0,0.0,0.0,0.0,0.0,0.0,-292.6089614636502,-749.3993151186248,100.0,-629.247328168377,89.1756084249323,0.0,32.86972939971111,1819.6008356311256,2765.1972112852186,100.0,1254.1139787687962,111.065154432481,0.0,80.59263594689179,0.0,0.0,0.0,0.0,0.0,0.0,0.0,0.0
-1550.682821424868,-3213.948219600355,214.27787969654003,-41.84002547816931,175.4815233694012,-20.114973763346313,176.51183394997804,704.0265881671323,252.677090860361,366.72202111729945,-92.30291663127105,16.356403509533237,75.40116513259031,-1712.01010841852,-2820.0872666472687,229.1886447270696,452.829737423275,-108.480086875104,-19.33024462056622,9.464279739800313,0.0,0.0,0.0,0.0,0.0,0.0,0.0,-205.932276600186,-704.0265881671326,100.0,-1076.3145726159923,92.30291663126422,0.0,31.548509031002975,1832.4568627627184,2820.087266647275,100.0,-479.7293110823159,108.48008687530182,0.0,92.26049624068307,0.0,0.0,0.0,0.0,0.0,0.0,0.0,0.0
-1459.2141397796033,-3161.2322769248503,205.97311509309486,987.1790918582451,-756.5672013041626,-13.078898413683646,214.69011650172547,657.1088266461693,260.5440339089048,-227.08865436890662,-95.35532504474418,15.10076577409535,70.47856061377286,-1693.667170514639,-2873.662691820816,219.27117495965385,2087.2723603623936,-105.80699245665755,-20.326267879114397,8.528861183859362,0.0,0.0,0.0,0.0,0.0,0.0,0.0,-147.4043901882251,-657.1088266461697,100.0,-1158.1704964379019,95.35532504474077,0.0,23.130469696332703,1771.3439177237242,2873.6626918208085,100.0,-137.51926509152554,105.80699245645974,0.0,89.20009878479796,0.0,0.0,0.0,0.0,0.0,0.0,0.0,0.0
-1449.5425133840333,-3068.0614811996134,201.21854015015344,1397.3292649714028,-1575.813754462199,-5.924981942752936,-12.327022104974397,608.6841022738108,267.7678174915453,1660.458171611619,-98.3303567689984,13.784632483552173,66.86049544919713,-1864.904532025143,-2925.880012683954,208.87588995789415,-577.9334437862735,-103.04804027613272,-21.24086156800132,6.773611718286746,0.0,0.0,0.0,0.0,0.0,0.0,0.0,-89.97781405038167,-608.6841022738113,100.0,-722.9395798397018,98.33035676900181,0.0,34.961351836960034,1790.6125301732434,2925.8800126839606,100.0,2517.2691089330215,103.04804027633054,0.0,100.0,0.0,0.0,0.0,0.0,0.0,0.0,0.0,0.0
-1383.340923375418,-3046.0468367669155,200.05699367757512,993.0896483879053,988.7381427672153,1.2823187271706615,14.16452473667118,558.7917096027895,274.31950222836485,1352.365904143514,-101.22559769549184,12.413276232367991,67.58016268017367,-1816.6762762941855,-2976.6968571572665,198.04443453279256,-1063.3762369226963,-100.20546910373469,-22.07036171059599,12.156156847869934,0.0,0.0,0.0,0.0,0.0,0.0,0.0,27.194241295416347,-558.7917096027895,100.0,1408.8165215689626,101.22559769549184,0.0,30.281958011149655,1779.2978766814583,2976.6968571572597,100.0,122.8702075470801,100.20546910354369,0.0,99.92443164542924,0.0,0.0,0.0,0.0,0.0,0.0,0.0,0.0
-1358.7346060489754,-2959.2996338313533,202.49894123097357,1112.9467404638513,-1144.9725213559782,8.478065681180453,-128.61932868920127,507.4721341346774,280.17284125142623,355.0342558745758,-104.03869846242287,10.992190845087748,60.448555754635876,-1766.1409404448882,-3026.071989586818,186.82020084858306,-827.5407497313643,-97.28158556129074,-22.811445225648868,8.326714941433409,0.0,0.0,0.0,0.0,0.0,0.0,0.0,20.371471687776477,-507.4721341346776,100.0,334.1448291225015,104.03869846241946,0.0,41.1784469584579,1800.862872189673,3026.0719895868233,100.0,-320.13969887076655,97.28158556146809,0.0,96.57297511592702,0.0,0.0,0.0,0.0,0.0,0.0,0.0,0.0
-1345.4459060711285,-2973.8626699691795,208.52238081686215,408.5075547815268,-238.42414090078364,15.59742510362696,-155.2695945141398,454.76701946766957,285.3043853530065,340.37450773079,-106.76737636126177,9.527069367399008,53.40455404892894,-1848.3288764235335,-3073.9653442051954,175.24815458829818,536.5952324451666,-94.27876225354566,-23.46114323999302,4.054167898372528,0.0,0.0,0.0,0.0,0.0,0.0,0.0,119.02613162891697,-454.7670194676698,100.0,-231.80850942515193,106.76737636126177,0.0,48.67156216428713,1822.3624010198682,3073.9653442051895,100.0,-749.5578573582213,94.27876225355249,0.0,89.64999849031665,0.0,0.0,0.0,0.0,0.0,0.0,0.0,0.0
-1170.775825471455,-2823.920855245267,218.07304113102703,1328.8588272920242,-1841.5475639306192,22.576251431854928,-238.56108960843613,400.71913350461637,289.69357692605365,99.23882582186351,-109.40941718865815,8.023781259045393,49.26200555028684,-1822.0497512741597,-3120.3380576430336,163.37465481562256,1924.3928049655858,-91.19943584018074,-24.016852982138914,0.0,0.0,0.0,0.0,0.0,0.0,0.0,0.0,259.21184780101,-400.7191335046166,100.0,-101.59237971759183,109.40941718865474,0.0,46.412459689268296,1775.5470940251023,3120.338057643039,100.0,-84.72237257965844,91.19943584017392,0.0,91.50441166058009,0.0,0.0,0.0,0.0,0.0,0.0,0.0,0.0
-1138.941164651466,-2780.270482117913,231.0648705440085,-1102.1925198920462,176.14586407316665,29.351665309081625,-297.14130405533166,345.37233374873745,293.3228323205302,545.4926836002005,-111.96267704375146,6.488348880093326,52.484928890037935,-1789.2182398231434,-3165.152500465038,151.24726825468952,870.0851606397509,-88.04610506050722,-24.476348209421985,0.0,0.0,0.0,0.0,0.0,0.0,0.0,0.0,303.079454154639,-345.3723337487377,100.0,52.745523445004494,111.96267704375146,0.0,49.10988012657016,1816.0927036836904,3165.152500465032,100.0,-544.1691145179493,88.0461050605004,0.0,100.0,0.0,0.0,0.0,0.0,0.0,0.0,0.0,0.0
-990.4161835063846,-2754.2518776862876,247.38081242789292,1112.2291860007203,-281.3365909880622,35.8626201286134,-364.3003872479591,288.77153171516784,296.1776122857128,-133.27228772221616,-114.42508406748061,4.926923364562015,44.78537736588866,-1772.0284665741206,-3208.3723077045406,138.91457873183893,703.4559713936926,-84.82132870498162,-24.837788126530427,5.362054836338752,0.0,0.0,0.0,0.0,0.0,0.0,0.0,333.0234255744984,-288.77153171516807,100.0,948.0253842546879,114.42508406748402,0.0,51.94387068352214,1757.0282872717694,3208.3723077045456,100.0,-857.3552442713549,84.82132870498162,0.0,100.0,0.0,0.0,0.0,0.0,0.0,0.0,0.0,0.0
-948.5475471167946,-2625.4027955412585,266.87385983875225,825.7146924993083,74.86397019756168,42.05045206481685,-388.3802806556398,230.96265648722238,298.246480216248,-144.32167944034603,-116.79464012389985,3.345759978227534,40.24951654162213,-1808.1262199547223,-3249.9624083721733,126.42599254273652,2005.1705409530905,-81.52772353902719,-25.099724759980404,0.0,0.0,0.0,0.0,0.0,0.0,0.0,0.0,394.676193806434,-230.9626564872226,100.0,-222.90817001247092,116.79464012390326,0.0,67.7259856377463,1728.0952918563605,3249.9624083721683,100.0,-1122.325593571312,81.52772353903401,0.0,93.84416731905769,0.0,0.0,0.0,0.0,0.0,0.0,0.0,0.0
-902.2619023655722,-2528.769721682327,289.3683800519608,1461.3720672666113,-886.8043111537713,47.859408635162026,-547.0003675866558,171.99261744694695,299.5211479686225,1331.9477207351108,-119.06942242157015,1.7511930592391423,32.044889648781044,-1754.927924255378,-3289.8890539143617,113.83154052457817,770.1150345545614,-78.1679621796593,-25.261108758858555,9.05709324445118,0.0,0.0,0.0,0.0,0.0,0.0,0.0,500.5028645038665,-171.99261744694718,100.0,-643.3385307902319,119.06942242157356,0.0,54.39029456715989,1732.8066481574444,3289.8890539143663,100.0,-412.12691664637987,78.16796217966612,0.0,97.62508441080374,0.0,0.0,0.0,0.0,0.0,0.0,0.0,0.0
-758.5385768281265,-2508.1849750964307,314.66169701637773,-1379.793930326753,-160.39354060186952,53.23715103153006,-479.19870725899057,111.9092662101989,299.9965090645021,-835.0807913492389,-121.24758507382921,0.1496106419781995,40.60910942065094,-1699.8116359611138,-3328.119845598886,101.18167762630293,319.6410481436328,-74.7447709267567,-25.321293598736645,15.56080159784797,0.0,0.0,0.0,0.0,0.0,0.0,0.0,577.2925922499182,-111.90926621019912,100.0,485.0705730228856,121.24758507383262,0.0,70.22763234214962,1775.2210487192287,3328.119845598881,100.0,467.0660783937399,74.74477092674988,0.0,88.18035047504507,0.0,0.0,0.0,0.0,0.0,0.0,0.0,0.0
-630.229986249881,-2339.3880855098773,342.52591746936156,-1084.2262156402319,951.7249283871274,58.13522569369127,-602.1173705606304,50.761357797148776,299.6706591479226,-633.3093329412179,-123.32736059664057,-1.4525711342119507,28.025761608305515,-1700.5673277173994,-3364.6237608049632,100.0,-1384.0561067392139,-71.26092755075888,0.0,6.02308015322029,0.0,0.0,0.0,0.0,0.0,0.0,0.0,577.8257953127949,-50.761357797149,100.0,2454.201196199605,123.32736059663716,0.0,68.45508870668885,1686.3799387954953,3364.623760804968,111.47291922023797,-18.126492763032047,71.26092755077252,25.280038171602186,99.32269499098281,0.0,0.0,0.0,0.0,0.0,0.0,0.0,0.0
-589.638694775395,-2340.285873051461,372.70998425939274,833.6907660876489,246.97063520043912,62.50950087643275,-726.1287647608744,-11.40148893029459,298.5449036143769,1257.1646966187204,-125.30706134282809,-3.048933728885288,17.735104586940523,-1656.6458519169632,-3399.3711781968245,100.0,-1641.2883214329179,-67.71925903871306,0.0,9.979291820950683,0.0,0.0,0.0,0.0,0.0,0.0,0.0,674.9291438915482,11.401488930294363,100.0,2669.625434852678,125.30706134282809,0.0,73.80165107873542,1638.6733162426028,3399.3711781968204,124.08155411840707,-930.1853958219363,67.7192590387267,25.13750775185308,83.51650151321775,0.0,0.0,0.0,0.0,0.0,0.0,0.0,0.0
-555.9952783096464,-2272.060525371305,404.94193837570776,462.1059821901383,404.847839455997,66.32056427795987,-746.2740337950596,-74.5288315320272,296.6237523812383,641.742468530532,-127.18508087154987,-4.63308191396095,15.404805744415148,-1631.555897552388,-3432.3339017600674,100.0,-684.1868322673611,-64.12263930021936,0.0,17.40038102070536,0.0,0.0,0.0,0.0,0.0,0.0,0.0,753.047377983,74.52883153202697,100.0,1393.788680893574,127.18508087155328,0.0,68.68295799785145,1594.2922319532747,3432.3339017600715,136.59371530087458,-136.89165972029514,64.12263930021254,24.89427333416529,89.83762791472235,0.0,0.0,0.0,0.0,0.0,0.0,0.0,0.0
-386.52839577368053,-2165.9692523950143,438.93136930414914,1380.4028597579709,1014.424556810693,69.5340781451057,-798.711273293798,-138.56944492159028,293.91490182046743,985.5710587207693,-128.95989525183495,-6.1986693938087,29.02383724592015,-1605.3057561661492,-3463.48518368156,100.0,-1509.9947848459897,-60.47398683536812,0.0,14.872869259915051,0.0,0.0,0.0,0.0,0.0,0.0,0.0,807.2880084255705,138.56944492159005,100.0,-1043.4547606660458,128.95989525183495,0.0,78.87541130219375,1537.9562366952832,3463.4851836815565,148.95927748607454,367.0920225766406,60.47398683536812,24.551309346018115,80.91670938252854,0.0,0.0,0.0,0.0,0.0,0.0,0.0,0.0
-336.56408519921115,-2078.9965214739345,474.3720316313387,-1171.153320251281,-271.417573251656,72.12108865758807,-767.7429948035575,-203.47136293310325,290.42920392598387,-941.9538894110599,-130.63006429918346,-7.739424229308156,19.885029723254725,-1611.021584691959,-3492.7997460540687,100.0,-28.44108224004458,-56.77626236659307,0.0,27.132236774782037,0.0,0.0,0.0,0.0,0.0,0.0,0.0,849.9704626336803,203.47136293310302,100.0,1628.4531326841443,130.63006429918175,0.0,84.26863663083772,1580.7924740602605,3492.7997460540646,161.12870268634862,137.51942080977983,56.77626236659307,24.10998974401295,84.39944306980938,0.0,0.0,0.0,0.0,0.0,0.0,0.0,0.0
-160.03117262683804,-1965.781405771151,510.9446043216388,1309.7994419453069,-1948.6556298586822,74.05828680169009,-934.961976749982,-269.1819204895097,286.1806228392238,673.2079274904874,-132.1942327442207,-9.249173964009572,13.569011280577538,-1606.6870644455307,-3520.2538013882004,100.0,1522.3384916197938,-53.032466436091,0.0,22.731213755889986,0.0,0.0,0.0,0.0,0.0,0.0,0.0,912.7604512498085,269.18192048950937,100.0,680.3773901906948,132.1942327442207,0.0,88.48912814939558,1493.5245070996796,3520.2538013882036,173.05323866331065,1550.3857704063398,53.03246643609782,23.572082509636232,85.5650585772057,0.0,0.0,0.0,0.0,0.0,0.0,0.0,0.0
-141.59848432885573,-1927.192852612349,548.3195678057198,-1642.964701456215,236.47209095949734,75.32821838569589,-949.8754041898944,-335.6477963380395,281.18617890704184,-996.659741716399,-133.65113133245188,-10.721870351776488,18.0009598081726,-1493.4389647011435,-3545.825071914937,100.0,-1643.5108495423435,-49.245636971052136,0.0,30.88742464347527,0.0,0.0,0.0,0.0,0.0,0.0,0.0,995.4849817542134,335.64779633803914,100.0,-68.6015699857694,133.65113133245018,0.0,93.29643290133714,1521.5732276347621,3545.825071914934,184.6851142354154,-299.45059117208416,49.245636971052136,22.939742566500314,75.70282308216737,0.0,0.0,0.0,0.0,0.0,0.0,0.0,0.0
0.6985996514198902,-1648.1533709334979,586.1601729580586,1255.8065648210436,369.05669428524334,75.91944130200488,-1023.2567854972425,-402.81505631804896,275.4658804960754,-556.8230316359495,-134.99957785417791,-12.151613586810015,9.7366938742015,-1522.0216343989516,-3569.4928076630235,100.0,-38.46918955252704,-45.41884681848842,0.0,24.07063407465929,0.0,0.0,0.0,0.0,0.0,0.0,0.0,1037.6992431341519,402.81505631804873,100.0,190.58351542472224,134.99957785417962,0.0,81.2912371463124,1450.6809794559078,3569.4928076630263,195.97773065527713,152.7866715745438,45.41884681849524,22.21550314745258,66.61497222078225,0.0,0.0,0.0,0.0,0.0,0.0,0.0,0.0
-44.38071886461538,-1729.1281825233098,624.1254752129234,1206.909037446008,-391.82607456051187,75.8266286212546,-1085.7464192203217,-470.62919712624876,269.04264383672694,-564.1603309559412,-136.23847810384063,-13.532675939008527,0.0,-1414.9514660883126,-3591.2378032967163,100.0,-2137.573522483192,-41.55520125179464,0.0,26.873152499933195,0.0,0.0,0.0,0.0,0.0,0.0,0.0,1151.130023917583,470.6291971262485,100.0,538.9373124808253,136.23847810384234,0.0,87.9200419738329,1480.2857044536588,3591.2378032967135,206.88584829007732,-477.9209107234817,41.55520125179464,21.402265646126324,73.13870466802892,0.0,0.0,0.0,0.0,0.0,0.0,0.0,0.0
200.28497455128323,-1566.4577045517797,661.8734064813494,-1082.3341295130376,-1209.5834474590947,75.05061658719683,-1185.0900430105446,-539.0351905437586,261.9422012178808,727.623098908449,-137.36682676789712,-14.85952469997585,8.040781757355582,-1376.6567784499875,-3611.0424137000305,100.0,-517.5802655532107,-37.65783545089789,0.0,29.41426497757639,0.0,0.0,0.0,0.0,0.0,0.0,0.0,1171.8335856987285,539.0351905437584,100.0,-1643.305291027956,137.36682676789712,0.0,89.19098483743467,1373.8656459488877,3611.0424137000327,217.365767857188,1275.9792120263432,37.65783545089789,20.503287993598036,67.4258523467224,0.0,0.0,0.0,0.0,0.0,0.0,0.0,0.0
229.6816998828675,-1516.5797382063502,699.0638571910571,-745.4450650507493,1293.4969410952488,73.59839708304776,-1208.3361556232687,-607.977528089108,254.19299790013753,405.2860277397963,-138.38370824072342,-16.12684434774806,5.461829975694251,-1345.8927491544512,-3628.8905682950235,100.0,-1606.174084989899,-33.72991195823943,0.0,38.45032859481659,0.0,0.0,0.0,0.0,0.0,0.0,0.0,1233.8621728871724,607.9775280891076,100.0,-743.0638212108181,138.38370824072342,0.0,94.48169915532944,1306.9755604387535,3628.8905682950212,227.37550548896007,455.72779147751135,33.72991195830764,19.522171606719496,63.48764430264486,0.0,0.0,0.0,0.0,0.0,0.0,0.0,0.0
312.0146567533336,-1360.2216994541811,735.361740680098,21.45089877202139,90.69388826767295,71.48305463367194,-1249.0099650023467,-677.4002660609483,245.8260781605449,584.9545908861592,-139.2882973670794,-17.329557841388805,0.12636653532941988,-1267.6095331711776,-3644.7677840823303,100.0,-1265.591655599677,-29.774618112560347,0.0,48.66888971317499,0.0,0.0,0.0,0.0,0.0,0.0,0.0,1257.8836824310636,677.400266060948,100.0,-65.03001629877872,139.2882973670794,0.0,91.77481930675117,1285.4235293363633,3644.767784082332,236.87496092534442,351.95965890098364,29.774618112498956,18.462846960332087,58.00380989592464,0.0,0.0,0.0,0.0,0.0,0.0,0.0,0.0
427.9417011278105,-1212.494125942156,770.4400123340081,798.2620438987692,182.6097431028154,68.72364851473321,-1335.2284541758386,-747.2470709339284,236.87496092534357,779.6215468945115,-140.07986011244952,-18.462846960332513,3.3840983267888105,-1279.1819440175716,-3658.6611773935215,100.0,325.4247126933444,-25.79516346218952,0.0,32.7344510414867,0.0,0.0,0.0,0.0,0.0,0.0,0.0,1292.2725473020637,747.2470709339282,100.0,1166.1718848165037,140.07986011245123,0.0,84.13915670077121,1247.684340642083,3658.6611773935197,245.82607816054573,1126.8649690358814,25.79516346224409,17.329557841388805,54.06475393913291,0.0,0.0,0.0,0.0,0.0,0.0,0.0,0.0
594.5242505412081,-1141.9361375771903,803.9826162639579,-417.7060631514149,604.8694443568957,65.34504102706876,-1285.7835886019934,-817.4612650708943,227.37550548895916,1053.1038652150312,-140.75775415818327,-19.522171606719922,0.9569818962017482,-1175.5654037995532,-3670.559474345606,100.0,722.8425143836807,-21.79477716133306,0.0,51.23014599399454,0.0,0.0,0.0,0.0,0.0,0.0,0.0,1335.86849782706,817.4612650708941,100.0,-539.5759469438383,140.75775415818157,0.0,100.0,1197.4664376500994,3670.559474345607,254.1929979001383,192.64833591707543,21.79477716129213,16.126844347747635,58.62965182307371,0.0,0.0,0.0,0.0,0.0,0.0,0.0,0.0
650.6339840916245,-1085.702603994704,835.6873329762582,716.4819681983505,-770.8663111782221,61.37767348813043,-1379.9327498532407,-887.9858727143209,217.36576785718705,-686.2069300778433,-141.3214294228061,-20.50328799361509,0.0,-1195.7083561865647,-3680.4530199893243,100.0,-236.76236784054026,-17.776705348874202,0.0,51.36920128608897,0.0,0.0,0.0,0.0,0.0,0.0,0.0,1432.91955483942,887.9858727143205,100.0,-477.66530797178575,141.32142942280439,0.0,86.09700248980845,1114.0901101786358,3680.453019989323,261.94220121788146,589.5130922539465,17.77670534890831,14.85952469998864,43.200177346942944,0.0,0.0,0.0,0.0,0.0,0.0,0.0,0.0
683.1687676919423,-954.6429235047555,865.2685023756851,190.5959133440581,1015.4927780162353,56.8572919539406,-1422.8071036329154,-958.7636662196546,206.8858482900763,-305.5318033685694,-141.77042850841815,-21.402265646144656,3.27745946266882,-1140.9243077962158,-3688.333786143695,100.0,-10.075001735816613,-13.744208515079208,0.0,62.13759665675204,0.0,0.0,0.0,0.0,0.0,0.0,0.0,1455.8118272586253,958.7636662196544,100.0,1448.250652357483,141.77042850841985,0.0,91.20343666071103,1130.6147729512227,3688.3337861436958,269.0426438367275,522.2768220039518,13.744208515051923,13.532675939021317,45.589137810096084,0.0,0.0,0.0,0.0,0.0,0.0,0.0,0.0
878.0908445257813,-924.5299479337178,892.4595975683344,1288.051259677657,-657.0708151194884,51.82462514754434,-1438.6230947499366,-1029.7372124930534,195.9777306552761,1422.7555557445453,-142.1043870717051,-22.21550314745258,4.132624041155118,-1073.7094937907484,-3694.195377910553,100.0,-566.0736822382148,-9.700558855199688,0.0,52.71428719558871,0.0,0.0,0.0,0.0,0.0,0.0,0.0,1433.1384470971639,1029.7372124930532,100.0,23.282932572590198,142.1043870717051,0.0,94.15349833481238,1015.3863151833098,3694.195377910552,275.46588049607595,75.62589871051728,9.700558855199688,12.151613586810015,49.093422405909486,0.0,0.0,0.0,0.0,0.0,0.0,0.0,0.0
840.2632295804722,-722.8908002347629,917.015626273967,-671.7272454197388,-1548.9978204359352,46.325017491612925,-1556.3866392886227,-1100.8489195958373,184.68511423541435,-276.13431383276634,-142.32303412011674,-22.93974256650074,0.0,-883.3502958508643,-3698.033038863715,100.0,610.8164289014763,-5.649037614739427,0.0,52.313379065214185,0.0,0.0,0.0,0.0,0.0,0.0,0.0,1492.0643985503086,1100.848919595837,100.0,978.9293537567414,142.32303412011333,0.0,100.0,952.6985364013011,3698.0330388637153,281.18617890704235,852.3298263133,5.649037614739427,10.721870351776488,39.51103130461394,0.0,0.0,0.0,0.0,0.0,0.0,0.0,0.0
1014.7283886571583,-676.3596437776434,938.7153382110619,1354.5385095096462,1774.3413082467282,40.40802055494737,-1544.8463337747573,-1172.041083477837,173.05323866330954,-673.9149941450285,-142.42619223096767,-23.572082509636232,11.684635723240639,-933.3530850664191,-3699.843654908624,100.0,219.84349699176164,-1.5929324265221112,0.0,57.327621360095826,0.0,0.0,0.0,0.0,0.0,0.0,0.0,1559.6638243572081,1172.0410834778368,100.0,821.9005298557022,142.42619223096767,0.0,96.71286523966178,943.2331779365195,3699.8436549086236,286.18062283922427,1111.6719248072457,1.5929324265289324,9.249173964018098,31.02010487463111,0.0,0.0,0.0,0.0,0.0,0.0,0.0,0.0
1043.959692848894,-563.3857548322461,957.3632185660174,691.5255908818756,361.10769617725737,34.12694659133024,-1529.6172889827005,-1243.2559348017137,161.12870268634748,-397.8095390059309,-142.41377769595488,-24.10998974401295,10.53179546684651,-859.616796962908,-3699.625756809293,100.0,1118.4651504896317,2.4644653569066577,0.0,66.79885188253489,0.0,0.0,0.0,0.0,0.0,0.0,0.0,1560.1593964322549,1243.2559348017135,100.0,1521.5269446445257,142.4137776959583,0.0,90.710301999502,867.0644424078176,3699.625756809293,290.4292039259842,-74.24450182089913,-2.4644653569066577,7.739424229314977,35.00206493236452,0.0,0.0,0.0,0.0,0.0,0.0,0.0,0.0
1103.4561331514985,-447.7143592228421,972.791249585317,1627.8322221877158,-667.363093072461,27.538388195625316,-1640.7018472702512,-1314.4356858202593,148.9592774860748,1939.050830584439,-142.28580058892817,-24.551309346018115,9.67763783003247,-833.1833381220598,-3697.37952138053,100.0,426.6783593833395,6.519863334137881,0.0,81.63133247770202,0.0,0.0,0.0,0.0,0.0,0.0,0.0,1624.0274332282017,1314.4356858202589,100.0,-82.93504083767516,142.28580058893158,0.0,88.21919557618403,792.567141655762,3697.3795213805306,293.9149018204673,-1116.4125261134996,-6.519863334137881,6.198669393815521,28.29950121646154,0.0,0.0,0.0,0.0,0.0,0.0,0.0,0.0
1098.1671879055457,-412.29303539916225,984.8604244186596,-337.2474293301366,-860.4299347492451,20.701708403148587,-1648.4796429398918,-1385.5225772686417,136.5937153008734,1402.8474505565623,-142.042364757732,-24.89427333416529,10.645453035765128,-723.161341964978,-3693.1067713444604,100.0,-427.8421390780818,10.569970726514839,0.0,78.34202185330636,0.0,0.0,0.0,0.0,0.0,0.0,0.0,1569.102651150975,1385.5225772686413,100.0,309.20509472124536,142.0423647577354,0.0,86.08462554408648,693.8294081621843,3693.106771344461,296.6237523812388,139.32518247771327,-10.569970726514839,4.633081913964361,29.007459918832602,0.0,0.0,0.0,0.0,0.0,0.0,0.0,0.0
1299.876537739136,-242.39714778821235,993.4619995732877,2466.1393818711067,1640.9521427284103,13.678505827776917,-1694.8449094505274,-1456.4589252334952,124.0815541184059,817.3146475227043,-141.68366773993284,-25.13750775185308,13.314048384285437,-665.6713631400153,-3686.810973851467,100.0,985.6840773289127,14.611501048445916,0.0,77.43511879463135,0.0,0.0,0.0,0.0,0.0,0.0,0.0,1669.7402571315695,1456.458925233495,100.0,295.1341926591533,141.68366773993284,0.0,87.79783818710958,649.4139583601129,3686.8109738514663,298.54490361437723,64.94030986572227,-14.611501048452737,3.048933728887846,22.61374778882531,0.0,0.0,0.0,0.0,0.0,0.0,0.0,0.0
1386.7293955011646,-164.7071544290094,998.518474694916,2167.7544938993024,1092.974643666295,6.532059657027958,-1737.7656517658404,-1527.1871679609546,111.4729192202368,427.53406734111195,-141.21000060252072,-25.280038171602186,13.429722834393909,-640.5628555544408,-3678.497237666745,100.0,204.94826634238564,18.64117477426589,0.0,83.018509046361,0.0,0.0,0.0,0.0,0.0,0.0,0.0,1741.9296231189378,1527.1871679609544,100.0,768.5127542485895,141.2100006025173,0.0,85.68710354049578,649.9357713681716,3678.4972376667465,299.6706591479227,-985.2776399314735,-18.641174774279534,1.4525711342128034,14.174633618825332,0.0,0.0,0.0,0.0,0.0,0.0,0.0,0.0
1323.8938707122709,55.57751975267882,999.9842908473846,276.3664037299236,-986.1582933665958,-0.6732404943591064,-1673.4583261383168,-1597.6499125654739,100.0,34.38170137352017,-140.62174770572483,0.0,21.116423209311396,-528.668112710432,-3668.172309024772,100.0,-623.2307144698677,22.65572199944245,0.0,75.24786917354345,0.0,0.0,0.0,0.0,0.0,0.0,0.0,1679.436765812874,1597.6499125654736,101.18167762630411,434.0157002226226,140.62174770572483,25.32129359871533,78.79460110330173,527.87788087684,3668.1723090247706,299.9965090645021,-1177.5010805269922,-22.65572199944245,-0.14961064197905216,9.866650433769877,0.0,0.0,0.0,0.0,0.0,0.0,0.0,0.0
1538.5938669453149,-11.799676405610711,997.8462409995283,331.01455949364436,-102.09848942722516,-7.872474736195727,-1716.9122410449813,-1667.7899816016586,100.0,-1046.4356595738332,-139.91938639113073,0.0,16.943321186594225,-471.4350062711637,-3655.8445661550154,100.0,36.716544473912336,26.65188509389054,0.0,89.74190634329928,0.0,0.0,0.0,0.0,0.0,0.0,0.0,1663.1036369803683,1667.7899816016584,113.83154052457934,329.1604783736409,139.91938639112732,25.26110875883745,91.86565582721855,434.63951712758393,3655.844566155017,299.52114796862224,-413.9636293794746,-26.65188509389054,-1.751193059239995,16.780815720939295,0.0,0.0,0.0,0.0,0.0,0.0,0.0,0.0
1504.117659328516,153.3300050897251,992.1235890207782,2430.429104873797,-183.96519912834123,-15.000777832277095,-1702.6219636075518,-1737.5504594612714,100.0,313.03929253411525,-139.10348659432088,0.0,24.871055449881485,-398.8847365919902,-3641.5240124833877,100.0,1701.4001197445727,30.626421345484687,0.0,92.7192501773663,0.0,0.0,0.0,0.0,0.0,0.0,0.0,1690.2986046396072,1737.5504594612712,126.42599254273769,-397.46844728590304,139.1034865943243,25.099724759938198,78.53769255136834,429.6137308034082,3641.524012483386,298.2464802162477,0.5291067891073453,-30.626421345484687,-3.345759978227534,10.666916996945924,0.0,0.0,0.0,0.0,0.0,0.0,0.0,0.0
1676.9571107187664,364.24923307287276,982.867896113338,941.7052382990425,298.0947095885,-21.993923637335797,-1773.9721890568821,-1806.8747385577662,100.0,-306.1882211778561,-138.17471038255007,0.0,30.780409498772144,-367.99737644489323,-3625.2222685148754,100.0,-68.1431663879556,34.576105591334,0.0,89.48953452179455,0.0,0.0,0.0,0.0,0.0,0.0,0.0,1733.1041088440006,1806.8747385577658,138.9145787318401,370.97852818462684,138.17471038254666,24.837788126530427,68.02618687491555,366.6101658559829,3625.2222685148777,296.17761228571237,431.61938591236094,-34.57610559139539,-4.926923364562867,8.717288848354752,0.0,0.0,0.0,0.0,0.0,0.0,0.0,0.0
1646.6572845474493,395.7408634589314,970.1625562447728,-1803.387724312189,-1856.6355602374585,-28.78890377578557,-1828.2262840422584,-1875.7065652608767,100.0,97.27286975774177,-137.13381141695095,0.0,43.31103639666037,-335.11515017997664,-3606.9525624040357,100.0,584.6887822129946,38.49773283492368,0.0,84.79897300454573,0.0,0.0,0.0,0.0,0.0,0.0,0.0,1760.8731070893161,1875.7065652608767,151.24726825469065,2019.4834733687117,137.13381141695095,24.47634820942241,66.33191687287388,330.66329289841144,3606.9525624040334,293.3228323205296,-1729.3827424233316,-38.49773283485547,-6.488348880093326,7.182516269738265,0.0,0.0,0.0,0.0,0.0,0.0,0.0,0.0
1751.6628802373552,470.4301136522797,954.1220447668003,-285.0658260543503,-2209.996644509358,-35.32449534856198,-1732.3639717414912,-1943.9900855439855,100.0,-168.4222590352067,-135.98163434179355,0.0,33.25246485704403,-177.8928147895038,-3586.729719220894,100.0,366.09474746770115,42.388120846496804,0.0,100.0,0.0,0.0,0.0,0.0,0.0,0.0,0.0,1785.446809123807,1943.990085543985,163.37465481562367,-56.79972124347273,135.98163434179696,24.016852982138914,64.41860272857727,253.35341903929364,3586.7297192208966,289.69357692605286,1076.450627935383,-42.38812084657866,-8.023781259046245,16.160802960317596,0.0,0.0,0.0,0.0,0.0,0.0,0.0,0.0
1795.1856981125854,687.6859222693042,934.8908869901995,-61.20982696160581,-113.63735128704832,-41.54181255242008,-1842.2317807394368,-2011.6698903072308,100.0,-1330.2958126756891,-134.71911409854783,0.0,46.10991988033476,-131.1766427998087,-3564.570148921079,100.0,-1446.1676742109235,46.24411274608974,0.0,85.41865489453288,0.0,0.0,0.0,0.0,0.0,0.0,0.0,1793.4747654532837,2011.6698903072306,175.24815458829926,741.9135002821463,134.71911409854442,23.46114323999302,61.04109011350733,160.30760316406548,3564.5701489210765,285.3043853530055,-1733.288035783911,-46.244112746007886,-9.527069367399008,3.5898727413041174,0.0,0.0,0.0,0.0,0.0,0.0,0.0,0.0
1919.237509914486,704.4854073054064,912.6423560090548,-403.6116863055429,1899.5145765719246,-47.38483724207072,-1804.595502175597,-2078.691060339577,100.0,-208.76624589340395,-133.3472751673412,0.0,38.82739370865769,-115.83543526058197,-3540.4918330298237,100.0,1594.8805292340373,50.062579564057614,0.0,99.99612022746915,0.0,0.0,0.0,0.0,0.0,0.0,0.0,1798.0672304190082,2078.6910603395763,186.82020084858414,-915.4838705457576,133.3472751673412,22.811445225668052,65.81472907918898,79.50898026930734,3540.491833029827,280.1728412514251,317.6587676270416,-50.06257956414629,-10.992190845097127,7.115951182225868,0.0,0.0,0.0,0.0,0.0,0.0,0.0,0.0
1822.2377648146642,787.2664080064667,887.5769115068892,240.23097198236655,350.5797942330247,-52.80092365489395,-1816.4820251012193,-2144.999210883357,100.0,125.49295506537533,-131.867230735661,0.0,42.10016788220251,-1.0071008488710316,-3514.5143100507803,100.0,896.5175948164801,53.840422781381676,0.0,93.55714293343674,0.0,0.0,0.0,0.0,0.0,0.0,0.0,1840.8450062683341,2144.999210883357,198.0444345327936,-1427.431855975342,131.86723073566782,22.070361710613895,61.348124157777434,-30.136769096921505,3514.514310050777,274.3195022283636,-452.1223826653036,-53.84042278128618,-12.413276232378223,5.562259235612731,0.0,0.0,0.0,0.0,0.0,0.0,0.0,0.0
1797.0055633780448,986.4197204708543,859.9203936111637,927.549620492,-611.6162584918777,-57.741272750332655,-1758.497794249664,-2210.540535765138,100.0,629.5616378653654,-130.28018179493984,0.0,49.48618265034488,123.9075000797107,-3486.6586596113334,100.0,-807.2829890158157,57.57457684261681,0.0,97.04764711188108,0.0,0.0,0.0,0.0,0.0,0.0,0.0,1792.0105348376753,2210.5405357651375,208.87588995789514,-990.6178424854636,130.28018179493984,21.240861568019227,50.674073703058305,-58.327045933408485,3486.658659611337,267.7678174915439,395.2594983847274,-57.57457684261681,-13.784632483540236,0.0,0.0,0.0,0.0,0.0,0.0,0.0,0.0,0.0
1928.4828162557596,1119.5699405255118,829.921988069442,-253.5887125282227,-1543.3628923678532,-62.161371889853854,-1777.902697905811,-2275.261851057078,100.0,-398.05266756358265,-128.58741616642192,0.0,53.917349693248376,112.85310195441008,-3456.9474853574498,100.0,766.9954130761957,61.262011644835184,0.0,94.39398888462813,0.0,0.0,0.0,0.0,0.0,0.0,0.0,1801.3793355391679,2275.2618510570774,219.2711749596548,2138.1093399048095,128.5874161664151,20.326267879131876,46.71949825097175,-135.93168928313136,3456.947485357446,260.54403390890326,-987.4520534875485,-61.262011644842005,-15.10076577408256,0.4670993289379801,0.0,0.0,0.0,0.0,0.0,0.0,0.0,0.0
1934.8032883573924,1136.826135373333,797.8519810811403,-426.9044385674431,-83.80423445952829,-66.02139589689386,-1775.7248169580623,-2339.11063823337,100.0,20.115789012677396,-126.79030745551245,0.0,59.934965977998225,212.98464568011676,-3425.4048966117502,100.0,535.3873316017753,64.89973499534926,0.0,99.08000011832269,0.0,0.0,0.0,0.0,0.0,0.0,0.0,1756.9956967338587,2339.11063823337,229.18864472707048,-2808.6971588200845,126.79030745551245,19.330244620582846,41.25530034569641,-223.43961857541683,3425.4048966117543,252.67709086035933,-913.405560092443,-64.89973499534926,-16.35640350951917,7.299209434878463,0.0,0.0,0.0,0.0,0.0,0.0,0.0,0.0
1945.4007548022857,1277.948045995185,763.9993240137401,2252.364423085304,785.5470850608526,-69.28656588230638,-1739.7121347470295,-2402.035086786736,100.0,-454.0800129394836,-124.89031393757386,0.0,67.42538425759003,254.86755629845916,-3392.056488809906,100.0,751.5321348381866,68.48479504023999,0.0,94.70324008766367,0.0,0.0,0.0,0.0,0.0,0.0,0.0,1811.5453952758523,2402.0350867867355,238.58856863669004,-148.86466656847915,124.89031393757386,18.25678198603626,42.992032404951594,-316.72829100201903,3392.056488809902,244.1985043030374,1172.8814122842596,-68.48479504023999,-17.5465154481455,10.203474096726248,0.0,0.0,0.0,0.0,0.0,0.0,0.0,0.0
2046.4566105433457,1450.5010864349224,728.6690299455587,22.404333206067122,278.3307899194756,-71.92746260320746,-1803.3981840379956,-2463.984136270391,100.0,250.09342950305495,-122.88897737452089,0.0,53.71399783865105,344.9692335327162,-3356.9293227309936,100.0,5.202120558958256,72.01428265957702,0.0,100.0,0.0,0.0,0.0,0.0,0.0,0.0,0.0,1782.737531463051,2463.984136270391,247.43328941845468,341.2041451396897,122.88897737451407,17.110180400976844,39.13810476359054,-343.8217852950298,3356.929322730998,235.14224051440698,-413.54866833712606,-72.01428265957702,-18.66633385278263,9.816401608537198,0.0,0.0,0.0,0.0,0.0,0.0,0.0,0.0
2079.3891765168214,1475.5523300044313,692.1794254921235,515.8608526006458,727.8204156791276,-73.9202915301297,-1756.2692037072757,-2524.907517731375,100.0,339.4393855018018,-120.7879217637219,0.0,72.46580535481104,420.39739294369633,-3320.051902538921,100.0,-819.3535162985177,75.48533382803498,0.0,94.96014583043333,0.0,0.0,0.0,0.0,0.0,0.0,0.0,1797.5308922442896,2524.9075177313744,255.6873740154294,-1688.005975098365,120.7879217637219,15.895033294665666,39.607532447235265,-392.04524221038054,3320.0519025389162,225.5445800191289,-1097.8864880779747,-75.48533382802816,-19.711372590940215,9.23246594125352,0.0,0.0,0.0,0.0,0.0,0.0,0.0,0.0
1958.9199339908655,1614.0665436199774,654.8592826774022,278.09180629784237,-233.6921983876141,-75.24709723694968,-1782.4832029332974,-2584.755794501618,100.0,-1002.0056637128346,-118.58885202021611,0.0,62.311576904421045,476.0371865472368,-3281.4541526524677,100.0,343.38597858758163,78.89513193890025,0.0,98.52090915329624,0.0,0.0,0.0,0.0,0.0,0.0,0.0,1731.811532892759,2584.755794501618,263.31775553305954,-962.7000507468654,118.58885202021611,14.6162086982892,31.615035897356034,-500.79538021833025,3281.454152652463,215.4439722447387,1288.229984695768,-78.89513193890025,-20.677445106814787,12.609823952375212,0.0,0.0,0.0,0.0,0.0,0.0,0.0,0.0
2012.3122020989988,1736.0740246583048,617.0448566916481,-1720.7592735319315,1259.2126160119005,-75.89592517915833,-1728.060267239795,-2643.4804023136176,100.0,308.1688835726254,-116.2935525932221,0.0,75.30663364247407,540.4992260596838,-3241.1673934629925,100.0,-398.989190998559,82.2409100896607,0.0,94.88639196047134,0.0,0.0,0.0,0.0,0.0,0.0,0.0,1752.8911516429853,2643.4804023136176,270.2938657092766,514.1033090258713,116.2935525932221,13.278829743017297,27.425669557245534,-534.8062978609984,3241.1673934629976,204.88088148843462,-68.74785073262956,-82.24091008966752,-21.560681193160462,11.782974710736132,0.0,0.0,0.0,0.0,0.0,0.0,0.0,0.0
1996.6026561075541,1784.4374212029,579.0768562258087,-1162.2414186955473,345.7146517940464,-75.86092940501374,-1703.2218027448916,-2701.033688708266,100.0,-183.08962911484173,-113.9038860181654,0.0,75.32513201469727,594.8796239390305,-3199.2243159192685,100.0,234.59663600708325,85.51995332720708,0.0,82.8680559012514,0.0,0.0,0.0,0.0,0.0,0.0,0.0,1687.1279446246215,2701.0336887082653,276.58775737478686,-320.121433693688,113.9038860181654,11.888254136101466,22.075522376494373,-629.1330107282096,3199.224315919264,193.89762481204508,99.38986968803363,-85.51995332722072,-22.357542495822287,14.472988421749065,0.0,0.0,0.0,0.0,0.0,0.0,0.0,0.0
1952.2808211483318,2017.970009547529,541.2973736797804,-986.9368211032508,787.2040644430604,-75.14242522685322,-1655.957669774821,-2757.3689517027115,100.0,102.04249234856775,-111.42179140529606,0.0,86.43972104313333,673.5396388103642,-3155.658955000178,100.0,-1586.1478243425809,88.729600850927,0.0,73.48476230446916,0.0,0.0,0.0,0.0,0.0,0.0,0.0,1699.480815142731,2757.3689517027115,282.174216412918,-360.649931613533,111.42179140528924,10.450052697227363,21.851348512537815,-620.6324375472204,3155.6589550001836,182.53820251459,-1580.3784070741171,-88.72960085092018,-23.064836688822936,13.887732329020261,0.0,0.0,0.0,0.0,0.0,0.0,0.0,0.0
1902.7421113225132,1914.141516414581,504.04680290344896,-1377.7465012586742,1451.391040019057,-73.74688638094682,-1653.2379479033648,-2812.440477686994,100.0,-507.50766976008435,-108.84928286617196,0.0,81.42145849913085,774.5946058285654,-3110.5066620968764,100.0,494.02680155763505,91.86724817174763,0.0,88.3018838425698,0.0,0.0,0.0,0.0,0.0,0.0,0.0,1681.987264738668,2812.440477686994,287.03086277052336,-292.09445560718905,108.84928286617878,8.96998704111951,18.930896147574813,-677.9819677442986,3110.506662096871,170.84812186158362,-483.20801416751124,-91.86724817174081,-23.679730263222183,24.421131712964517,0.0,0.0,0.0,0.0,0.0,0.0,0.0,0.0
1924.4033153044068,2058.8468362937842,467.6607722416959,240.0051596335959,612.9180059839587,-71.68688669860359,-1608.6159900294558,-2866.203578518644,100.0,-467.1722289300658,-106.18844787942635,0.0,87.69646857599642,827.2668218473049,-3063.804076326601,100.0,715.0374228310636,94.9303492256604,0.0,81.24024113692036,0.0,0.0,0.0,0.0,0.0,0.0,0.0,1600.0752678634815,2866.2035785186436,291.1382401152722,-1507.2786927872926,106.18844787943317,7.453986495784193,12.721087147317533,-839.9904603530505,3063.804076326607,158.87421477724064,-2223.4333961935768,-94.93034922583774,-24.199759878547837,20.28803841788276,0.0,0.0,0.0,0.0,0.0,0.0,0.0,0.0
1896.7404487065885,2111.388159861385,432.4671205166735,810.3282554020882,901.2316296583776,-68.98098681586987,-1584.539801647206,-2918.6146277851603,100.0,-847.7896231739419,-103.44144559646793,0.0,83.0279642584919,824.1103204317235,-3015.589094801708,100.0,-1756.923299754439,97.91641843989282,0.0,80.51046336106312,0.0,0.0,0.0,0.0,0.0,0.0,0.0,1593.336869108417,2918.6146277851603,294.47989378014904,-533.2165672474116,103.44144559646793,5.908124348889601,17.88839830512777,-788.7385389123604,3015.5890948017022,146.6644502299346,-456.74507549228963,-97.91641843970865,-24.62284223108199,23.025235254593593,0.0,0.0,0.0,0.0,0.0,0.0,0.0,0.0
1955.5291408877317,2288.0788863469306,398.78294319382655,1173.4534736463786,-524.5353453873099,-65.6535669414643,-1537.588443449893,-2969.631096204945,100.0,369.44968396638274,-100.61050508998505,0.0,81.91674866269385,933.2454822197101,-2965.9008418777294,100.0,1027.6532898386256,100.82303274889682,0.0,70.20320874801904,0.0,0.0,0.0,0.0,0.0,0.0,0.0,1601.162845010013,2969.631096204945,297.042436682906,-135.68119756442456,100.61050508997823,4.338593517408356,9.879148809642274,-892.4174664223416,2965.9008418777357,134.26774206251508,170.18691446416426,-100.82303274908782,-24.947282400080724,27.966965190444963,0.0,0.0,0.0,0.0,0.0,0.0,0.0,0.0
1926.7876668938366,2338.50069570514,366.9117353457831,1322.884018224562,-600.5462272852765,-61.73460719148068,-1593.2388106775702,-3019.21158613796,100.0,792.543070757614,-97.69792354476294,0.0,91.88922170324038,1007.3185721342134,-2914.779637405757,100.0,-458.48511410521155,103.64783356262933,0.0,71.42223376114399,0.0,0.0,0.0,0.0,0.0,0.0,0.0,1504.021981907891,3019.21158613796,298.8156029563877,246.08740386690556,97.69792354476976,2.75168173802399,7.31301596708964,-901.0231982853247,2914.7796374057507,121.73375303733943,703.8543145832961,-103.64783356244516,-25.171780637676733,25.626878156484995,0.0,0.0,0.0,0.0,0.0,0.0,0.0,0.0
1856.7374936606248,2472.819505879955,337.1406571560385,-341.8743991463555,323.94023327320156,-57.259417466850664,-1452.0370301237044,-3067.315865178105,100.0,-446.9431070865073,-94.70606439377434,0.0,91.97676070757983,983.8992266227511,-2862.2669640145455,100.0,-386.989159859844,106.38852867760988,0.0,74.50828122962128,0.0,0.0,0.0,0.0,0.0,0.0,0.0,1508.7435316767824,3067.315865178105,299.7922890748782,-111.286715282547,94.70606439377434,1.153746377671041,9.644197114404893,-1033.4271054543553,2862.2669640145523,109.11269588103973,5.122395206674355,-106.38852867781452,-25.295437575869357,32.88188060735665,0.0,0.0,0.0,0.0,0.0,0.0,0.0,0.05156825150425344
1862.6260329736406,2428.645354425729,309.73794660027744,-663.7241472699304,-909.7912941160985,-52.26831931162053,-1451.3263787879473,-3113.904898800067,100.0,93.47139838699604,-91.63735540028028,0.0,88.67323939121162,1113.3756813301977,-2808.4054334492653,103.54486787393704,-511.5050916697703,109.04289414001141,25.31775782950895,64.5727240481838,0.0,0.0,0.0,0.0,0.0,0.0,0.0,1381.3650573305017,3113.904898800066,299.96858231171296,229.1671554994855,91.63735540028028,-0.4488110348748364,0.7158515884723862,-1094.0205857247927,2808.4054334492585,100.0,-1688.5335053560311,-109.0428941398136,0.0,33.374396955829184,0.0,0.0,0.0,0.0,0.0,0.0,0.0,0.05995901467146544
1722.432984316634,2536.884552446575,284.95050261714977,274.5871785766906,-265.204058471852,-46.80628261395469,-1431.4282924738638,-3158.9408820341278,100.0,-1408.8206455272882,-88.49428668775545,0.0,100.0,1127.1496223658107,-2753.238751993828,116.18823044514441,-1148.5322298295682,111.60877604718962,25.2386519808487,56.59043948695712,0.0,0.0,0.0,0.0,0.0,0.0,0.0,1406.6529143672494,3158.9408820341273,299.3437764141506,828.7595685182555,88.49428668776227,-2.0495704543174043,6.3517400671062845,-1216.4698497753595,2753.238751993835,100.0,1323.4324733712504,-111.60877604719644,0.0,36.733039297172425,0.0,0.0,0.0,0.0,0.0,0.0,0.0,0.06971505404010991
1713.3567292021553,2683.9355391286103,263.0016605441889,376.78708018583393,749.1059909873798,-40.92252042779279,-1343.8358761770496,-3202.3872701432565,100.0,266.3976033905499,-85.27940871962983,0.0,97.37734205596142,1193.156390534959,-2696.8116850052475,128.76674094185535,195.2976340914222,114.08409229844892,25.058436937848114,62.45287618474568,0.0,0.0,0.0,0.0,0.0,0.0,0.0,1365.7879023633498,3202.387270143256,297.9203744327101,1409.210309321445,85.27940871962983,-3.6421190383478574,8.785430013704907,-1183.119779804023,2696.811685005241,100.0,-382.2954938073417,-114.08409229844892,0.0,43.609218265191195,0.0,0.0,0.0,0.0,0.0,0.0,0.0,0.08105851616218128
1694.3224918842816,2750.035906783173,244.0891798622166,220.479265971112,1007.9304824092333,-34.670045561124425,-1321.5856058910115,-3244.2088082775654,100.0,461.8722871735986,-81.995330229106,0.0,90.38780752653564,1227.7934703599403,-2639.1700205883963,141.23000827885824,689.0160851364203,116.466834282337,24.77783466447164,66.51026399720146,0.0,0.0,0.0,0.0,0.0,0.0,0.0,1335.0083074535469,3244.2088082775654,295.704078693637,95.1116417506978,81.99533022911282,-5.220076838289742,10.331272064336723,-1134.1142137774798,2639.170020588404,100.0,-394.9523240637018,-116.46683428232336,0.0,36.911106733528584,0.0,0.0,0.0,0.0,0.0,0.0,0.0,0.0942476934556249
1652.0601110917733,2729.3299214091617,228.383462378684,-1735.2681651633281,-202.38548613352577,-28.105192930412954,-1243.5166265525443,-3284.3715600820865,100.0,824.7794131644014,-78.64471610272858,0.0,100.0,1256.0978277924698,-2580.3605324410646,153.5281030494432,-1195.273011910649,118.75506850761667,24.39796928850086,56.946553214517856,0.0,0.0,0.0,0.0,0.0,0.0,0.0,1203.2372385635222,3284.371560082086,292.70376795467223,-335.0361451052288,78.64471610272858,-6.777122357971734,1.245695026363438,-1293.0689968807403,2580.3605324410573,100.0,-772.6876713497268,-118.75506850763031,0.0,42.63270598636391,0.0,0.0,0.0,0.0,0.0,0.0,0.0,0.10958290556334815
1510.2897276678473,2848.465005937082,216.02601690417066,1417.2341743573713,1560.815365460653,-21.287111981584985,-1112.1316832389778,-3322.8429352346416,100.0,224.60922485649803,-75.23028521778087,0.0,94.06976969352849,1382.8100979278925,-2520.430941899031,165.61175754884604,-1697.561390959894,120.94693817199413,23.920362598107943,45.5206960919685,0.0,0.0,0.0,0.0,0.0,0.0,0.0,1257.7700370031125,3322.8429352346416,288.9314618356387,-419.47811227830584,75.23028521777405,-8.307017878428269,0.0,-1315.4422688288414,2520.4309418990388,100.0,-941.6671020373872,-120.94693817199413,0.0,46.098164524788345,0.0,0.0,0.0,0.0,0.0,0.0,0.0,0.1274133376787588
1651.794581004343,3005.7590368055326,207.12818425534147,-1160.711822120744,-546.9367050761571,-14.277233752584948,-1187.6947981233204,-3359.59171589147,100.0,-754.6544984561058,-71.75480823607359,0.0,97.02919265006588,1364.2471006362427,-2459.4298792123946,177.4325631468314,1392.3243603194123,123.0406646687743,23.346927945391514,47.2555936220321,0.0,0.0,0.0,0.0,0.0,0.0,0.0,1207.9427457313634,3359.59171589147,284.40227266634196,678.6085113413355,71.75480823607359,-9.803634446987246,19.973509245703994,-1414.0582327129302,2459.4298792123873,100.0,367.38523328674205,-123.04066466876748,0.0,48.75641704834942,0.0,0.0,0.0,0.0,0.0,0.0,0.0,0.14814499154757946
1591.4054092470458,3002.5810016248734,201.77013407209046,940.6173837990127,-664.051415664851,-7.13871737832136,-1030.4296889630434,-3394.5880820191474,100.0,1485.9618447786227,-68.22110535566026,0.0,100.0,1392.16082411821,-2397.4068440841284,188.9431642187171,-1014.8251076150552,125.03454903017428,22.67996258124157,44.27931183275636,0.0,0.0,0.0,0.0,0.0,0.0,0.0,1102.788344220761,3394.588082019147,279.1343449446881,-456.41873997161497,68.22110535566026,-11.260976430616267,4.845785234213928,-1385.0218084348041,2397.4068440841365,100.0,-1182.0815388596964,-125.0345490301811,0.0,49.404405284533404,0.0,0.0,0.0,0.0,0.0,0.0,0.0,0.1722499301915014
1515.8635355468562,3005.9446339911815,200.00014248756924,472.20299159950514,-1429.3308989815864,0.0641189740883874,-1111.8178540107012,-3427.8036355922413,100.0,1564.3313099725724,-64.63204402238262,0.0,96.02813919822574,1479.4205620948894,-2334.412165503351,200.0974478579206,445.13800307302745,126.92697330597866,21.922138452269166,37.30063685881135,0.0,0.0,0.0,0.0,0.0,0.0,0.0,1100.6083203275437,3427.803635592241,273.14878264755737,-1220.5841958232422,64.6320440223758,-12.673205535177487,2.542526218917805,-1455.939607592382,2334.412165503343,100.0,-708.9889087419067,-126.92697330597866,0.0,62.32223095708802,0.0,0.0,0.0,0.0,0.0,0.0,0.0,0.2002770268574893
1450.4803880179606,3106.9566000658237,201.8341571593184,2458.084831521651,-238.50768249949851,7.266377613323982,-1019.6216960886517,-3459.2114236370735,100.0,-1181.1685254152458,-60.9905366030398,0.0,87.260582169172,1532.2129101484174,-2270.4969609054197,210.85072861003385,775.5763478564302,128.71640187637695,21.076491496655905,39.02805653952972,0.0,0.0,0.0,0.0,0.0,0.0,0.0,1014.1208047618311,3459.2114236370735,266.469564685635,962.9602368915971,60.9905366030398,-14.034664194368531,0.0,-1463.0372081414885,2270.496960905428,100.0,2052.038184742721,-128.71640187638377,0.0,70.4965844915772,0.0,0.0,0.0,0.0,0.0,0.0,0.0,0.232864462948006
1294.008771865042,3072.5595864511283,207.25565358057463,22.222576699432466,-515.0427024511987,14.403166053307643,-942.6850998216349,-3488.7859601028813,100.0,1316.1565007041595,-57.299538022152774,0.0,88.63538299091599,1512.7890834127916,-2205.713094692487,221.15992748833378,-3.1754247656976986,130.40138269810313,20.146409481799594,26.61974672847139,0.0,0.0,0.0,0.0,0.0,0.0,0.0,955.5868588295997,3488.7859601028813,259.12344884089805,-845.3529056185812,57.299538022152774,-15.339898234631164,7.578142357773167,-1594.7325324132262,2205.713094692479,100.0,-2025.416993268725,-130.4013826980963,0.0,64.1628660094511,0.0,0.0,0.0,0.0,0.0,0.0,0.0,0.27075425951199406
1228.2636230790883,3269.4128968089167,216.21578396638427,58.795275363991095,-1896.8749295697717,21.41018169563779,-883.1649635827713,-3516.503246542637,100.0,1308.514991960878,-53.56204336415885,0.0,82.06170583362533,1651.660346557036,-2140.113136147674,230.98374455358862,477.13683866460656,131.98054848266338,19.135618432501786,25.319159628262092,0.0,0.0,0.0,0.0,0.0,0.0,0.0,842.9186881832071,3516.503246542637,251.13986457159626,-1127.6298733780482,53.56204336415203,-16.583678725266395,10.986859880506273,-1500.4078549439178,2140.1131361476823,100.0,26.65366530131564,-131.98054848266338,0.0,68.82997108227995,0.0,0.0,0.0,0.0,0.0,0.0,0.0,0.31480917318095203
1103.297264057941,3195.1785960849093,228.6338173730735,1198.2985656560027,-597.0341234689113,28.224291197307423,-836.1422402156314,-3542.340791586741,100.0,-352.8953052799318,-49.78108544302813,0.0,88.5778021584645,1596.6538595576853,-2073.750316777515,240.28282436677654,-730.0167839400433,133.4526178058809,18.048167704042157,28.191264951078796,0.0,0.0,0.0,0.0,0.0,0.0,0.0,790.7114046268833,3542.340791586741,242.55079511416392,-461.18029809749316,49.78108544302813,-17.76102292616784,18.22437578549156,-1556.265297663607,2073.7503167775067,100.0,-301.5785760053541,-133.4526178058809,0.0,65.33506873136996,0.0,0.0,0.0,0.0,0.0,0.0,0.0,0.3660323412732292
900.3370669660887,3325.482562845581,244.39786708556176,143.03763366031262,771.0362974290842,34.78409930325341,-764.1954951385119,-3566.277629193788,100.0,-1467.2130059876604,-45.95973234133453,0.0,84.95730033038659,1576.8592897530746,-2006.6784871167806,249.01991365189326,914.7387112352305,134.81639614791902,16.888413759971144,28.31063559255124,0.0,0.0,0.0,0.0,0.0,0.0,0.0,741.4999021555527,3566.277629193788,233.39064935437747,-746.7617953514667,45.95973234133453,-18.86721424934578,17.0317564836447,-1595.9659042817227,2006.6784871167893,100.0,-1931.5477444718886,-134.81639614767005,0.0,79.95419175921089,0.0,0.0,0.0,0.0,0.0,0.0,0.0,0.4255901233886546
839.8810930779246,3275.4742643103446,263.36589871878846,-657.8328923745647,-216.68427626192852,41.03050201883519,-773.8658633599732,-3588.2943356635974,100.0,-1162.8770587597842,-42.101084920432186,0.0,77.91090131290562,1639.991545579767,-1938.9520730312506,257.1600105372321,1691.3919308272318,136.07077686136108,15.661002719516546,21.015830171540195,0.0,0.0,0.0,0.0,0.0,0.0,0.0,644.8402431892633,3588.2943356635974,223.69612398105812,-1785.1839727269094,42.101084920432186,-19.89782115403642,12.80083021890181,-1688.9576362726807,1938.9520730312424,100.0,45.07592716639692,-136.07077686161688,0.0,74.91277375866025,0.0,0.0,0.0,0.0,0.0,0.0,0.0,0.49483865960020695
879.7260292835084,3288.5978148904783,285.36700995018117,-2.875200677448788,-720.8428117022163,46.90721913775434,-632.789673018142,-3608.3730453986955,100.0,760.1027883075801,-38.208274304533916,0.0,78.81735381077962,1628.2469679449482,-1870.6260315533602,264.6705047772566,-1123.350448996863,137.21474207194774,14.37085174472827,15.018194009242752,0.0,0.0,0.0,0.0,0.0,0.0,0.0,641.043479089617,3608.373045398695,213.50605647454992,-1121.1504119738815,38.20827430454074,-20.84871490019765,21.111676120585113,-1703.5463172331572,1870.626031553369,100.0,43.11803243399254,-137.21474207169194,0.0,82.30358312367298,0.0,0.0,0.0,0.0,0.0,0.0,0.0,0.5753547499769285
753.5864324983608,3465.794817419271,310.20297035282584,-16.06845514751228,-501.7578890068876,52.36130132797257,-569.3616540516164,-3626.497465401472,100.0,414.39174755841634,-34.28445933974217,0.0,69.91299156294644,1745.4367244742023,-1801.7558062871008,271.52130839332017,-104.17413719704314,138.24736350076137,13.023129341670199,23.01679196989735,0.0,0.0,0.0,0.0,0.0,0.0,0.0,654.3366942505124,3626.497465401472,202.86126951891924,-268.5643833873047,34.28445933974217,-21.716086088630817,21.302143353503023,-1794.302473560589,1801.7558062870924,100.0,-510.94541839276303,-138.24736350102398,0.0,87.10291699172332,0.0,0.0,0.0,0.0,0.0,0.0,0.0,0.6689717585696803
680.0206211204949,3364.9754818204633,337.6500074553241,-17.630602110992868,-1399.3647141387896,57.34360720625716,-543.880613725992,-3642.6528884952363,100.0,-373.40780778267913,-30.332824030836036,0.0,77.00305927256846,1836.043070004583,-1732.3972824178154,277.68497620986926,-1295.4893795849205,139.16780322156455,11.623234654734063,11.458911477874363,0.0,0.0,0.0,0.0,0.0,0.0,0.0,508.59401541080604,3642.6528884952363,191.80440746118,-1968.9437800459384,30.332824030836036,-22.496459921944876,14.436560448640583,-1711.475505624557,1732.397282417824,100.0,124.18553909625643,-139.16780322130535,0.0,95.87559879432732,0.0,0.0,0.0,0.0,0.0,0.0,0.0,0.7778213593991467
622.9629275425594,3427.7506308556844,367.46082293600796,-310.48261116978153,2720.4703026283028,61.80924610267482,-379.65479274652563,-3656.82620525845,100.0,857.9498409749592,-26.35657495758096,0.0,76.41794515873686,1752.9226207533468,-1662.606741363945,283.13681580324675,190.61592413015205,139.97531433661152,10.176775836999923,9.455276619801802,0.0,0.0,0.0,0.0,0.0,0.0,0.0,421.3862848668648,3656.82620525845,180.37976547270978,533.1811447715893,26.35657495758778,-23.186710125025627,32.06078489049402,-1785.179562879637,1662.6067413639366,100.0,-303.3284867177497,-139.97531433661493,0.0,94.27712056850542,0.0,0.0,0.0,0.0,0.0,0.0,0.0,0.9043820750088044
486.3299619709619,3533.647613101403,399.36682078544743,-512.6825081766128,-72.42207762999215,65.71798252658795,-399.4350074058349,-3669.005914662452,100.0,-2043.9230443526856,-22.35893867280538,0.0,67.72109354354467,1833.4011001633023,-1592.4408151069729,287.85498642262746,-346.86201842200717,140.66924158662118,8.68954758329096,9.97418752296806,0.0,0.0,0.0,0.0,0.0,0.0,0.0,396.1140569680377,3669.005914662452,168.63311209725651,-1257.1587934367303,22.35893867280538,-23.7840714692868,36.98615118913072,-1704.215935944,1592.440815106982,100.0,-1020.6072734954489,-140.66924158661777,0.0,92.2485206391861,0.0,0.0,0.0,0.0,0.0,0.0,0.0,0.0
352.6301451056438,3480.558228520701,433.08052736159345,440.57658641426826,-476.0681140395809,69.03459868906054,-297.92195103475774,-3679.18213340404,100.0,27.564174064679605,-18.343159084038234,0.0,66.64348562189252,1764.0100721917609,-1521.9564402371786,291.82058648679595,-1585.1816471364486,141.24902187960856,7.167507915883675,2.3551435698303056,0.0,0.0,0.0,0.0,0.0,0.0,0.0,258.6204952314704,3679.1821334040396,156.61150589643196,-50.406241491274955,18.343159084038234,-24.28615085052101,32.60627788029643,-1822.2826388956578,1521.9564402371702,100.0,-926.6128452504438,-141.24902187961197,0.0,93.29717137770218,0.0,0.0,0.0,0.0,0.0,0.0,0.0,0.0
327.85022937738194,3458.238113688612,468.29818153267445,1049.296035741067,-203.31427914047026,71.72921181618307,-229.31523267745536,-3687.3466039253417,100.0,-132.00083730066098,-14.312494821360815,0.0,60.996515232266596,1811.7901533999684,-1451.2108117519385,295.017729306243,169.19906084386753,141.71418474915413,5.616754315913113,16.44198301353864,0.0,0.0,0.0,0.0,0.0,0.0,0.0,181.15130281860917,3687.3466039253412,144.3631069272322,-950.9497554563926,14.312494821360815,-24.690936875972653,33.036948157350906,-1772.041259142466,1451.2108117519476,100.0,-178.4498170422944,-141.71418474915413,0.0,84.11874003216975,0.0,0.0,0.0,0.0,0.0,0.0,0.0,0.0
149.1642753440609,3503.5445585770462,504.702471570759,-1498.7907458744146,424.3651688628347,73.77754339265323,-111.7757888874639,-3693.4927011144623,100.0,101.52245466490783,-10.27021659308275,0.0,53.85002902778853,1870.9057470358077,-1380.2613366446187,297.43360672722963,-1742.7226621679324,142.06435273586294,4.0434992961269245,2.295008960425884,0.0,0.0,0.0,0.0,0.0,0.0,0.0,199.53542797524813,3693.4927011144623,131.93698380682963,-470.62442145530923,10.27021659308275,-24.99680792222975,44.28934312847956,-1823.3757184784768,1380.2613366446103,100.0,293.651150915249,-142.06435273586294,0.0,92.20332304185452,0.0,0.0,0.0,0.0,0.0,0.0,0.0,0.0
138.98229388112085,3509.3679079204635,541.9653941363645,-113.26356786752939,-297.44840440816233,75.16113791243242,-107.97582947143202,-3697.6154376814748,100.0,445.5984523848774,-6.219604531779623,0.0,48.698420032481955,1806.121164837804,-1309.1655873211616,299.05854044285195,148.1263834288177,142.29924169368132,2.4540455127720406,5.3041878428202365,0.0,0.0,0.0,0.0,0.0,0.0,0.0,112.94191105908484,3697.6154376814748,119.38291713755987,330.66975797161535,6.219604531779623,-25.20253863165209,41.20595889145024,-1756.9578816151043,1309.165587321171,100.0,417.9740090598284,-142.29924169368132,0.0,94.31973448112707,0.0,0.0,0.0,0.0,0.0,0.0,0.0,0.0
58.93915199995743,3492.1781352213325,579.7512095947774,914.6439507336745,-2269.634308101072,75.86752916273156,-25.710486370283135,-3699.7114682053875,100.0,1679.8737429261387,-2.1639455325407653,0.0,35.911805723926975,1799.3635704300184,-1237.9812548827124,299.8860207655481,-315.7110562905018,142.4186610204606,0.8547605163656158,2.1893124333080047,0.0,0.0,0.0,0.0,0.0,0.0,0.0,9.292562554367631,3699.7114682053875,106.75120007960379,814.8806766061557,2.1639455325407653,-25.307304821303163,49.192999241337105,-1817.5831471449255,1237.9812548827217,100.0,1377.0858955232507,-142.4186610204606,0.0,87.21690956558497,0.0,0.0,0.0,0.0,0.0,0.0,0.0,0.0
